dx,gb,dz,gb_energy
0,1,0,
0,1,0.1,
0,1,0.2,
0,1,0.3,
0,1,0.4,
0,1,0.5,
0,1,0.6,
0,1,0.7,
0,1,0.8,1.150920913
0,1,0.9,
0,1,1,
0,1,1.1,
0,1,1.2,
0,1,1.3,
0,1,1.4,
0,1,1.5,
0,1,1.6,
0,1,1.7,
0,1,1.8,
0,1,1.9,
0,1,2,
0,1,2.1,
0,1,2.2,
0,1,2.3,
0,1,2.4,
0,1,2.5,
0,1,2.6,
0,1,2.7,
0,1,2.8,1.146468819
0,1,2.9,
0,1,3,
0,1,3.1,
0,1,3.2,
0,1,3.3,1.031364817
0,1,3.4,
0,1,3.5,
0,1,3.6,
0.1,1,0,
0.1,1,0.1,
0.1,1,0.2,
0.1,1,0.3,
0.1,1,0.4,
0.1,1,0.5,1.054534125
0.1,1,0.6,
0.1,1,0.7,
0.1,1,0.8,
0.1,1,0.9,
0.1,1,1,
0.1,1,1.1,1.072340793
0.1,1,1.2,
0.1,1,1.3,
0.1,1,1.4,
0.1,1,1.5,
0.1,1,1.6,
0.1,1,1.7,
0.1,1,1.8,
0.1,1,1.9,
0.1,1,2,
0.1,1,2.1,1.004810314
0.1,1,2.2,
0.1,1,2.3,
0.1,1,2.4,
0.1,1,2.5,
0.1,1,2.6,1.092509252
0.1,1,2.7,
0.1,1,2.8,
0.1,1,2.9,1.178213972
0.1,1,3,
0.1,1,3.1,
0.1,1,3.2,
0.1,1,3.3,
0.1,1,3.4,
0.1,1,3.5,
0.1,1,3.6,
0.2,1,0,
0.2,1,0.1,
0.2,1,0.2,
0.2,1,0.3,
0.2,1,0.4,
0.2,1,0.5,
0.2,1,0.6,
0.2,1,0.7,
0.2,1,0.8,
0.2,1,0.9,
0.2,1,1,
0.2,1,1.1,
0.2,1,1.2,
0.2,1,1.3,
0.2,1,1.4,
0.2,1,1.5,
0.2,1,1.6,
0.2,1,1.7,
0.2,1,1.8,
0.2,1,1.9,
0.2,1,2,0.997232289
0.2,1,2.1,
0.2,1,2.2,
0.2,1,2.3,
0.2,1,2.4,
0.2,1,2.5,
0.2,1,2.6,
0.2,1,2.7,
0.2,1,2.8,
0.2,1,2.9,
0.2,1,3,
0.2,1,3.1,
0.2,1,3.2,
0.2,1,3.3,
0.2,1,3.4,
0.2,1,3.5,
0.2,1,3.6,
0.3,1,0,
0.3,1,0.1,
0.3,1,0.2,
0.3,1,0.3,
0.3,1,0.4,
0.3,1,0.5,
0.3,1,0.6,
0.3,1,0.7,
0.3,1,0.8,
0.3,1,0.9,
0.3,1,1,
0.3,1,1.1,
0.3,1,1.2,
0.3,1,1.3,
0.3,1,1.4,
0.3,1,1.5,
0.3,1,1.6,
0.3,1,1.7,
0.3,1,1.8,
0.3,1,1.9,
0.3,1,2,
0.3,1,2.1,
0.3,1,2.2,
0.3,1,2.3,
0.3,1,2.4,
0.3,1,2.5,
0.3,1,2.6,
0.3,1,2.7,
0.3,1,2.8,
0.3,1,2.9,
0.3,1,3,
0.3,1,3.1,
0.3,1,3.2,
0.3,1,3.3,
0.3,1,3.4,
0.3,1,3.5,
0.3,1,3.6,
0.4,1,0,
0.4,1,0.1,
0.4,1,0.2,
0.4,1,0.3,
0.4,1,0.4,
0.4,1,0.5,
0.4,1,0.6,
0.4,1,0.7,1.077481695
0.4,1,0.8,
0.4,1,0.9,
0.4,1,1,
0.4,1,1.1,
0.4,1,1.2,
0.4,1,1.3,
0.4,1,1.4,
0.4,1,1.5,
0.4,1,1.6,
0.4,1,1.7,
0.4,1,1.8,
0.4,1,1.9,
0.4,1,2,
0.4,1,2.1,
0.4,1,2.2,
0.4,1,2.3,
0.4,1,2.4,
0.4,1,2.5,
0.4,1,2.6,
0.4,1,2.7,
0.4,1,2.8,
0.4,1,2.9,
0.4,1,3,
0.4,1,3.1,
0.4,1,3.2,
0.4,1,3.3,
0.4,1,3.4,
0.4,1,3.5,
0.4,1,3.6,
0.5,1,0,
0.5,1,0.1,
0.5,1,0.2,
0.5,1,0.3,1.006318983
0.5,1,0.4,
0.5,1,0.5,
0.5,1,0.6,
0.5,1,0.7,
0.5,1,0.8,
0.5,1,0.9,
0.5,1,1,
0.5,1,1.1,1.08821607
0.5,1,1.2,
0.5,1,1.3,
0.5,1,1.4,
0.5,1,1.5,
0.5,1,1.6,
0.5,1,1.7,
0.5,1,1.8,
0.5,1,1.9,
0.5,1,2,
0.5,1,2.1,
0.5,1,2.2,
0.5,1,2.3,
0.5,1,2.4,
0.5,1,2.5,
0.5,1,2.6,
0.5,1,2.7,1.137205588
0.5,1,2.8,
0.5,1,2.9,
0.5,1,3,
0.5,1,3.1,1.036773793
0.5,1,3.2,
0.5,1,3.3,
0.5,1,3.4,
0.5,1,3.5,
0.5,1,3.6,
0.6,1,0,
0.6,1,0.1,
0.6,1,0.2,
0.6,1,0.3,
0.6,1,0.4,
0.6,1,0.5,
0.6,1,0.6,
0.6,1,0.7,
0.6,1,0.8,
0.6,1,0.9,
0.6,1,1,
0.6,1,1.1,
0.6,1,1.2,
0.6,1,1.3,
0.6,1,1.4,
0.6,1,1.5,
0.6,1,1.6,
0.6,1,1.7,
0.6,1,1.8,
0.6,1,1.9,
0.6,1,2,
0.6,1,2.1,
0.6,1,2.2,
0.6,1,2.3,
0.6,1,2.4,
0.6,1,2.5,
0.6,1,2.6,
0.6,1,2.7,
0.6,1,2.8,1.233207747
0.6,1,2.9,
0.6,1,3,
0.6,1,3.1,
0.6,1,3.2,
0.6,1,3.3,
0.6,1,3.4,
0.6,1,3.5,
0.6,1,3.6,
0.7,1,0,
0.7,1,0.1,
0.7,1,0.2,
0.7,1,0.3,
0.7,1,0.4,
0.7,1,0.5,
0.7,1,0.6,
0.7,1,0.7,
0.7,1,0.8,
0.7,1,0.9,
0.7,1,1,
0.7,1,1.1,
0.7,1,1.2,
0.7,1,1.3,
0.7,1,1.4,1.056994275
0.7,1,1.5,
0.7,1,1.6,
0.7,1,1.7,
0.7,1,1.8,
0.7,1,1.9,
0.7,1,2,
0.7,1,2.1,
0.7,1,2.2,
0.7,1,2.3,
0.7,1,2.4,
0.7,1,2.5,
0.7,1,2.6,
0.7,1,2.7,
0.7,1,2.8,
0.7,1,2.9,
0.7,1,3,
0.7,1,3.1,
0.7,1,3.2,
0.7,1,3.3,
0.7,1,3.4,
0.7,1,3.5,
0.7,1,3.6,
0.8,1,0,
0.8,1,0.1,
0.8,1,0.2,
0.8,1,0.3,
0.8,1,0.4,
0.8,1,0.5,
0.8,1,0.6,
0.8,1,0.7,
0.8,1,0.8,
0.8,1,0.9,
0.8,1,1,
0.8,1,1.1,
0.8,1,1.2,
0.8,1,1.3,
0.8,1,1.4,
0.8,1,1.5,
0.8,1,1.6,
0.8,1,1.7,
0.8,1,1.8,
0.8,1,1.9,
0.8,1,2,
0.8,1,2.1,
0.8,1,2.2,
0.8,1,2.3,
0.8,1,2.4,
0.8,1,2.5,
0.8,1,2.6,
0.8,1,2.7,
0.8,1,2.8,
0.8,1,2.9,
0.8,1,3,
0.8,1,3.1,
0.8,1,3.2,
0.8,1,3.3,
0.8,1,3.4,
0.8,1,3.5,
0.8,1,3.6,
0.9,1,0,
0.9,1,0.1,
0.9,1,0.2,
0.9,1,0.3,
0.9,1,0.4,
0.9,1,0.5,
0.9,1,0.6,
0.9,1,0.7,
0.9,1,0.8,
0.9,1,0.9,
0.9,1,1,
0.9,1,1.1,
0.9,1,1.2,
0.9,1,1.3,
0.9,1,1.4,
0.9,1,1.5,
0.9,1,1.6,
0.9,1,1.7,
0.9,1,1.8,
0.9,1,1.9,
0.9,1,2,
0.9,1,2.1,
0.9,1,2.2,
0.9,1,2.3,
0.9,1,2.4,
0.9,1,2.5,
0.9,1,2.6,
0.9,1,2.7,
0.9,1,2.8,
0.9,1,2.9,
0.9,1,3,
0.9,1,3.1,
0.9,1,3.2,
0.9,1,3.3,
0.9,1,3.4,
0.9,1,3.5,
0.9,1,3.6,
1,1,0,
1,1,0.1,
1,1,0.2,
1,1,0.3,
1,1,0.4,
1,1,0.5,
1,1,0.6,
1,1,0.7,
1,1,0.8,
1,1,0.9,
1,1,1,
1,1,1.1,
1,1,1.2,
1,1,1.3,
1,1,1.4,
1,1,1.5,
1,1,1.6,
1,1,1.7,
1,1,1.8,
1,1,1.9,
1,1,2,
1,1,2.1,
1,1,2.2,
1,1,2.3,
1,1,2.4,
1,1,2.5,
1,1,2.6,
1,1,2.7,
1,1,2.8,
1,1,2.9,
1,1,3,1.060012181
1,1,3.1,
1,1,3.2,
1,1,3.3,
1,1,3.4,
1,1,3.5,
1,1,3.6,
1.1,1,0,
1.1,1,0.1,
1.1,1,0.2,
1.1,1,0.3,
1.1,1,0.4,
1.1,1,0.5,
1.1,1,0.6,
1.1,1,0.7,
1.1,1,0.8,
1.1,1,0.9,
1.1,1,1,
1.1,1,1.1,
1.1,1,1.2,
1.1,1,1.3,
1.1,1,1.4,
1.1,1,1.5,
1.1,1,1.6,
1.1,1,1.7,
1.1,1,1.8,
1.1,1,1.9,
1.1,1,2,
1.1,1,2.1,
1.1,1,2.2,
1.1,1,2.3,
1.1,1,2.4,
1.1,1,2.5,
1.1,1,2.6,
1.1,1,2.7,
1.1,1,2.8,
1.1,1,2.9,
1.1,1,3,
1.1,1,3.1,
1.1,1,3.2,
1.1,1,3.3,
1.1,1,3.4,
1.1,1,3.5,
1.1,1,3.6,
1.2,1,0,
1.2,1,0.1,
1.2,1,0.2,
1.2,1,0.3,
1.2,1,0.4,
1.2,1,0.5,
1.2,1,0.6,
1.2,1,0.7,
1.2,1,0.8,1.16650452
1.2,1,0.9,
1.2,1,1,
1.2,1,1.1,
1.2,1,1.2,
1.2,1,1.3,
1.2,1,1.4,
1.2,1,1.5,
1.2,1,1.6,
1.2,1,1.7,
1.2,1,1.8,
1.2,1,1.9,
1.2,1,2,
1.2,1,2.1,
1.2,1,2.2,
1.2,1,2.3,
1.2,1,2.4,
1.2,1,2.5,
1.2,1,2.6,
1.2,1,2.7,
1.2,1,2.8,
1.2,1,2.9,
1.2,1,3,
1.2,1,3.1,
1.2,1,3.2,
1.2,1,3.3,
1.2,1,3.4,
1.2,1,3.5,
1.2,1,3.6,
1.3,1,0,
1.3,1,0.1,
1.3,1,0.2,1.00497548
1.3,1,0.3,
1.3,1,0.4,
1.3,1,0.5,
1.3,1,0.6,
1.3,1,0.7,
1.3,1,0.8,
1.3,1,0.9,
1.3,1,1,
1.3,1,1.1,
1.3,1,1.2,
1.3,1,1.3,
1.3,1,1.4,
1.3,1,1.5,
1.3,1,1.6,
1.3,1,1.7,
1.3,1,1.8,
1.3,1,1.9,
1.3,1,2,
1.3,1,2.1,
1.3,1,2.2,
1.3,1,2.3,
1.3,1,2.4,
1.3,1,2.5,
1.3,1,2.6,
1.3,1,2.7,
1.3,1,2.8,
1.3,1,2.9,
1.3,1,3,
1.3,1,3.1,
1.3,1,3.2,
1.3,1,3.3,
1.3,1,3.4,
1.3,1,3.5,
1.3,1,3.6,
1.4,1,0,
1.4,1,0.1,
1.4,1,0.2,
1.4,1,0.3,
1.4,1,0.4,
1.4,1,0.5,
1.4,1,0.6,
1.4,1,0.7,
1.4,1,0.8,
1.4,1,0.9,
1.4,1,1,
1.4,1,1.1,
1.4,1,1.2,
1.4,1,1.3,
1.4,1,1.4,
1.4,1,1.5,
1.4,1,1.6,
1.4,1,1.7,
1.4,1,1.8,
1.4,1,1.9,
1.4,1,2,
1.4,1,2.1,
1.4,1,2.2,
1.4,1,2.3,
1.4,1,2.4,
1.4,1,2.5,
1.4,1,2.6,
1.4,1,2.7,
1.4,1,2.8,
1.4,1,2.9,
1.4,1,3,
1.4,1,3.1,
1.4,1,3.2,
1.4,1,3.3,
1.4,1,3.4,
1.4,1,3.5,
1.4,1,3.6,
1.5,1,0,
1.5,1,0.1,
1.5,1,0.2,
1.5,1,0.3,
1.5,1,0.4,
1.5,1,0.5,
1.5,1,0.6,
1.5,1,0.7,
1.5,1,0.8,
1.5,1,0.9,
1.5,1,1,
1.5,1,1.1,
1.5,1,1.2,
1.5,1,1.3,1.037573755
1.5,1,1.4,
1.5,1,1.5,
1.5,1,1.6,
1.5,1,1.7,
1.5,1,1.8,0.990476967
1.5,1,1.9,
1.5,1,2,
1.5,1,2.1,
1.5,1,2.2,
1.5,1,2.3,
1.5,1,2.4,
1.5,1,2.5,
1.5,1,2.6,
1.5,1,2.7,
1.5,1,2.8,
1.5,1,2.9,
1.5,1,3,
1.5,1,3.1,
1.5,1,3.2,
1.5,1,3.3,
1.5,1,3.4,
1.5,1,3.5,
1.5,1,3.6,
1.6,1,0,
1.6,1,0.1,
1.6,1,0.2,
1.6,1,0.3,
1.6,1,0.4,
1.6,1,0.5,
1.6,1,0.6,
1.6,1,0.7,
1.6,1,0.8,1.146172885
1.6,1,0.9,
1.6,1,1,
1.6,1,1.1,
1.6,1,1.2,
1.6,1,1.3,
1.6,1,1.4,
1.6,1,1.5,
1.6,1,1.6,
1.6,1,1.7,
1.6,1,1.8,
1.6,1,1.9,
1.6,1,2,
1.6,1,2.1,
1.6,1,2.2,
1.6,1,2.3,
1.6,1,2.4,
1.6,1,2.5,
1.6,1,2.6,
1.6,1,2.7,
1.6,1,2.8,
1.6,1,2.9,
1.6,1,3,
1.6,1,3.1,
1.6,1,3.2,
1.6,1,3.3,
1.6,1,3.4,
1.6,1,3.5,
1.6,1,3.6,
1.7,1,0,
1.7,1,0.1,
1.7,1,0.2,
1.7,1,0.3,
1.7,1,0.4,
1.7,1,0.5,
1.7,1,0.6,
1.7,1,0.7,
1.7,1,0.8,
1.7,1,0.9,
1.7,1,1,
1.7,1,1.1,
1.7,1,1.2,
1.7,1,1.3,
1.7,1,1.4,
1.7,1,1.5,
1.7,1,1.6,
1.7,1,1.7,
1.7,1,1.8,
1.7,1,1.9,
1.7,1,2,
1.7,1,2.1,
1.7,1,2.2,
1.7,1,2.3,
1.7,1,2.4,
1.7,1,2.5,
1.7,1,2.6,
1.7,1,2.7,
1.7,1,2.8,
1.7,1,2.9,
1.7,1,3,
1.7,1,3.1,
1.7,1,3.2,
1.7,1,3.3,
1.7,1,3.4,
1.7,1,3.5,
1.7,1,3.6,
1.8,1,0,
1.8,1,0.1,
1.8,1,0.2,
1.8,1,0.3,
1.8,1,0.4,
1.8,1,0.5,
1.8,1,0.6,
1.8,1,0.7,
1.8,1,0.8,1.12398235
1.8,1,0.9,1.129472346
1.8,1,1,
1.8,1,1.1,
1.8,1,1.2,
1.8,1,1.3,
1.8,1,1.4,
1.8,1,1.5,
1.8,1,1.6,
1.8,1,1.7,
1.8,1,1.8,
1.8,1,1.9,
1.8,1,2,
1.8,1,2.1,
1.8,1,2.2,
1.8,1,2.3,
1.8,1,2.4,
1.8,1,2.5,
1.8,1,2.6,
1.8,1,2.7,
1.8,1,2.8,
1.8,1,2.9,
1.8,1,3,
1.8,1,3.1,
1.8,1,3.2,
1.8,1,3.3,
1.8,1,3.4,
1.8,1,3.5,
1.8,1,3.6,
1.9,1,0,
1.9,1,0.1,
1.9,1,0.2,
1.9,1,0.3,
1.9,1,0.4,
1.9,1,0.5,
1.9,1,0.6,
1.9,1,0.7,
1.9,1,0.8,
1.9,1,0.9,
1.9,1,1,
1.9,1,1.1,
1.9,1,1.2,
1.9,1,1.3,
1.9,1,1.4,
1.9,1,1.5,
1.9,1,1.6,
1.9,1,1.7,
1.9,1,1.8,
1.9,1,1.9,
1.9,1,2,
1.9,1,2.1,
1.9,1,2.2,
1.9,1,2.3,
1.9,1,2.4,
1.9,1,2.5,1.075038317
1.9,1,2.6,
1.9,1,2.7,
1.9,1,2.8,
1.9,1,2.9,
1.9,1,3,
1.9,1,3.1,
1.9,1,3.2,
1.9,1,3.3,
1.9,1,3.4,
1.9,1,3.5,
1.9,1,3.6,
2,1,0,
2,1,0.1,
2,1,0.2,
2,1,0.3,
2,1,0.4,
2,1,0.5,
2,1,0.6,
2,1,0.7,
2,1,0.8,
2,1,0.9,
2,1,1,
2,1,1.1,
2,1,1.2,
2,1,1.3,
2,1,1.4,
2,1,1.5,
2,1,1.6,
2,1,1.7,
2,1,1.8,
2,1,1.9,
2,1,2,
2,1,2.1,
2,1,2.2,
2,1,2.3,
2,1,2.4,
2,1,2.5,
2,1,2.6,
2,1,2.7,
2,1,2.8,
2,1,2.9,
2,1,3,
2,1,3.1,
2,1,3.2,
2,1,3.3,
2,1,3.4,
2,1,3.5,
2,1,3.6,
2.1,1,0,
2.1,1,0.1,
2.1,1,0.2,
2.1,1,0.3,
2.1,1,0.4,
2.1,1,0.5,
2.1,1,0.6,
2.1,1,0.7,
2.1,1,0.8,
2.1,1,0.9,
2.1,1,1,
2.1,1,1.1,
2.1,1,1.2,
2.1,1,1.3,
2.1,1,1.4,
2.1,1,1.5,
2.1,1,1.6,
2.1,1,1.7,
2.1,1,1.8,
2.1,1,1.9,
2.1,1,2,
2.1,1,2.1,
2.1,1,2.2,
2.1,1,2.3,
2.1,1,2.4,
2.1,1,2.5,
2.1,1,2.6,
2.1,1,2.7,
2.1,1,2.8,
2.1,1,2.9,
2.1,1,3,
2.1,1,3.1,
2.1,1,3.2,
2.1,1,3.3,
2.1,1,3.4,
2.1,1,3.5,0.993303553
2.1,1,3.6,
2.2,1,0,
2.2,1,0.1,
2.2,1,0.2,
2.2,1,0.3,
2.2,1,0.4,
2.2,1,0.5,1.034254797
2.2,1,0.6,
2.2,1,0.7,
2.2,1,0.8,1.100581354
2.2,1,0.9,
2.2,1,1,
2.2,1,1.1,
2.2,1,1.2,
2.2,1,1.3,
2.2,1,1.4,
2.2,1,1.5,
2.2,1,1.6,
2.2,1,1.7,
2.2,1,1.8,
2.2,1,1.9,
2.2,1,2,
2.2,1,2.1,
2.2,1,2.2,
2.2,1,2.3,
2.2,1,2.4,
2.2,1,2.5,
2.2,1,2.6,
2.2,1,2.7,
2.2,1,2.8,
2.2,1,2.9,
2.2,1,3,
2.2,1,3.1,
2.2,1,3.2,
2.2,1,3.3,
2.2,1,3.4,
2.2,1,3.5,
2.2,1,3.6,
2.3,1,0,
2.3,1,0.1,
2.3,1,0.2,
2.3,1,0.3,
2.3,1,0.4,
2.3,1,0.5,
2.3,1,0.6,
2.3,1,0.7,
2.3,1,0.8,
2.3,1,0.9,
2.3,1,1,
2.3,1,1.1,
2.3,1,1.2,
2.3,1,1.3,
2.3,1,1.4,
2.3,1,1.5,
2.3,1,1.6,
2.3,1,1.7,
2.3,1,1.8,
2.3,1,1.9,
2.3,1,2,
2.3,1,2.1,
2.3,1,2.2,
2.3,1,2.3,
2.3,1,2.4,
2.3,1,2.5,
2.3,1,2.6,
2.3,1,2.7,
2.3,1,2.8,
2.3,1,2.9,
2.3,1,3,
2.3,1,3.1,
2.3,1,3.2,
2.3,1,3.3,
2.3,1,3.4,
2.3,1,3.5,
2.3,1,3.6,
2.4,1,0,
2.4,1,0.1,
2.4,1,0.2,
2.4,1,0.3,
2.4,1,0.4,
2.4,1,0.5,
2.4,1,0.6,
2.4,1,0.7,
2.4,1,0.8,
2.4,1,0.9,
2.4,1,1,
2.4,1,1.1,
2.4,1,1.2,
2.4,1,1.3,
2.4,1,1.4,
2.4,1,1.5,
2.4,1,1.6,
2.4,1,1.7,
2.4,1,1.8,
2.4,1,1.9,1.012039245
2.4,1,2,
2.4,1,2.1,
2.4,1,2.2,
2.4,1,2.3,
2.4,1,2.4,
2.4,1,2.5,
2.4,1,2.6,
2.4,1,2.7,
2.4,1,2.8,
2.4,1,2.9,
2.4,1,3,
2.4,1,3.1,
2.4,1,3.2,
2.4,1,3.3,
2.4,1,3.4,
2.4,1,3.5,
2.4,1,3.6,
2.5,1,0,
2.5,1,0.1,
2.5,1,0.2,
2.5,1,0.3,
2.5,1,0.4,
2.5,1,0.5,
2.5,1,0.6,
2.5,1,0.7,
2.5,1,0.8,
2.5,1,0.9,
2.5,1,1,
2.5,1,1.1,
2.5,1,1.2,
2.5,1,1.3,
2.5,1,1.4,
2.5,1,1.5,
2.5,1,1.6,
2.5,1,1.7,
2.5,1,1.8,
2.5,1,1.9,
2.5,1,2,
2.5,1,2.1,
2.5,1,2.2,1.052234592
2.5,1,2.3,
2.5,1,2.4,
2.5,1,2.5,
2.5,1,2.6,1.150900729
2.5,1,2.7,
2.5,1,2.8,
2.5,1,2.9,
2.5,1,3,
2.5,1,3.1,1.035213955
2.5,1,3.2,
2.5,1,3.3,
2.5,1,3.4,
2.5,1,3.5,
2.5,1,3.6,
2.6,1,0,
2.6,1,0.1,
2.6,1,0.2,
2.6,1,0.3,
2.6,1,0.4,
2.6,1,0.5,
2.6,1,0.6,
2.6,1,0.7,
2.6,1,0.8,
2.6,1,0.9,
2.6,1,1,
2.6,1,1.1,
2.6,1,1.2,
2.6,1,1.3,
2.6,1,1.4,
2.6,1,1.5,
2.6,1,1.6,
2.6,1,1.7,
2.6,1,1.8,
2.6,1,1.9,
2.6,1,2,
2.6,1,2.1,
2.6,1,2.2,
2.6,1,2.3,
2.6,1,2.4,
2.6,1,2.5,1.133613722
2.6,1,2.6,
2.6,1,2.7,
2.6,1,2.8,
2.6,1,2.9,
2.6,1,3,
2.6,1,3.1,
2.6,1,3.2,
2.6,1,3.3,
2.6,1,3.4,
2.6,1,3.5,
2.6,1,3.6,
2.7,1,0,0.990657484
2.7,1,0.1,
2.7,1,0.2,
2.7,1,0.3,
2.7,1,0.4,
2.7,1,0.5,
2.7,1,0.6,
2.7,1,0.7,
2.7,1,0.8,1.100248179
2.7,1,0.9,
2.7,1,1,
2.7,1,1.1,
2.7,1,1.2,
2.7,1,1.3,
2.7,1,1.4,
2.7,1,1.5,
2.7,1,1.6,
2.7,1,1.7,
2.7,1,1.8,
2.7,1,1.9,
2.7,1,2,
2.7,1,2.1,
2.7,1,2.2,
2.7,1,2.3,
2.7,1,2.4,
2.7,1,2.5,
2.7,1,2.6,
2.7,1,2.7,
2.7,1,2.8,
2.7,1,2.9,
2.7,1,3,
2.7,1,3.1,
2.7,1,3.2,
2.7,1,3.3,
2.7,1,3.4,
2.7,1,3.5,
2.7,1,3.6,
2.8,1,0,
2.8,1,0.1,
2.8,1,0.2,
2.8,1,0.3,
2.8,1,0.4,
2.8,1,0.5,
2.8,1,0.6,
2.8,1,0.7,
2.8,1,0.8,
2.8,1,0.9,
2.8,1,1,
2.8,1,1.1,
2.8,1,1.2,
2.8,1,1.3,
2.8,1,1.4,
2.8,1,1.5,
2.8,1,1.6,
2.8,1,1.7,
2.8,1,1.8,
2.8,1,1.9,
2.8,1,2,
2.8,1,2.1,
2.8,1,2.2,
2.8,1,2.3,
2.8,1,2.4,
2.8,1,2.5,
2.8,1,2.6,
2.8,1,2.7,
2.8,1,2.8,
2.8,1,2.9,1.081971598
2.8,1,3,
2.8,1,3.1,
2.8,1,3.2,
2.8,1,3.3,
2.8,1,3.4,
2.8,1,3.5,
2.8,1,3.6,
2.9,1,0,
2.9,1,0.1,
2.9,1,0.2,
2.9,1,0.3,
2.9,1,0.4,
2.9,1,0.5,
2.9,1,0.6,
2.9,1,0.7,
2.9,1,0.8,
2.9,1,0.9,
2.9,1,1,1.168162719
2.9,1,1.1,
2.9,1,1.2,1.06290472
2.9,1,1.3,
2.9,1,1.4,
2.9,1,1.5,
2.9,1,1.6,
2.9,1,1.7,
2.9,1,1.8,
2.9,1,1.9,
2.9,1,2,
2.9,1,2.1,
2.9,1,2.2,
2.9,1,2.3,
2.9,1,2.4,
2.9,1,2.5,
2.9,1,2.6,
2.9,1,2.7,
2.9,1,2.8,
2.9,1,2.9,
2.9,1,3,
2.9,1,3.1,
2.9,1,3.2,
2.9,1,3.3,
2.9,1,3.4,
2.9,1,3.5,0.996686473
2.9,1,3.6,
3,1,0,
3,1,0.1,
3,1,0.2,
3,1,0.3,
3,1,0.4,
3,1,0.5,
3,1,0.6,
3,1,0.7,
3,1,0.8,
3,1,0.9,
3,1,1,
3,1,1.1,
3,1,1.2,
3,1,1.3,
3,1,1.4,
3,1,1.5,
3,1,1.6,
3,1,1.7,
3,1,1.8,
3,1,1.9,
3,1,2,
3,1,2.1,
3,1,2.2,
3,1,2.3,
3,1,2.4,
3,1,2.5,1.079238823
3,1,2.6,
3,1,2.7,
3,1,2.8,
3,1,2.9,
3,1,3,
3,1,3.1,
3,1,3.2,
3,1,3.3,
3,1,3.4,
3,1,3.5,
3,1,3.6,
3.1,1,0,
3.1,1,0.1,
3.1,1,0.2,
3.1,1,0.3,
3.1,1,0.4,
3.1,1,0.5,
3.1,1,0.6,
3.1,1,0.7,
3.1,1,0.8,
3.1,1,0.9,
3.1,1,1,
3.1,1,1.1,
3.1,1,1.2,
3.1,1,1.3,
3.1,1,1.4,
3.1,1,1.5,
3.1,1,1.6,
3.1,1,1.7,
3.1,1,1.8,
3.1,1,1.9,0.991997007
3.1,1,2,
3.1,1,2.1,
3.1,1,2.2,
3.1,1,2.3,
3.1,1,2.4,
3.1,1,2.5,
3.1,1,2.6,
3.1,1,2.7,
3.1,1,2.8,
3.1,1,2.9,
3.1,1,3,
3.1,1,3.1,
3.1,1,3.2,
3.1,1,3.3,
3.1,1,3.4,
3.1,1,3.5,
3.1,1,3.6,
3.2,1,0,
3.2,1,0.1,
3.2,1,0.2,
3.2,1,0.3,
3.2,1,0.4,
3.2,1,0.5,
3.2,1,0.6,
3.2,1,0.7,
3.2,1,0.8,
3.2,1,0.9,
3.2,1,1,
3.2,1,1.1,
3.2,1,1.2,
3.2,1,1.3,
3.2,1,1.4,
3.2,1,1.5,
3.2,1,1.6,
3.2,1,1.7,
3.2,1,1.8,
3.2,1,1.9,
3.2,1,2,
3.2,1,2.1,
3.2,1,2.2,
3.2,1,2.3,
3.2,1,2.4,
3.2,1,2.5,
3.2,1,2.6,
3.2,1,2.7,
3.2,1,2.8,
3.2,1,2.9,
3.2,1,3,
3.2,1,3.1,
3.2,1,3.2,
3.2,1,3.3,
3.2,1,3.4,
3.2,1,3.5,
3.2,1,3.6,
3.3,1,0,
3.3,1,0.1,1.016061509
3.3,1,0.2,
3.3,1,0.3,
3.3,1,0.4,
3.3,1,0.5,
3.3,1,0.6,
3.3,1,0.7,
3.3,1,0.8,1.146956926
3.3,1,0.9,
3.3,1,1,
3.3,1,1.1,1.069615126
3.3,1,1.2,
3.3,1,1.3,
3.3,1,1.4,
3.3,1,1.5,
3.3,1,1.6,
3.3,1,1.7,
3.3,1,1.8,
3.3,1,1.9,
3.3,1,2,
3.3,1,2.1,
3.3,1,2.2,
3.3,1,2.3,
3.3,1,2.4,
3.3,1,2.5,
3.3,1,2.6,
3.3,1,2.7,
3.3,1,2.8,1.151492029
3.3,1,2.9,
3.3,1,3,
3.3,1,3.1,
3.3,1,3.2,
3.3,1,3.3,
3.3,1,3.4,
3.3,1,3.5,
3.3,1,3.6,
3.4,1,0,
3.4,1,0.1,
3.4,1,0.2,
3.4,1,0.3,
3.4,1,0.4,
3.4,1,0.5,
3.4,1,0.6,
3.4,1,0.7,
3.4,1,0.8,1.159929146
3.4,1,0.9,1.19326882
3.4,1,1,1.22895408
3.4,1,1.1,
3.4,1,1.2,
3.4,1,1.3,
3.4,1,1.4,
3.4,1,1.5,
3.4,1,1.6,
3.4,1,1.7,
3.4,1,1.8,
3.4,1,1.9,
3.4,1,2,
3.4,1,2.1,
3.4,1,2.2,
3.4,1,2.3,
3.4,1,2.4,
3.4,1,2.5,
3.4,1,2.6,
3.4,1,2.7,
3.4,1,2.8,
3.4,1,2.9,1.133919322
3.4,1,3,
3.4,1,3.1,
3.4,1,3.2,
3.4,1,3.3,
3.4,1,3.4,
3.4,1,3.5,
3.4,1,3.6,
3.5,1,0,
3.5,1,0.1,
3.5,1,0.2,
3.5,1,0.3,
3.5,1,0.4,
3.5,1,0.5,
3.5,1,0.6,
3.5,1,0.7,
3.5,1,0.8,
3.5,1,0.9,
3.5,1,1,
3.5,1,1.1,
3.5,1,1.2,
3.5,1,1.3,
3.5,1,1.4,
3.5,1,1.5,
3.5,1,1.6,
3.5,1,1.7,
3.5,1,1.8,
3.5,1,1.9,
3.5,1,2,
3.5,1,2.1,
3.5,1,2.2,
3.5,1,2.3,
3.5,1,2.4,
3.5,1,2.5,
3.5,1,2.6,
3.5,1,2.7,
3.5,1,2.8,
3.5,1,2.9,
3.5,1,3,
3.5,1,3.1,
3.5,1,3.2,
3.5,1,3.3,
3.5,1,3.4,
3.5,1,3.5,
3.5,1,3.6,
3.6,1,0,
3.6,1,0.1,
3.6,1,0.2,
3.6,1,0.3,
3.6,1,0.4,
3.6,1,0.5,
3.6,1,0.6,
3.6,1,0.7,
3.6,1,0.8,
3.6,1,0.9,
3.6,1,1,
3.6,1,1.1,
3.6,1,1.2,
3.6,1,1.3,
3.6,1,1.4,
3.6,1,1.5,
3.6,1,1.6,
3.6,1,1.7,
3.6,1,1.8,
3.6,1,1.9,
3.6,1,2,
3.6,1,2.1,
3.6,1,2.2,
3.6,1,2.3,1.033532444
3.6,1,2.4,
3.6,1,2.5,
3.6,1,2.6,
3.6,1,2.7,1.13934166
3.6,1,2.8,
3.6,1,2.9,
3.6,1,3,
3.6,1,3.1,
3.6,1,3.2,
3.6,1,3.3,
3.6,1,3.4,
3.6,1,3.5,
3.6,1,3.6,
3.7,1,0,
3.7,1,0.1,
3.7,1,0.2,
3.7,1,0.3,
3.7,1,0.4,
3.7,1,0.5,
3.7,1,0.6,
3.7,1,0.7,
3.7,1,0.8,
3.7,1,0.9,
3.7,1,1,
3.7,1,1.1,
3.7,1,1.2,
3.7,1,1.3,
3.7,1,1.4,
3.7,1,1.5,
3.7,1,1.6,
3.7,1,1.7,
3.7,1,1.8,
3.7,1,1.9,
3.7,1,2,
3.7,1,2.1,
3.7,1,2.2,
3.7,1,2.3,
3.7,1,2.4,
3.7,1,2.5,
3.7,1,2.6,
3.7,1,2.7,
3.7,1,2.8,
3.7,1,2.9,
3.7,1,3,
3.7,1,3.1,
3.7,1,3.2,
3.7,1,3.3,1.010710241
3.7,1,3.4,
3.7,1,3.5,
3.7,1,3.6,
3.8,1,0,
3.8,1,0.1,
3.8,1,0.2,
3.8,1,0.3,
3.8,1,0.4,
3.8,1,0.5,
3.8,1,0.6,
3.8,1,0.7,
3.8,1,0.8,
3.8,1,0.9,
3.8,1,1,
3.8,1,1.1,
3.8,1,1.2,
3.8,1,1.3,
3.8,1,1.4,
3.8,1,1.5,
3.8,1,1.6,
3.8,1,1.7,
3.8,1,1.8,
3.8,1,1.9,
3.8,1,2,
3.8,1,2.1,
3.8,1,2.2,
3.8,1,2.3,
3.8,1,2.4,
3.8,1,2.5,
3.8,1,2.6,
3.8,1,2.7,
3.8,1,2.8,
3.8,1,2.9,
3.8,1,3,
3.8,1,3.1,
3.8,1,3.2,
3.8,1,3.3,
3.8,1,3.4,
3.8,1,3.5,
3.8,1,3.6,
3.9,1,0,
3.9,1,0.1,
3.9,1,0.2,
3.9,1,0.3,
3.9,1,0.4,
3.9,1,0.5,
3.9,1,0.6,
3.9,1,0.7,
3.9,1,0.8,
3.9,1,0.9,
3.9,1,1,
3.9,1,1.1,
3.9,1,1.2,
3.9,1,1.3,
3.9,1,1.4,
3.9,1,1.5,
3.9,1,1.6,
3.9,1,1.7,
3.9,1,1.8,
3.9,1,1.9,
3.9,1,2,
3.9,1,2.1,
3.9,1,2.2,
3.9,1,2.3,
3.9,1,2.4,
3.9,1,2.5,
3.9,1,2.6,
3.9,1,2.7,
3.9,1,2.8,
3.9,1,2.9,
3.9,1,3,
3.9,1,3.1,
3.9,1,3.2,
3.9,1,3.3,
3.9,1,3.4,
3.9,1,3.5,
3.9,1,3.6,
4,1,0,
4,1,0.1,
4,1,0.2,
4,1,0.3,
4,1,0.4,
4,1,0.5,
4,1,0.6,
4,1,0.7,
4,1,0.8,
4,1,0.9,
4,1,1,
4,1,1.1,
4,1,1.2,
4,1,1.3,
4,1,1.4,
4,1,1.5,
4,1,1.6,
4,1,1.7,
4,1,1.8,
4,1,1.9,
4,1,2,
4,1,2.1,
4,1,2.2,
4,1,2.3,
4,1,2.4,1.219032742
4,1,2.5,1.185506581
4,1,2.6,
4,1,2.7,
4,1,2.8,
4,1,2.9,
4,1,3,
4,1,3.1,
4,1,3.2,
4,1,3.3,
4,1,3.4,
4,1,3.5,
4,1,3.6,
4.1,1,0,
4.1,1,0.1,
4.1,1,0.2,
4.1,1,0.3,
4.1,1,0.4,
4.1,1,0.5,
4.1,1,0.6,
4.1,1,0.7,1.070391776
4.1,1,0.8,
4.1,1,0.9,
4.1,1,1,
4.1,1,1.1,
4.1,1,1.2,
4.1,1,1.3,
4.1,1,1.4,
4.1,1,1.5,
4.1,1,1.6,
4.1,1,1.7,
4.1,1,1.8,
4.1,1,1.9,
4.1,1,2,
4.1,1,2.1,
4.1,1,2.2,1.039912802
4.1,1,2.3,
4.1,1,2.4,
4.1,1,2.5,
4.1,1,2.6,
4.1,1,2.7,
4.1,1,2.8,
4.1,1,2.9,
4.1,1,3,
4.1,1,3.1,
4.1,1,3.2,
4.1,1,3.3,
4.1,1,3.4,
4.1,1,3.5,
4.1,1,3.6,
4.2,1,0,
4.2,1,0.1,
4.2,1,0.2,
4.2,1,0.3,
4.2,1,0.4,
4.2,1,0.5,
4.2,1,0.6,
4.2,1,0.7,
4.2,1,0.8,
4.2,1,0.9,
4.2,1,1,
4.2,1,1.1,
4.2,1,1.2,
4.2,1,1.3,
4.2,1,1.4,
4.2,1,1.5,
4.2,1,1.6,
4.2,1,1.7,
4.2,1,1.8,
4.2,1,1.9,
4.2,1,2,
4.2,1,2.1,
4.2,1,2.2,
4.2,1,2.3,
4.2,1,2.4,
4.2,1,2.5,
4.2,1,2.6,
4.2,1,2.7,
4.2,1,2.8,
4.2,1,2.9,
4.2,1,3,
4.2,1,3.1,
4.2,1,3.2,
4.2,1,3.3,
4.2,1,3.4,
4.2,1,3.5,
4.2,1,3.6,
4.3,1,0,
4.3,1,0.1,
4.3,1,0.2,
4.3,1,0.3,
4.3,1,0.4,
4.3,1,0.5,
4.3,1,0.6,
4.3,1,0.7,
4.3,1,0.8,
4.3,1,0.9,
4.3,1,1,
4.3,1,1.1,
4.3,1,1.2,
4.3,1,1.3,
4.3,1,1.4,
4.3,1,1.5,
4.3,1,1.6,
4.3,1,1.7,
4.3,1,1.8,
4.3,1,1.9,
4.3,1,2,
4.3,1,2.1,
4.3,1,2.2,
4.3,1,2.3,
4.3,1,2.4,
4.3,1,2.5,1.084095162
4.3,1,2.6,
4.3,1,2.7,
4.3,1,2.8,
4.3,1,2.9,
4.3,1,3,
4.3,1,3.1,1.037117487
4.3,1,3.2,
4.3,1,3.3,
4.3,1,3.4,
4.3,1,3.5,
4.3,1,3.6,
4.4,1,0,
4.4,1,0.1,
4.4,1,0.2,
4.4,1,0.3,
4.4,1,0.4,
4.4,1,0.5,
4.4,1,0.6,
4.4,1,0.7,
4.4,1,0.8,
4.4,1,0.9,
4.4,1,1,
4.4,1,1.1,
4.4,1,1.2,
4.4,1,1.3,
4.4,1,1.4,
4.4,1,1.5,
4.4,1,1.6,
4.4,1,1.7,
4.4,1,1.8,
4.4,1,1.9,
4.4,1,2,
4.4,1,2.1,
4.4,1,2.2,
4.4,1,2.3,
4.4,1,2.4,
4.4,1,2.5,
4.4,1,2.6,
4.4,1,2.7,1.134115759
4.4,1,2.8,
4.4,1,2.9,
4.4,1,3,
4.4,1,3.1,
4.4,1,3.2,
4.4,1,3.3,
4.4,1,3.4,
4.4,1,3.5,
4.4,1,3.6,
4.5,1,0,
4.5,1,0.1,
4.5,1,0.2,
4.5,1,0.3,
4.5,1,0.4,
4.5,1,0.5,
4.5,1,0.6,
4.5,1,0.7,
4.5,1,0.8,
4.5,1,0.9,1.13636867
4.5,1,1,
4.5,1,1.1,1.076452321
4.5,1,1.2,
4.5,1,1.3,
4.5,1,1.4,
4.5,1,1.5,
4.5,1,1.6,
4.5,1,1.7,
4.5,1,1.8,
4.5,1,1.9,
4.5,1,2,
4.5,1,2.1,
4.5,1,2.2,
4.5,1,2.3,
4.5,1,2.4,
4.5,1,2.5,
4.5,1,2.6,
4.5,1,2.7,
4.5,1,2.8,
4.5,1,2.9,
4.5,1,3,
4.5,1,3.1,
4.5,1,3.2,
4.5,1,3.3,
4.5,1,3.4,
4.5,1,3.5,
4.5,1,3.6,
4.6,1,0,
4.6,1,0.1,
4.6,1,0.2,
4.6,1,0.3,
4.6,1,0.4,
4.6,1,0.5,
4.6,1,0.6,
4.6,1,0.7,
4.6,1,0.8,
4.6,1,0.9,
4.6,1,1,
4.6,1,1.1,
4.6,1,1.2,
4.6,1,1.3,
4.6,1,1.4,
4.6,1,1.5,
4.6,1,1.6,
4.6,1,1.7,
4.6,1,1.8,
4.6,1,1.9,
4.6,1,2,
4.6,1,2.1,
4.6,1,2.2,
4.6,1,2.3,
4.6,1,2.4,
4.6,1,2.5,
4.6,1,2.6,
4.6,1,2.7,
4.6,1,2.8,
4.6,1,2.9,
4.6,1,3,
4.6,1,3.1,
4.6,1,3.2,
4.6,1,3.3,
4.6,1,3.4,
4.6,1,3.5,
4.6,1,3.6,
4.7,1,0,1.007935678
4.7,1,0.1,
4.7,1,0.2,
4.7,1,0.3,
4.7,1,0.4,
4.7,1,0.5,
4.7,1,0.6,
4.7,1,0.7,
4.7,1,0.8,
4.7,1,0.9,
4.7,1,1,
4.7,1,1.1,
4.7,1,1.2,
4.7,1,1.3,
4.7,1,1.4,
4.7,1,1.5,
4.7,1,1.6,
4.7,1,1.7,
4.7,1,1.8,
4.7,1,1.9,
4.7,1,2,
4.7,1,2.1,
4.7,1,2.2,
4.7,1,2.3,
4.7,1,2.4,
4.7,1,2.5,
4.7,1,2.6,
4.7,1,2.7,1.195820224
4.7,1,2.8,
4.7,1,2.9,
4.7,1,3,
4.7,1,3.1,
4.7,1,3.2,
4.7,1,3.3,
4.7,1,3.4,
4.7,1,3.5,
4.7,1,3.6,
4.8,1,0,
4.8,1,0.1,
4.8,1,0.2,
4.8,1,0.3,
4.8,1,0.4,
4.8,1,0.5,
4.8,1,0.6,
4.8,1,0.7,
4.8,1,0.8,
4.8,1,0.9,
4.8,1,1,
4.8,1,1.1,
4.8,1,1.2,
4.8,1,1.3,
4.8,1,1.4,
4.8,1,1.5,
4.8,1,1.6,
4.8,1,1.7,
4.8,1,1.8,
4.8,1,1.9,
4.8,1,2,0.997203292
4.8,1,2.1,
4.8,1,2.2,
4.8,1,2.3,
4.8,1,2.4,
4.8,1,2.5,
4.8,1,2.6,
4.8,1,2.7,
4.8,1,2.8,
4.8,1,2.9,
4.8,1,3,
4.8,1,3.1,
4.8,1,3.2,
4.8,1,3.3,
4.8,1,3.4,
4.8,1,3.5,
4.8,1,3.6,
4.9,1,0,
4.9,1,0.1,
4.9,1,0.2,
4.9,1,0.3,
4.9,1,0.4,
4.9,1,0.5,
4.9,1,0.6,
4.9,1,0.7,
4.9,1,0.8,
4.9,1,0.9,
4.9,1,1,
4.9,1,1.1,
4.9,1,1.2,
4.9,1,1.3,
4.9,1,1.4,
4.9,1,1.5,
4.9,1,1.6,
4.9,1,1.7,
4.9,1,1.8,
4.9,1,1.9,
4.9,1,2,
4.9,1,2.1,
4.9,1,2.2,
4.9,1,2.3,
4.9,1,2.4,
4.9,1,2.5,
4.9,1,2.6,
4.9,1,2.7,
4.9,1,2.8,
4.9,1,2.9,
4.9,1,3,
4.9,1,3.1,
4.9,1,3.2,
4.9,1,3.3,
4.9,1,3.4,
4.9,1,3.5,
4.9,1,3.6,
5,1,0,
5,1,0.1,
5,1,0.2,
5,1,0.3,
5,1,0.4,
5,1,0.5,
5,1,0.6,
5,1,0.7,
5,1,0.8,
5,1,0.9,
5,1,1,
5,1,1.1,
5,1,1.2,
5,1,1.3,
5,1,1.4,
5,1,1.5,
5,1,1.6,
5,1,1.7,
5,1,1.8,
5,1,1.9,
5,1,2,
5,1,2.1,
5,1,2.2,
5,1,2.3,
5,1,2.4,
5,1,2.5,
5,1,2.6,
5,1,2.7,
5,1,2.8,
5,1,2.9,1.099576144
5,1,3,
5,1,3.1,
5,1,3.2,
5,1,3.3,
5,1,3.4,
5,1,3.5,
5,1,3.6,
5.1,1,0,
5.1,1,0.1,
5.1,1,0.2,
5.1,1,0.3,
5.1,1,0.4,
5.1,1,0.5,
5.1,1,0.6,
5.1,1,0.7,
5.1,1,0.8,
5.1,1,0.9,1.143691698
5.1,1,1,
5.1,1,1.1,
5.1,1,1.2,
5.1,1,1.3,
5.1,1,1.4,
5.1,1,1.5,
5.1,1,1.6,
5.1,1,1.7,
5.1,1,1.8,
5.1,1,1.9,
5.1,1,2,
5.1,1,2.1,
5.1,1,2.2,
5.1,1,2.3,
5.1,1,2.4,
5.1,1,2.5,1.079842063
5.1,1,2.6,
5.1,1,2.7,
5.1,1,2.8,
5.1,1,2.9,
5.1,1,3,
5.1,1,3.1,
5.1,1,3.2,
5.1,1,3.3,
5.1,1,3.4,
5.1,1,3.5,
5.1,1,3.6,
5.2,1,0,
5.2,1,0.1,
5.2,1,0.2,
5.2,1,0.3,
5.2,1,0.4,
5.2,1,0.5,
5.2,1,0.6,
5.2,1,0.7,
5.2,1,0.8,
5.2,1,0.9,
5.2,1,1,
5.2,1,1.1,
5.2,1,1.2,1.063627926
5.2,1,1.3,
5.2,1,1.4,
5.2,1,1.5,
5.2,1,1.6,
5.2,1,1.7,
5.2,1,1.8,
5.2,1,1.9,
5.2,1,2,
5.2,1,2.1,
5.2,1,2.2,
5.2,1,2.3,
5.2,1,2.4,
5.2,1,2.5,
5.2,1,2.6,1.171559
5.2,1,2.7,
5.2,1,2.8,
5.2,1,2.9,
5.2,1,3,
5.2,1,3.1,
5.2,1,3.2,
5.2,1,3.3,
5.2,1,3.4,
5.2,1,3.5,
5.2,1,3.6,
5.3,1,0,
5.3,1,0.1,
5.3,1,0.2,
5.3,1,0.3,
5.3,1,0.4,
5.3,1,0.5,
5.3,1,0.6,
5.3,1,0.7,
5.3,1,0.8,
5.3,1,0.9,
5.3,1,1,
5.3,1,1.1,
5.3,1,1.2,
5.3,1,1.3,
5.3,1,1.4,
5.3,1,1.5,
5.3,1,1.6,
5.3,1,1.7,
5.3,1,1.8,
5.3,1,1.9,
5.3,1,2,
5.3,1,2.1,
5.3,1,2.2,
5.3,1,2.3,
5.3,1,2.4,
5.3,1,2.5,
5.3,1,2.6,
5.3,1,2.7,
5.3,1,2.8,
5.3,1,2.9,
5.3,1,3,
5.3,1,3.1,
5.3,1,3.2,
5.3,1,3.3,
5.3,1,3.4,
5.3,1,3.5,
5.3,1,3.6,
5.4,1,0,
5.4,1,0.1,
5.4,1,0.2,
5.4,1,0.3,
5.4,1,0.4,1.018559184
5.4,1,0.5,1.034095032
5.4,1,0.6,
5.4,1,0.7,
5.4,1,0.8,
5.4,1,0.9,
5.4,1,1,
5.4,1,1.1,
5.4,1,1.2,
5.4,1,1.3,
5.4,1,1.4,
5.4,1,1.5,
5.4,1,1.6,
5.4,1,1.7,
5.4,1,1.8,
5.4,1,1.9,
5.4,1,2,
5.4,1,2.1,
5.4,1,2.2,
5.4,1,2.3,
5.4,1,2.4,
5.4,1,2.5,
5.4,1,2.6,
5.4,1,2.7,
5.4,1,2.8,
5.4,1,2.9,
5.4,1,3,
5.4,1,3.1,
5.4,1,3.2,
5.4,1,3.3,
5.4,1,3.4,
5.4,1,3.5,
5.4,1,3.6,0.99060006
5.5,1,0,0.99040675
5.5,1,0.1,
5.5,1,0.2,
5.5,1,0.3,
5.5,1,0.4,
5.5,1,0.5,
5.5,1,0.6,
5.5,1,0.7,
5.5,1,0.8,
5.5,1,0.9,
5.5,1,1,
5.5,1,1.1,
5.5,1,1.2,
5.5,1,1.3,
5.5,1,1.4,
5.5,1,1.5,
5.5,1,1.6,
5.5,1,1.7,
5.5,1,1.8,
5.5,1,1.9,
5.5,1,2,
5.5,1,2.1,
5.5,1,2.2,
5.5,1,2.3,
5.5,1,2.4,
5.5,1,2.5,
5.5,1,2.6,
5.5,1,2.7,
5.5,1,2.8,
5.5,1,2.9,
5.5,1,3,
5.5,1,3.1,
5.5,1,3.2,
5.5,1,3.3,
5.5,1,3.4,
5.5,1,3.5,
5.5,1,3.6,
5.6,1,0,
5.6,1,0.1,
5.6,1,0.2,
5.6,1,0.3,
5.6,1,0.4,
5.6,1,0.5,
5.6,1,0.6,
5.6,1,0.7,1.072485775
5.6,1,0.8,
5.6,1,0.9,
5.6,1,1,
5.6,1,1.1,
5.6,1,1.2,
5.6,1,1.3,
5.6,1,1.4,
5.6,1,1.5,
5.6,1,1.6,
5.6,1,1.7,
5.6,1,1.8,
5.6,1,1.9,
5.6,1,2,
5.6,1,2.1,
5.6,1,2.2,
5.6,1,2.3,
5.6,1,2.4,
5.6,1,2.5,
5.6,1,2.6,1.148598638
5.6,1,2.7,
5.6,1,2.8,
5.6,1,2.9,
5.6,1,3,
5.6,1,3.1,
5.6,1,3.2,
5.6,1,3.3,
5.6,1,3.4,
5.6,1,3.5,
5.6,1,3.6,
5.7,1,0,
5.7,1,0.1,
5.7,1,0.2,
5.7,1,0.3,
5.7,1,0.4,
5.7,1,0.5,
5.7,1,0.6,
5.7,1,0.7,
5.7,1,0.8,
5.7,1,0.9,
5.7,1,1,
5.7,1,1.1,
5.7,1,1.2,
5.7,1,1.3,
5.7,1,1.4,
5.7,1,1.5,
5.7,1,1.6,1.017954239
5.7,1,1.7,
5.7,1,1.8,
5.7,1,1.9,
5.7,1,2,
5.7,1,2.1,
5.7,1,2.2,
5.7,1,2.3,
5.7,1,2.4,
5.7,1,2.5,
5.7,1,2.6,
5.7,1,2.7,
5.7,1,2.8,
5.7,1,2.9,
5.7,1,3,
5.7,1,3.1,
5.7,1,3.2,
5.7,1,3.3,
5.7,1,3.4,
5.7,1,3.5,
5.7,1,3.6,
5.8,1,0,
5.8,1,0.1,
5.8,1,0.2,
5.8,1,0.3,
5.8,1,0.4,
5.8,1,0.5,
5.8,1,0.6,
5.8,1,0.7,
5.8,1,0.8,
5.8,1,0.9,
5.8,1,1,
5.8,1,1.1,
5.8,1,1.2,
5.8,1,1.3,
5.8,1,1.4,
5.8,1,1.5,
5.8,1,1.6,
5.8,1,1.7,
5.8,1,1.8,
5.8,1,1.9,
5.8,1,2,
5.8,1,2.1,
5.8,1,2.2,
5.8,1,2.3,
5.8,1,2.4,
5.8,1,2.5,
5.8,1,2.6,
5.8,1,2.7,
5.8,1,2.8,1.102575572
5.8,1,2.9,
5.8,1,3,
5.8,1,3.1,
5.8,1,3.2,
5.8,1,3.3,
5.8,1,3.4,
5.8,1,3.5,
5.8,1,3.6,
5.9,1,0,
5.9,1,0.1,
5.9,1,0.2,
5.9,1,0.3,
5.9,1,0.4,
5.9,1,0.5,
5.9,1,0.6,
5.9,1,0.7,
5.9,1,0.8,
5.9,1,0.9,
5.9,1,1,
5.9,1,1.1,
5.9,1,1.2,
5.9,1,1.3,1.047255729
5.9,1,1.4,
5.9,1,1.5,
5.9,1,1.6,
5.9,1,1.7,
5.9,1,1.8,
5.9,1,1.9,
5.9,1,2,
5.9,1,2.1,
5.9,1,2.2,
5.9,1,2.3,
5.9,1,2.4,
5.9,1,2.5,
5.9,1,2.6,
5.9,1,2.7,
5.9,1,2.8,
5.9,1,2.9,
5.9,1,3,
5.9,1,3.1,
5.9,1,3.2,
5.9,1,3.3,
5.9,1,3.4,
5.9,1,3.5,
5.9,1,3.6,
6,1,0,
6,1,0.1,
6,1,0.2,
6,1,0.3,
6,1,0.4,
6,1,0.5,
6,1,0.6,
6,1,0.7,
6,1,0.8,
6,1,0.9,
6,1,1,1.113364813
6,1,1.1,
6,1,1.2,
6,1,1.3,
6,1,1.4,
6,1,1.5,
6,1,1.6,
6,1,1.7,
6,1,1.8,
6,1,1.9,
6,1,2,
6,1,2.1,
6,1,2.2,
6,1,2.3,
6,1,2.4,
6,1,2.5,
6,1,2.6,
6,1,2.7,
6,1,2.8,
6,1,2.9,
6,1,3,
6,1,3.1,
6,1,3.2,
6,1,3.3,
6,1,3.4,
6,1,3.5,
6,1,3.6,
6.1,1,0,0.992793556
6.1,1,0.1,
6.1,1,0.2,
6.1,1,0.3,
6.1,1,0.4,
6.1,1,0.5,
6.1,1,0.6,
6.1,1,0.7,
6.1,1,0.8,
6.1,1,0.9,
6.1,1,1,
6.1,1,1.1,
6.1,1,1.2,
6.1,1,1.3,
6.1,1,1.4,
6.1,1,1.5,
6.1,1,1.6,
6.1,1,1.7,
6.1,1,1.8,
6.1,1,1.9,
6.1,1,2,
6.1,1,2.1,
6.1,1,2.2,
6.1,1,2.3,
6.1,1,2.4,
6.1,1,2.5,
6.1,1,2.6,
6.1,1,2.7,
6.1,1,2.8,
6.1,1,2.9,
6.1,1,3,1.063299299
6.1,1,3.1,
6.1,1,3.2,
6.1,1,3.3,
6.1,1,3.4,
6.1,1,3.5,
6.1,1,3.6,
6.2,1,0,
6.2,1,0.1,
6.2,1,0.2,
6.2,1,0.3,
6.2,1,0.4,
6.2,1,0.5,
6.2,1,0.6,
6.2,1,0.7,
6.2,1,0.8,
6.2,1,0.9,
6.2,1,1,
6.2,1,1.1,
6.2,1,1.2,
6.2,1,1.3,
6.2,1,1.4,
6.2,1,1.5,
6.2,1,1.6,
6.2,1,1.7,
6.2,1,1.8,
6.2,1,1.9,
6.2,1,2,
6.2,1,2.1,
6.2,1,2.2,
6.2,1,2.3,
6.2,1,2.4,
6.2,1,2.5,
6.2,1,2.6,
6.2,1,2.7,
6.2,1,2.8,
6.2,1,2.9,
6.2,1,3,
6.2,1,3.1,
6.2,1,3.2,
6.2,1,3.3,
6.2,1,3.4,
6.2,1,3.5,
6.2,1,3.6,
6.3,1,0,
6.3,1,0.1,
6.3,1,0.2,
6.3,1,0.3,
6.3,1,0.4,
6.3,1,0.5,
6.3,1,0.6,
6.3,1,0.7,
6.3,1,0.8,
6.3,1,0.9,
6.3,1,1,
6.3,1,1.1,
6.3,1,1.2,
6.3,1,1.3,
6.3,1,1.4,
6.3,1,1.5,
6.3,1,1.6,
6.3,1,1.7,
6.3,1,1.8,
6.3,1,1.9,0.991930485
6.3,1,2,0.996882057
6.3,1,2.1,
6.3,1,2.2,
6.3,1,2.3,
6.3,1,2.4,
6.3,1,2.5,
6.3,1,2.6,
6.3,1,2.7,
6.3,1,2.8,1.129995988
6.3,1,2.9,
6.3,1,3,
6.3,1,3.1,
6.3,1,3.2,
6.3,1,3.3,
6.3,1,3.4,
6.3,1,3.5,
6.3,1,3.6,
6.4,1,0,
6.4,1,0.1,
6.4,1,0.2,
6.4,1,0.3,
6.4,1,0.4,
6.4,1,0.5,
6.4,1,0.6,1.08125095
6.4,1,0.7,
6.4,1,0.8,
6.4,1,0.9,
6.4,1,1,
6.4,1,1.1,
6.4,1,1.2,
6.4,1,1.3,
6.4,1,1.4,
6.4,1,1.5,
6.4,1,1.6,
6.4,1,1.7,
6.4,1,1.8,
6.4,1,1.9,
6.4,1,2,
6.4,1,2.1,
6.4,1,2.2,
6.4,1,2.3,
6.4,1,2.4,
6.4,1,2.5,
6.4,1,2.6,
6.4,1,2.7,
6.4,1,2.8,
6.4,1,2.9,
6.4,1,3,
6.4,1,3.1,
6.4,1,3.2,
6.4,1,3.3,
6.4,1,3.4,
6.4,1,3.5,
6.4,1,3.6,
6.5,1,0,
6.5,1,0.1,
6.5,1,0.2,
6.5,1,0.3,
6.5,1,0.4,
6.5,1,0.5,
6.5,1,0.6,
6.5,1,0.7,
6.5,1,0.8,
6.5,1,0.9,
6.5,1,1,
6.5,1,1.1,
6.5,1,1.2,
6.5,1,1.3,
6.5,1,1.4,
6.5,1,1.5,
6.5,1,1.6,
6.5,1,1.7,
6.5,1,1.8,
6.5,1,1.9,
6.5,1,2,
6.5,1,2.1,
6.5,1,2.2,
6.5,1,2.3,
6.5,1,2.4,
6.5,1,2.5,
6.5,1,2.6,
6.5,1,2.7,
6.5,1,2.8,
6.5,1,2.9,
6.5,1,3,
6.5,1,3.1,
6.5,1,3.2,
6.5,1,3.3,
6.5,1,3.4,
6.5,1,3.5,
6.5,1,3.6,
6.6,1,0,
6.6,1,0.1,
6.6,1,0.2,
6.6,1,0.3,
6.6,1,0.4,
6.6,1,0.5,
6.6,1,0.6,
6.6,1,0.7,
6.6,1,0.8,
6.6,1,0.9,1.127000824
6.6,1,1,
6.6,1,1.1,
6.6,1,1.2,
6.6,1,1.3,
6.6,1,1.4,
6.6,1,1.5,
6.6,1,1.6,
6.6,1,1.7,
6.6,1,1.8,
6.6,1,1.9,
6.6,1,2,
6.6,1,2.1,
6.6,1,2.2,
6.6,1,2.3,
6.6,1,2.4,
6.6,1,2.5,1.07109423
6.6,1,2.6,
6.6,1,2.7,
6.6,1,2.8,
6.6,1,2.9,
6.6,1,3,
6.6,1,3.1,
6.6,1,3.2,
6.6,1,3.3,
6.6,1,3.4,
6.6,1,3.5,
6.6,1,3.6,
6.7,1,0,
6.7,1,0.1,
6.7,1,0.2,
6.7,1,0.3,
6.7,1,0.4,
6.7,1,0.5,
6.7,1,0.6,
6.7,1,0.7,
6.7,1,0.8,
6.7,1,0.9,
6.7,1,1,
6.7,1,1.1,
6.7,1,1.2,
6.7,1,1.3,
6.7,1,1.4,
6.7,1,1.5,
6.7,1,1.6,
6.7,1,1.7,0.992487388
6.7,1,1.8,
6.7,1,1.9,
6.7,1,2,
6.7,1,2.1,
6.7,1,2.2,
6.7,1,2.3,
6.7,1,2.4,
6.7,1,2.5,
6.7,1,2.6,
6.7,1,2.7,
6.7,1,2.8,
6.7,1,2.9,
6.7,1,3,
6.7,1,3.1,
6.7,1,3.2,
6.7,1,3.3,
6.7,1,3.4,
6.7,1,3.5,
6.7,1,3.6,
6.8,1,0,
6.8,1,0.1,
6.8,1,0.2,
6.8,1,0.3,
6.8,1,0.4,
6.8,1,0.5,
6.8,1,0.6,
6.8,1,0.7,
6.8,1,0.8,
6.8,1,0.9,
6.8,1,1,1.103978773
6.8,1,1.1,
6.8,1,1.2,
6.8,1,1.3,
6.8,1,1.4,
6.8,1,1.5,
6.8,1,1.6,
6.8,1,1.7,
6.8,1,1.8,
6.8,1,1.9,
6.8,1,2,
6.8,1,2.1,
6.8,1,2.2,
6.8,1,2.3,
6.8,1,2.4,
6.8,1,2.5,
6.8,1,2.6,1.100075622
6.8,1,2.7,
6.8,1,2.8,
6.8,1,2.9,
6.8,1,3,
6.8,1,3.1,
6.8,1,3.2,
6.8,1,3.3,
6.8,1,3.4,
6.8,1,3.5,
6.8,1,3.6,
6.9,1,0,
6.9,1,0.1,
6.9,1,0.2,
6.9,1,0.3,
6.9,1,0.4,
6.9,1,0.5,
6.9,1,0.6,
6.9,1,0.7,
6.9,1,0.8,
6.9,1,0.9,
6.9,1,1,
6.9,1,1.1,
6.9,1,1.2,
6.9,1,1.3,
6.9,1,1.4,
6.9,1,1.5,
6.9,1,1.6,
6.9,1,1.7,
6.9,1,1.8,
6.9,1,1.9,
6.9,1,2,
6.9,1,2.1,
6.9,1,2.2,
6.9,1,2.3,
6.9,1,2.4,
6.9,1,2.5,
6.9,1,2.6,
6.9,1,2.7,
6.9,1,2.8,
6.9,1,2.9,
6.9,1,3,
6.9,1,3.1,
6.9,1,3.2,
6.9,1,3.3,
6.9,1,3.4,
6.9,1,3.5,
6.9,1,3.6,
7,1,0,0.991093568
7,1,0.1,
7,1,0.2,
7,1,0.3,
7,1,0.4,
7,1,0.5,
7,1,0.6,1.060067047
7,1,0.7,
7,1,0.8,1.174688912
7,1,0.9,
7,1,1,
7,1,1.1,
7,1,1.2,
7,1,1.3,
7,1,1.4,
7,1,1.5,
7,1,1.6,
7,1,1.7,
7,1,1.8,
7,1,1.9,
7,1,2,
7,1,2.1,
7,1,2.2,
7,1,2.3,
7,1,2.4,
7,1,2.5,
7,1,2.6,
7,1,2.7,
7,1,2.8,
7,1,2.9,
7,1,3,
7,1,3.1,
7,1,3.2,
7,1,3.3,
7,1,3.4,1.00008446
7,1,3.5,
7,1,3.6,
7.1,1,0,
7.1,1,0.1,
7.1,1,0.2,
7.1,1,0.3,
7.1,1,0.4,
7.1,1,0.5,
7.1,1,0.6,
7.1,1,0.7,
7.1,1,0.8,
7.1,1,0.9,
7.1,1,1,
7.1,1,1.1,
7.1,1,1.2,
7.1,1,1.3,1.050545406
7.1,1,1.4,
7.1,1,1.5,
7.1,1,1.6,
7.1,1,1.7,
7.1,1,1.8,
7.1,1,1.9,
7.1,1,2,
7.1,1,2.1,
7.1,1,2.2,
7.1,1,2.3,
7.1,1,2.4,
7.1,1,2.5,
7.1,1,2.6,
7.1,1,2.7,
7.1,1,2.8,
7.1,1,2.9,
7.1,1,3,
7.1,1,3.1,
7.1,1,3.2,
7.1,1,3.3,
7.1,1,3.4,
7.1,1,3.5,
7.1,1,3.6,
7.2,1,0,
7.2,1,0.1,
7.2,1,0.2,
7.2,1,0.3,
7.2,1,0.4,
7.2,1,0.5,
7.2,1,0.6,
7.2,1,0.7,
7.2,1,0.8,
7.2,1,0.9,
7.2,1,1,
7.2,1,1.1,
7.2,1,1.2,
7.2,1,1.3,
7.2,1,1.4,
7.2,1,1.5,
7.2,1,1.6,
7.2,1,1.7,
7.2,1,1.8,
7.2,1,1.9,
7.2,1,2,
7.2,1,2.1,
7.2,1,2.2,
7.2,1,2.3,
7.2,1,2.4,
7.2,1,2.5,
7.2,1,2.6,
7.2,1,2.7,
7.2,1,2.8,1.190763185
7.2,1,2.9,
7.2,1,3,
7.2,1,3.1,
7.2,1,3.2,
7.2,1,3.3,
7.2,1,3.4,
7.2,1,3.5,
7.2,1,3.6,
7.3,1,0,
7.3,1,0.1,
7.3,1,0.2,
7.3,1,0.3,1.00658848
7.3,1,0.4,
7.3,1,0.5,
7.3,1,0.6,
7.3,1,0.7,
7.3,1,0.8,
7.3,1,0.9,
7.3,1,1,
7.3,1,1.1,
7.3,1,1.2,
7.3,1,1.3,
7.3,1,1.4,
7.3,1,1.5,
7.3,1,1.6,
7.3,1,1.7,
7.3,1,1.8,
7.3,1,1.9,
7.3,1,2,
7.3,1,2.1,
7.3,1,2.2,
7.3,1,2.3,
7.3,1,2.4,
7.3,1,2.5,
7.3,1,2.6,1.139644702
7.3,1,2.7,
7.3,1,2.8,
7.3,1,2.9,
7.3,1,3,
7.3,1,3.1,
7.3,1,3.2,
7.3,1,3.3,
7.3,1,3.4,
7.3,1,3.5,
7.3,1,3.6,
7.4,1,0,
7.4,1,0.1,
7.4,1,0.2,
7.4,1,0.3,
7.4,1,0.4,
7.4,1,0.5,
7.4,1,0.6,
7.4,1,0.7,
7.4,1,0.8,
7.4,1,0.9,
7.4,1,1,1.156869167
7.4,1,1.1,
7.4,1,1.2,
7.4,1,1.3,
7.4,1,1.4,
7.4,1,1.5,
7.4,1,1.6,
7.4,1,1.7,
7.4,1,1.8,
7.4,1,1.9,
7.4,1,2,
7.4,1,2.1,
7.4,1,2.2,
7.4,1,2.3,
7.4,1,2.4,
7.4,1,2.5,
7.4,1,2.6,
7.4,1,2.7,
7.4,1,2.8,
7.4,1,2.9,
7.4,1,3,
7.4,1,3.1,
7.4,1,3.2,
7.4,1,3.3,
7.4,1,3.4,
7.4,1,3.5,
7.4,1,3.6,
7.5,1,0,
7.5,1,0.1,
7.5,1,0.2,
7.5,1,0.3,
7.5,1,0.4,
7.5,1,0.5,
7.5,1,0.6,
7.5,1,0.7,
7.5,1,0.8,
7.5,1,0.9,
7.5,1,1,
7.5,1,1.1,
7.5,1,1.2,
7.5,1,1.3,
7.5,1,1.4,
7.5,1,1.5,
7.5,1,1.6,
7.5,1,1.7,
7.5,1,1.8,
7.5,1,1.9,
7.5,1,2,
7.5,1,2.1,
7.5,1,2.2,
7.5,1,2.3,
7.5,1,2.4,
7.5,1,2.5,
7.5,1,2.6,
7.5,1,2.7,
7.5,1,2.8,
7.5,1,2.9,
7.5,1,3,
7.5,1,3.1,
7.5,1,3.2,
7.5,1,3.3,
7.5,1,3.4,
7.5,1,3.5,
7.5,1,3.6,
7.6,1,0,
7.6,1,0.1,
7.6,1,0.2,
7.6,1,0.3,
7.6,1,0.4,
7.6,1,0.5,
7.6,1,0.6,
7.6,1,0.7,
7.6,1,0.8,
7.6,1,0.9,
7.6,1,1,
7.6,1,1.1,
7.6,1,1.2,
7.6,1,1.3,
7.6,1,1.4,
7.6,1,1.5,
7.6,1,1.6,
7.6,1,1.7,
7.6,1,1.8,
7.6,1,1.9,
7.6,1,2,
7.6,1,2.1,
7.6,1,2.2,
7.6,1,2.3,
7.6,1,2.4,
7.6,1,2.5,
7.6,1,2.6,
7.6,1,2.7,
7.6,1,2.8,
7.6,1,2.9,
7.6,1,3,
7.6,1,3.1,
7.6,1,3.2,
7.6,1,3.3,
7.6,1,3.4,
7.6,1,3.5,
7.6,1,3.6,
7.7,1,0,
7.7,1,0.1,
7.7,1,0.2,
7.7,1,0.3,
7.7,1,0.4,
7.7,1,0.5,
7.7,1,0.6,
7.7,1,0.7,
7.7,1,0.8,
7.7,1,0.9,
7.7,1,1,
7.7,1,1.1,
7.7,1,1.2,
7.7,1,1.3,
7.7,1,1.4,
7.7,1,1.5,
7.7,1,1.6,
7.7,1,1.7,
7.7,1,1.8,
7.7,1,1.9,
7.7,1,2,
7.7,1,2.1,
7.7,1,2.2,
7.7,1,2.3,
7.7,1,2.4,
7.7,1,2.5,
7.7,1,2.6,
7.7,1,2.7,
7.7,1,2.8,
7.7,1,2.9,1.08190934
7.7,1,3,
7.7,1,3.1,
7.7,1,3.2,
7.7,1,3.3,
7.7,1,3.4,
7.7,1,3.5,
7.7,1,3.6,
7.8,1,0,
7.8,1,0.1,
7.8,1,0.2,
7.8,1,0.3,
7.8,1,0.4,
7.8,1,0.5,
7.8,1,0.6,
7.8,1,0.7,1.084314341
7.8,1,0.8,
7.8,1,0.9,
7.8,1,1,
7.8,1,1.1,
7.8,1,1.2,
7.8,1,1.3,
7.8,1,1.4,
7.8,1,1.5,
7.8,1,1.6,
7.8,1,1.7,
7.8,1,1.8,
7.8,1,1.9,
7.8,1,2,
7.8,1,2.1,1.006891237
7.8,1,2.2,
7.8,1,2.3,
7.8,1,2.4,
7.8,1,2.5,
7.8,1,2.6,
7.8,1,2.7,
7.8,1,2.8,
7.8,1,2.9,
7.8,1,3,
7.8,1,3.1,
7.8,1,3.2,
7.8,1,3.3,
7.8,1,3.4,
7.8,1,3.5,
7.8,1,3.6,
7.9,1,0,
7.9,1,0.1,
7.9,1,0.2,
7.9,1,0.3,
7.9,1,0.4,
7.9,1,0.5,
7.9,1,0.6,
7.9,1,0.7,
7.9,1,0.8,
7.9,1,0.9,1.124480122
7.9,1,1,
7.9,1,1.1,
7.9,1,1.2,1.052573452
7.9,1,1.3,
7.9,1,1.4,
7.9,1,1.5,
7.9,1,1.6,
7.9,1,1.7,
7.9,1,1.8,
7.9,1,1.9,
7.9,1,2,
7.9,1,2.1,
7.9,1,2.2,
7.9,1,2.3,
7.9,1,2.4,
7.9,1,2.5,1.070544434
7.9,1,2.6,
7.9,1,2.7,
7.9,1,2.8,
7.9,1,2.9,
7.9,1,3,
7.9,1,3.1,
7.9,1,3.2,
7.9,1,3.3,
7.9,1,3.4,
7.9,1,3.5,
7.9,1,3.6,
8,1,0,
8,1,0.1,
8,1,0.2,
8,1,0.3,
8,1,0.4,
8,1,0.5,
8,1,0.6,
8,1,0.7,
8,1,0.8,
8,1,0.9,
8,1,1,
8,1,1.1,
8,1,1.2,
8,1,1.3,
8,1,1.4,
8,1,1.5,
8,1,1.6,
8,1,1.7,
8,1,1.8,
8,1,1.9,
8,1,2,
8,1,2.1,
8,1,2.2,
8,1,2.3,
8,1,2.4,
8,1,2.5,
8,1,2.6,
8,1,2.7,
8,1,2.8,
8,1,2.9,
8,1,3,
8,1,3.1,
8,1,3.2,
8,1,3.3,
8,1,3.4,
8,1,3.5,
8,1,3.6,
0,1.1,0,
0,1.1,0.1,
0,1.1,0.2,
0,1.1,0.3,
0,1.1,0.4,1.661358942
0,1.1,0.5,1.597667367
0,1.1,0.6,
0,1.1,0.7,1.482303249
0,1.1,0.8,1.431010503
0,1.1,0.9,
0,1.1,1,
0,1.1,1.1,
0,1.1,1.2,1.271756833
0,1.1,1.3,
0,1.1,1.4,
0,1.1,1.5,
0,1.1,1.6,
0,1.1,1.7,
0,1.1,1.8,1.179208096
0,1.1,1.9,1.181359235
0,1.1,2,1.188557464
0,1.1,2.1,1.200782598
0,1.1,2.2,1.218018719
0,1.1,2.3,1.240221194
0,1.1,2.4,
0,1.1,2.5,1.299368285
0,1.1,2.6,
0,1.1,2.7,1.377706767
0,1.1,2.8,1.423840702
0,1.1,2.9,1.474483871
0,1.1,3,
0,1.1,3.1,1.588623315
0,1.1,3.2,
0,1.1,3.3,
0,1.1,3.4,
0,1.1,3.5,
0,1.1,3.6,
0.1,1.1,0,
0.1,1.1,0.1,
0.1,1.1,0.2,0.996893997
0.1,1.1,0.3,
0.1,1.1,0.4,2.615888544
0.1,1.1,0.5,
0.1,1.1,0.6,1.051934962
0.1,1.1,0.7,
0.1,1.1,0.8,1.12003144
0.1,1.1,0.9,
0.1,1.1,1,1.066189848
0.1,1.1,1.1,
0.1,1.1,1.2,1.022910359
0.1,1.1,1.3,
0.1,1.1,1.4,
0.1,1.1,1.5,
0.1,1.1,1.6,
0.1,1.1,1.7,
0.1,1.1,1.8,
0.1,1.1,1.9,
0.1,1.1,2,
0.1,1.1,2.1,
0.1,1.1,2.2,
0.1,1.1,2.3,
0.1,1.1,2.4,
0.1,1.1,2.5,
0.1,1.1,2.6,1.06516218
0.1,1.1,2.7,1.087927527
0.1,1.1,2.8,1.115741101
0.1,1.1,2.9,1.145820379
0.1,1.1,3,
0.1,1.1,3.1,
0.1,1.1,3.2,1.018759317
0.1,1.1,3.3,
0.1,1.1,3.4,
0.1,1.1,3.5,
0.1,1.1,3.6,
0.2,1.1,0,
0.2,1.1,0.1,
0.2,1.1,0.2,
0.2,1.1,0.3,0.996469284
0.2,1.1,0.4,1.477372714
0.2,1.1,0.5,1.023490004
0.2,1.1,0.6,
0.2,1.1,0.7,
0.2,1.1,0.8,
0.2,1.1,0.9,
0.2,1.1,1,
0.2,1.1,1.1,
0.2,1.1,1.2,
0.2,1.1,1.3,
0.2,1.1,1.4,
0.2,1.1,1.5,
0.2,1.1,1.6,
0.2,1.1,1.7,
0.2,1.1,1.8,
0.2,1.1,1.9,
0.2,1.1,2,
0.2,1.1,2.1,
0.2,1.1,2.2,
0.2,1.1,2.3,
0.2,1.1,2.4,
0.2,1.1,2.5,
0.2,1.1,2.6,
0.2,1.1,2.7,
0.2,1.1,2.8,1.117870067
0.2,1.1,2.9,
0.2,1.1,3,
0.2,1.1,3.1,1.026055906
0.2,1.1,3.2,
0.2,1.1,3.3,
0.2,1.1,3.4,0.988891543
0.2,1.1,3.5,
0.2,1.1,3.6,
0.3,1.1,0,
0.3,1.1,0.1,
0.3,1.1,0.2,
0.3,1.1,0.3,
0.3,1.1,0.4,1.001432795
0.3,1.1,0.5,
0.3,1.1,0.6,1.034534243
0.3,1.1,0.7,1.056012375
0.3,1.1,0.8,
0.3,1.1,0.9,
0.3,1.1,1,
0.3,1.1,1.1,
0.3,1.1,1.2,
0.3,1.1,1.3,
0.3,1.1,1.4,
0.3,1.1,1.5,
0.3,1.1,1.6,
0.3,1.1,1.7,
0.3,1.1,1.8,
0.3,1.1,1.9,
0.3,1.1,2,
0.3,1.1,2.1,
0.3,1.1,2.2,
0.3,1.1,2.3,
0.3,1.1,2.4,
0.3,1.1,2.5,
0.3,1.1,2.6,
0.3,1.1,2.7,1.094201281
0.3,1.1,2.8,
0.3,1.1,2.9,
0.3,1.1,3,
0.3,1.1,3.1,
0.3,1.1,3.2,
0.3,1.1,3.3,
0.3,1.1,3.4,
0.3,1.1,3.5,
0.3,1.1,3.6,
0.4,1.1,0,
0.4,1.1,0.1,
0.4,1.1,0.2,
0.4,1.1,0.3,
0.4,1.1,0.4,
0.4,1.1,0.5,
0.4,1.1,0.6,
0.4,1.1,0.7,
0.4,1.1,0.8,
0.4,1.1,0.9,
0.4,1.1,1,
0.4,1.1,1.1,
0.4,1.1,1.2,
0.4,1.1,1.3,
0.4,1.1,1.4,1.000107202
0.4,1.1,1.5,
0.4,1.1,1.6,
0.4,1.1,1.7,
0.4,1.1,1.8,
0.4,1.1,1.9,
0.4,1.1,2,
0.4,1.1,2.1,
0.4,1.1,2.2,
0.4,1.1,2.3,
0.4,1.1,2.4,
0.4,1.1,2.5,1.051129031
0.4,1.1,2.6,
0.4,1.1,2.7,
0.4,1.1,2.8,
0.4,1.1,2.9,
0.4,1.1,3,
0.4,1.1,3.1,
0.4,1.1,3.2,
0.4,1.1,3.3,
0.4,1.1,3.4,
0.4,1.1,3.5,
0.4,1.1,3.6,
0.5,1.1,0,
0.5,1.1,0.1,
0.5,1.1,0.2,
0.5,1.1,0.3,
0.5,1.1,0.4,
0.5,1.1,0.5,
0.5,1.1,0.6,
0.5,1.1,0.7,
0.5,1.1,0.8,
0.5,1.1,0.9,
0.5,1.1,1,
0.5,1.1,1.1,
0.5,1.1,1.2,
0.5,1.1,1.3,
0.5,1.1,1.4,
0.5,1.1,1.5,
0.5,1.1,1.6,
0.5,1.1,1.7,
0.5,1.1,1.8,
0.5,1.1,1.9,
0.5,1.1,2,
0.5,1.1,2.1,
0.5,1.1,2.2,
0.5,1.1,2.3,
0.5,1.1,2.4,1.037008324
0.5,1.1,2.5,
0.5,1.1,2.6,
0.5,1.1,2.7,
0.5,1.1,2.8,
0.5,1.1,2.9,
0.5,1.1,3,
0.5,1.1,3.1,
0.5,1.1,3.2,
0.5,1.1,3.3,
0.5,1.1,3.4,
0.5,1.1,3.5,
0.5,1.1,3.6,
0.6,1.1,0,
0.6,1.1,0.1,
0.6,1.1,0.2,
0.6,1.1,0.3,
0.6,1.1,0.4,
0.6,1.1,0.5,
0.6,1.1,0.6,
0.6,1.1,0.7,
0.6,1.1,0.8,
0.6,1.1,0.9,
0.6,1.1,1,1.148044862
0.6,1.1,1.1,
0.6,1.1,1.2,
0.6,1.1,1.3,
0.6,1.1,1.4,
0.6,1.1,1.5,
0.6,1.1,1.6,
0.6,1.1,1.7,
0.6,1.1,1.8,
0.6,1.1,1.9,
0.6,1.1,2,
0.6,1.1,2.1,
0.6,1.1,2.2,
0.6,1.1,2.3,
0.6,1.1,2.4,
0.6,1.1,2.5,
0.6,1.1,2.6,
0.6,1.1,2.7,
0.6,1.1,2.8,1.067780105
0.6,1.1,2.9,
0.6,1.1,3,
0.6,1.1,3.1,
0.6,1.1,3.2,
0.6,1.1,3.3,
0.6,1.1,3.4,0.972390283
0.6,1.1,3.5,
0.6,1.1,3.6,
0.7,1.1,0,
0.7,1.1,0.1,
0.7,1.1,0.2,
0.7,1.1,0.3,
0.7,1.1,0.4,
0.7,1.1,0.5,
0.7,1.1,0.6,
0.7,1.1,0.7,
0.7,1.1,0.8,
0.7,1.1,0.9,
0.7,1.1,1,
0.7,1.1,1.1,
0.7,1.1,1.2,
0.7,1.1,1.3,
0.7,1.1,1.4,
0.7,1.1,1.5,
0.7,1.1,1.6,
0.7,1.1,1.7,
0.7,1.1,1.8,
0.7,1.1,1.9,
0.7,1.1,2,
0.7,1.1,2.1,
0.7,1.1,2.2,
0.7,1.1,2.3,
0.7,1.1,2.4,
0.7,1.1,2.5,
0.7,1.1,2.6,
0.7,1.1,2.7,
0.7,1.1,2.8,
0.7,1.1,2.9,
0.7,1.1,3,
0.7,1.1,3.1,
0.7,1.1,3.2,
0.7,1.1,3.3,
0.7,1.1,3.4,
0.7,1.1,3.5,
0.7,1.1,3.6,
0.8,1.1,0,
0.8,1.1,0.1,
0.8,1.1,0.2,
0.8,1.1,0.3,
0.8,1.1,0.4,
0.8,1.1,0.5,
0.8,1.1,0.6,
0.8,1.1,0.7,
0.8,1.1,0.8,
0.8,1.1,0.9,
0.8,1.1,1,
0.8,1.1,1.1,
0.8,1.1,1.2,
0.8,1.1,1.3,
0.8,1.1,1.4,
0.8,1.1,1.5,
0.8,1.1,1.6,
0.8,1.1,1.7,
0.8,1.1,1.8,
0.8,1.1,1.9,
0.8,1.1,2,
0.8,1.1,2.1,
0.8,1.1,2.2,
0.8,1.1,2.3,
0.8,1.1,2.4,
0.8,1.1,2.5,
0.8,1.1,2.6,
0.8,1.1,2.7,
0.8,1.1,2.8,
0.8,1.1,2.9,
0.8,1.1,3,
0.8,1.1,3.1,
0.8,1.1,3.2,
0.8,1.1,3.3,
0.8,1.1,3.4,
0.8,1.1,3.5,
0.8,1.1,3.6,
0.9,1.1,0,
0.9,1.1,0.1,
0.9,1.1,0.2,
0.9,1.1,0.3,
0.9,1.1,0.4,
0.9,1.1,0.5,
0.9,1.1,0.6,
0.9,1.1,0.7,
0.9,1.1,0.8,
0.9,1.1,0.9,
0.9,1.1,1,
0.9,1.1,1.1,
0.9,1.1,1.2,
0.9,1.1,1.3,
0.9,1.1,1.4,
0.9,1.1,1.5,
0.9,1.1,1.6,
0.9,1.1,1.7,
0.9,1.1,1.8,
0.9,1.1,1.9,
0.9,1.1,2,
0.9,1.1,2.1,1.004326756
0.9,1.1,2.2,
0.9,1.1,2.3,
0.9,1.1,2.4,
0.9,1.1,2.5,
0.9,1.1,2.6,
0.9,1.1,2.7,
0.9,1.1,2.8,
0.9,1.1,2.9,
0.9,1.1,3,
0.9,1.1,3.1,
0.9,1.1,3.2,
0.9,1.1,3.3,
0.9,1.1,3.4,
0.9,1.1,3.5,
0.9,1.1,3.6,
1,1.1,0,
1,1.1,0.1,
1,1.1,0.2,
1,1.1,0.3,
1,1.1,0.4,
1,1.1,0.5,
1,1.1,0.6,
1,1.1,0.7,
1,1.1,0.8,
1,1.1,0.9,
1,1.1,1,
1,1.1,1.1,
1,1.1,1.2,
1,1.1,1.3,
1,1.1,1.4,
1,1.1,1.5,
1,1.1,1.6,
1,1.1,1.7,
1,1.1,1.8,
1,1.1,1.9,
1,1.1,2,
1,1.1,2.1,
1,1.1,2.2,
1,1.1,2.3,
1,1.1,2.4,
1,1.1,2.5,
1,1.1,2.6,
1,1.1,2.7,
1,1.1,2.8,
1,1.1,2.9,
1,1.1,3,
1,1.1,3.1,
1,1.1,3.2,
1,1.1,3.3,
1,1.1,3.4,
1,1.1,3.5,
1,1.1,3.6,
1.1,1.1,0,
1.1,1.1,0.1,
1.1,1.1,0.2,
1.1,1.1,0.3,
1.1,1.1,0.4,
1.1,1.1,0.5,
1.1,1.1,0.6,
1.1,1.1,0.7,
1.1,1.1,0.8,
1.1,1.1,0.9,
1.1,1.1,1,
1.1,1.1,1.1,
1.1,1.1,1.2,
1.1,1.1,1.3,
1.1,1.1,1.4,
1.1,1.1,1.5,
1.1,1.1,1.6,
1.1,1.1,1.7,
1.1,1.1,1.8,
1.1,1.1,1.9,
1.1,1.1,2,
1.1,1.1,2.1,
1.1,1.1,2.2,
1.1,1.1,2.3,
1.1,1.1,2.4,
1.1,1.1,2.5,
1.1,1.1,2.6,
1.1,1.1,2.7,1.108614226
1.1,1.1,2.8,
1.1,1.1,2.9,
1.1,1.1,3,
1.1,1.1,3.1,
1.1,1.1,3.2,
1.1,1.1,3.3,
1.1,1.1,3.4,
1.1,1.1,3.5,
1.1,1.1,3.6,
1.2,1.1,0,
1.2,1.1,0.1,
1.2,1.1,0.2,
1.2,1.1,0.3,
1.2,1.1,0.4,
1.2,1.1,0.5,
1.2,1.1,0.6,
1.2,1.1,0.7,
1.2,1.1,0.8,
1.2,1.1,0.9,
1.2,1.1,1,
1.2,1.1,1.1,
1.2,1.1,1.2,
1.2,1.1,1.3,
1.2,1.1,1.4,
1.2,1.1,1.5,
1.2,1.1,1.6,
1.2,1.1,1.7,
1.2,1.1,1.8,
1.2,1.1,1.9,
1.2,1.1,2,
1.2,1.1,2.1,
1.2,1.1,2.2,
1.2,1.1,2.3,
1.2,1.1,2.4,
1.2,1.1,2.5,
1.2,1.1,2.6,
1.2,1.1,2.7,
1.2,1.1,2.8,
1.2,1.1,2.9,
1.2,1.1,3,
1.2,1.1,3.1,
1.2,1.1,3.2,
1.2,1.1,3.3,
1.2,1.1,3.4,
1.2,1.1,3.5,
1.2,1.1,3.6,
1.3,1.1,0,
1.3,1.1,0.1,
1.3,1.1,0.2,
1.3,1.1,0.3,
1.3,1.1,0.4,
1.3,1.1,0.5,
1.3,1.1,0.6,
1.3,1.1,0.7,
1.3,1.1,0.8,
1.3,1.1,0.9,
1.3,1.1,1,
1.3,1.1,1.1,
1.3,1.1,1.2,
1.3,1.1,1.3,
1.3,1.1,1.4,
1.3,1.1,1.5,
1.3,1.1,1.6,
1.3,1.1,1.7,
1.3,1.1,1.8,
1.3,1.1,1.9,
1.3,1.1,2,
1.3,1.1,2.1,
1.3,1.1,2.2,
1.3,1.1,2.3,
1.3,1.1,2.4,
1.3,1.1,2.5,
1.3,1.1,2.6,
1.3,1.1,2.7,
1.3,1.1,2.8,
1.3,1.1,2.9,
1.3,1.1,3,
1.3,1.1,3.1,
1.3,1.1,3.2,
1.3,1.1,3.3,
1.3,1.1,3.4,
1.3,1.1,3.5,
1.3,1.1,3.6,
1.4,1.1,0,
1.4,1.1,0.1,
1.4,1.1,0.2,
1.4,1.1,0.3,
1.4,1.1,0.4,
1.4,1.1,0.5,
1.4,1.1,0.6,
1.4,1.1,0.7,
1.4,1.1,0.8,1.125969176
1.4,1.1,0.9,
1.4,1.1,1,
1.4,1.1,1.1,
1.4,1.1,1.2,1.025311948
1.4,1.1,1.3,
1.4,1.1,1.4,
1.4,1.1,1.5,
1.4,1.1,1.6,
1.4,1.1,1.7,0.966927294
1.4,1.1,1.8,
1.4,1.1,1.9,
1.4,1.1,2,
1.4,1.1,2.1,
1.4,1.1,2.2,
1.4,1.1,2.3,
1.4,1.1,2.4,
1.4,1.1,2.5,
1.4,1.1,2.6,
1.4,1.1,2.7,
1.4,1.1,2.8,
1.4,1.1,2.9,
1.4,1.1,3,
1.4,1.1,3.1,
1.4,1.1,3.2,
1.4,1.1,3.3,
1.4,1.1,3.4,
1.4,1.1,3.5,
1.4,1.1,3.6,
1.5,1.1,0,
1.5,1.1,0.1,
1.5,1.1,0.2,
1.5,1.1,0.3,
1.5,1.1,0.4,
1.5,1.1,0.5,
1.5,1.1,0.6,
1.5,1.1,0.7,
1.5,1.1,0.8,
1.5,1.1,0.9,1.094994419
1.5,1.1,1,
1.5,1.1,1.1,
1.5,1.1,1.2,
1.5,1.1,1.3,
1.5,1.1,1.4,
1.5,1.1,1.5,
1.5,1.1,1.6,
1.5,1.1,1.7,
1.5,1.1,1.8,
1.5,1.1,1.9,
1.5,1.1,2,
1.5,1.1,2.1,
1.5,1.1,2.2,
1.5,1.1,2.3,
1.5,1.1,2.4,
1.5,1.1,2.5,
1.5,1.1,2.6,
1.5,1.1,2.7,
1.5,1.1,2.8,
1.5,1.1,2.9,
1.5,1.1,3,
1.5,1.1,3.1,
1.5,1.1,3.2,
1.5,1.1,3.3,
1.5,1.1,3.4,
1.5,1.1,3.5,
1.5,1.1,3.6,
1.6,1.1,0,
1.6,1.1,0.1,
1.6,1.1,0.2,
1.6,1.1,0.3,
1.6,1.1,0.4,
1.6,1.1,0.5,
1.6,1.1,0.6,
1.6,1.1,0.7,
1.6,1.1,0.8,
1.6,1.1,0.9,
1.6,1.1,1,
1.6,1.1,1.1,
1.6,1.1,1.2,
1.6,1.1,1.3,
1.6,1.1,1.4,
1.6,1.1,1.5,
1.6,1.1,1.6,
1.6,1.1,1.7,
1.6,1.1,1.8,
1.6,1.1,1.9,
1.6,1.1,2,
1.6,1.1,2.1,
1.6,1.1,2.2,
1.6,1.1,2.3,
1.6,1.1,2.4,
1.6,1.1,2.5,
1.6,1.1,2.6,
1.6,1.1,2.7,
1.6,1.1,2.8,
1.6,1.1,2.9,
1.6,1.1,3,
1.6,1.1,3.1,
1.6,1.1,3.2,
1.6,1.1,3.3,
1.6,1.1,3.4,
1.6,1.1,3.5,
1.6,1.1,3.6,
1.7,1.1,0,
1.7,1.1,0.1,
1.7,1.1,0.2,
1.7,1.1,0.3,
1.7,1.1,0.4,
1.7,1.1,0.5,
1.7,1.1,0.6,
1.7,1.1,0.7,
1.7,1.1,0.8,1.10839789
1.7,1.1,0.9,
1.7,1.1,1,
1.7,1.1,1.1,
1.7,1.1,1.2,
1.7,1.1,1.3,
1.7,1.1,1.4,
1.7,1.1,1.5,
1.7,1.1,1.6,
1.7,1.1,1.7,
1.7,1.1,1.8,
1.7,1.1,1.9,
1.7,1.1,2,
1.7,1.1,2.1,
1.7,1.1,2.2,
1.7,1.1,2.3,
1.7,1.1,2.4,
1.7,1.1,2.5,
1.7,1.1,2.6,1.064872784
1.7,1.1,2.7,
1.7,1.1,2.8,
1.7,1.1,2.9,
1.7,1.1,3,1.060958262
1.7,1.1,3.1,
1.7,1.1,3.2,
1.7,1.1,3.3,
1.7,1.1,3.4,
1.7,1.1,3.5,0.991522545
1.7,1.1,3.6,
1.8,1.1,0,
1.8,1.1,0.1,
1.8,1.1,0.2,
1.8,1.1,0.3,
1.8,1.1,0.4,
1.8,1.1,0.5,
1.8,1.1,0.6,
1.8,1.1,0.7,
1.8,1.1,0.8,
1.8,1.1,0.9,
1.8,1.1,1,
1.8,1.1,1.1,
1.8,1.1,1.2,
1.8,1.1,1.3,
1.8,1.1,1.4,
1.8,1.1,1.5,
1.8,1.1,1.6,
1.8,1.1,1.7,
1.8,1.1,1.8,
1.8,1.1,1.9,
1.8,1.1,2,
1.8,1.1,2.1,
1.8,1.1,2.2,
1.8,1.1,2.3,
1.8,1.1,2.4,
1.8,1.1,2.5,
1.8,1.1,2.6,
1.8,1.1,2.7,
1.8,1.1,2.8,
1.8,1.1,2.9,
1.8,1.1,3,
1.8,1.1,3.1,
1.8,1.1,3.2,
1.8,1.1,3.3,
1.8,1.1,3.4,
1.8,1.1,3.5,
1.8,1.1,3.6,
1.9,1.1,0,
1.9,1.1,0.1,
1.9,1.1,0.2,
1.9,1.1,0.3,
1.9,1.1,0.4,
1.9,1.1,0.5,
1.9,1.1,0.6,
1.9,1.1,0.7,
1.9,1.1,0.8,
1.9,1.1,0.9,
1.9,1.1,1,
1.9,1.1,1.1,
1.9,1.1,1.2,
1.9,1.1,1.3,
1.9,1.1,1.4,
1.9,1.1,1.5,
1.9,1.1,1.6,
1.9,1.1,1.7,
1.9,1.1,1.8,
1.9,1.1,1.9,
1.9,1.1,2,
1.9,1.1,2.1,
1.9,1.1,2.2,
1.9,1.1,2.3,
1.9,1.1,2.4,
1.9,1.1,2.5,
1.9,1.1,2.6,
1.9,1.1,2.7,
1.9,1.1,2.8,
1.9,1.1,2.9,
1.9,1.1,3,
1.9,1.1,3.1,
1.9,1.1,3.2,
1.9,1.1,3.3,
1.9,1.1,3.4,
1.9,1.1,3.5,
1.9,1.1,3.6,
2,1.1,0,
2,1.1,0.1,
2,1.1,0.2,
2,1.1,0.3,
2,1.1,0.4,
2,1.1,0.5,1.014051656
2,1.1,0.6,
2,1.1,0.7,
2,1.1,0.8,
2,1.1,0.9,
2,1.1,1,
2,1.1,1.1,
2,1.1,1.2,
2,1.1,1.3,
2,1.1,1.4,
2,1.1,1.5,
2,1.1,1.6,
2,1.1,1.7,
2,1.1,1.8,
2,1.1,1.9,
2,1.1,2,
2,1.1,2.1,
2,1.1,2.2,
2,1.1,2.3,
2,1.1,2.4,
2,1.1,2.5,
2,1.1,2.6,
2,1.1,2.7,
2,1.1,2.8,
2,1.1,2.9,
2,1.1,3,
2,1.1,3.1,
2,1.1,3.2,1.000453454
2,1.1,3.3,
2,1.1,3.4,
2,1.1,3.5,
2,1.1,3.6,
2.1,1.1,0,
2.1,1.1,0.1,
2.1,1.1,0.2,
2.1,1.1,0.3,
2.1,1.1,0.4,
2.1,1.1,0.5,
2.1,1.1,0.6,
2.1,1.1,0.7,
2.1,1.1,0.8,
2.1,1.1,0.9,1.101521749
2.1,1.1,1,
2.1,1.1,1.1,
2.1,1.1,1.2,
2.1,1.1,1.3,
2.1,1.1,1.4,
2.1,1.1,1.5,
2.1,1.1,1.6,
2.1,1.1,1.7,
2.1,1.1,1.8,
2.1,1.1,1.9,
2.1,1.1,2,
2.1,1.1,2.1,
2.1,1.1,2.2,
2.1,1.1,2.3,
2.1,1.1,2.4,
2.1,1.1,2.5,
2.1,1.1,2.6,
2.1,1.1,2.7,
2.1,1.1,2.8,
2.1,1.1,2.9,
2.1,1.1,3,
2.1,1.1,3.1,
2.1,1.1,3.2,
2.1,1.1,3.3,
2.1,1.1,3.4,
2.1,1.1,3.5,
2.1,1.1,3.6,
2.2,1.1,0,
2.2,1.1,0.1,
2.2,1.1,0.2,
2.2,1.1,0.3,
2.2,1.1,0.4,
2.2,1.1,0.5,
2.2,1.1,0.6,
2.2,1.1,0.7,
2.2,1.1,0.8,
2.2,1.1,0.9,
2.2,1.1,1,
2.2,1.1,1.1,
2.2,1.1,1.2,
2.2,1.1,1.3,
2.2,1.1,1.4,
2.2,1.1,1.5,
2.2,1.1,1.6,
2.2,1.1,1.7,
2.2,1.1,1.8,
2.2,1.1,1.9,
2.2,1.1,2,
2.2,1.1,2.1,
2.2,1.1,2.2,
2.2,1.1,2.3,
2.2,1.1,2.4,
2.2,1.1,2.5,
2.2,1.1,2.6,
2.2,1.1,2.7,
2.2,1.1,2.8,
2.2,1.1,2.9,
2.2,1.1,3,
2.2,1.1,3.1,
2.2,1.1,3.2,
2.2,1.1,3.3,
2.2,1.1,3.4,
2.2,1.1,3.5,
2.2,1.1,3.6,
2.3,1.1,0,
2.3,1.1,0.1,
2.3,1.1,0.2,
2.3,1.1,0.3,
2.3,1.1,0.4,
2.3,1.1,0.5,
2.3,1.1,0.6,
2.3,1.1,0.7,
2.3,1.1,0.8,
2.3,1.1,0.9,
2.3,1.1,1,
2.3,1.1,1.1,
2.3,1.1,1.2,
2.3,1.1,1.3,
2.3,1.1,1.4,
2.3,1.1,1.5,
2.3,1.1,1.6,
2.3,1.1,1.7,
2.3,1.1,1.8,
2.3,1.1,1.9,
2.3,1.1,2,
2.3,1.1,2.1,
2.3,1.1,2.2,
2.3,1.1,2.3,
2.3,1.1,2.4,
2.3,1.1,2.5,1.074801228
2.3,1.1,2.6,
2.3,1.1,2.7,
2.3,1.1,2.8,
2.3,1.1,2.9,
2.3,1.1,3,
2.3,1.1,3.1,
2.3,1.1,3.2,
2.3,1.1,3.3,
2.3,1.1,3.4,
2.3,1.1,3.5,
2.3,1.1,3.6,
2.4,1.1,0,
2.4,1.1,0.1,
2.4,1.1,0.2,
2.4,1.1,0.3,
2.4,1.1,0.4,
2.4,1.1,0.5,
2.4,1.1,0.6,
2.4,1.1,0.7,
2.4,1.1,0.8,
2.4,1.1,0.9,
2.4,1.1,1,
2.4,1.1,1.1,
2.4,1.1,1.2,
2.4,1.1,1.3,
2.4,1.1,1.4,
2.4,1.1,1.5,
2.4,1.1,1.6,
2.4,1.1,1.7,
2.4,1.1,1.8,
2.4,1.1,1.9,
2.4,1.1,2,
2.4,1.1,2.1,
2.4,1.1,2.2,
2.4,1.1,2.3,
2.4,1.1,2.4,
2.4,1.1,2.5,
2.4,1.1,2.6,
2.4,1.1,2.7,
2.4,1.1,2.8,
2.4,1.1,2.9,
2.4,1.1,3,
2.4,1.1,3.1,
2.4,1.1,3.2,
2.4,1.1,3.3,
2.4,1.1,3.4,
2.4,1.1,3.5,
2.4,1.1,3.6,
2.5,1.1,0,
2.5,1.1,0.1,
2.5,1.1,0.2,
2.5,1.1,0.3,
2.5,1.1,0.4,
2.5,1.1,0.5,
2.5,1.1,0.6,
2.5,1.1,0.7,
2.5,1.1,0.8,
2.5,1.1,0.9,
2.5,1.1,1,
2.5,1.1,1.1,
2.5,1.1,1.2,
2.5,1.1,1.3,
2.5,1.1,1.4,
2.5,1.1,1.5,
2.5,1.1,1.6,
2.5,1.1,1.7,
2.5,1.1,1.8,
2.5,1.1,1.9,
2.5,1.1,2,
2.5,1.1,2.1,
2.5,1.1,2.2,
2.5,1.1,2.3,
2.5,1.1,2.4,
2.5,1.1,2.5,
2.5,1.1,2.6,
2.5,1.1,2.7,
2.5,1.1,2.8,
2.5,1.1,2.9,
2.5,1.1,3,
2.5,1.1,3.1,
2.5,1.1,3.2,
2.5,1.1,3.3,
2.5,1.1,3.4,
2.5,1.1,3.5,
2.5,1.1,3.6,
2.6,1.1,0,
2.6,1.1,0.1,
2.6,1.1,0.2,
2.6,1.1,0.3,
2.6,1.1,0.4,
2.6,1.1,0.5,
2.6,1.1,0.6,
2.6,1.1,0.7,
2.6,1.1,0.8,
2.6,1.1,0.9,
2.6,1.1,1,
2.6,1.1,1.1,
2.6,1.1,1.2,
2.6,1.1,1.3,
2.6,1.1,1.4,
2.6,1.1,1.5,
2.6,1.1,1.6,
2.6,1.1,1.7,
2.6,1.1,1.8,
2.6,1.1,1.9,
2.6,1.1,2,1.025264758
2.6,1.1,2.1,
2.6,1.1,2.2,
2.6,1.1,2.3,
2.6,1.1,2.4,
2.6,1.1,2.5,
2.6,1.1,2.6,
2.6,1.1,2.7,
2.6,1.1,2.8,
2.6,1.1,2.9,
2.6,1.1,3,
2.6,1.1,3.1,
2.6,1.1,3.2,
2.6,1.1,3.3,
2.6,1.1,3.4,
2.6,1.1,3.5,
2.6,1.1,3.6,
2.7,1.1,0,
2.7,1.1,0.1,
2.7,1.1,0.2,
2.7,1.1,0.3,
2.7,1.1,0.4,
2.7,1.1,0.5,
2.7,1.1,0.6,
2.7,1.1,0.7,
2.7,1.1,0.8,
2.7,1.1,0.9,
2.7,1.1,1,
2.7,1.1,1.1,
2.7,1.1,1.2,
2.7,1.1,1.3,
2.7,1.1,1.4,
2.7,1.1,1.5,
2.7,1.1,1.6,
2.7,1.1,1.7,
2.7,1.1,1.8,
2.7,1.1,1.9,
2.7,1.1,2,
2.7,1.1,2.1,
2.7,1.1,2.2,
2.7,1.1,2.3,
2.7,1.1,2.4,
2.7,1.1,2.5,
2.7,1.1,2.6,1.130037208
2.7,1.1,2.7,
2.7,1.1,2.8,
2.7,1.1,2.9,
2.7,1.1,3,
2.7,1.1,3.1,
2.7,1.1,3.2,
2.7,1.1,3.3,
2.7,1.1,3.4,
2.7,1.1,3.5,
2.7,1.1,3.6,
2.8,1.1,0,
2.8,1.1,0.1,
2.8,1.1,0.2,
2.8,1.1,0.3,
2.8,1.1,0.4,
2.8,1.1,0.5,
2.8,1.1,0.6,
2.8,1.1,0.7,
2.8,1.1,0.8,
2.8,1.1,0.9,
2.8,1.1,1,
2.8,1.1,1.1,
2.8,1.1,1.2,
2.8,1.1,1.3,
2.8,1.1,1.4,
2.8,1.1,1.5,
2.8,1.1,1.6,
2.8,1.1,1.7,
2.8,1.1,1.8,
2.8,1.1,1.9,
2.8,1.1,2,
2.8,1.1,2.1,
2.8,1.1,2.2,
2.8,1.1,2.3,
2.8,1.1,2.4,
2.8,1.1,2.5,
2.8,1.1,2.6,
2.8,1.1,2.7,
2.8,1.1,2.8,
2.8,1.1,2.9,
2.8,1.1,3,
2.8,1.1,3.1,1.013400089
2.8,1.1,3.2,
2.8,1.1,3.3,
2.8,1.1,3.4,
2.8,1.1,3.5,
2.8,1.1,3.6,
2.9,1.1,0,
2.9,1.1,0.1,
2.9,1.1,0.2,
2.9,1.1,0.3,
2.9,1.1,0.4,
2.9,1.1,0.5,
2.9,1.1,0.6,1.034463742
2.9,1.1,0.7,
2.9,1.1,0.8,
2.9,1.1,0.9,
2.9,1.1,1,
2.9,1.1,1.1,
2.9,1.1,1.2,
2.9,1.1,1.3,
2.9,1.1,1.4,
2.9,1.1,1.5,
2.9,1.1,1.6,
2.9,1.1,1.7,
2.9,1.1,1.8,
2.9,1.1,1.9,
2.9,1.1,2,
2.9,1.1,2.1,
2.9,1.1,2.2,
2.9,1.1,2.3,
2.9,1.1,2.4,
2.9,1.1,2.5,
2.9,1.1,2.6,
2.9,1.1,2.7,
2.9,1.1,2.8,1.084484624
2.9,1.1,2.9,
2.9,1.1,3,
2.9,1.1,3.1,
2.9,1.1,3.2,
2.9,1.1,3.3,
2.9,1.1,3.4,
2.9,1.1,3.5,
2.9,1.1,3.6,
3,1.1,0,
3,1.1,0.1,
3,1.1,0.2,0.984997773
3,1.1,0.3,
3,1.1,0.4,
3,1.1,0.5,
3,1.1,0.6,
3,1.1,0.7,
3,1.1,0.8,
3,1.1,0.9,
3,1.1,1,
3,1.1,1.1,
3,1.1,1.2,
3,1.1,1.3,
3,1.1,1.4,
3,1.1,1.5,
3,1.1,1.6,
3,1.1,1.7,
3,1.1,1.8,
3,1.1,1.9,
3,1.1,2,
3,1.1,2.1,
3,1.1,2.2,
3,1.1,2.3,
3,1.1,2.4,
3,1.1,2.5,
3,1.1,2.6,
3,1.1,2.7,
3,1.1,2.8,
3,1.1,2.9,
3,1.1,3,
3,1.1,3.1,
3,1.1,3.2,
3,1.1,3.3,
3,1.1,3.4,
3,1.1,3.5,
3,1.1,3.6,
3.1,1.1,0,
3.1,1.1,0.1,
3.1,1.1,0.2,
3.1,1.1,0.3,
3.1,1.1,0.4,
3.1,1.1,0.5,
3.1,1.1,0.6,
3.1,1.1,0.7,
3.1,1.1,0.8,
3.1,1.1,0.9,
3.1,1.1,1,
3.1,1.1,1.1,
3.1,1.1,1.2,
3.1,1.1,1.3,
3.1,1.1,1.4,
3.1,1.1,1.5,
3.1,1.1,1.6,
3.1,1.1,1.7,
3.1,1.1,1.8,
3.1,1.1,1.9,
3.1,1.1,2,
3.1,1.1,2.1,
3.1,1.1,2.2,
3.1,1.1,2.3,
3.1,1.1,2.4,
3.1,1.1,2.5,
3.1,1.1,2.6,
3.1,1.1,2.7,
3.1,1.1,2.8,
3.1,1.1,2.9,
3.1,1.1,3,
3.1,1.1,3.1,
3.1,1.1,3.2,
3.1,1.1,3.3,
3.1,1.1,3.4,0.993430341
3.1,1.1,3.5,
3.1,1.1,3.6,
3.2,1.1,0,
3.2,1.1,0.1,
3.2,1.1,0.2,
3.2,1.1,0.3,
3.2,1.1,0.4,
3.2,1.1,0.5,
3.2,1.1,0.6,
3.2,1.1,0.7,
3.2,1.1,0.8,
3.2,1.1,0.9,
3.2,1.1,1,
3.2,1.1,1.1,
3.2,1.1,1.2,
3.2,1.1,1.3,
3.2,1.1,1.4,
3.2,1.1,1.5,
3.2,1.1,1.6,
3.2,1.1,1.7,
3.2,1.1,1.8,0.963820692
3.2,1.1,1.9,
3.2,1.1,2,
3.2,1.1,2.1,
3.2,1.1,2.2,
3.2,1.1,2.3,
3.2,1.1,2.4,1.022112103
3.2,1.1,2.5,
3.2,1.1,2.6,
3.2,1.1,2.7,
3.2,1.1,2.8,
3.2,1.1,2.9,
3.2,1.1,3,
3.2,1.1,3.1,
3.2,1.1,3.2,
3.2,1.1,3.3,
3.2,1.1,3.4,
3.2,1.1,3.5,
3.2,1.1,3.6,
3.3,1.1,0,
3.3,1.1,0.1,
3.3,1.1,0.2,
3.3,1.1,0.3,
3.3,1.1,0.4,
3.3,1.1,0.5,
3.3,1.1,0.6,
3.3,1.1,0.7,
3.3,1.1,0.8,
3.3,1.1,0.9,
3.3,1.1,1,
3.3,1.1,1.1,
3.3,1.1,1.2,
3.3,1.1,1.3,
3.3,1.1,1.4,
3.3,1.1,1.5,
3.3,1.1,1.6,
3.3,1.1,1.7,
3.3,1.1,1.8,
3.3,1.1,1.9,
3.3,1.1,2,
3.3,1.1,2.1,
3.3,1.1,2.2,
3.3,1.1,2.3,
3.3,1.1,2.4,
3.3,1.1,2.5,
3.3,1.1,2.6,
3.3,1.1,2.7,
3.3,1.1,2.8,
3.3,1.1,2.9,
3.3,1.1,3,
3.3,1.1,3.1,
3.3,1.1,3.2,
3.3,1.1,3.3,
3.3,1.1,3.4,
3.3,1.1,3.5,
3.3,1.1,3.6,
3.4,1.1,0,
3.4,1.1,0.1,
3.4,1.1,0.2,
3.4,1.1,0.3,
3.4,1.1,0.4,
3.4,1.1,0.5,
3.4,1.1,0.6,
3.4,1.1,0.7,
3.4,1.1,0.8,
3.4,1.1,0.9,
3.4,1.1,1,
3.4,1.1,1.1,1.041495952
3.4,1.1,1.2,
3.4,1.1,1.3,
3.4,1.1,1.4,
3.4,1.1,1.5,
3.4,1.1,1.6,
3.4,1.1,1.7,
3.4,1.1,1.8,
3.4,1.1,1.9,
3.4,1.1,2,
3.4,1.1,2.1,
3.4,1.1,2.2,
3.4,1.1,2.3,
3.4,1.1,2.4,
3.4,1.1,2.5,
3.4,1.1,2.6,
3.4,1.1,2.7,
3.4,1.1,2.8,
3.4,1.1,2.9,
3.4,1.1,3,
3.4,1.1,3.1,
3.4,1.1,3.2,
3.4,1.1,3.3,
3.4,1.1,3.4,
3.4,1.1,3.5,
3.4,1.1,3.6,
3.5,1.1,0,
3.5,1.1,0.1,
3.5,1.1,0.2,
3.5,1.1,0.3,
3.5,1.1,0.4,
3.5,1.1,0.5,
3.5,1.1,0.6,
3.5,1.1,0.7,
3.5,1.1,0.8,
3.5,1.1,0.9,
3.5,1.1,1,
3.5,1.1,1.1,
3.5,1.1,1.2,
3.5,1.1,1.3,
3.5,1.1,1.4,
3.5,1.1,1.5,
3.5,1.1,1.6,
3.5,1.1,1.7,
3.5,1.1,1.8,
3.5,1.1,1.9,
3.5,1.1,2,
3.5,1.1,2.1,
3.5,1.1,2.2,
3.5,1.1,2.3,
3.5,1.1,2.4,
3.5,1.1,2.5,
3.5,1.1,2.6,
3.5,1.1,2.7,
3.5,1.1,2.8,
3.5,1.1,2.9,
3.5,1.1,3,
3.5,1.1,3.1,
3.5,1.1,3.2,
3.5,1.1,3.3,0.997172875
3.5,1.1,3.4,
3.5,1.1,3.5,
3.5,1.1,3.6,
3.6,1.1,0,
3.6,1.1,0.1,
3.6,1.1,0.2,
3.6,1.1,0.3,
3.6,1.1,0.4,
3.6,1.1,0.5,
3.6,1.1,0.6,
3.6,1.1,0.7,
3.6,1.1,0.8,
3.6,1.1,0.9,
3.6,1.1,1,
3.6,1.1,1.1,
3.6,1.1,1.2,
3.6,1.1,1.3,
3.6,1.1,1.4,
3.6,1.1,1.5,
3.6,1.1,1.6,
3.6,1.1,1.7,
3.6,1.1,1.8,
3.6,1.1,1.9,
3.6,1.1,2,
3.6,1.1,2.1,
3.6,1.1,2.2,
3.6,1.1,2.3,
3.6,1.1,2.4,
3.6,1.1,2.5,
3.6,1.1,2.6,
3.6,1.1,2.7,
3.6,1.1,2.8,
3.6,1.1,2.9,
3.6,1.1,3,
3.6,1.1,3.1,
3.6,1.1,3.2,
3.6,1.1,3.3,
3.6,1.1,3.4,
3.6,1.1,3.5,
3.6,1.1,3.6,
3.7,1.1,0,
3.7,1.1,0.1,
3.7,1.1,0.2,
3.7,1.1,0.3,
3.7,1.1,0.4,
3.7,1.1,0.5,
3.7,1.1,0.6,
3.7,1.1,0.7,
3.7,1.1,0.8,
3.7,1.1,0.9,
3.7,1.1,1,
3.7,1.1,1.1,
3.7,1.1,1.2,
3.7,1.1,1.3,
3.7,1.1,1.4,
3.7,1.1,1.5,
3.7,1.1,1.6,
3.7,1.1,1.7,
3.7,1.1,1.8,
3.7,1.1,1.9,
3.7,1.1,2,
3.7,1.1,2.1,
3.7,1.1,2.2,
3.7,1.1,2.3,
3.7,1.1,2.4,
3.7,1.1,2.5,
3.7,1.1,2.6,
3.7,1.1,2.7,
3.7,1.1,2.8,
3.7,1.1,2.9,
3.7,1.1,3,
3.7,1.1,3.1,
3.7,1.1,3.2,
3.7,1.1,3.3,
3.7,1.1,3.4,
3.7,1.1,3.5,
3.7,1.1,3.6,
3.8,1.1,0,
3.8,1.1,0.1,
3.8,1.1,0.2,
3.8,1.1,0.3,
3.8,1.1,0.4,
3.8,1.1,0.5,
3.8,1.1,0.6,
3.8,1.1,0.7,
3.8,1.1,0.8,
3.8,1.1,0.9,
3.8,1.1,1,
3.8,1.1,1.1,
3.8,1.1,1.2,
3.8,1.1,1.3,
3.8,1.1,1.4,
3.8,1.1,1.5,
3.8,1.1,1.6,
3.8,1.1,1.7,
3.8,1.1,1.8,
3.8,1.1,1.9,
3.8,1.1,2,
3.8,1.1,2.1,
3.8,1.1,2.2,
3.8,1.1,2.3,
3.8,1.1,2.4,
3.8,1.1,2.5,
3.8,1.1,2.6,
3.8,1.1,2.7,
3.8,1.1,2.8,
3.8,1.1,2.9,
3.8,1.1,3,
3.8,1.1,3.1,
3.8,1.1,3.2,
3.8,1.1,3.3,
3.8,1.1,3.4,
3.8,1.1,3.5,
3.8,1.1,3.6,
3.9,1.1,0,
3.9,1.1,0.1,
3.9,1.1,0.2,
3.9,1.1,0.3,
3.9,1.1,0.4,
3.9,1.1,0.5,1.00506645
3.9,1.1,0.6,
3.9,1.1,0.7,
3.9,1.1,0.8,
3.9,1.1,0.9,
3.9,1.1,1,
3.9,1.1,1.1,
3.9,1.1,1.2,
3.9,1.1,1.3,
3.9,1.1,1.4,
3.9,1.1,1.5,
3.9,1.1,1.6,
3.9,1.1,1.7,
3.9,1.1,1.8,
3.9,1.1,1.9,
3.9,1.1,2,
3.9,1.1,2.1,
3.9,1.1,2.2,
3.9,1.1,2.3,
3.9,1.1,2.4,
3.9,1.1,2.5,
3.9,1.1,2.6,
3.9,1.1,2.7,
3.9,1.1,2.8,
3.9,1.1,2.9,
3.9,1.1,3,
3.9,1.1,3.1,
3.9,1.1,3.2,
3.9,1.1,3.3,
3.9,1.1,3.4,
3.9,1.1,3.5,
3.9,1.1,3.6,
4,1.1,0,
4,1.1,0.1,
4,1.1,0.2,
4,1.1,0.3,
4,1.1,0.4,
4,1.1,0.5,
4,1.1,0.6,
4,1.1,0.7,
4,1.1,0.8,
4,1.1,0.9,
4,1.1,1,
4,1.1,1.1,
4,1.1,1.2,
4,1.1,1.3,
4,1.1,1.4,
4,1.1,1.5,
4,1.1,1.6,
4,1.1,1.7,0.998319087
4,1.1,1.8,
4,1.1,1.9,
4,1.1,2,
4,1.1,2.1,
4,1.1,2.2,
4,1.1,2.3,
4,1.1,2.4,
4,1.1,2.5,
4,1.1,2.6,
4,1.1,2.7,
4,1.1,2.8,
4,1.1,2.9,
4,1.1,3,
4,1.1,3.1,
4,1.1,3.2,
4,1.1,3.3,
4,1.1,3.4,
4,1.1,3.5,
4,1.1,3.6,
4.1,1.1,0,
4.1,1.1,0.1,0.965814057
4.1,1.1,0.2,
4.1,1.1,0.3,
4.1,1.1,0.4,
4.1,1.1,0.5,
4.1,1.1,0.6,
4.1,1.1,0.7,
4.1,1.1,0.8,
4.1,1.1,0.9,
4.1,1.1,1,
4.1,1.1,1.1,
4.1,1.1,1.2,
4.1,1.1,1.3,
4.1,1.1,1.4,
4.1,1.1,1.5,
4.1,1.1,1.6,
4.1,1.1,1.7,
4.1,1.1,1.8,
4.1,1.1,1.9,
4.1,1.1,2,
4.1,1.1,2.1,
4.1,1.1,2.2,
4.1,1.1,2.3,
4.1,1.1,2.4,
4.1,1.1,2.5,
4.1,1.1,2.6,
4.1,1.1,2.7,
4.1,1.1,2.8,
4.1,1.1,2.9,
4.1,1.1,3,
4.1,1.1,3.1,
4.1,1.1,3.2,
4.1,1.1,3.3,
4.1,1.1,3.4,
4.1,1.1,3.5,
4.1,1.1,3.6,
4.2,1.1,0,
4.2,1.1,0.1,
4.2,1.1,0.2,
4.2,1.1,0.3,
4.2,1.1,0.4,
4.2,1.1,0.5,
4.2,1.1,0.6,
4.2,1.1,0.7,
4.2,1.1,0.8,1.065758597
4.2,1.1,0.9,
4.2,1.1,1,
4.2,1.1,1.1,
4.2,1.1,1.2,
4.2,1.1,1.3,
4.2,1.1,1.4,
4.2,1.1,1.5,
4.2,1.1,1.6,
4.2,1.1,1.7,
4.2,1.1,1.8,
4.2,1.1,1.9,
4.2,1.1,2,
4.2,1.1,2.1,
4.2,1.1,2.2,
4.2,1.1,2.3,
4.2,1.1,2.4,
4.2,1.1,2.5,
4.2,1.1,2.6,
4.2,1.1,2.7,
4.2,1.1,2.8,
4.2,1.1,2.9,
4.2,1.1,3,
4.2,1.1,3.1,
4.2,1.1,3.2,
4.2,1.1,3.3,
4.2,1.1,3.4,
4.2,1.1,3.5,
4.2,1.1,3.6,
4.3,1.1,0,
4.3,1.1,0.1,
4.3,1.1,0.2,
4.3,1.1,0.3,
4.3,1.1,0.4,
4.3,1.1,0.5,
4.3,1.1,0.6,
4.3,1.1,0.7,
4.3,1.1,0.8,
4.3,1.1,0.9,
4.3,1.1,1,1.122204184
4.3,1.1,1.1,
4.3,1.1,1.2,
4.3,1.1,1.3,
4.3,1.1,1.4,
4.3,1.1,1.5,
4.3,1.1,1.6,
4.3,1.1,1.7,
4.3,1.1,1.8,
4.3,1.1,1.9,
4.3,1.1,2,
4.3,1.1,2.1,
4.3,1.1,2.2,
4.3,1.1,2.3,
4.3,1.1,2.4,
4.3,1.1,2.5,
4.3,1.1,2.6,
4.3,1.1,2.7,
4.3,1.1,2.8,1.072573333
4.3,1.1,2.9,
4.3,1.1,3,
4.3,1.1,3.1,
4.3,1.1,3.2,
4.3,1.1,3.3,
4.3,1.1,3.4,
4.3,1.1,3.5,
4.3,1.1,3.6,
4.4,1.1,0,
4.4,1.1,0.1,
4.4,1.1,0.2,
4.4,1.1,0.3,
4.4,1.1,0.4,
4.4,1.1,0.5,
4.4,1.1,0.6,
4.4,1.1,0.7,
4.4,1.1,0.8,
4.4,1.1,0.9,
4.4,1.1,1,
4.4,1.1,1.1,
4.4,1.1,1.2,
4.4,1.1,1.3,
4.4,1.1,1.4,
4.4,1.1,1.5,
4.4,1.1,1.6,
4.4,1.1,1.7,
4.4,1.1,1.8,
4.4,1.1,1.9,
4.4,1.1,2,
4.4,1.1,2.1,
4.4,1.1,2.2,
4.4,1.1,2.3,
4.4,1.1,2.4,1.029343593
4.4,1.1,2.5,
4.4,1.1,2.6,
4.4,1.1,2.7,
4.4,1.1,2.8,
4.4,1.1,2.9,
4.4,1.1,3,
4.4,1.1,3.1,1.014429463
4.4,1.1,3.2,
4.4,1.1,3.3,
4.4,1.1,3.4,
4.4,1.1,3.5,
4.4,1.1,3.6,
4.5,1.1,0,
4.5,1.1,0.1,
4.5,1.1,0.2,
4.5,1.1,0.3,
4.5,1.1,0.4,
4.5,1.1,0.5,
4.5,1.1,0.6,
4.5,1.1,0.7,
4.5,1.1,0.8,
4.5,1.1,0.9,
4.5,1.1,1,
4.5,1.1,1.1,
4.5,1.1,1.2,
4.5,1.1,1.3,
4.5,1.1,1.4,
4.5,1.1,1.5,
4.5,1.1,1.6,
4.5,1.1,1.7,
4.5,1.1,1.8,
4.5,1.1,1.9,
4.5,1.1,2,
4.5,1.1,2.1,
4.5,1.1,2.2,
4.5,1.1,2.3,
4.5,1.1,2.4,
4.5,1.1,2.5,
4.5,1.1,2.6,
4.5,1.1,2.7,
4.5,1.1,2.8,
4.5,1.1,2.9,
4.5,1.1,3,
4.5,1.1,3.1,
4.5,1.1,3.2,
4.5,1.1,3.3,
4.5,1.1,3.4,
4.5,1.1,3.5,
4.5,1.1,3.6,
4.6,1.1,0,
4.6,1.1,0.1,
4.6,1.1,0.2,
4.6,1.1,0.3,
4.6,1.1,0.4,
4.6,1.1,0.5,
4.6,1.1,0.6,
4.6,1.1,0.7,
4.6,1.1,0.8,
4.6,1.1,0.9,
4.6,1.1,1,
4.6,1.1,1.1,
4.6,1.1,1.2,
4.6,1.1,1.3,
4.6,1.1,1.4,
4.6,1.1,1.5,
4.6,1.1,1.6,
4.6,1.1,1.7,
4.6,1.1,1.8,
4.6,1.1,1.9,
4.6,1.1,2,
4.6,1.1,2.1,
4.6,1.1,2.2,
4.6,1.1,2.3,
4.6,1.1,2.4,
4.6,1.1,2.5,
4.6,1.1,2.6,
4.6,1.1,2.7,
4.6,1.1,2.8,
4.6,1.1,2.9,
4.6,1.1,3,
4.6,1.1,3.1,
4.6,1.1,3.2,
4.6,1.1,3.3,
4.6,1.1,3.4,
4.6,1.1,3.5,
4.6,1.1,3.6,
4.7,1.1,0,
4.7,1.1,0.1,
4.7,1.1,0.2,
4.7,1.1,0.3,
4.7,1.1,0.4,
4.7,1.1,0.5,
4.7,1.1,0.6,1.083964109
4.7,1.1,0.7,
4.7,1.1,0.8,
4.7,1.1,0.9,
4.7,1.1,1,
4.7,1.1,1.1,
4.7,1.1,1.2,
4.7,1.1,1.3,
4.7,1.1,1.4,
4.7,1.1,1.5,
4.7,1.1,1.6,
4.7,1.1,1.7,
4.7,1.1,1.8,
4.7,1.1,1.9,
4.7,1.1,2,
4.7,1.1,2.1,
4.7,1.1,2.2,
4.7,1.1,2.3,
4.7,1.1,2.4,
4.7,1.1,2.5,
4.7,1.1,2.6,
4.7,1.1,2.7,
4.7,1.1,2.8,
4.7,1.1,2.9,
4.7,1.1,3,
4.7,1.1,3.1,
4.7,1.1,3.2,
4.7,1.1,3.3,
4.7,1.1,3.4,
4.7,1.1,3.5,
4.7,1.1,3.6,
4.8,1.1,0,
4.8,1.1,0.1,
4.8,1.1,0.2,
4.8,1.1,0.3,
4.8,1.1,0.4,
4.8,1.1,0.5,
4.8,1.1,0.6,
4.8,1.1,0.7,
4.8,1.1,0.8,
4.8,1.1,0.9,
4.8,1.1,1,
4.8,1.1,1.1,
4.8,1.1,1.2,
4.8,1.1,1.3,1.006308749
4.8,1.1,1.4,
4.8,1.1,1.5,
4.8,1.1,1.6,
4.8,1.1,1.7,
4.8,1.1,1.8,
4.8,1.1,1.9,
4.8,1.1,2,
4.8,1.1,2.1,
4.8,1.1,2.2,
4.8,1.1,2.3,
4.8,1.1,2.4,
4.8,1.1,2.5,
4.8,1.1,2.6,
4.8,1.1,2.7,
4.8,1.1,2.8,
4.8,1.1,2.9,
4.8,1.1,3,
4.8,1.1,3.1,
4.8,1.1,3.2,
4.8,1.1,3.3,
4.8,1.1,3.4,
4.8,1.1,3.5,
4.8,1.1,3.6,
4.9,1.1,0,
4.9,1.1,0.1,
4.9,1.1,0.2,
4.9,1.1,0.3,
4.9,1.1,0.4,
4.9,1.1,0.5,
4.9,1.1,0.6,
4.9,1.1,0.7,
4.9,1.1,0.8,
4.9,1.1,0.9,
4.9,1.1,1,
4.9,1.1,1.1,
4.9,1.1,1.2,
4.9,1.1,1.3,
4.9,1.1,1.4,
4.9,1.1,1.5,
4.9,1.1,1.6,
4.9,1.1,1.7,
4.9,1.1,1.8,
4.9,1.1,1.9,
4.9,1.1,2,
4.9,1.1,2.1,
4.9,1.1,2.2,
4.9,1.1,2.3,
4.9,1.1,2.4,
4.9,1.1,2.5,
4.9,1.1,2.6,
4.9,1.1,2.7,
4.9,1.1,2.8,
4.9,1.1,2.9,
4.9,1.1,3,
4.9,1.1,3.1,
4.9,1.1,3.2,
4.9,1.1,3.3,
4.9,1.1,3.4,
4.9,1.1,3.5,
4.9,1.1,3.6,
5,1.1,0,
5,1.1,0.1,
5,1.1,0.2,
5,1.1,0.3,
5,1.1,0.4,
5,1.1,0.5,
5,1.1,0.6,
5,1.1,0.7,
5,1.1,0.8,
5,1.1,0.9,
5,1.1,1,
5,1.1,1.1,
5,1.1,1.2,
5,1.1,1.3,
5,1.1,1.4,
5,1.1,1.5,
5,1.1,1.6,
5,1.1,1.7,
5,1.1,1.8,
5,1.1,1.9,
5,1.1,2,
5,1.1,2.1,
5,1.1,2.2,
5,1.1,2.3,
5,1.1,2.4,
5,1.1,2.5,
5,1.1,2.6,
5,1.1,2.7,
5,1.1,2.8,
5,1.1,2.9,
5,1.1,3,
5,1.1,3.1,
5,1.1,3.2,
5,1.1,3.3,
5,1.1,3.4,
5,1.1,3.5,
5,1.1,3.6,
5.1,1.1,0,
5.1,1.1,0.1,
5.1,1.1,0.2,
5.1,1.1,0.3,
5.1,1.1,0.4,
5.1,1.1,0.5,
5.1,1.1,0.6,
5.1,1.1,0.7,
5.1,1.1,0.8,
5.1,1.1,0.9,
5.1,1.1,1,
5.1,1.1,1.1,
5.1,1.1,1.2,
5.1,1.1,1.3,
5.1,1.1,1.4,
5.1,1.1,1.5,
5.1,1.1,1.6,
5.1,1.1,1.7,
5.1,1.1,1.8,
5.1,1.1,1.9,
5.1,1.1,2,
5.1,1.1,2.1,
5.1,1.1,2.2,
5.1,1.1,2.3,
5.1,1.1,2.4,
5.1,1.1,2.5,
5.1,1.1,2.6,
5.1,1.1,2.7,
5.1,1.1,2.8,
5.1,1.1,2.9,
5.1,1.1,3,
5.1,1.1,3.1,
5.1,1.1,3.2,
5.1,1.1,3.3,
5.1,1.1,3.4,
5.1,1.1,3.5,
5.1,1.1,3.6,
5.2,1.1,0,
5.2,1.1,0.1,
5.2,1.1,0.2,
5.2,1.1,0.3,
5.2,1.1,0.4,
5.2,1.1,0.5,1.0148212
5.2,1.1,0.6,
5.2,1.1,0.7,
5.2,1.1,0.8,
5.2,1.1,0.9,
5.2,1.1,1,1.134901222
5.2,1.1,1.1,
5.2,1.1,1.2,
5.2,1.1,1.3,
5.2,1.1,1.4,
5.2,1.1,1.5,
5.2,1.1,1.6,
5.2,1.1,1.7,
5.2,1.1,1.8,
5.2,1.1,1.9,
5.2,1.1,2,
5.2,1.1,2.1,
5.2,1.1,2.2,
5.2,1.1,2.3,
5.2,1.1,2.4,
5.2,1.1,2.5,
5.2,1.1,2.6,
5.2,1.1,2.7,
5.2,1.1,2.8,
5.2,1.1,2.9,
5.2,1.1,3,
5.2,1.1,3.1,
5.2,1.1,3.2,
5.2,1.1,3.3,
5.2,1.1,3.4,
5.2,1.1,3.5,
5.2,1.1,3.6,
5.3,1.1,0,
5.3,1.1,0.1,
5.3,1.1,0.2,
5.3,1.1,0.3,
5.3,1.1,0.4,
5.3,1.1,0.5,
5.3,1.1,0.6,
5.3,1.1,0.7,
5.3,1.1,0.8,
5.3,1.1,0.9,1.100387476
5.3,1.1,1,
5.3,1.1,1.1,
5.3,1.1,1.2,
5.3,1.1,1.3,
5.3,1.1,1.4,
5.3,1.1,1.5,
5.3,1.1,1.6,
5.3,1.1,1.7,
5.3,1.1,1.8,
5.3,1.1,1.9,
5.3,1.1,2,
5.3,1.1,2.1,
5.3,1.1,2.2,
5.3,1.1,2.3,
5.3,1.1,2.4,
5.3,1.1,2.5,
5.3,1.1,2.6,
5.3,1.1,2.7,
5.3,1.1,2.8,
5.3,1.1,2.9,1.053045355
5.3,1.1,3,
5.3,1.1,3.1,
5.3,1.1,3.2,
5.3,1.1,3.3,
5.3,1.1,3.4,
5.3,1.1,3.5,
5.3,1.1,3.6,
5.4,1.1,0,
5.4,1.1,0.1,
5.4,1.1,0.2,
5.4,1.1,0.3,
5.4,1.1,0.4,
5.4,1.1,0.5,
5.4,1.1,0.6,
5.4,1.1,0.7,
5.4,1.1,0.8,
5.4,1.1,0.9,
5.4,1.1,1,
5.4,1.1,1.1,
5.4,1.1,1.2,
5.4,1.1,1.3,
5.4,1.1,1.4,
5.4,1.1,1.5,
5.4,1.1,1.6,
5.4,1.1,1.7,
5.4,1.1,1.8,
5.4,1.1,1.9,
5.4,1.1,2,
5.4,1.1,2.1,
5.4,1.1,2.2,
5.4,1.1,2.3,
5.4,1.1,2.4,
5.4,1.1,2.5,
5.4,1.1,2.6,
5.4,1.1,2.7,
5.4,1.1,2.8,
5.4,1.1,2.9,
5.4,1.1,3,
5.4,1.1,3.1,
5.4,1.1,3.2,
5.4,1.1,3.3,
5.4,1.1,3.4,
5.4,1.1,3.5,
5.4,1.1,3.6,
5.5,1.1,0,
5.5,1.1,0.1,
5.5,1.1,0.2,
5.5,1.1,0.3,
5.5,1.1,0.4,
5.5,1.1,0.5,
5.5,1.1,0.6,
5.5,1.1,0.7,
5.5,1.1,0.8,
5.5,1.1,0.9,
5.5,1.1,1,
5.5,1.1,1.1,
5.5,1.1,1.2,
5.5,1.1,1.3,
5.5,1.1,1.4,
5.5,1.1,1.5,
5.5,1.1,1.6,
5.5,1.1,1.7,
5.5,1.1,1.8,
5.5,1.1,1.9,
5.5,1.1,2,
5.5,1.1,2.1,
5.5,1.1,2.2,
5.5,1.1,2.3,
5.5,1.1,2.4,
5.5,1.1,2.5,
5.5,1.1,2.6,
5.5,1.1,2.7,
5.5,1.1,2.8,
5.5,1.1,2.9,
5.5,1.1,3,
5.5,1.1,3.1,
5.5,1.1,3.2,
5.5,1.1,3.3,
5.5,1.1,3.4,
5.5,1.1,3.5,
5.5,1.1,3.6,
5.6,1.1,0,
5.6,1.1,0.1,
5.6,1.1,0.2,
5.6,1.1,0.3,
5.6,1.1,0.4,
5.6,1.1,0.5,
5.6,1.1,0.6,
5.6,1.1,0.7,
5.6,1.1,0.8,
5.6,1.1,0.9,
5.6,1.1,1,
5.6,1.1,1.1,
5.6,1.1,1.2,
5.6,1.1,1.3,
5.6,1.1,1.4,1.036579062
5.6,1.1,1.5,
5.6,1.1,1.6,
5.6,1.1,1.7,
5.6,1.1,1.8,
5.6,1.1,1.9,1.005004477
5.6,1.1,2,
5.6,1.1,2.1,
5.6,1.1,2.2,
5.6,1.1,2.3,
5.6,1.1,2.4,
5.6,1.1,2.5,
5.6,1.1,2.6,
5.6,1.1,2.7,
5.6,1.1,2.8,
5.6,1.1,2.9,
5.6,1.1,3,
5.6,1.1,3.1,
5.6,1.1,3.2,
5.6,1.1,3.3,
5.6,1.1,3.4,0.971345842
5.6,1.1,3.5,
5.6,1.1,3.6,
5.7,1.1,0,
5.7,1.1,0.1,
5.7,1.1,0.2,
5.7,1.1,0.3,
5.7,1.1,0.4,
5.7,1.1,0.5,
5.7,1.1,0.6,
5.7,1.1,0.7,
5.7,1.1,0.8,
5.7,1.1,0.9,
5.7,1.1,1,
5.7,1.1,1.1,
5.7,1.1,1.2,
5.7,1.1,1.3,
5.7,1.1,1.4,
5.7,1.1,1.5,
5.7,1.1,1.6,
5.7,1.1,1.7,
5.7,1.1,1.8,
5.7,1.1,1.9,
5.7,1.1,2,
5.7,1.1,2.1,
5.7,1.1,2.2,
5.7,1.1,2.3,
5.7,1.1,2.4,1.060432345
5.7,1.1,2.5,
5.7,1.1,2.6,
5.7,1.1,2.7,
5.7,1.1,2.8,
5.7,1.1,2.9,
5.7,1.1,3,
5.7,1.1,3.1,
5.7,1.1,3.2,
5.7,1.1,3.3,
5.7,1.1,3.4,
5.7,1.1,3.5,
5.7,1.1,3.6,
5.8,1.1,0,
5.8,1.1,0.1,0.965862384
5.8,1.1,0.2,
5.8,1.1,0.3,
5.8,1.1,0.4,
5.8,1.1,0.5,
5.8,1.1,0.6,
5.8,1.1,0.7,
5.8,1.1,0.8,
5.8,1.1,0.9,1.094685692
5.8,1.1,1,
5.8,1.1,1.1,
5.8,1.1,1.2,
5.8,1.1,1.3,
5.8,1.1,1.4,
5.8,1.1,1.5,
5.8,1.1,1.6,
5.8,1.1,1.7,
5.8,1.1,1.8,
5.8,1.1,1.9,
5.8,1.1,2,
5.8,1.1,2.1,
5.8,1.1,2.2,
5.8,1.1,2.3,
5.8,1.1,2.4,
5.8,1.1,2.5,
5.8,1.1,2.6,
5.8,1.1,2.7,
5.8,1.1,2.8,
5.8,1.1,2.9,
5.8,1.1,3,
5.8,1.1,3.1,
5.8,1.1,3.2,
5.8,1.1,3.3,
5.8,1.1,3.4,
5.8,1.1,3.5,
5.8,1.1,3.6,
5.9,1.1,0,
5.9,1.1,0.1,
5.9,1.1,0.2,
5.9,1.1,0.3,
5.9,1.1,0.4,
5.9,1.1,0.5,
5.9,1.1,0.6,
5.9,1.1,0.7,1.046584546
5.9,1.1,0.8,
5.9,1.1,0.9,
5.9,1.1,1,
5.9,1.1,1.1,
5.9,1.1,1.2,
5.9,1.1,1.3,
5.9,1.1,1.4,
5.9,1.1,1.5,
5.9,1.1,1.6,
5.9,1.1,1.7,
5.9,1.1,1.8,
5.9,1.1,1.9,
5.9,1.1,2,
5.9,1.1,2.1,
5.9,1.1,2.2,
5.9,1.1,2.3,
5.9,1.1,2.4,
5.9,1.1,2.5,
5.9,1.1,2.6,
5.9,1.1,2.7,
5.9,1.1,2.8,
5.9,1.1,2.9,
5.9,1.1,3,
5.9,1.1,3.1,
5.9,1.1,3.2,
5.9,1.1,3.3,
5.9,1.1,3.4,
5.9,1.1,3.5,
5.9,1.1,3.6,
6,1.1,0,
6,1.1,0.1,
6,1.1,0.2,
6,1.1,0.3,
6,1.1,0.4,
6,1.1,0.5,
6,1.1,0.6,
6,1.1,0.7,
6,1.1,0.8,
6,1.1,0.9,
6,1.1,1,
6,1.1,1.1,
6,1.1,1.2,
6,1.1,1.3,
6,1.1,1.4,
6,1.1,1.5,
6,1.1,1.6,
6,1.1,1.7,
6,1.1,1.8,
6,1.1,1.9,
6,1.1,2,
6,1.1,2.1,
6,1.1,2.2,
6,1.1,2.3,
6,1.1,2.4,
6,1.1,2.5,
6,1.1,2.6,
6,1.1,2.7,
6,1.1,2.8,
6,1.1,2.9,
6,1.1,3,
6,1.1,3.1,
6,1.1,3.2,
6,1.1,3.3,
6,1.1,3.4,
6,1.1,3.5,
6,1.1,3.6,
6.1,1.1,0,
6.1,1.1,0.1,
6.1,1.1,0.2,
6.1,1.1,0.3,
6.1,1.1,0.4,
6.1,1.1,0.5,
6.1,1.1,0.6,
6.1,1.1,0.7,
6.1,1.1,0.8,
6.1,1.1,0.9,
6.1,1.1,1,
6.1,1.1,1.1,
6.1,1.1,1.2,
6.1,1.1,1.3,
6.1,1.1,1.4,
6.1,1.1,1.5,
6.1,1.1,1.6,
6.1,1.1,1.7,
6.1,1.1,1.8,
6.1,1.1,1.9,
6.1,1.1,2,
6.1,1.1,2.1,
6.1,1.1,2.2,
6.1,1.1,2.3,
6.1,1.1,2.4,
6.1,1.1,2.5,
6.1,1.1,2.6,
6.1,1.1,2.7,
6.1,1.1,2.8,
6.1,1.1,2.9,
6.1,1.1,3,
6.1,1.1,3.1,
6.1,1.1,3.2,
6.1,1.1,3.3,
6.1,1.1,3.4,
6.1,1.1,3.5,
6.1,1.1,3.6,
6.2,1.1,0,
6.2,1.1,0.1,
6.2,1.1,0.2,
6.2,1.1,0.3,
6.2,1.1,0.4,
6.2,1.1,0.5,
6.2,1.1,0.6,
6.2,1.1,0.7,
6.2,1.1,0.8,
6.2,1.1,0.9,
6.2,1.1,1,
6.2,1.1,1.1,
6.2,1.1,1.2,
6.2,1.1,1.3,
6.2,1.1,1.4,
6.2,1.1,1.5,
6.2,1.1,1.6,
6.2,1.1,1.7,
6.2,1.1,1.8,
6.2,1.1,1.9,
6.2,1.1,2,
6.2,1.1,2.1,
6.2,1.1,2.2,
6.2,1.1,2.3,
6.2,1.1,2.4,
6.2,1.1,2.5,
6.2,1.1,2.6,
6.2,1.1,2.7,
6.2,1.1,2.8,
6.2,1.1,2.9,
6.2,1.1,3,
6.2,1.1,3.1,
6.2,1.1,3.2,
6.2,1.1,3.3,
6.2,1.1,3.4,
6.2,1.1,3.5,
6.2,1.1,3.6,
6.3,1.1,0,
6.3,1.1,0.1,
6.3,1.1,0.2,
6.3,1.1,0.3,
6.3,1.1,0.4,
6.3,1.1,0.5,
6.3,1.1,0.6,
6.3,1.1,0.7,
6.3,1.1,0.8,
6.3,1.1,0.9,
6.3,1.1,1,
6.3,1.1,1.1,
6.3,1.1,1.2,
6.3,1.1,1.3,
6.3,1.1,1.4,
6.3,1.1,1.5,
6.3,1.1,1.6,
6.3,1.1,1.7,
6.3,1.1,1.8,
6.3,1.1,1.9,
6.3,1.1,2,
6.3,1.1,2.1,
6.3,1.1,2.2,
6.3,1.1,2.3,
6.3,1.1,2.4,
6.3,1.1,2.5,
6.3,1.1,2.6,
6.3,1.1,2.7,
6.3,1.1,2.8,
6.3,1.1,2.9,
6.3,1.1,3,
6.3,1.1,3.1,
6.3,1.1,3.2,
6.3,1.1,3.3,
6.3,1.1,3.4,
6.3,1.1,3.5,
6.3,1.1,3.6,
6.4,1.1,0,
6.4,1.1,0.1,
6.4,1.1,0.2,
6.4,1.1,0.3,
6.4,1.1,0.4,
6.4,1.1,0.5,
6.4,1.1,0.6,
6.4,1.1,0.7,
6.4,1.1,0.8,
6.4,1.1,0.9,
6.4,1.1,1,
6.4,1.1,1.1,
6.4,1.1,1.2,
6.4,1.1,1.3,
6.4,1.1,1.4,
6.4,1.1,1.5,
6.4,1.1,1.6,
6.4,1.1,1.7,
6.4,1.1,1.8,
6.4,1.1,1.9,
6.4,1.1,2,
6.4,1.1,2.1,
6.4,1.1,2.2,
6.4,1.1,2.3,
6.4,1.1,2.4,
6.4,1.1,2.5,
6.4,1.1,2.6,
6.4,1.1,2.7,
6.4,1.1,2.8,
6.4,1.1,2.9,
6.4,1.1,3,
6.4,1.1,3.1,
6.4,1.1,3.2,
6.4,1.1,3.3,
6.4,1.1,3.4,
6.4,1.1,3.5,0.993113086
6.4,1.1,3.6,
6.5,1.1,0,
6.5,1.1,0.1,
6.5,1.1,0.2,
6.5,1.1,0.3,
6.5,1.1,0.4,
6.5,1.1,0.5,
6.5,1.1,0.6,
6.5,1.1,0.7,
6.5,1.1,0.8,
6.5,1.1,0.9,1.094520242
6.5,1.1,1,
6.5,1.1,1.1,
6.5,1.1,1.2,
6.5,1.1,1.3,
6.5,1.1,1.4,
6.5,1.1,1.5,
6.5,1.1,1.6,
6.5,1.1,1.7,
6.5,1.1,1.8,
6.5,1.1,1.9,
6.5,1.1,2,
6.5,1.1,2.1,
6.5,1.1,2.2,
6.5,1.1,2.3,
6.5,1.1,2.4,
6.5,1.1,2.5,
6.5,1.1,2.6,
6.5,1.1,2.7,
6.5,1.1,2.8,
6.5,1.1,2.9,
6.5,1.1,3,
6.5,1.1,3.1,
6.5,1.1,3.2,
6.5,1.1,3.3,
6.5,1.1,3.4,
6.5,1.1,3.5,
6.5,1.1,3.6,
6.6,1.1,0,
6.6,1.1,0.1,
6.6,1.1,0.2,
6.6,1.1,0.3,
6.6,1.1,0.4,
6.6,1.1,0.5,
6.6,1.1,0.6,
6.6,1.1,0.7,
6.6,1.1,0.8,
6.6,1.1,0.9,
6.6,1.1,1,
6.6,1.1,1.1,
6.6,1.1,1.2,
6.6,1.1,1.3,
6.6,1.1,1.4,
6.6,1.1,1.5,
6.6,1.1,1.6,
6.6,1.1,1.7,
6.6,1.1,1.8,
6.6,1.1,1.9,
6.6,1.1,2,
6.6,1.1,2.1,
6.6,1.1,2.2,
6.6,1.1,2.3,
6.6,1.1,2.4,
6.6,1.1,2.5,
6.6,1.1,2.6,1.064892399
6.6,1.1,2.7,
6.6,1.1,2.8,
6.6,1.1,2.9,
6.6,1.1,3,
6.6,1.1,3.1,
6.6,1.1,3.2,
6.6,1.1,3.3,1.032970993
6.6,1.1,3.4,
6.6,1.1,3.5,
6.6,1.1,3.6,
6.7,1.1,0,
6.7,1.1,0.1,
6.7,1.1,0.2,
6.7,1.1,0.3,
6.7,1.1,0.4,
6.7,1.1,0.5,
6.7,1.1,0.6,
6.7,1.1,0.7,
6.7,1.1,0.8,
6.7,1.1,0.9,
6.7,1.1,1,
6.7,1.1,1.1,
6.7,1.1,1.2,
6.7,1.1,1.3,
6.7,1.1,1.4,
6.7,1.1,1.5,
6.7,1.1,1.6,
6.7,1.1,1.7,
6.7,1.1,1.8,0.965263977
6.7,1.1,1.9,
6.7,1.1,2,
6.7,1.1,2.1,
6.7,1.1,2.2,
6.7,1.1,2.3,
6.7,1.1,2.4,
6.7,1.1,2.5,
6.7,1.1,2.6,
6.7,1.1,2.7,
6.7,1.1,2.8,
6.7,1.1,2.9,
6.7,1.1,3,
6.7,1.1,3.1,
6.7,1.1,3.2,
6.7,1.1,3.3,
6.7,1.1,3.4,
6.7,1.1,3.5,
6.7,1.1,3.6,
6.8,1.1,0,
6.8,1.1,0.1,
6.8,1.1,0.2,
6.8,1.1,0.3,
6.8,1.1,0.4,
6.8,1.1,0.5,
6.8,1.1,0.6,
6.8,1.1,0.7,
6.8,1.1,0.8,
6.8,1.1,0.9,
6.8,1.1,1,
6.8,1.1,1.1,
6.8,1.1,1.2,
6.8,1.1,1.3,
6.8,1.1,1.4,
6.8,1.1,1.5,
6.8,1.1,1.6,
6.8,1.1,1.7,
6.8,1.1,1.8,
6.8,1.1,1.9,
6.8,1.1,2,
6.8,1.1,2.1,
6.8,1.1,2.2,
6.8,1.1,2.3,
6.8,1.1,2.4,
6.8,1.1,2.5,
6.8,1.1,2.6,
6.8,1.1,2.7,
6.8,1.1,2.8,
6.8,1.1,2.9,
6.8,1.1,3,
6.8,1.1,3.1,
6.8,1.1,3.2,
6.8,1.1,3.3,
6.8,1.1,3.4,
6.8,1.1,3.5,
6.8,1.1,3.6,
6.9,1.1,0,
6.9,1.1,0.1,
6.9,1.1,0.2,
6.9,1.1,0.3,
6.9,1.1,0.4,
6.9,1.1,0.5,
6.9,1.1,0.6,
6.9,1.1,0.7,
6.9,1.1,0.8,1.135269648
6.9,1.1,0.9,
6.9,1.1,1,
6.9,1.1,1.1,
6.9,1.1,1.2,1.033531591
6.9,1.1,1.3,
6.9,1.1,1.4,
6.9,1.1,1.5,
6.9,1.1,1.6,
6.9,1.1,1.7,
6.9,1.1,1.8,
6.9,1.1,1.9,
6.9,1.1,2,
6.9,1.1,2.1,
6.9,1.1,2.2,
6.9,1.1,2.3,
6.9,1.1,2.4,
6.9,1.1,2.5,
6.9,1.1,2.6,
6.9,1.1,2.7,
6.9,1.1,2.8,
6.9,1.1,2.9,
6.9,1.1,3,
6.9,1.1,3.1,
6.9,1.1,3.2,
6.9,1.1,3.3,
6.9,1.1,3.4,
6.9,1.1,3.5,
6.9,1.1,3.6,
7,1.1,0,
7,1.1,0.1,0.968027169
7,1.1,0.2,
7,1.1,0.3,
7,1.1,0.4,
7,1.1,0.5,
7,1.1,0.6,
7,1.1,0.7,
7,1.1,0.8,
7,1.1,0.9,
7,1.1,1,
7,1.1,1.1,
7,1.1,1.2,
7,1.1,1.3,
7,1.1,1.4,
7,1.1,1.5,
7,1.1,1.6,
7,1.1,1.7,
7,1.1,1.8,
7,1.1,1.9,
7,1.1,2,0.981971339
7,1.1,2.1,
7,1.1,2.2,
7,1.1,2.3,
7,1.1,2.4,1.036815582
7,1.1,2.5,
7,1.1,2.6,
7,1.1,2.7,
7,1.1,2.8,
7,1.1,2.9,
7,1.1,3,
7,1.1,3.1,
7,1.1,3.2,
7,1.1,3.3,
7,1.1,3.4,
7,1.1,3.5,
7,1.1,3.6,
7.1,1.1,0,
7.1,1.1,0.1,
7.1,1.1,0.2,
7.1,1.1,0.3,
7.1,1.1,0.4,
7.1,1.1,0.5,
7.1,1.1,0.6,
7.1,1.1,0.7,
7.1,1.1,0.8,
7.1,1.1,0.9,
7.1,1.1,1,
7.1,1.1,1.1,
7.1,1.1,1.2,
7.1,1.1,1.3,
7.1,1.1,1.4,
7.1,1.1,1.5,
7.1,1.1,1.6,
7.1,1.1,1.7,
7.1,1.1,1.8,
7.1,1.1,1.9,
7.1,1.1,2,
7.1,1.1,2.1,
7.1,1.1,2.2,
7.1,1.1,2.3,
7.1,1.1,2.4,
7.1,1.1,2.5,
7.1,1.1,2.6,
7.1,1.1,2.7,
7.1,1.1,2.8,
7.1,1.1,2.9,
7.1,1.1,3,
7.1,1.1,3.1,
7.1,1.1,3.2,
7.1,1.1,3.3,
7.1,1.1,3.4,
7.1,1.1,3.5,
7.1,1.1,3.6,
7.2,1.1,0,
7.2,1.1,0.1,
7.2,1.1,0.2,
7.2,1.1,0.3,
7.2,1.1,0.4,
7.2,1.1,0.5,
7.2,1.1,0.6,
7.2,1.1,0.7,
7.2,1.1,0.8,
7.2,1.1,0.9,
7.2,1.1,1,
7.2,1.1,1.1,
7.2,1.1,1.2,
7.2,1.1,1.3,
7.2,1.1,1.4,
7.2,1.1,1.5,
7.2,1.1,1.6,
7.2,1.1,1.7,
7.2,1.1,1.8,
7.2,1.1,1.9,
7.2,1.1,2,
7.2,1.1,2.1,
7.2,1.1,2.2,
7.2,1.1,2.3,
7.2,1.1,2.4,
7.2,1.1,2.5,
7.2,1.1,2.6,
7.2,1.1,2.7,
7.2,1.1,2.8,
7.2,1.1,2.9,
7.2,1.1,3,
7.2,1.1,3.1,
7.2,1.1,3.2,
7.2,1.1,3.3,
7.2,1.1,3.4,
7.2,1.1,3.5,
7.2,1.1,3.6,
7.3,1.1,0,
7.3,1.1,0.1,
7.3,1.1,0.2,
7.3,1.1,0.3,
7.3,1.1,0.4,
7.3,1.1,0.5,
7.3,1.1,0.6,
7.3,1.1,0.7,
7.3,1.1,0.8,
7.3,1.1,0.9,
7.3,1.1,1,
7.3,1.1,1.1,
7.3,1.1,1.2,
7.3,1.1,1.3,
7.3,1.1,1.4,
7.3,1.1,1.5,
7.3,1.1,1.6,
7.3,1.1,1.7,
7.3,1.1,1.8,
7.3,1.1,1.9,
7.3,1.1,2,
7.3,1.1,2.1,
7.3,1.1,2.2,
7.3,1.1,2.3,
7.3,1.1,2.4,
7.3,1.1,2.5,
7.3,1.1,2.6,
7.3,1.1,2.7,
7.3,1.1,2.8,
7.3,1.1,2.9,
7.3,1.1,3,
7.3,1.1,3.1,
7.3,1.1,3.2,
7.3,1.1,3.3,
7.3,1.1,3.4,
7.3,1.1,3.5,
7.3,1.1,3.6,
7.4,1.1,0,
7.4,1.1,0.1,
7.4,1.1,0.2,
7.4,1.1,0.3,
7.4,1.1,0.4,0.990501415
7.4,1.1,0.5,
7.4,1.1,0.6,
7.4,1.1,0.7,
7.4,1.1,0.8,
7.4,1.1,0.9,
7.4,1.1,1,
7.4,1.1,1.1,
7.4,1.1,1.2,
7.4,1.1,1.3,
7.4,1.1,1.4,
7.4,1.1,1.5,
7.4,1.1,1.6,
7.4,1.1,1.7,
7.4,1.1,1.8,
7.4,1.1,1.9,
7.4,1.1,2,
7.4,1.1,2.1,
7.4,1.1,2.2,
7.4,1.1,2.3,
7.4,1.1,2.4,
7.4,1.1,2.5,
7.4,1.1,2.6,
7.4,1.1,2.7,
7.4,1.1,2.8,
7.4,1.1,2.9,
7.4,1.1,3,1.025960388
7.4,1.1,3.1,
7.4,1.1,3.2,
7.4,1.1,3.3,
7.4,1.1,3.4,
7.4,1.1,3.5,
7.4,1.1,3.6,
7.5,1.1,0,
7.5,1.1,0.1,
7.5,1.1,0.2,
7.5,1.1,0.3,
7.5,1.1,0.4,
7.5,1.1,0.5,
7.5,1.1,0.6,1.021384918
7.5,1.1,0.7,
7.5,1.1,0.8,
7.5,1.1,0.9,
7.5,1.1,1,
7.5,1.1,1.1,
7.5,1.1,1.2,
7.5,1.1,1.3,
7.5,1.1,1.4,
7.5,1.1,1.5,
7.5,1.1,1.6,
7.5,1.1,1.7,
7.5,1.1,1.8,
7.5,1.1,1.9,
7.5,1.1,2,
7.5,1.1,2.1,
7.5,1.1,2.2,
7.5,1.1,2.3,
7.5,1.1,2.4,
7.5,1.1,2.5,
7.5,1.1,2.6,
7.5,1.1,2.7,
7.5,1.1,2.8,
7.5,1.1,2.9,
7.5,1.1,3,
7.5,1.1,3.1,
7.5,1.1,3.2,
7.5,1.1,3.3,
7.5,1.1,3.4,
7.5,1.1,3.5,
7.5,1.1,3.6,
7.6,1.1,0,
7.6,1.1,0.1,
7.6,1.1,0.2,
7.6,1.1,0.3,
7.6,1.1,0.4,
7.6,1.1,0.5,
7.6,1.1,0.6,
7.6,1.1,0.7,
7.6,1.1,0.8,
7.6,1.1,0.9,
7.6,1.1,1,
7.6,1.1,1.1,
7.6,1.1,1.2,
7.6,1.1,1.3,
7.6,1.1,1.4,
7.6,1.1,1.5,
7.6,1.1,1.6,
7.6,1.1,1.7,0.978168538
7.6,1.1,1.8,
7.6,1.1,1.9,
7.6,1.1,2,
7.6,1.1,2.1,
7.6,1.1,2.2,
7.6,1.1,2.3,
7.6,1.1,2.4,
7.6,1.1,2.5,
7.6,1.1,2.6,
7.6,1.1,2.7,
7.6,1.1,2.8,
7.6,1.1,2.9,
7.6,1.1,3,
7.6,1.1,3.1,
7.6,1.1,3.2,
7.6,1.1,3.3,0.983406095
7.6,1.1,3.4,
7.6,1.1,3.5,
7.6,1.1,3.6,
7.7,1.1,0,
7.7,1.1,0.1,
7.7,1.1,0.2,
7.7,1.1,0.3,
7.7,1.1,0.4,
7.7,1.1,0.5,
7.7,1.1,0.6,
7.7,1.1,0.7,
7.7,1.1,0.8,
7.7,1.1,0.9,
7.7,1.1,1,
7.7,1.1,1.1,
7.7,1.1,1.2,
7.7,1.1,1.3,
7.7,1.1,1.4,
7.7,1.1,1.5,
7.7,1.1,1.6,
7.7,1.1,1.7,
7.7,1.1,1.8,
7.7,1.1,1.9,
7.7,1.1,2,
7.7,1.1,2.1,
7.7,1.1,2.2,
7.7,1.1,2.3,
7.7,1.1,2.4,
7.7,1.1,2.5,
7.7,1.1,2.6,
7.7,1.1,2.7,
7.7,1.1,2.8,
7.7,1.1,2.9,
7.7,1.1,3,
7.7,1.1,3.1,
7.7,1.1,3.2,
7.7,1.1,3.3,
7.7,1.1,3.4,
7.7,1.1,3.5,
7.7,1.1,3.6,
7.8,1.1,0,
7.8,1.1,0.1,
7.8,1.1,0.2,
7.8,1.1,0.3,
7.8,1.1,0.4,
7.8,1.1,0.5,
7.8,1.1,0.6,
7.8,1.1,0.7,
7.8,1.1,0.8,
7.8,1.1,0.9,
7.8,1.1,1,
7.8,1.1,1.1,
7.8,1.1,1.2,
7.8,1.1,1.3,
7.8,1.1,1.4,
7.8,1.1,1.5,
7.8,1.1,1.6,
7.8,1.1,1.7,
7.8,1.1,1.8,
7.8,1.1,1.9,0.969272311
7.8,1.1,2,
7.8,1.1,2.1,
7.8,1.1,2.2,
7.8,1.1,2.3,
7.8,1.1,2.4,
7.8,1.1,2.5,
7.8,1.1,2.6,
7.8,1.1,2.7,1.093405299
7.8,1.1,2.8,
7.8,1.1,2.9,
7.8,1.1,3,
7.8,1.1,3.1,
7.8,1.1,3.2,
7.8,1.1,3.3,
7.8,1.1,3.4,
7.8,1.1,3.5,
7.8,1.1,3.6,
7.9,1.1,0,
7.9,1.1,0.1,
7.9,1.1,0.2,
7.9,1.1,0.3,
7.9,1.1,0.4,
7.9,1.1,0.5,
7.9,1.1,0.6,
7.9,1.1,0.7,
7.9,1.1,0.8,
7.9,1.1,0.9,
7.9,1.1,1,
7.9,1.1,1.1,
7.9,1.1,1.2,
7.9,1.1,1.3,
7.9,1.1,1.4,
7.9,1.1,1.5,
7.9,1.1,1.6,
7.9,1.1,1.7,
7.9,1.1,1.8,
7.9,1.1,1.9,
7.9,1.1,2,
7.9,1.1,2.1,
7.9,1.1,2.2,
7.9,1.1,2.3,
7.9,1.1,2.4,
7.9,1.1,2.5,
7.9,1.1,2.6,
7.9,1.1,2.7,
7.9,1.1,2.8,
7.9,1.1,2.9,1.320446721
7.9,1.1,3,
7.9,1.1,3.1,
7.9,1.1,3.2,
7.9,1.1,3.3,
7.9,1.1,3.4,
7.9,1.1,3.5,
7.9,1.1,3.6,
8,1.1,0,
8,1.1,0.1,
8,1.1,0.2,
8,1.1,0.3,
8,1.1,0.4,
8,1.1,0.5,
8,1.1,0.6,
8,1.1,0.7,
8,1.1,0.8,
8,1.1,0.9,
8,1.1,1,
8,1.1,1.1,
8,1.1,1.2,
8,1.1,1.3,
8,1.1,1.4,
8,1.1,1.5,
8,1.1,1.6,
8,1.1,1.7,
8,1.1,1.8,
8,1.1,1.9,
8,1.1,2,
8,1.1,2.1,
8,1.1,2.2,
8,1.1,2.3,
8,1.1,2.4,
8,1.1,2.5,
8,1.1,2.6,
8,1.1,2.7,
8,1.1,2.8,1.11552448
8,1.1,2.9,
8,1.1,3,
8,1.1,3.1,
8,1.1,3.2,1.020450777
8,1.1,3.3,
8,1.1,3.4,
8,1.1,3.5,
8,1.1,3.6,
0,1.2,0,
0,1.2,0.1,
0,1.2,0.2,
0,1.2,0.3,1.013684084
0,1.2,0.4,1.025688049
0,1.2,0.5,
0,1.2,0.6,
0,1.2,0.7,
0,1.2,0.8,
0,1.2,0.9,1.080438765
0,1.2,1,1.344738078
0,1.2,1.1,
0,1.2,1.2,1.276673723
0,1.2,1.3,
0,1.2,1.4,
0,1.2,1.5,1.210005747
0,1.2,1.6,1.197429527
0,1.2,1.7,1.189734379
0,1.2,1.8,
0,1.2,1.9,
0,1.2,2,
0,1.2,2.1,
0,1.2,2.2,1.224567655
0,1.2,2.3,
0,1.2,2.4,
0,1.2,2.5,1.30343717
0,1.2,2.6,1.339115607
0,1.2,2.7,1.076594176
0,1.2,2.8,
0,1.2,2.9,
0,1.2,3,
0,1.2,3.1,
0,1.2,3.2,
0,1.2,3.3,
0,1.2,3.4,
0,1.2,3.5,
0,1.2,3.6,
0.1,1.2,0,
0.1,1.2,0.1,
0.1,1.2,0.2,
0.1,1.2,0.3,
0.1,1.2,0.4,
0.1,1.2,0.5,
0.1,1.2,0.6,1.04715879
0.1,1.2,0.7,
0.1,1.2,0.8,
0.1,1.2,0.9,
0.1,1.2,1,
0.1,1.2,1.1,
0.1,1.2,1.2,1.014515031
0.1,1.2,1.3,
0.1,1.2,1.4,
0.1,1.2,1.5,
0.1,1.2,1.6,
0.1,1.2,1.7,
0.1,1.2,1.8,
0.1,1.2,1.9,
0.1,1.2,2,
0.1,1.2,2.1,
0.1,1.2,2.2,0.982141622
0.1,1.2,2.3,
0.1,1.2,2.4,
0.1,1.2,2.5,
0.1,1.2,2.6,
0.1,1.2,2.7,
0.1,1.2,2.8,
0.1,1.2,2.9,
0.1,1.2,3,1.050085158
0.1,1.2,3.1,
0.1,1.2,3.2,
0.1,1.2,3.3,
0.1,1.2,3.4,
0.1,1.2,3.5,
0.1,1.2,3.6,
0.2,1.2,0,
0.2,1.2,0.1,
0.2,1.2,0.2,
0.2,1.2,0.3,
0.2,1.2,0.4,
0.2,1.2,0.5,
0.2,1.2,0.6,
0.2,1.2,0.7,
0.2,1.2,0.8,
0.2,1.2,0.9,
0.2,1.2,1,
0.2,1.2,1.1,1.036421572
0.2,1.2,1.2,
0.2,1.2,1.3,
0.2,1.2,1.4,
0.2,1.2,1.5,
0.2,1.2,1.6,
0.2,1.2,1.7,
0.2,1.2,1.8,
0.2,1.2,1.9,
0.2,1.2,2,
0.2,1.2,2.1,
0.2,1.2,2.2,
0.2,1.2,2.3,
0.2,1.2,2.4,
0.2,1.2,2.5,
0.2,1.2,2.6,
0.2,1.2,2.7,
0.2,1.2,2.8,
0.2,1.2,2.9,
0.2,1.2,3,1.039513675
0.2,1.2,3.1,
0.2,1.2,3.2,
0.2,1.2,3.3,
0.2,1.2,3.4,
0.2,1.2,3.5,
0.2,1.2,3.6,
0.3,1.2,0,
0.3,1.2,0.1,
0.3,1.2,0.2,
0.3,1.2,0.3,
0.3,1.2,0.4,
0.3,1.2,0.5,
0.3,1.2,0.6,
0.3,1.2,0.7,
0.3,1.2,0.8,
0.3,1.2,0.9,
0.3,1.2,1,
0.3,1.2,1.1,
0.3,1.2,1.2,
0.3,1.2,1.3,
0.3,1.2,1.4,
0.3,1.2,1.5,
0.3,1.2,1.6,
0.3,1.2,1.7,0.965319696
0.3,1.2,1.8,
0.3,1.2,1.9,
0.3,1.2,2,
0.3,1.2,2.1,
0.3,1.2,2.2,
0.3,1.2,2.3,
0.3,1.2,2.4,
0.3,1.2,2.5,
0.3,1.2,2.6,
0.3,1.2,2.7,
0.3,1.2,2.8,
0.3,1.2,2.9,
0.3,1.2,3,
0.3,1.2,3.1,
0.3,1.2,3.2,
0.3,1.2,3.3,
0.3,1.2,3.4,
0.3,1.2,3.5,
0.3,1.2,3.6,
0.4,1.2,0,
0.4,1.2,0.1,
0.4,1.2,0.2,
0.4,1.2,0.3,
0.4,1.2,0.4,
0.4,1.2,0.5,
0.4,1.2,0.6,
0.4,1.2,0.7,
0.4,1.2,0.8,
0.4,1.2,0.9,
0.4,1.2,1,
0.4,1.2,1.1,
0.4,1.2,1.2,
0.4,1.2,1.3,
0.4,1.2,1.4,
0.4,1.2,1.5,
0.4,1.2,1.6,
0.4,1.2,1.7,
0.4,1.2,1.8,
0.4,1.2,1.9,
0.4,1.2,2,
0.4,1.2,2.1,
0.4,1.2,2.2,
0.4,1.2,2.3,
0.4,1.2,2.4,
0.4,1.2,2.5,1.042781746
0.4,1.2,2.6,
0.4,1.2,2.7,
0.4,1.2,2.8,
0.4,1.2,2.9,
0.4,1.2,3,
0.4,1.2,3.1,
0.4,1.2,3.2,
0.4,1.2,3.3,
0.4,1.2,3.4,
0.4,1.2,3.5,
0.4,1.2,3.6,
0.5,1.2,0,
0.5,1.2,0.1,
0.5,1.2,0.2,
0.5,1.2,0.3,
0.5,1.2,0.4,
0.5,1.2,0.5,
0.5,1.2,0.6,
0.5,1.2,0.7,
0.5,1.2,0.8,
0.5,1.2,0.9,
0.5,1.2,1,
0.5,1.2,1.1,
0.5,1.2,1.2,
0.5,1.2,1.3,
0.5,1.2,1.4,
0.5,1.2,1.5,
0.5,1.2,1.6,
0.5,1.2,1.7,
0.5,1.2,1.8,
0.5,1.2,1.9,
0.5,1.2,2,
0.5,1.2,2.1,
0.5,1.2,2.2,
0.5,1.2,2.3,
0.5,1.2,2.4,
0.5,1.2,2.5,
0.5,1.2,2.6,
0.5,1.2,2.7,
0.5,1.2,2.8,
0.5,1.2,2.9,
0.5,1.2,3,
0.5,1.2,3.1,
0.5,1.2,3.2,
0.5,1.2,3.3,
0.5,1.2,3.4,
0.5,1.2,3.5,
0.5,1.2,3.6,
0.6,1.2,0,
0.6,1.2,0.1,
0.6,1.2,0.2,
0.6,1.2,0.3,
0.6,1.2,0.4,
0.6,1.2,0.5,
0.6,1.2,0.6,
0.6,1.2,0.7,
0.6,1.2,0.8,
0.6,1.2,0.9,
0.6,1.2,1,
0.6,1.2,1.1,
0.6,1.2,1.2,
0.6,1.2,1.3,
0.6,1.2,1.4,
0.6,1.2,1.5,
0.6,1.2,1.6,
0.6,1.2,1.7,
0.6,1.2,1.8,
0.6,1.2,1.9,
0.6,1.2,2,
0.6,1.2,2.1,
0.6,1.2,2.2,
0.6,1.2,2.3,
0.6,1.2,2.4,
0.6,1.2,2.5,
0.6,1.2,2.6,
0.6,1.2,2.7,
0.6,1.2,2.8,
0.6,1.2,2.9,
0.6,1.2,3,
0.6,1.2,3.1,
0.6,1.2,3.2,
0.6,1.2,3.3,
0.6,1.2,3.4,
0.6,1.2,3.5,
0.6,1.2,3.6,
0.7,1.2,0,
0.7,1.2,0.1,
0.7,1.2,0.2,
0.7,1.2,0.3,
0.7,1.2,0.4,
0.7,1.2,0.5,
0.7,1.2,0.6,
0.7,1.2,0.7,
0.7,1.2,0.8,
0.7,1.2,0.9,
0.7,1.2,1,
0.7,1.2,1.1,
0.7,1.2,1.2,
0.7,1.2,1.3,
0.7,1.2,1.4,
0.7,1.2,1.5,
0.7,1.2,1.6,
0.7,1.2,1.7,
0.7,1.2,1.8,
0.7,1.2,1.9,
0.7,1.2,2,
0.7,1.2,2.1,
0.7,1.2,2.2,
0.7,1.2,2.3,
0.7,1.2,2.4,
0.7,1.2,2.5,
0.7,1.2,2.6,
0.7,1.2,2.7,
0.7,1.2,2.8,
0.7,1.2,2.9,
0.7,1.2,3,
0.7,1.2,3.1,
0.7,1.2,3.2,
0.7,1.2,3.3,
0.7,1.2,3.4,
0.7,1.2,3.5,
0.7,1.2,3.6,
0.8,1.2,0,
0.8,1.2,0.1,
0.8,1.2,0.2,
0.8,1.2,0.3,
0.8,1.2,0.4,
0.8,1.2,0.5,
0.8,1.2,0.6,
0.8,1.2,0.7,
0.8,1.2,0.8,
0.8,1.2,0.9,
0.8,1.2,1,
0.8,1.2,1.1,
0.8,1.2,1.2,
0.8,1.2,1.3,
0.8,1.2,1.4,
0.8,1.2,1.5,
0.8,1.2,1.6,
0.8,1.2,1.7,
0.8,1.2,1.8,
0.8,1.2,1.9,
0.8,1.2,2,
0.8,1.2,2.1,
0.8,1.2,2.2,
0.8,1.2,2.3,
0.8,1.2,2.4,
0.8,1.2,2.5,
0.8,1.2,2.6,
0.8,1.2,2.7,
0.8,1.2,2.8,
0.8,1.2,2.9,
0.8,1.2,3,
0.8,1.2,3.1,
0.8,1.2,3.2,
0.8,1.2,3.3,
0.8,1.2,3.4,
0.8,1.2,3.5,
0.8,1.2,3.6,
0.9,1.2,0,
0.9,1.2,0.1,
0.9,1.2,0.2,
0.9,1.2,0.3,0.972040904
0.9,1.2,0.4,
0.9,1.2,0.5,
0.9,1.2,0.6,
0.9,1.2,0.7,
0.9,1.2,0.8,
0.9,1.2,0.9,
0.9,1.2,1,
0.9,1.2,1.1,
0.9,1.2,1.2,
0.9,1.2,1.3,
0.9,1.2,1.4,
0.9,1.2,1.5,
0.9,1.2,1.6,
0.9,1.2,1.7,0.990599207
0.9,1.2,1.8,
0.9,1.2,1.9,
0.9,1.2,2,
0.9,1.2,2.1,
0.9,1.2,2.2,
0.9,1.2,2.3,
0.9,1.2,2.4,
0.9,1.2,2.5,
0.9,1.2,2.6,
0.9,1.2,2.7,
0.9,1.2,2.8,
0.9,1.2,2.9,
0.9,1.2,3,
0.9,1.2,3.1,
0.9,1.2,3.2,
0.9,1.2,3.3,
0.9,1.2,3.4,
0.9,1.2,3.5,
0.9,1.2,3.6,0.957687941
1,1.2,0,
1,1.2,0.1,
1,1.2,0.2,
1,1.2,0.3,
1,1.2,0.4,
1,1.2,0.5,
1,1.2,0.6,
1,1.2,0.7,
1,1.2,0.8,
1,1.2,0.9,
1,1.2,1,
1,1.2,1.1,
1,1.2,1.2,
1,1.2,1.3,
1,1.2,1.4,
1,1.2,1.5,
1,1.2,1.6,
1,1.2,1.7,
1,1.2,1.8,
1,1.2,1.9,
1,1.2,2,
1,1.2,2.1,
1,1.2,2.2,
1,1.2,2.3,
1,1.2,2.4,
1,1.2,2.5,
1,1.2,2.6,
1,1.2,2.7,
1,1.2,2.8,
1,1.2,2.9,
1,1.2,3,
1,1.2,3.1,
1,1.2,3.2,
1,1.2,3.3,
1,1.2,3.4,
1,1.2,3.5,
1,1.2,3.6,
1.1,1.2,0,
1.1,1.2,0.1,
1.1,1.2,0.2,
1.1,1.2,0.3,
1.1,1.2,0.4,
1.1,1.2,0.5,
1.1,1.2,0.6,
1.1,1.2,0.7,
1.1,1.2,0.8,
1.1,1.2,0.9,
1.1,1.2,1,
1.1,1.2,1.1,
1.1,1.2,1.2,
1.1,1.2,1.3,
1.1,1.2,1.4,
1.1,1.2,1.5,
1.1,1.2,1.6,
1.1,1.2,1.7,
1.1,1.2,1.8,
1.1,1.2,1.9,
1.1,1.2,2,
1.1,1.2,2.1,
1.1,1.2,2.2,
1.1,1.2,2.3,
1.1,1.2,2.4,
1.1,1.2,2.5,
1.1,1.2,2.6,
1.1,1.2,2.7,
1.1,1.2,2.8,
1.1,1.2,2.9,
1.1,1.2,3,
1.1,1.2,3.1,
1.1,1.2,3.2,
1.1,1.2,3.3,
1.1,1.2,3.4,
1.1,1.2,3.5,
1.1,1.2,3.6,
1.2,1.2,0,
1.2,1.2,0.1,
1.2,1.2,0.2,
1.2,1.2,0.3,
1.2,1.2,0.4,
1.2,1.2,0.5,
1.2,1.2,0.6,
1.2,1.2,0.7,
1.2,1.2,0.8,
1.2,1.2,0.9,
1.2,1.2,1,
1.2,1.2,1.1,
1.2,1.2,1.2,
1.2,1.2,1.3,
1.2,1.2,1.4,
1.2,1.2,1.5,
1.2,1.2,1.6,
1.2,1.2,1.7,
1.2,1.2,1.8,
1.2,1.2,1.9,
1.2,1.2,2,
1.2,1.2,2.1,
1.2,1.2,2.2,
1.2,1.2,2.3,
1.2,1.2,2.4,
1.2,1.2,2.5,
1.2,1.2,2.6,
1.2,1.2,2.7,
1.2,1.2,2.8,
1.2,1.2,2.9,
1.2,1.2,3,
1.2,1.2,3.1,
1.2,1.2,3.2,
1.2,1.2,3.3,
1.2,1.2,3.4,
1.2,1.2,3.5,
1.2,1.2,3.6,
1.3,1.2,0,
1.3,1.2,0.1,
1.3,1.2,0.2,
1.3,1.2,0.3,
1.3,1.2,0.4,
1.3,1.2,0.5,
1.3,1.2,0.6,
1.3,1.2,0.7,
1.3,1.2,0.8,
1.3,1.2,0.9,
1.3,1.2,1,
1.3,1.2,1.1,
1.3,1.2,1.2,
1.3,1.2,1.3,
1.3,1.2,1.4,
1.3,1.2,1.5,
1.3,1.2,1.6,
1.3,1.2,1.7,
1.3,1.2,1.8,
1.3,1.2,1.9,
1.3,1.2,2,
1.3,1.2,2.1,
1.3,1.2,2.2,
1.3,1.2,2.3,
1.3,1.2,2.4,
1.3,1.2,2.5,
1.3,1.2,2.6,
1.3,1.2,2.7,
1.3,1.2,2.8,
1.3,1.2,2.9,
1.3,1.2,3,
1.3,1.2,3.1,
1.3,1.2,3.2,
1.3,1.2,3.3,
1.3,1.2,3.4,
1.3,1.2,3.5,
1.3,1.2,3.6,
1.4,1.2,0,
1.4,1.2,0.1,
1.4,1.2,0.2,
1.4,1.2,0.3,
1.4,1.2,0.4,
1.4,1.2,0.5,
1.4,1.2,0.6,
1.4,1.2,0.7,
1.4,1.2,0.8,
1.4,1.2,0.9,
1.4,1.2,1,
1.4,1.2,1.1,
1.4,1.2,1.2,
1.4,1.2,1.3,
1.4,1.2,1.4,
1.4,1.2,1.5,
1.4,1.2,1.6,
1.4,1.2,1.7,
1.4,1.2,1.8,
1.4,1.2,1.9,
1.4,1.2,2,
1.4,1.2,2.1,
1.4,1.2,2.2,
1.4,1.2,2.3,
1.4,1.2,2.4,
1.4,1.2,2.5,
1.4,1.2,2.6,
1.4,1.2,2.7,
1.4,1.2,2.8,
1.4,1.2,2.9,
1.4,1.2,3,
1.4,1.2,3.1,
1.4,1.2,3.2,
1.4,1.2,3.3,
1.4,1.2,3.4,
1.4,1.2,3.5,
1.4,1.2,3.6,
1.5,1.2,0,
1.5,1.2,0.1,
1.5,1.2,0.2,
1.5,1.2,0.3,
1.5,1.2,0.4,
1.5,1.2,0.5,
1.5,1.2,0.6,
1.5,1.2,0.7,
1.5,1.2,0.8,
1.5,1.2,0.9,
1.5,1.2,1,
1.5,1.2,1.1,
1.5,1.2,1.2,
1.5,1.2,1.3,
1.5,1.2,1.4,
1.5,1.2,1.5,
1.5,1.2,1.6,
1.5,1.2,1.7,
1.5,1.2,1.8,
1.5,1.2,1.9,
1.5,1.2,2,
1.5,1.2,2.1,
1.5,1.2,2.2,
1.5,1.2,2.3,
1.5,1.2,2.4,
1.5,1.2,2.5,
1.5,1.2,2.6,
1.5,1.2,2.7,
1.5,1.2,2.8,
1.5,1.2,2.9,
1.5,1.2,3,1.086261368
1.5,1.2,3.1,
1.5,1.2,3.2,
1.5,1.2,3.3,
1.5,1.2,3.4,
1.5,1.2,3.5,
1.5,1.2,3.6,
1.6,1.2,0,
1.6,1.2,0.1,
1.6,1.2,0.2,
1.6,1.2,0.3,
1.6,1.2,0.4,
1.6,1.2,0.5,
1.6,1.2,0.6,
1.6,1.2,0.7,
1.6,1.2,0.8,
1.6,1.2,0.9,
1.6,1.2,1,1.057291062
1.6,1.2,1.1,
1.6,1.2,1.2,
1.6,1.2,1.3,
1.6,1.2,1.4,
1.6,1.2,1.5,
1.6,1.2,1.6,
1.6,1.2,1.7,
1.6,1.2,1.8,
1.6,1.2,1.9,
1.6,1.2,2,
1.6,1.2,2.1,
1.6,1.2,2.2,
1.6,1.2,2.3,
1.6,1.2,2.4,
1.6,1.2,2.5,
1.6,1.2,2.6,
1.6,1.2,2.7,
1.6,1.2,2.8,
1.6,1.2,2.9,
1.6,1.2,3,
1.6,1.2,3.1,
1.6,1.2,3.2,
1.6,1.2,3.3,
1.6,1.2,3.4,
1.6,1.2,3.5,
1.6,1.2,3.6,
1.7,1.2,0,
1.7,1.2,0.1,
1.7,1.2,0.2,
1.7,1.2,0.3,
1.7,1.2,0.4,
1.7,1.2,0.5,
1.7,1.2,0.6,
1.7,1.2,0.7,
1.7,1.2,0.8,
1.7,1.2,0.9,
1.7,1.2,1,
1.7,1.2,1.1,
1.7,1.2,1.2,
1.7,1.2,1.3,
1.7,1.2,1.4,
1.7,1.2,1.5,
1.7,1.2,1.6,
1.7,1.2,1.7,
1.7,1.2,1.8,
1.7,1.2,1.9,
1.7,1.2,2,
1.7,1.2,2.1,
1.7,1.2,2.2,
1.7,1.2,2.3,
1.7,1.2,2.4,
1.7,1.2,2.5,
1.7,1.2,2.6,
1.7,1.2,2.7,
1.7,1.2,2.8,
1.7,1.2,2.9,
1.7,1.2,3,
1.7,1.2,3.1,
1.7,1.2,3.2,
1.7,1.2,3.3,
1.7,1.2,3.4,
1.7,1.2,3.5,
1.7,1.2,3.6,
1.8,1.2,0,
1.8,1.2,0.1,
1.8,1.2,0.2,
1.8,1.2,0.3,
1.8,1.2,0.4,
1.8,1.2,0.5,
1.8,1.2,0.6,
1.8,1.2,0.7,
1.8,1.2,0.8,
1.8,1.2,0.9,
1.8,1.2,1,
1.8,1.2,1.1,
1.8,1.2,1.2,
1.8,1.2,1.3,
1.8,1.2,1.4,
1.8,1.2,1.5,
1.8,1.2,1.6,
1.8,1.2,1.7,
1.8,1.2,1.8,
1.8,1.2,1.9,
1.8,1.2,2,
1.8,1.2,2.1,
1.8,1.2,2.2,
1.8,1.2,2.3,
1.8,1.2,2.4,
1.8,1.2,2.5,
1.8,1.2,2.6,
1.8,1.2,2.7,
1.8,1.2,2.8,
1.8,1.2,2.9,
1.8,1.2,3,
1.8,1.2,3.1,
1.8,1.2,3.2,
1.8,1.2,3.3,
1.8,1.2,3.4,
1.8,1.2,3.5,
1.8,1.2,3.6,
1.9,1.2,0,
1.9,1.2,0.1,
1.9,1.2,0.2,
1.9,1.2,0.3,
1.9,1.2,0.4,
1.9,1.2,0.5,
1.9,1.2,0.6,
1.9,1.2,0.7,
1.9,1.2,0.8,
1.9,1.2,0.9,
1.9,1.2,1,
1.9,1.2,1.1,
1.9,1.2,1.2,
1.9,1.2,1.3,
1.9,1.2,1.4,
1.9,1.2,1.5,
1.9,1.2,1.6,
1.9,1.2,1.7,
1.9,1.2,1.8,
1.9,1.2,1.9,
1.9,1.2,2,
1.9,1.2,2.1,
1.9,1.2,2.2,0.986336159
1.9,1.2,2.3,
1.9,1.2,2.4,
1.9,1.2,2.5,
1.9,1.2,2.6,
1.9,1.2,2.7,
1.9,1.2,2.8,
1.9,1.2,2.9,
1.9,1.2,3,
1.9,1.2,3.1,
1.9,1.2,3.2,
1.9,1.2,3.3,
1.9,1.2,3.4,
1.9,1.2,3.5,
1.9,1.2,3.6,
2,1.2,0,
2,1.2,0.1,
2,1.2,0.2,
2,1.2,0.3,
2,1.2,0.4,0.993860455
2,1.2,0.5,
2,1.2,0.6,
2,1.2,0.7,
2,1.2,0.8,
2,1.2,0.9,
2,1.2,1,
2,1.2,1.1,
2,1.2,1.2,
2,1.2,1.3,
2,1.2,1.4,
2,1.2,1.5,
2,1.2,1.6,
2,1.2,1.7,
2,1.2,1.8,
2,1.2,1.9,
2,1.2,2,
2,1.2,2.1,
2,1.2,2.2,
2,1.2,2.3,
2,1.2,2.4,
2,1.2,2.5,
2,1.2,2.6,
2,1.2,2.7,
2,1.2,2.8,
2,1.2,2.9,
2,1.2,3,
2,1.2,3.1,
2,1.2,3.2,
2,1.2,3.3,
2,1.2,3.4,
2,1.2,3.5,
2,1.2,3.6,
2.1,1.2,0,
2.1,1.2,0.1,
2.1,1.2,0.2,
2.1,1.2,0.3,
2.1,1.2,0.4,
2.1,1.2,0.5,
2.1,1.2,0.6,
2.1,1.2,0.7,
2.1,1.2,0.8,
2.1,1.2,0.9,
2.1,1.2,1,
2.1,1.2,1.1,
2.1,1.2,1.2,
2.1,1.2,1.3,
2.1,1.2,1.4,
2.1,1.2,1.5,
2.1,1.2,1.6,
2.1,1.2,1.7,
2.1,1.2,1.8,
2.1,1.2,1.9,
2.1,1.2,2,
2.1,1.2,2.1,
2.1,1.2,2.2,
2.1,1.2,2.3,
2.1,1.2,2.4,
2.1,1.2,2.5,
2.1,1.2,2.6,
2.1,1.2,2.7,
2.1,1.2,2.8,1.068340419
2.1,1.2,2.9,
2.1,1.2,3,
2.1,1.2,3.1,
2.1,1.2,3.2,
2.1,1.2,3.3,
2.1,1.2,3.4,
2.1,1.2,3.5,
2.1,1.2,3.6,
2.2,1.2,0,
2.2,1.2,0.1,
2.2,1.2,0.2,
2.2,1.2,0.3,
2.2,1.2,0.4,
2.2,1.2,0.5,
2.2,1.2,0.6,
2.2,1.2,0.7,
2.2,1.2,0.8,
2.2,1.2,0.9,
2.2,1.2,1,
2.2,1.2,1.1,
2.2,1.2,1.2,
2.2,1.2,1.3,
2.2,1.2,1.4,
2.2,1.2,1.5,
2.2,1.2,1.6,
2.2,1.2,1.7,
2.2,1.2,1.8,
2.2,1.2,1.9,0.978851377
2.2,1.2,2,
2.2,1.2,2.1,
2.2,1.2,2.2,
2.2,1.2,2.3,
2.2,1.2,2.4,
2.2,1.2,2.5,
2.2,1.2,2.6,
2.2,1.2,2.7,
2.2,1.2,2.8,
2.2,1.2,2.9,
2.2,1.2,3,
2.2,1.2,3.1,
2.2,1.2,3.2,
2.2,1.2,3.3,
2.2,1.2,3.4,
2.2,1.2,3.5,
2.2,1.2,3.6,
2.3,1.2,0,
2.3,1.2,0.1,
2.3,1.2,0.2,
2.3,1.2,0.3,
2.3,1.2,0.4,
2.3,1.2,0.5,
2.3,1.2,0.6,
2.3,1.2,0.7,
2.3,1.2,0.8,
2.3,1.2,0.9,
2.3,1.2,1,
2.3,1.2,1.1,
2.3,1.2,1.2,
2.3,1.2,1.3,
2.3,1.2,1.4,
2.3,1.2,1.5,
2.3,1.2,1.6,
2.3,1.2,1.7,
2.3,1.2,1.8,
2.3,1.2,1.9,
2.3,1.2,2,
2.3,1.2,2.1,
2.3,1.2,2.2,
2.3,1.2,2.3,
2.3,1.2,2.4,
2.3,1.2,2.5,
2.3,1.2,2.6,
2.3,1.2,2.7,
2.3,1.2,2.8,
2.3,1.2,2.9,
2.3,1.2,3,
2.3,1.2,3.1,
2.3,1.2,3.2,
2.3,1.2,3.3,
2.3,1.2,3.4,
2.3,1.2,3.5,
2.3,1.2,3.6,
2.4,1.2,0,
2.4,1.2,0.1,
2.4,1.2,0.2,
2.4,1.2,0.3,
2.4,1.2,0.4,
2.4,1.2,0.5,
2.4,1.2,0.6,
2.4,1.2,0.7,
2.4,1.2,0.8,
2.4,1.2,0.9,
2.4,1.2,1,
2.4,1.2,1.1,
2.4,1.2,1.2,
2.4,1.2,1.3,
2.4,1.2,1.4,
2.4,1.2,1.5,
2.4,1.2,1.6,
2.4,1.2,1.7,
2.4,1.2,1.8,
2.4,1.2,1.9,
2.4,1.2,2,
2.4,1.2,2.1,
2.4,1.2,2.2,
2.4,1.2,2.3,
2.4,1.2,2.4,
2.4,1.2,2.5,
2.4,1.2,2.6,
2.4,1.2,2.7,
2.4,1.2,2.8,
2.4,1.2,2.9,
2.4,1.2,3,
2.4,1.2,3.1,0.99858233
2.4,1.2,3.2,
2.4,1.2,3.3,
2.4,1.2,3.4,
2.4,1.2,3.5,
2.4,1.2,3.6,
2.5,1.2,0,
2.5,1.2,0.1,
2.5,1.2,0.2,
2.5,1.2,0.3,
2.5,1.2,0.4,
2.5,1.2,0.5,
2.5,1.2,0.6,
2.5,1.2,0.7,
2.5,1.2,0.8,
2.5,1.2,0.9,
2.5,1.2,1,
2.5,1.2,1.1,
2.5,1.2,1.2,1.077788716
2.5,1.2,1.3,
2.5,1.2,1.4,
2.5,1.2,1.5,
2.5,1.2,1.6,
2.5,1.2,1.7,
2.5,1.2,1.8,
2.5,1.2,1.9,
2.5,1.2,2,
2.5,1.2,2.1,
2.5,1.2,2.2,
2.5,1.2,2.3,
2.5,1.2,2.4,
2.5,1.2,2.5,
2.5,1.2,2.6,
2.5,1.2,2.7,
2.5,1.2,2.8,
2.5,1.2,2.9,
2.5,1.2,3,
2.5,1.2,3.1,
2.5,1.2,3.2,
2.5,1.2,3.3,
2.5,1.2,3.4,
2.5,1.2,3.5,
2.5,1.2,3.6,
2.6,1.2,0,
2.6,1.2,0.1,
2.6,1.2,0.2,
2.6,1.2,0.3,
2.6,1.2,0.4,
2.6,1.2,0.5,
2.6,1.2,0.6,
2.6,1.2,0.7,
2.6,1.2,0.8,
2.6,1.2,0.9,
2.6,1.2,1,
2.6,1.2,1.1,
2.6,1.2,1.2,
2.6,1.2,1.3,
2.6,1.2,1.4,
2.6,1.2,1.5,1.042069627
2.6,1.2,1.6,
2.6,1.2,1.7,
2.6,1.2,1.8,
2.6,1.2,1.9,
2.6,1.2,2,
2.6,1.2,2.1,
2.6,1.2,2.2,
2.6,1.2,2.3,
2.6,1.2,2.4,
2.6,1.2,2.5,
2.6,1.2,2.6,
2.6,1.2,2.7,1.086649693
2.6,1.2,2.8,
2.6,1.2,2.9,
2.6,1.2,3,
2.6,1.2,3.1,
2.6,1.2,3.2,
2.6,1.2,3.3,
2.6,1.2,3.4,
2.6,1.2,3.5,
2.6,1.2,3.6,
2.7,1.2,0,
2.7,1.2,0.1,
2.7,1.2,0.2,
2.7,1.2,0.3,
2.7,1.2,0.4,
2.7,1.2,0.5,
2.7,1.2,0.6,1.017686164
2.7,1.2,0.7,
2.7,1.2,0.8,
2.7,1.2,0.9,
2.7,1.2,1,
2.7,1.2,1.1,
2.7,1.2,1.2,
2.7,1.2,1.3,
2.7,1.2,1.4,
2.7,1.2,1.5,
2.7,1.2,1.6,
2.7,1.2,1.7,
2.7,1.2,1.8,
2.7,1.2,1.9,
2.7,1.2,2,
2.7,1.2,2.1,
2.7,1.2,2.2,
2.7,1.2,2.3,
2.7,1.2,2.4,
2.7,1.2,2.5,
2.7,1.2,2.6,
2.7,1.2,2.7,
2.7,1.2,2.8,
2.7,1.2,2.9,
2.7,1.2,3,
2.7,1.2,3.1,
2.7,1.2,3.2,
2.7,1.2,3.3,
2.7,1.2,3.4,
2.7,1.2,3.5,
2.7,1.2,3.6,
2.8,1.2,0,
2.8,1.2,0.1,
2.8,1.2,0.2,
2.8,1.2,0.3,
2.8,1.2,0.4,
2.8,1.2,0.5,
2.8,1.2,0.6,
2.8,1.2,0.7,
2.8,1.2,0.8,
2.8,1.2,0.9,
2.8,1.2,1,
2.8,1.2,1.1,
2.8,1.2,1.2,
2.8,1.2,1.3,
2.8,1.2,1.4,
2.8,1.2,1.5,
2.8,1.2,1.6,
2.8,1.2,1.7,
2.8,1.2,1.8,
2.8,1.2,1.9,
2.8,1.2,2,
2.8,1.2,2.1,
2.8,1.2,2.2,
2.8,1.2,2.3,
2.8,1.2,2.4,1.025757698
2.8,1.2,2.5,
2.8,1.2,2.6,
2.8,1.2,2.7,
2.8,1.2,2.8,
2.8,1.2,2.9,
2.8,1.2,3,
2.8,1.2,3.1,
2.8,1.2,3.2,
2.8,1.2,3.3,
2.8,1.2,3.4,
2.8,1.2,3.5,
2.8,1.2,3.6,
2.9,1.2,0,
2.9,1.2,0.1,
2.9,1.2,0.2,
2.9,1.2,0.3,
2.9,1.2,0.4,
2.9,1.2,0.5,
2.9,1.2,0.6,
2.9,1.2,0.7,
2.9,1.2,0.8,
2.9,1.2,0.9,
2.9,1.2,1,
2.9,1.2,1.1,
2.9,1.2,1.2,
2.9,1.2,1.3,
2.9,1.2,1.4,
2.9,1.2,1.5,
2.9,1.2,1.6,
2.9,1.2,1.7,
2.9,1.2,1.8,
2.9,1.2,1.9,
2.9,1.2,2,
2.9,1.2,2.1,
2.9,1.2,2.2,
2.9,1.2,2.3,
2.9,1.2,2.4,
2.9,1.2,2.5,
2.9,1.2,2.6,
2.9,1.2,2.7,
2.9,1.2,2.8,
2.9,1.2,2.9,
2.9,1.2,3,
2.9,1.2,3.1,
2.9,1.2,3.2,
2.9,1.2,3.3,
2.9,1.2,3.4,
2.9,1.2,3.5,
2.9,1.2,3.6,
3,1.2,0,
3,1.2,0.1,
3,1.2,0.2,
3,1.2,0.3,
3,1.2,0.4,
3,1.2,0.5,
3,1.2,0.6,
3,1.2,0.7,
3,1.2,0.8,
3,1.2,0.9,
3,1.2,1,
3,1.2,1.1,
3,1.2,1.2,
3,1.2,1.3,
3,1.2,1.4,
3,1.2,1.5,
3,1.2,1.6,
3,1.2,1.7,
3,1.2,1.8,
3,1.2,1.9,
3,1.2,2,
3,1.2,2.1,
3,1.2,2.2,
3,1.2,2.3,
3,1.2,2.4,
3,1.2,2.5,
3,1.2,2.6,
3,1.2,2.7,
3,1.2,2.8,
3,1.2,2.9,
3,1.2,3,
3,1.2,3.1,
3,1.2,3.2,
3,1.2,3.3,
3,1.2,3.4,
3,1.2,3.5,
3,1.2,3.6,
3.1,1.2,0,
3.1,1.2,0.1,
3.1,1.2,0.2,
3.1,1.2,0.3,
3.1,1.2,0.4,
3.1,1.2,0.5,
3.1,1.2,0.6,
3.1,1.2,0.7,
3.1,1.2,0.8,
3.1,1.2,0.9,
3.1,1.2,1,
3.1,1.2,1.1,
3.1,1.2,1.2,
3.1,1.2,1.3,
3.1,1.2,1.4,
3.1,1.2,1.5,
3.1,1.2,1.6,
3.1,1.2,1.7,
3.1,1.2,1.8,
3.1,1.2,1.9,
3.1,1.2,2,
3.1,1.2,2.1,
3.1,1.2,2.2,
3.1,1.2,2.3,
3.1,1.2,2.4,
3.1,1.2,2.5,
3.1,1.2,2.6,
3.1,1.2,2.7,
3.1,1.2,2.8,
3.1,1.2,2.9,
3.1,1.2,3,
3.1,1.2,3.1,
3.1,1.2,3.2,
3.1,1.2,3.3,
3.1,1.2,3.4,
3.1,1.2,3.5,
3.1,1.2,3.6,
3.2,1.2,0,
3.2,1.2,0.1,
3.2,1.2,0.2,
3.2,1.2,0.3,
3.2,1.2,0.4,
3.2,1.2,0.5,
3.2,1.2,0.6,
3.2,1.2,0.7,
3.2,1.2,0.8,
3.2,1.2,0.9,
3.2,1.2,1,
3.2,1.2,1.1,
3.2,1.2,1.2,
3.2,1.2,1.3,
3.2,1.2,1.4,
3.2,1.2,1.5,
3.2,1.2,1.6,
3.2,1.2,1.7,
3.2,1.2,1.8,
3.2,1.2,1.9,
3.2,1.2,2,
3.2,1.2,2.1,
3.2,1.2,2.2,
3.2,1.2,2.3,
3.2,1.2,2.4,
3.2,1.2,2.5,
3.2,1.2,2.6,
3.2,1.2,2.7,
3.2,1.2,2.8,
3.2,1.2,2.9,
3.2,1.2,3,
3.2,1.2,3.1,
3.2,1.2,3.2,
3.2,1.2,3.3,
3.2,1.2,3.4,
3.2,1.2,3.5,
3.2,1.2,3.6,
3.3,1.2,0,
3.3,1.2,0.1,
3.3,1.2,0.2,
3.3,1.2,0.3,
3.3,1.2,0.4,
3.3,1.2,0.5,1.051773491
3.3,1.2,0.6,
3.3,1.2,0.7,
3.3,1.2,0.8,
3.3,1.2,0.9,
3.3,1.2,1,
3.3,1.2,1.1,
3.3,1.2,1.2,1.015221749
3.3,1.2,1.3,
3.3,1.2,1.4,
3.3,1.2,1.5,
3.3,1.2,1.6,
3.3,1.2,1.7,
3.3,1.2,1.8,
3.3,1.2,1.9,0.959164202
3.3,1.2,2,
3.3,1.2,2.1,
3.3,1.2,2.2,
3.3,1.2,2.3,
3.3,1.2,2.4,
3.3,1.2,2.5,
3.3,1.2,2.6,
3.3,1.2,2.7,
3.3,1.2,2.8,
3.3,1.2,2.9,
3.3,1.2,3,
3.3,1.2,3.1,
3.3,1.2,3.2,
3.3,1.2,3.3,
3.3,1.2,3.4,
3.3,1.2,3.5,
3.3,1.2,3.6,1.006756773
3.4,1.2,0,
3.4,1.2,0.1,0.986959014
3.4,1.2,0.2,
3.4,1.2,0.3,
3.4,1.2,0.4,
3.4,1.2,0.5,
3.4,1.2,0.6,
3.4,1.2,0.7,
3.4,1.2,0.8,
3.4,1.2,0.9,
3.4,1.2,1,
3.4,1.2,1.1,
3.4,1.2,1.2,
3.4,1.2,1.3,
3.4,1.2,1.4,
3.4,1.2,1.5,
3.4,1.2,1.6,
3.4,1.2,1.7,
3.4,1.2,1.8,
3.4,1.2,1.9,
3.4,1.2,2,
3.4,1.2,2.1,
3.4,1.2,2.2,
3.4,1.2,2.3,
3.4,1.2,2.4,
3.4,1.2,2.5,
3.4,1.2,2.6,
3.4,1.2,2.7,
3.4,1.2,2.8,
3.4,1.2,2.9,
3.4,1.2,3,
3.4,1.2,3.1,
3.4,1.2,3.2,
3.4,1.2,3.3,
3.4,1.2,3.4,
3.4,1.2,3.5,
3.4,1.2,3.6,
3.5,1.2,0,
3.5,1.2,0.1,
3.5,1.2,0.2,
3.5,1.2,0.3,
3.5,1.2,0.4,
3.5,1.2,0.5,
3.5,1.2,0.6,
3.5,1.2,0.7,
3.5,1.2,0.8,
3.5,1.2,0.9,
3.5,1.2,1,
3.5,1.2,1.1,
3.5,1.2,1.2,
3.5,1.2,1.3,
3.5,1.2,1.4,
3.5,1.2,1.5,
3.5,1.2,1.6,
3.5,1.2,1.7,
3.5,1.2,1.8,
3.5,1.2,1.9,
3.5,1.2,2,
3.5,1.2,2.1,
3.5,1.2,2.2,
3.5,1.2,2.3,
3.5,1.2,2.4,
3.5,1.2,2.5,
3.5,1.2,2.6,
3.5,1.2,2.7,
3.5,1.2,2.8,
3.5,1.2,2.9,
3.5,1.2,3,
3.5,1.2,3.1,
3.5,1.2,3.2,
3.5,1.2,3.3,
3.5,1.2,3.4,
3.5,1.2,3.5,
3.5,1.2,3.6,
3.6,1.2,0,
3.6,1.2,0.1,
3.6,1.2,0.2,
3.6,1.2,0.3,
3.6,1.2,0.4,
3.6,1.2,0.5,
3.6,1.2,0.6,
3.6,1.2,0.7,
3.6,1.2,0.8,
3.6,1.2,0.9,
3.6,1.2,1,
3.6,1.2,1.1,
3.6,1.2,1.2,
3.6,1.2,1.3,
3.6,1.2,1.4,
3.6,1.2,1.5,
3.6,1.2,1.6,
3.6,1.2,1.7,
3.6,1.2,1.8,
3.6,1.2,1.9,
3.6,1.2,2,
3.6,1.2,2.1,
3.6,1.2,2.2,
3.6,1.2,2.3,
3.6,1.2,2.4,
3.6,1.2,2.5,
3.6,1.2,2.6,
3.6,1.2,2.7,
3.6,1.2,2.8,
3.6,1.2,2.9,
3.6,1.2,3,
3.6,1.2,3.1,
3.6,1.2,3.2,
3.6,1.2,3.3,
3.6,1.2,3.4,
3.6,1.2,3.5,
3.6,1.2,3.6,
3.7,1.2,0,
3.7,1.2,0.1,
3.7,1.2,0.2,
3.7,1.2,0.3,
3.7,1.2,0.4,
3.7,1.2,0.5,
3.7,1.2,0.6,
3.7,1.2,0.7,
3.7,1.2,0.8,
3.7,1.2,0.9,
3.7,1.2,1,
3.7,1.2,1.1,
3.7,1.2,1.2,
3.7,1.2,1.3,
3.7,1.2,1.4,
3.7,1.2,1.5,
3.7,1.2,1.6,
3.7,1.2,1.7,
3.7,1.2,1.8,
3.7,1.2,1.9,
3.7,1.2,2,
3.7,1.2,2.1,
3.7,1.2,2.2,
3.7,1.2,2.3,
3.7,1.2,2.4,
3.7,1.2,2.5,
3.7,1.2,2.6,
3.7,1.2,2.7,
3.7,1.2,2.8,
3.7,1.2,2.9,
3.7,1.2,3,
3.7,1.2,3.1,
3.7,1.2,3.2,
3.7,1.2,3.3,
3.7,1.2,3.4,
3.7,1.2,3.5,
3.7,1.2,3.6,
3.8,1.2,0,
3.8,1.2,0.1,
3.8,1.2,0.2,
3.8,1.2,0.3,
3.8,1.2,0.4,
3.8,1.2,0.5,
3.8,1.2,0.6,
3.8,1.2,0.7,
3.8,1.2,0.8,
3.8,1.2,0.9,
3.8,1.2,1,
3.8,1.2,1.1,
3.8,1.2,1.2,
3.8,1.2,1.3,
3.8,1.2,1.4,
3.8,1.2,1.5,
3.8,1.2,1.6,
3.8,1.2,1.7,
3.8,1.2,1.8,
3.8,1.2,1.9,
3.8,1.2,2,
3.8,1.2,2.1,
3.8,1.2,2.2,
3.8,1.2,2.3,
3.8,1.2,2.4,
3.8,1.2,2.5,
3.8,1.2,2.6,
3.8,1.2,2.7,
3.8,1.2,2.8,
3.8,1.2,2.9,
3.8,1.2,3,
3.8,1.2,3.1,
3.8,1.2,3.2,
3.8,1.2,3.3,
3.8,1.2,3.4,
3.8,1.2,3.5,
3.8,1.2,3.6,
3.9,1.2,0,
3.9,1.2,0.1,
3.9,1.2,0.2,
3.9,1.2,0.3,
3.9,1.2,0.4,
3.9,1.2,0.5,
3.9,1.2,0.6,
3.9,1.2,0.7,
3.9,1.2,0.8,
3.9,1.2,0.9,
3.9,1.2,1,
3.9,1.2,1.1,
3.9,1.2,1.2,
3.9,1.2,1.3,
3.9,1.2,1.4,
3.9,1.2,1.5,
3.9,1.2,1.6,
3.9,1.2,1.7,
3.9,1.2,1.8,
3.9,1.2,1.9,
3.9,1.2,2,
3.9,1.2,2.1,
3.9,1.2,2.2,
3.9,1.2,2.3,
3.9,1.2,2.4,1.041346137
3.9,1.2,2.5,
3.9,1.2,2.6,
3.9,1.2,2.7,
3.9,1.2,2.8,
3.9,1.2,2.9,
3.9,1.2,3,
3.9,1.2,3.1,
3.9,1.2,3.2,
3.9,1.2,3.3,
3.9,1.2,3.4,
3.9,1.2,3.5,
3.9,1.2,3.6,
4,1.2,0,
4,1.2,0.1,
4,1.2,0.2,
4,1.2,0.3,
4,1.2,0.4,
4,1.2,0.5,
4,1.2,0.6,
4,1.2,0.7,
4,1.2,0.8,
4,1.2,0.9,
4,1.2,1,
4,1.2,1.1,
4,1.2,1.2,
4,1.2,1.3,
4,1.2,1.4,
4,1.2,1.5,
4,1.2,1.6,
4,1.2,1.7,
4,1.2,1.8,
4,1.2,1.9,
4,1.2,2,
4,1.2,2.1,
4,1.2,2.2,
4,1.2,2.3,
4,1.2,2.4,
4,1.2,2.5,
4,1.2,2.6,
4,1.2,2.7,
4,1.2,2.8,
4,1.2,2.9,
4,1.2,3,
4,1.2,3.1,
4,1.2,3.2,
4,1.2,3.3,0.973040714
4,1.2,3.4,
4,1.2,3.5,
4,1.2,3.6,
4.1,1.2,0,
4.1,1.2,0.1,
4.1,1.2,0.2,
4.1,1.2,0.3,
4.1,1.2,0.4,
4.1,1.2,0.5,
4.1,1.2,0.6,
4.1,1.2,0.7,
4.1,1.2,0.8,
4.1,1.2,0.9,
4.1,1.2,1,
4.1,1.2,1.1,
4.1,1.2,1.2,
4.1,1.2,1.3,
4.1,1.2,1.4,
4.1,1.2,1.5,1.015676311
4.1,1.2,1.6,
4.1,1.2,1.7,
4.1,1.2,1.8,
4.1,1.2,1.9,
4.1,1.2,2,
4.1,1.2,2.1,
4.1,1.2,2.2,
4.1,1.2,2.3,
4.1,1.2,2.4,
4.1,1.2,2.5,
4.1,1.2,2.6,
4.1,1.2,2.7,
4.1,1.2,2.8,1.057609455
4.1,1.2,2.9,
4.1,1.2,3,
4.1,1.2,3.1,
4.1,1.2,3.2,
4.1,1.2,3.3,
4.1,1.2,3.4,
4.1,1.2,3.5,
4.1,1.2,3.6,
4.2,1.2,0,
4.2,1.2,0.1,
4.2,1.2,0.2,
4.2,1.2,0.3,0.973402885
4.2,1.2,0.4,0.984151759
4.2,1.2,0.5,
4.2,1.2,0.6,1.014423778
4.2,1.2,0.7,1.033782041
4.2,1.2,0.8,
4.2,1.2,0.9,
4.2,1.2,1,
4.2,1.2,1.1,
4.2,1.2,1.2,
4.2,1.2,1.3,
4.2,1.2,1.4,
4.2,1.2,1.5,
4.2,1.2,1.6,
4.2,1.2,1.7,
4.2,1.2,1.8,
4.2,1.2,1.9,
4.2,1.2,2,
4.2,1.2,2.1,
4.2,1.2,2.2,
4.2,1.2,2.3,
4.2,1.2,2.4,
4.2,1.2,2.5,
4.2,1.2,2.6,
4.2,1.2,2.7,
4.2,1.2,2.8,
4.2,1.2,2.9,
4.2,1.2,3,
4.2,1.2,3.1,
4.2,1.2,3.2,
4.2,1.2,3.3,
4.2,1.2,3.4,
4.2,1.2,3.5,
4.2,1.2,3.6,
4.3,1.2,0,
4.3,1.2,0.1,
4.3,1.2,0.2,
4.3,1.2,0.3,
4.3,1.2,0.4,
4.3,1.2,0.5,
4.3,1.2,0.6,
4.3,1.2,0.7,
4.3,1.2,0.8,
4.3,1.2,0.9,
4.3,1.2,1,
4.3,1.2,1.1,
4.3,1.2,1.2,
4.3,1.2,1.3,
4.3,1.2,1.4,
4.3,1.2,1.5,
4.3,1.2,1.6,
4.3,1.2,1.7,
4.3,1.2,1.8,
4.3,1.2,1.9,
4.3,1.2,2,
4.3,1.2,2.1,
4.3,1.2,2.2,
4.3,1.2,2.3,
4.3,1.2,2.4,
4.3,1.2,2.5,
4.3,1.2,2.6,
4.3,1.2,2.7,
4.3,1.2,2.8,
4.3,1.2,2.9,
4.3,1.2,3,
4.3,1.2,3.1,
4.3,1.2,3.2,
4.3,1.2,3.3,
4.3,1.2,3.4,
4.3,1.2,3.5,
4.3,1.2,3.6,
4.4,1.2,0,
4.4,1.2,0.1,
4.4,1.2,0.2,
4.4,1.2,0.3,
4.4,1.2,0.4,
4.4,1.2,0.5,
4.4,1.2,0.6,
4.4,1.2,0.7,
4.4,1.2,0.8,
4.4,1.2,0.9,
4.4,1.2,1,
4.4,1.2,1.1,
4.4,1.2,1.2,
4.4,1.2,1.3,
4.4,1.2,1.4,
4.4,1.2,1.5,
4.4,1.2,1.6,
4.4,1.2,1.7,
4.4,1.2,1.8,
4.4,1.2,1.9,
4.4,1.2,2,
4.4,1.2,2.1,
4.4,1.2,2.2,
4.4,1.2,2.3,
4.4,1.2,2.4,
4.4,1.2,2.5,
4.4,1.2,2.6,
4.4,1.2,2.7,
4.4,1.2,2.8,
4.4,1.2,2.9,
4.4,1.2,3,1.024960011
4.4,1.2,3.1,
4.4,1.2,3.2,
4.4,1.2,3.3,
4.4,1.2,3.4,
4.4,1.2,3.5,
4.4,1.2,3.6,
4.5,1.2,0,
4.5,1.2,0.1,
4.5,1.2,0.2,
4.5,1.2,0.3,
4.5,1.2,0.4,
4.5,1.2,0.5,
4.5,1.2,0.6,
4.5,1.2,0.7,1.142016157
4.5,1.2,0.8,
4.5,1.2,0.9,
4.5,1.2,1,
4.5,1.2,1.1,
4.5,1.2,1.2,
4.5,1.2,1.3,
4.5,1.2,1.4,
4.5,1.2,1.5,
4.5,1.2,1.6,
4.5,1.2,1.7,
4.5,1.2,1.8,
4.5,1.2,1.9,
4.5,1.2,2,
4.5,1.2,2.1,
4.5,1.2,2.2,
4.5,1.2,2.3,
4.5,1.2,2.4,
4.5,1.2,2.5,
4.5,1.2,2.6,
4.5,1.2,2.7,
4.5,1.2,2.8,
4.5,1.2,2.9,
4.5,1.2,3,1.031277827
4.5,1.2,3.1,
4.5,1.2,3.2,
4.5,1.2,3.3,
4.5,1.2,3.4,
4.5,1.2,3.5,
4.5,1.2,3.6,
4.6,1.2,0,
4.6,1.2,0.1,
4.6,1.2,0.2,
4.6,1.2,0.3,
4.6,1.2,0.4,
4.6,1.2,0.5,
4.6,1.2,0.6,
4.6,1.2,0.7,
4.6,1.2,0.8,
4.6,1.2,0.9,
4.6,1.2,1,
4.6,1.2,1.1,
4.6,1.2,1.2,
4.6,1.2,1.3,
4.6,1.2,1.4,
4.6,1.2,1.5,
4.6,1.2,1.6,
4.6,1.2,1.7,
4.6,1.2,1.8,
4.6,1.2,1.9,
4.6,1.2,2,
4.6,1.2,2.1,
4.6,1.2,2.2,
4.6,1.2,2.3,
4.6,1.2,2.4,
4.6,1.2,2.5,
4.6,1.2,2.6,
4.6,1.2,2.7,
4.6,1.2,2.8,
4.6,1.2,2.9,
4.6,1.2,3,
4.6,1.2,3.1,
4.6,1.2,3.2,
4.6,1.2,3.3,
4.6,1.2,3.4,
4.6,1.2,3.5,0.980437938
4.6,1.2,3.6,
4.7,1.2,0,
4.7,1.2,0.1,
4.7,1.2,0.2,
4.7,1.2,0.3,
4.7,1.2,0.4,
4.7,1.2,0.5,
4.7,1.2,0.6,
4.7,1.2,0.7,
4.7,1.2,0.8,
4.7,1.2,0.9,1.159559015
4.7,1.2,1,
4.7,1.2,1.1,
4.7,1.2,1.2,
4.7,1.2,1.3,
4.7,1.2,1.4,
4.7,1.2,1.5,
4.7,1.2,1.6,
4.7,1.2,1.7,
4.7,1.2,1.8,
4.7,1.2,1.9,
4.7,1.2,2,
4.7,1.2,2.1,
4.7,1.2,2.2,
4.7,1.2,2.3,
4.7,1.2,2.4,
4.7,1.2,2.5,
4.7,1.2,2.6,
4.7,1.2,2.7,
4.7,1.2,2.8,
4.7,1.2,2.9,
4.7,1.2,3,
4.7,1.2,3.1,
4.7,1.2,3.2,
4.7,1.2,3.3,
4.7,1.2,3.4,
4.7,1.2,3.5,
4.7,1.2,3.6,
4.8,1.2,0,
4.8,1.2,0.1,
4.8,1.2,0.2,
4.8,1.2,0.3,
4.8,1.2,0.4,
4.8,1.2,0.5,
4.8,1.2,0.6,
4.8,1.2,0.7,
4.8,1.2,0.8,
4.8,1.2,0.9,
4.8,1.2,1,
4.8,1.2,1.1,
4.8,1.2,1.2,
4.8,1.2,1.3,
4.8,1.2,1.4,
4.8,1.2,1.5,
4.8,1.2,1.6,
4.8,1.2,1.7,
4.8,1.2,1.8,
4.8,1.2,1.9,
4.8,1.2,2,
4.8,1.2,2.1,
4.8,1.2,2.2,
4.8,1.2,2.3,
4.8,1.2,2.4,1.012411082
4.8,1.2,2.5,
4.8,1.2,2.6,
4.8,1.2,2.7,
4.8,1.2,2.8,
4.8,1.2,2.9,
4.8,1.2,3,
4.8,1.2,3.1,
4.8,1.2,3.2,
4.8,1.2,3.3,
4.8,1.2,3.4,
4.8,1.2,3.5,
4.8,1.2,3.6,
4.9,1.2,0,
4.9,1.2,0.1,
4.9,1.2,0.2,
4.9,1.2,0.3,
4.9,1.2,0.4,
4.9,1.2,0.5,
4.9,1.2,0.6,
4.9,1.2,0.7,
4.9,1.2,0.8,
4.9,1.2,0.9,
4.9,1.2,1,
4.9,1.2,1.1,1.03054922
4.9,1.2,1.2,
4.9,1.2,1.3,
4.9,1.2,1.4,
4.9,1.2,1.5,
4.9,1.2,1.6,
4.9,1.2,1.7,0.959312027
4.9,1.2,1.8,
4.9,1.2,1.9,
4.9,1.2,2,
4.9,1.2,2.1,
4.9,1.2,2.2,
4.9,1.2,2.3,
4.9,1.2,2.4,
4.9,1.2,2.5,
4.9,1.2,2.6,
4.9,1.2,2.7,
4.9,1.2,2.8,
4.9,1.2,2.9,
4.9,1.2,3,
4.9,1.2,3.1,
4.9,1.2,3.2,
4.9,1.2,3.3,
4.9,1.2,3.4,
4.9,1.2,3.5,
4.9,1.2,3.6,
5,1.2,0,
5,1.2,0.1,
5,1.2,0.2,
5,1.2,0.3,
5,1.2,0.4,
5,1.2,0.5,
5,1.2,0.6,
5,1.2,0.7,
5,1.2,0.8,
5,1.2,0.9,
5,1.2,1,
5,1.2,1.1,
5,1.2,1.2,
5,1.2,1.3,
5,1.2,1.4,
5,1.2,1.5,
5,1.2,1.6,
5,1.2,1.7,
5,1.2,1.8,
5,1.2,1.9,
5,1.2,2,
5,1.2,2.1,
5,1.2,2.2,
5,1.2,2.3,
5,1.2,2.4,
5,1.2,2.5,
5,1.2,2.6,
5,1.2,2.7,
5,1.2,2.8,
5,1.2,2.9,
5,1.2,3,
5,1.2,3.1,
5,1.2,3.2,
5,1.2,3.3,
5,1.2,3.4,
5,1.2,3.5,
5,1.2,3.6,
5.1,1.2,0,0.974870049
5.1,1.2,0.1,
5.1,1.2,0.2,
5.1,1.2,0.3,
5.1,1.2,0.4,
5.1,1.2,0.5,
5.1,1.2,0.6,
5.1,1.2,0.7,
5.1,1.2,0.8,
5.1,1.2,0.9,
5.1,1.2,1,
5.1,1.2,1.1,
5.1,1.2,1.2,
5.1,1.2,1.3,
5.1,1.2,1.4,
5.1,1.2,1.5,
5.1,1.2,1.6,
5.1,1.2,1.7,
5.1,1.2,1.8,
5.1,1.2,1.9,
5.1,1.2,2,
5.1,1.2,2.1,
5.1,1.2,2.2,
5.1,1.2,2.3,
5.1,1.2,2.4,
5.1,1.2,2.5,
5.1,1.2,2.6,
5.1,1.2,2.7,
5.1,1.2,2.8,
5.1,1.2,2.9,
5.1,1.2,3,
5.1,1.2,3.1,
5.1,1.2,3.2,1.003776676
5.1,1.2,3.3,
5.1,1.2,3.4,
5.1,1.2,3.5,
5.1,1.2,3.6,
5.2,1.2,0,
5.2,1.2,0.1,
5.2,1.2,0.2,
5.2,1.2,0.3,
5.2,1.2,0.4,
5.2,1.2,0.5,
5.2,1.2,0.6,
5.2,1.2,0.7,
5.2,1.2,0.8,
5.2,1.2,0.9,
5.2,1.2,1,
5.2,1.2,1.1,
5.2,1.2,1.2,
5.2,1.2,1.3,
5.2,1.2,1.4,
5.2,1.2,1.5,
5.2,1.2,1.6,
5.2,1.2,1.7,
5.2,1.2,1.8,
5.2,1.2,1.9,
5.2,1.2,2,
5.2,1.2,2.1,
5.2,1.2,2.2,
5.2,1.2,2.3,
5.2,1.2,2.4,
5.2,1.2,2.5,
5.2,1.2,2.6,
5.2,1.2,2.7,
5.2,1.2,2.8,
5.2,1.2,2.9,
5.2,1.2,3,
5.2,1.2,3.1,
5.2,1.2,3.2,
5.2,1.2,3.3,
5.2,1.2,3.4,
5.2,1.2,3.5,
5.2,1.2,3.6,
5.3,1.2,0,
5.3,1.2,0.1,
5.3,1.2,0.2,
5.3,1.2,0.3,
5.3,1.2,0.4,
5.3,1.2,0.5,
5.3,1.2,0.6,
5.3,1.2,0.7,
5.3,1.2,0.8,1.064273239
5.3,1.2,0.9,
5.3,1.2,1,
5.3,1.2,1.1,
5.3,1.2,1.2,
5.3,1.2,1.3,
5.3,1.2,1.4,
5.3,1.2,1.5,
5.3,1.2,1.6,
5.3,1.2,1.7,
5.3,1.2,1.8,
5.3,1.2,1.9,
5.3,1.2,2,
5.3,1.2,2.1,
5.3,1.2,2.2,
5.3,1.2,2.3,
5.3,1.2,2.4,
5.3,1.2,2.5,
5.3,1.2,2.6,
5.3,1.2,2.7,
5.3,1.2,2.8,
5.3,1.2,2.9,
5.3,1.2,3,
5.3,1.2,3.1,
5.3,1.2,3.2,
5.3,1.2,3.3,
5.3,1.2,3.4,
5.3,1.2,3.5,
5.3,1.2,3.6,
5.4,1.2,0,
5.4,1.2,0.1,
5.4,1.2,0.2,
5.4,1.2,0.3,
5.4,1.2,0.4,
5.4,1.2,0.5,
5.4,1.2,0.6,
5.4,1.2,0.7,
5.4,1.2,0.8,
5.4,1.2,0.9,
5.4,1.2,1,
5.4,1.2,1.1,
5.4,1.2,1.2,
5.4,1.2,1.3,
5.4,1.2,1.4,
5.4,1.2,1.5,
5.4,1.2,1.6,
5.4,1.2,1.7,
5.4,1.2,1.8,
5.4,1.2,1.9,
5.4,1.2,2,
5.4,1.2,2.1,
5.4,1.2,2.2,
5.4,1.2,2.3,
5.4,1.2,2.4,
5.4,1.2,2.5,
5.4,1.2,2.6,
5.4,1.2,2.7,
5.4,1.2,2.8,
5.4,1.2,2.9,
5.4,1.2,3,
5.4,1.2,3.1,
5.4,1.2,3.2,
5.4,1.2,3.3,
5.4,1.2,3.4,
5.4,1.2,3.5,
5.4,1.2,3.6,
5.5,1.2,0,
5.5,1.2,0.1,
5.5,1.2,0.2,
5.5,1.2,0.3,
5.5,1.2,0.4,
5.5,1.2,0.5,
5.5,1.2,0.6,
5.5,1.2,0.7,
5.5,1.2,0.8,
5.5,1.2,0.9,
5.5,1.2,1,
5.5,1.2,1.1,
5.5,1.2,1.2,
5.5,1.2,1.3,1.070343733
5.5,1.2,1.4,
5.5,1.2,1.5,
5.5,1.2,1.6,
5.5,1.2,1.7,
5.5,1.2,1.8,
5.5,1.2,1.9,
5.5,1.2,2,
5.5,1.2,2.1,
5.5,1.2,2.2,
5.5,1.2,2.3,
5.5,1.2,2.4,
5.5,1.2,2.5,
5.5,1.2,2.6,
5.5,1.2,2.7,
5.5,1.2,2.8,
5.5,1.2,2.9,
5.5,1.2,3,
5.5,1.2,3.1,
5.5,1.2,3.2,
5.5,1.2,3.3,
5.5,1.2,3.4,
5.5,1.2,3.5,
5.5,1.2,3.6,
5.6,1.2,0,
5.6,1.2,0.1,
5.6,1.2,0.2,
5.6,1.2,0.3,
5.6,1.2,0.4,
5.6,1.2,0.5,
5.6,1.2,0.6,
5.6,1.2,0.7,
5.6,1.2,0.8,
5.6,1.2,0.9,
5.6,1.2,1,
5.6,1.2,1.1,
5.6,1.2,1.2,
5.6,1.2,1.3,
5.6,1.2,1.4,
5.6,1.2,1.5,
5.6,1.2,1.6,
5.6,1.2,1.7,
5.6,1.2,1.8,
5.6,1.2,1.9,
5.6,1.2,2,
5.6,1.2,2.1,
5.6,1.2,2.2,1.035984351
5.6,1.2,2.3,
5.6,1.2,2.4,
5.6,1.2,2.5,
5.6,1.2,2.6,
5.6,1.2,2.7,
5.6,1.2,2.8,1.059275046
5.6,1.2,2.9,
5.6,1.2,3,
5.6,1.2,3.1,
5.6,1.2,3.2,
5.6,1.2,3.3,
5.6,1.2,3.4,
5.6,1.2,3.5,
5.6,1.2,3.6,
5.7,1.2,0,
5.7,1.2,0.1,
5.7,1.2,0.2,
5.7,1.2,0.3,
5.7,1.2,0.4,
5.7,1.2,0.5,
5.7,1.2,0.6,
5.7,1.2,0.7,
5.7,1.2,0.8,
5.7,1.2,0.9,
5.7,1.2,1,
5.7,1.2,1.1,
5.7,1.2,1.2,
5.7,1.2,1.3,
5.7,1.2,1.4,
5.7,1.2,1.5,
5.7,1.2,1.6,
5.7,1.2,1.7,
5.7,1.2,1.8,
5.7,1.2,1.9,
5.7,1.2,2,
5.7,1.2,2.1,
5.7,1.2,2.2,
5.7,1.2,2.3,
5.7,1.2,2.4,
5.7,1.2,2.5,
5.7,1.2,2.6,
5.7,1.2,2.7,
5.7,1.2,2.8,
5.7,1.2,2.9,
5.7,1.2,3,
5.7,1.2,3.1,
5.7,1.2,3.2,
5.7,1.2,3.3,
5.7,1.2,3.4,
5.7,1.2,3.5,
5.7,1.2,3.6,
5.8,1.2,0,
5.8,1.2,0.1,
5.8,1.2,0.2,
5.8,1.2,0.3,
5.8,1.2,0.4,
5.8,1.2,0.5,
5.8,1.2,0.6,
5.8,1.2,0.7,
5.8,1.2,0.8,1.057591261
5.8,1.2,0.9,
5.8,1.2,1,
5.8,1.2,1.1,
5.8,1.2,1.2,
5.8,1.2,1.3,
5.8,1.2,1.4,1.013966941
5.8,1.2,1.5,
5.8,1.2,1.6,
5.8,1.2,1.7,
5.8,1.2,1.8,
5.8,1.2,1.9,
5.8,1.2,2,
5.8,1.2,2.1,
5.8,1.2,2.2,
5.8,1.2,2.3,
5.8,1.2,2.4,
5.8,1.2,2.5,
5.8,1.2,2.6,
5.8,1.2,2.7,
5.8,1.2,2.8,
5.8,1.2,2.9,
5.8,1.2,3,
5.8,1.2,3.1,
5.8,1.2,3.2,
5.8,1.2,3.3,
5.8,1.2,3.4,
5.8,1.2,3.5,
5.8,1.2,3.6,
5.9,1.2,0,
5.9,1.2,0.1,
5.9,1.2,0.2,
5.9,1.2,0.3,0.974751505
5.9,1.2,0.4,
5.9,1.2,0.5,
5.9,1.2,0.6,
5.9,1.2,0.7,
5.9,1.2,0.8,
5.9,1.2,0.9,
5.9,1.2,1,
5.9,1.2,1.1,
5.9,1.2,1.2,
5.9,1.2,1.3,
5.9,1.2,1.4,
5.9,1.2,1.5,
5.9,1.2,1.6,
5.9,1.2,1.7,
5.9,1.2,1.8,
5.9,1.2,1.9,
5.9,1.2,2,
5.9,1.2,2.1,
5.9,1.2,2.2,
5.9,1.2,2.3,
5.9,1.2,2.4,1.036058547
5.9,1.2,2.5,
5.9,1.2,2.6,
5.9,1.2,2.7,
5.9,1.2,2.8,
5.9,1.2,2.9,
5.9,1.2,3,
5.9,1.2,3.1,
5.9,1.2,3.2,
5.9,1.2,3.3,
5.9,1.2,3.4,
5.9,1.2,3.5,
5.9,1.2,3.6,
6,1.2,0,
6,1.2,0.1,
6,1.2,0.2,
6,1.2,0.3,
6,1.2,0.4,
6,1.2,0.5,
6,1.2,0.6,
6,1.2,0.7,
6,1.2,0.8,
6,1.2,0.9,
6,1.2,1,
6,1.2,1.1,
6,1.2,1.2,
6,1.2,1.3,
6,1.2,1.4,
6,1.2,1.5,
6,1.2,1.6,
6,1.2,1.7,
6,1.2,1.8,
6,1.2,1.9,
6,1.2,2,
6,1.2,2.1,
6,1.2,2.2,
6,1.2,2.3,
6,1.2,2.4,
6,1.2,2.5,
6,1.2,2.6,
6,1.2,2.7,
6,1.2,2.8,
6,1.2,2.9,
6,1.2,3,
6,1.2,3.1,
6,1.2,3.2,
6,1.2,3.3,
6,1.2,3.4,
6,1.2,3.5,
6,1.2,3.6,
6.1,1.2,0,
6.1,1.2,0.1,
6.1,1.2,0.2,
6.1,1.2,0.3,
6.1,1.2,0.4,
6.1,1.2,0.5,
6.1,1.2,0.6,
6.1,1.2,0.7,
6.1,1.2,0.8,
6.1,1.2,0.9,
6.1,1.2,1,
6.1,1.2,1.1,
6.1,1.2,1.2,
6.1,1.2,1.3,
6.1,1.2,1.4,
6.1,1.2,1.5,
6.1,1.2,1.6,
6.1,1.2,1.7,
6.1,1.2,1.8,
6.1,1.2,1.9,
6.1,1.2,2,
6.1,1.2,2.1,
6.1,1.2,2.2,
6.1,1.2,2.3,
6.1,1.2,2.4,
6.1,1.2,2.5,
6.1,1.2,2.6,
6.1,1.2,2.7,
6.1,1.2,2.8,
6.1,1.2,2.9,
6.1,1.2,3,
6.1,1.2,3.1,
6.1,1.2,3.2,
6.1,1.2,3.3,
6.1,1.2,3.4,
6.1,1.2,3.5,
6.1,1.2,3.6,
6.2,1.2,0,
6.2,1.2,0.1,
6.2,1.2,0.2,
6.2,1.2,0.3,
6.2,1.2,0.4,
6.2,1.2,0.5,
6.2,1.2,0.6,
6.2,1.2,0.7,
6.2,1.2,0.8,
6.2,1.2,0.9,
6.2,1.2,1,
6.2,1.2,1.1,
6.2,1.2,1.2,
6.2,1.2,1.3,
6.2,1.2,1.4,
6.2,1.2,1.5,
6.2,1.2,1.6,
6.2,1.2,1.7,
6.2,1.2,1.8,
6.2,1.2,1.9,
6.2,1.2,2,
6.2,1.2,2.1,
6.2,1.2,2.2,
6.2,1.2,2.3,
6.2,1.2,2.4,
6.2,1.2,2.5,
6.2,1.2,2.6,
6.2,1.2,2.7,
6.2,1.2,2.8,
6.2,1.2,2.9,
6.2,1.2,3,
6.2,1.2,3.1,
6.2,1.2,3.2,
6.2,1.2,3.3,
6.2,1.2,3.4,
6.2,1.2,3.5,
6.2,1.2,3.6,
6.3,1.2,0,
6.3,1.2,0.1,
6.3,1.2,0.2,
6.3,1.2,0.3,
6.3,1.2,0.4,
6.3,1.2,0.5,
6.3,1.2,0.6,
6.3,1.2,0.7,
6.3,1.2,0.8,
6.3,1.2,0.9,
6.3,1.2,1,
6.3,1.2,1.1,
6.3,1.2,1.2,
6.3,1.2,1.3,
6.3,1.2,1.4,
6.3,1.2,1.5,
6.3,1.2,1.6,
6.3,1.2,1.7,
6.3,1.2,1.8,
6.3,1.2,1.9,
6.3,1.2,2,
6.3,1.2,2.1,
6.3,1.2,2.2,
6.3,1.2,2.3,
6.3,1.2,2.4,
6.3,1.2,2.5,
6.3,1.2,2.6,
6.3,1.2,2.7,
6.3,1.2,2.8,
6.3,1.2,2.9,
6.3,1.2,3,
6.3,1.2,3.1,
6.3,1.2,3.2,
6.3,1.2,3.3,
6.3,1.2,3.4,
6.3,1.2,3.5,
6.3,1.2,3.6,
6.4,1.2,0,
6.4,1.2,0.1,
6.4,1.2,0.2,
6.4,1.2,0.3,
6.4,1.2,0.4,
6.4,1.2,0.5,
6.4,1.2,0.6,
6.4,1.2,0.7,
6.4,1.2,0.8,
6.4,1.2,0.9,
6.4,1.2,1,
6.4,1.2,1.1,
6.4,1.2,1.2,
6.4,1.2,1.3,
6.4,1.2,1.4,
6.4,1.2,1.5,
6.4,1.2,1.6,
6.4,1.2,1.7,0.959455588
6.4,1.2,1.8,
6.4,1.2,1.9,
6.4,1.2,2,
6.4,1.2,2.1,
6.4,1.2,2.2,
6.4,1.2,2.3,
6.4,1.2,2.4,
6.4,1.2,2.5,
6.4,1.2,2.6,
6.4,1.2,2.7,
6.4,1.2,2.8,
6.4,1.2,2.9,
6.4,1.2,3,
6.4,1.2,3.1,1.04000036
6.4,1.2,3.2,
6.4,1.2,3.3,
6.4,1.2,3.4,
6.4,1.2,3.5,0.994642223
6.4,1.2,3.6,
6.5,1.2,0,
6.5,1.2,0.1,
6.5,1.2,0.2,
6.5,1.2,0.3,
6.5,1.2,0.4,
6.5,1.2,0.5,
6.5,1.2,0.6,
6.5,1.2,0.7,
6.5,1.2,0.8,
6.5,1.2,0.9,
6.5,1.2,1,
6.5,1.2,1.1,
6.5,1.2,1.2,
6.5,1.2,1.3,
6.5,1.2,1.4,
6.5,1.2,1.5,
6.5,1.2,1.6,
6.5,1.2,1.7,
6.5,1.2,1.8,
6.5,1.2,1.9,
6.5,1.2,2,
6.5,1.2,2.1,
6.5,1.2,2.2,
6.5,1.2,2.3,
6.5,1.2,2.4,
6.5,1.2,2.5,
6.5,1.2,2.6,
6.5,1.2,2.7,
6.5,1.2,2.8,
6.5,1.2,2.9,
6.5,1.2,3,
6.5,1.2,3.1,1.05314002
6.5,1.2,3.2,
6.5,1.2,3.3,
6.5,1.2,3.4,
6.5,1.2,3.5,
6.5,1.2,3.6,
6.6,1.2,0,
6.6,1.2,0.1,
6.6,1.2,0.2,
6.6,1.2,0.3,
6.6,1.2,0.4,
6.6,1.2,0.5,
6.6,1.2,0.6,
6.6,1.2,0.7,
6.6,1.2,0.8,
6.6,1.2,0.9,
6.6,1.2,1,1.058204735
6.6,1.2,1.1,
6.6,1.2,1.2,
6.6,1.2,1.3,
6.6,1.2,1.4,
6.6,1.2,1.5,
6.6,1.2,1.6,
6.6,1.2,1.7,
6.6,1.2,1.8,
6.6,1.2,1.9,
6.6,1.2,2,
6.6,1.2,2.1,
6.6,1.2,2.2,
6.6,1.2,2.3,
6.6,1.2,2.4,
6.6,1.2,2.5,
6.6,1.2,2.6,
6.6,1.2,2.7,
6.6,1.2,2.8,
6.6,1.2,2.9,
6.6,1.2,3,
6.6,1.2,3.1,
6.6,1.2,3.2,
6.6,1.2,3.3,
6.6,1.2,3.4,
6.6,1.2,3.5,
6.6,1.2,3.6,
6.7,1.2,0,
6.7,1.2,0.1,
6.7,1.2,0.2,
6.7,1.2,0.3,
6.7,1.2,0.4,
6.7,1.2,0.5,
6.7,1.2,0.6,
6.7,1.2,0.7,
6.7,1.2,0.8,
6.7,1.2,0.9,
6.7,1.2,1,
6.7,1.2,1.1,
6.7,1.2,1.2,
6.7,1.2,1.3,
6.7,1.2,1.4,
6.7,1.2,1.5,
6.7,1.2,1.6,
6.7,1.2,1.7,
6.7,1.2,1.8,
6.7,1.2,1.9,
6.7,1.2,2,
6.7,1.2,2.1,
6.7,1.2,2.2,
6.7,1.2,2.3,
6.7,1.2,2.4,
6.7,1.2,2.5,1.034626634
6.7,1.2,2.6,
6.7,1.2,2.7,
6.7,1.2,2.8,
6.7,1.2,2.9,
6.7,1.2,3,
6.7,1.2,3.1,
6.7,1.2,3.2,
6.7,1.2,3.3,
6.7,1.2,3.4,
6.7,1.2,3.5,
6.7,1.2,3.6,
6.8,1.2,0,
6.8,1.2,0.1,
6.8,1.2,0.2,
6.8,1.2,0.3,
6.8,1.2,0.4,
6.8,1.2,0.5,
6.8,1.2,0.6,
6.8,1.2,0.7,
6.8,1.2,0.8,
6.8,1.2,0.9,
6.8,1.2,1,
6.8,1.2,1.1,
6.8,1.2,1.2,
6.8,1.2,1.3,
6.8,1.2,1.4,
6.8,1.2,1.5,
6.8,1.2,1.6,
6.8,1.2,1.7,
6.8,1.2,1.8,
6.8,1.2,1.9,
6.8,1.2,2,
6.8,1.2,2.1,
6.8,1.2,2.2,
6.8,1.2,2.3,
6.8,1.2,2.4,
6.8,1.2,2.5,
6.8,1.2,2.6,
6.8,1.2,2.7,
6.8,1.2,2.8,
6.8,1.2,2.9,
6.8,1.2,3,
6.8,1.2,3.1,
6.8,1.2,3.2,
6.8,1.2,3.3,
6.8,1.2,3.4,
6.8,1.2,3.5,
6.8,1.2,3.6,
6.9,1.2,0,
6.9,1.2,0.1,
6.9,1.2,0.2,
6.9,1.2,0.3,
6.9,1.2,0.4,
6.9,1.2,0.5,
6.9,1.2,0.6,
6.9,1.2,0.7,
6.9,1.2,0.8,
6.9,1.2,0.9,
6.9,1.2,1,
6.9,1.2,1.1,
6.9,1.2,1.2,
6.9,1.2,1.3,
6.9,1.2,1.4,
6.9,1.2,1.5,
6.9,1.2,1.6,
6.9,1.2,1.7,
6.9,1.2,1.8,
6.9,1.2,1.9,
6.9,1.2,2,
6.9,1.2,2.1,
6.9,1.2,2.2,
6.9,1.2,2.3,
6.9,1.2,2.4,
6.9,1.2,2.5,
6.9,1.2,2.6,
6.9,1.2,2.7,
6.9,1.2,2.8,
6.9,1.2,2.9,
6.9,1.2,3,
6.9,1.2,3.1,
6.9,1.2,3.2,
6.9,1.2,3.3,
6.9,1.2,3.4,
6.9,1.2,3.5,
6.9,1.2,3.6,
7,1.2,0,
7,1.2,0.1,
7,1.2,0.2,
7,1.2,0.3,
7,1.2,0.4,
7,1.2,0.5,
7,1.2,0.6,
7,1.2,0.7,
7,1.2,0.8,
7,1.2,0.9,
7,1.2,1,
7,1.2,1.1,
7,1.2,1.2,
7,1.2,1.3,
7,1.2,1.4,
7,1.2,1.5,
7,1.2,1.6,
7,1.2,1.7,
7,1.2,1.8,
7,1.2,1.9,
7,1.2,2,
7,1.2,2.1,
7,1.2,2.2,
7,1.2,2.3,
7,1.2,2.4,
7,1.2,2.5,
7,1.2,2.6,
7,1.2,2.7,1.100066241
7,1.2,2.8,
7,1.2,2.9,
7,1.2,3,
7,1.2,3.1,
7,1.2,3.2,
7,1.2,3.3,
7,1.2,3.4,
7,1.2,3.5,
7,1.2,3.6,
7.1,1.2,0,
7.1,1.2,0.1,0.960137005
7.1,1.2,0.2,
7.1,1.2,0.3,
7.1,1.2,0.4,
7.1,1.2,0.5,
7.1,1.2,0.6,
7.1,1.2,0.7,
7.1,1.2,0.8,
7.1,1.2,0.9,
7.1,1.2,1,
7.1,1.2,1.1,
7.1,1.2,1.2,
7.1,1.2,1.3,
7.1,1.2,1.4,
7.1,1.2,1.5,
7.1,1.2,1.6,
7.1,1.2,1.7,
7.1,1.2,1.8,
7.1,1.2,1.9,
7.1,1.2,2,
7.1,1.2,2.1,
7.1,1.2,2.2,
7.1,1.2,2.3,
7.1,1.2,2.4,
7.1,1.2,2.5,
7.1,1.2,2.6,
7.1,1.2,2.7,
7.1,1.2,2.8,
7.1,1.2,2.9,
7.1,1.2,3,
7.1,1.2,3.1,
7.1,1.2,3.2,
7.1,1.2,3.3,
7.1,1.2,3.4,
7.1,1.2,3.5,
7.1,1.2,3.6,
7.2,1.2,0,
7.2,1.2,0.1,
7.2,1.2,0.2,
7.2,1.2,0.3,
7.2,1.2,0.4,
7.2,1.2,0.5,
7.2,1.2,0.6,
7.2,1.2,0.7,
7.2,1.2,0.8,
7.2,1.2,0.9,
7.2,1.2,1,
7.2,1.2,1.1,
7.2,1.2,1.2,1.054024128
7.2,1.2,1.3,
7.2,1.2,1.4,
7.2,1.2,1.5,
7.2,1.2,1.6,
7.2,1.2,1.7,
7.2,1.2,1.8,
7.2,1.2,1.9,
7.2,1.2,2,
7.2,1.2,2.1,
7.2,1.2,2.2,
7.2,1.2,2.3,
7.2,1.2,2.4,
7.2,1.2,2.5,
7.2,1.2,2.6,
7.2,1.2,2.7,
7.2,1.2,2.8,
7.2,1.2,2.9,
7.2,1.2,3,
7.2,1.2,3.1,
7.2,1.2,3.2,
7.2,1.2,3.3,
7.2,1.2,3.4,
7.2,1.2,3.5,
7.2,1.2,3.6,
7.3,1.2,0,
7.3,1.2,0.1,
7.3,1.2,0.2,
7.3,1.2,0.3,
7.3,1.2,0.4,
7.3,1.2,0.5,
7.3,1.2,0.6,
7.3,1.2,0.7,
7.3,1.2,0.8,
7.3,1.2,0.9,
7.3,1.2,1,
7.3,1.2,1.1,
7.3,1.2,1.2,
7.3,1.2,1.3,
7.3,1.2,1.4,
7.3,1.2,1.5,
7.3,1.2,1.6,
7.3,1.2,1.7,
7.3,1.2,1.8,
7.3,1.2,1.9,
7.3,1.2,2,
7.3,1.2,2.1,
7.3,1.2,2.2,
7.3,1.2,2.3,
7.3,1.2,2.4,
7.3,1.2,2.5,
7.3,1.2,2.6,
7.3,1.2,2.7,
7.3,1.2,2.8,
7.3,1.2,2.9,
7.3,1.2,3,
7.3,1.2,3.1,
7.3,1.2,3.2,
7.3,1.2,3.3,
7.3,1.2,3.4,
7.3,1.2,3.5,
7.3,1.2,3.6,
7.4,1.2,0,
7.4,1.2,0.1,
7.4,1.2,0.2,
7.4,1.2,0.3,
7.4,1.2,0.4,
7.4,1.2,0.5,
7.4,1.2,0.6,
7.4,1.2,0.7,
7.4,1.2,0.8,
7.4,1.2,0.9,
7.4,1.2,1,
7.4,1.2,1.1,
7.4,1.2,1.2,
7.4,1.2,1.3,
7.4,1.2,1.4,
7.4,1.2,1.5,
7.4,1.2,1.6,
7.4,1.2,1.7,
7.4,1.2,1.8,
7.4,1.2,1.9,
7.4,1.2,2,
7.4,1.2,2.1,
7.4,1.2,2.2,
7.4,1.2,2.3,
7.4,1.2,2.4,1.078455635
7.4,1.2,2.5,
7.4,1.2,2.6,
7.4,1.2,2.7,
7.4,1.2,2.8,
7.4,1.2,2.9,
7.4,1.2,3,
7.4,1.2,3.1,
7.4,1.2,3.2,
7.4,1.2,3.3,
7.4,1.2,3.4,
7.4,1.2,3.5,
7.4,1.2,3.6,
7.5,1.2,0,
7.5,1.2,0.1,
7.5,1.2,0.2,
7.5,1.2,0.3,
7.5,1.2,0.4,0.985707902
7.5,1.2,0.5,
7.5,1.2,0.6,
7.5,1.2,0.7,
7.5,1.2,0.8,
7.5,1.2,0.9,
7.5,1.2,1,
7.5,1.2,1.1,
7.5,1.2,1.2,
7.5,1.2,1.3,
7.5,1.2,1.4,
7.5,1.2,1.5,
7.5,1.2,1.6,
7.5,1.2,1.7,
7.5,1.2,1.8,
7.5,1.2,1.9,
7.5,1.2,2,
7.5,1.2,2.1,
7.5,1.2,2.2,
7.5,1.2,2.3,
7.5,1.2,2.4,
7.5,1.2,2.5,
7.5,1.2,2.6,
7.5,1.2,2.7,
7.5,1.2,2.8,
7.5,1.2,2.9,
7.5,1.2,3,
7.5,1.2,3.1,
7.5,1.2,3.2,
7.5,1.2,3.3,
7.5,1.2,3.4,
7.5,1.2,3.5,
7.5,1.2,3.6,
7.6,1.2,0,
7.6,1.2,0.1,
7.6,1.2,0.2,
7.6,1.2,0.3,
7.6,1.2,0.4,
7.6,1.2,0.5,
7.6,1.2,0.6,
7.6,1.2,0.7,
7.6,1.2,0.8,
7.6,1.2,0.9,
7.6,1.2,1,
7.6,1.2,1.1,
7.6,1.2,1.2,
7.6,1.2,1.3,
7.6,1.2,1.4,
7.6,1.2,1.5,
7.6,1.2,1.6,
7.6,1.2,1.7,0.974673044
7.6,1.2,1.8,
7.6,1.2,1.9,
7.6,1.2,2,
7.6,1.2,2.1,
7.6,1.2,2.2,
7.6,1.2,2.3,
7.6,1.2,2.4,
7.6,1.2,2.5,
7.6,1.2,2.6,
7.6,1.2,2.7,
7.6,1.2,2.8,
7.6,1.2,2.9,
7.6,1.2,3,1.019671568
7.6,1.2,3.1,
7.6,1.2,3.2,
7.6,1.2,3.3,
7.6,1.2,3.4,
7.6,1.2,3.5,
7.6,1.2,3.6,
7.7,1.2,0,
7.7,1.2,0.1,
7.7,1.2,0.2,
7.7,1.2,0.3,
7.7,1.2,0.4,
7.7,1.2,0.5,
7.7,1.2,0.6,
7.7,1.2,0.7,
7.7,1.2,0.8,
7.7,1.2,0.9,
7.7,1.2,1,1.067107501
7.7,1.2,1.1,
7.7,1.2,1.2,
7.7,1.2,1.3,
7.7,1.2,1.4,
7.7,1.2,1.5,
7.7,1.2,1.6,
7.7,1.2,1.7,
7.7,1.2,1.8,
7.7,1.2,1.9,
7.7,1.2,2,
7.7,1.2,2.1,0.980801246
7.7,1.2,2.2,
7.7,1.2,2.3,
7.7,1.2,2.4,
7.7,1.2,2.5,
7.7,1.2,2.6,1.063687056
7.7,1.2,2.7,
7.7,1.2,2.8,
7.7,1.2,2.9,
7.7,1.2,3,
7.7,1.2,3.1,
7.7,1.2,3.2,
7.7,1.2,3.3,
7.7,1.2,3.4,
7.7,1.2,3.5,
7.7,1.2,3.6,
7.8,1.2,0,
7.8,1.2,0.1,
7.8,1.2,0.2,
7.8,1.2,0.3,
7.8,1.2,0.4,
7.8,1.2,0.5,
7.8,1.2,0.6,
7.8,1.2,0.7,
7.8,1.2,0.8,
7.8,1.2,0.9,
7.8,1.2,1,
7.8,1.2,1.1,
7.8,1.2,1.2,
7.8,1.2,1.3,1.00294516
7.8,1.2,1.4,
7.8,1.2,1.5,
7.8,1.2,1.6,
7.8,1.2,1.7,
7.8,1.2,1.8,
7.8,1.2,1.9,
7.8,1.2,2,
7.8,1.2,2.1,
7.8,1.2,2.2,
7.8,1.2,2.3,
7.8,1.2,2.4,
7.8,1.2,2.5,
7.8,1.2,2.6,
7.8,1.2,2.7,
7.8,1.2,2.8,
7.8,1.2,2.9,
7.8,1.2,3,
7.8,1.2,3.1,
7.8,1.2,3.2,
7.8,1.2,3.3,
7.8,1.2,3.4,
7.8,1.2,3.5,
7.8,1.2,3.6,0.976145893
7.9,1.2,0,
7.9,1.2,0.1,
7.9,1.2,0.2,
7.9,1.2,0.3,
7.9,1.2,0.4,
7.9,1.2,0.5,
7.9,1.2,0.6,
7.9,1.2,0.7,
7.9,1.2,0.8,
7.9,1.2,0.9,
7.9,1.2,1,
7.9,1.2,1.1,
7.9,1.2,1.2,
7.9,1.2,1.3,
7.9,1.2,1.4,
7.9,1.2,1.5,
7.9,1.2,1.6,
7.9,1.2,1.7,
7.9,1.2,1.8,
7.9,1.2,1.9,
7.9,1.2,2,
7.9,1.2,2.1,
7.9,1.2,2.2,
7.9,1.2,2.3,
7.9,1.2,2.4,
7.9,1.2,2.5,
7.9,1.2,2.6,
7.9,1.2,2.7,
7.9,1.2,2.8,
7.9,1.2,2.9,
7.9,1.2,3,
7.9,1.2,3.1,
7.9,1.2,3.2,
7.9,1.2,3.3,
7.9,1.2,3.4,
7.9,1.2,3.5,
7.9,1.2,3.6,
8,1.2,0,
8,1.2,0.1,
8,1.2,0.2,
8,1.2,0.3,
8,1.2,0.4,
8,1.2,0.5,
8,1.2,0.6,
8,1.2,0.7,
8,1.2,0.8,
8,1.2,0.9,
8,1.2,1,
8,1.2,1.1,
8,1.2,1.2,
8,1.2,1.3,
8,1.2,1.4,
8,1.2,1.5,
8,1.2,1.6,
8,1.2,1.7,
8,1.2,1.8,
8,1.2,1.9,
8,1.2,2,
8,1.2,2.1,
8,1.2,2.2,
8,1.2,2.3,
8,1.2,2.4,
8,1.2,2.5,
8,1.2,2.6,
8,1.2,2.7,
8,1.2,2.8,
8,1.2,2.9,
8,1.2,3,
8,1.2,3.1,
8,1.2,3.2,
8,1.2,3.3,
8,1.2,3.4,
8,1.2,3.5,
8,1.2,3.6,
0,1.3,0,
0,1.3,0.1,
0,1.3,0.2,
0,1.3,0.3,
0,1.3,0.4,
0,1.3,0.5,
0,1.3,0.6,
0,1.3,0.7,
0,1.3,0.8,
0,1.3,0.9,
0,1.3,1,
0,1.3,1.1,
0,1.3,1.2,
0,1.3,1.3,
0,1.3,1.4,
0,1.3,1.5,
0,1.3,1.6,
0,1.3,1.7,
0,1.3,1.8,
0,1.3,1.9,
0,1.3,2,
0,1.3,2.1,
0,1.3,2.2,
0,1.3,2.3,
0,1.3,2.4,1.292390088
0,1.3,2.5,
0,1.3,2.6,1.357033429
0,1.3,2.7,
0,1.3,2.8,
0,1.3,2.9,
0,1.3,3,
0,1.3,3.1,
0,1.3,3.2,
0,1.3,3.3,
0,1.3,3.4,
0,1.3,3.5,
0,1.3,3.6,
0.1,1.3,0,
0.1,1.3,0.1,
0.1,1.3,0.2,
0.1,1.3,0.3,
0.1,1.3,0.4,
0.1,1.3,0.5,
0.1,1.3,0.6,
0.1,1.3,0.7,
0.1,1.3,0.8,
0.1,1.3,0.9,
0.1,1.3,1,
0.1,1.3,1.1,1.043681489
0.1,1.3,1.2,
0.1,1.3,1.3,
0.1,1.3,1.4,
0.1,1.3,1.5,
0.1,1.3,1.6,
0.1,1.3,1.7,
0.1,1.3,1.8,0.971063553
0.1,1.3,1.9,
0.1,1.3,2,
0.1,1.3,2.1,
0.1,1.3,2.2,
0.1,1.3,2.3,
0.1,1.3,2.4,1.022341517
0.1,1.3,2.5,
0.1,1.3,2.6,1.061811383
0.1,1.3,2.7,1.08542445
0.1,1.3,2.8,
0.1,1.3,2.9,
0.1,1.3,3,
0.1,1.3,3.1,
0.1,1.3,3.2,
0.1,1.3,3.3,
0.1,1.3,3.4,
0.1,1.3,3.5,
0.1,1.3,3.6,
0.2,1.3,0,
0.2,1.3,0.1,
0.2,1.3,0.2,
0.2,1.3,0.3,
0.2,1.3,0.4,
0.2,1.3,0.5,
0.2,1.3,0.6,
0.2,1.3,0.7,
0.2,1.3,0.8,
0.2,1.3,0.9,
0.2,1.3,1,
0.2,1.3,1.1,
0.2,1.3,1.2,
0.2,1.3,1.3,
0.2,1.3,1.4,
0.2,1.3,1.5,
0.2,1.3,1.6,
0.2,1.3,1.7,
0.2,1.3,1.8,
0.2,1.3,1.9,
0.2,1.3,2,
0.2,1.3,2.1,0.985916279
0.2,1.3,2.2,
0.2,1.3,2.3,
0.2,1.3,2.4,
0.2,1.3,2.5,
0.2,1.3,2.6,1.064017957
0.2,1.3,2.7,
0.2,1.3,2.8,
0.2,1.3,2.9,
0.2,1.3,3,1.051552322
0.2,1.3,3.1,
0.2,1.3,3.2,
0.2,1.3,3.3,
0.2,1.3,3.4,
0.2,1.3,3.5,
0.2,1.3,3.6,1.004126623
0.3,1.3,0,
0.3,1.3,0.1,
0.3,1.3,0.2,
0.3,1.3,0.3,
0.3,1.3,0.4,
0.3,1.3,0.5,
0.3,1.3,0.6,
0.3,1.3,0.7,
0.3,1.3,0.8,
0.3,1.3,0.9,
0.3,1.3,1,
0.3,1.3,1.1,
0.3,1.3,1.2,
0.3,1.3,1.3,
0.3,1.3,1.4,
0.3,1.3,1.5,
0.3,1.3,1.6,
0.3,1.3,1.7,
0.3,1.3,1.8,
0.3,1.3,1.9,
0.3,1.3,2,
0.3,1.3,2.1,
0.3,1.3,2.2,
0.3,1.3,2.3,
0.3,1.3,2.4,
0.3,1.3,2.5,
0.3,1.3,2.6,
0.3,1.3,2.7,
0.3,1.3,2.8,
0.3,1.3,2.9,
0.3,1.3,3,
0.3,1.3,3.1,
0.3,1.3,3.2,
0.3,1.3,3.3,
0.3,1.3,3.4,
0.3,1.3,3.5,
0.3,1.3,3.6,
0.4,1.3,0,
0.4,1.3,0.1,
0.4,1.3,0.2,
0.4,1.3,0.3,
0.4,1.3,0.4,
0.4,1.3,0.5,1.023098267
0.4,1.3,0.6,
0.4,1.3,0.7,
0.4,1.3,0.8,
0.4,1.3,0.9,
0.4,1.3,1,
0.4,1.3,1.1,
0.4,1.3,1.2,
0.4,1.3,1.3,
0.4,1.3,1.4,
0.4,1.3,1.5,
0.4,1.3,1.6,
0.4,1.3,1.7,
0.4,1.3,1.8,
0.4,1.3,1.9,
0.4,1.3,2,
0.4,1.3,2.1,
0.4,1.3,2.2,
0.4,1.3,2.3,
0.4,1.3,2.4,
0.4,1.3,2.5,
0.4,1.3,2.6,
0.4,1.3,2.7,1.223800101
0.4,1.3,2.8,1.076236553
0.4,1.3,2.9,
0.4,1.3,3,
0.4,1.3,3.1,
0.4,1.3,3.2,
0.4,1.3,3.3,
0.4,1.3,3.4,
0.4,1.3,3.5,
0.4,1.3,3.6,
0.5,1.3,0,
0.5,1.3,0.1,
0.5,1.3,0.2,
0.5,1.3,0.3,
0.5,1.3,0.4,
0.5,1.3,0.5,
0.5,1.3,0.6,
0.5,1.3,0.7,
0.5,1.3,0.8,
0.5,1.3,0.9,
0.5,1.3,1,
0.5,1.3,1.1,
0.5,1.3,1.2,
0.5,1.3,1.3,
0.5,1.3,1.4,
0.5,1.3,1.5,
0.5,1.3,1.6,
0.5,1.3,1.7,
0.5,1.3,1.8,
0.5,1.3,1.9,
0.5,1.3,2,
0.5,1.3,2.1,
0.5,1.3,2.2,
0.5,1.3,2.3,1.025242868
0.5,1.3,2.4,
0.5,1.3,2.5,
0.5,1.3,2.6,
0.5,1.3,2.7,
0.5,1.3,2.8,
0.5,1.3,2.9,
0.5,1.3,3,
0.5,1.3,3.1,
0.5,1.3,3.2,
0.5,1.3,3.3,
0.5,1.3,3.4,
0.5,1.3,3.5,
0.5,1.3,3.6,
0.6,1.3,0,
0.6,1.3,0.1,
0.6,1.3,0.2,
0.6,1.3,0.3,
0.6,1.3,0.4,
0.6,1.3,0.5,
0.6,1.3,0.6,
0.6,1.3,0.7,
0.6,1.3,0.8,
0.6,1.3,0.9,
0.6,1.3,1,
0.6,1.3,1.1,
0.6,1.3,1.2,
0.6,1.3,1.3,1.092801206
0.6,1.3,1.4,
0.6,1.3,1.5,
0.6,1.3,1.6,
0.6,1.3,1.7,
0.6,1.3,1.8,
0.6,1.3,1.9,
0.6,1.3,2,
0.6,1.3,2.1,
0.6,1.3,2.2,
0.6,1.3,2.3,
0.6,1.3,2.4,
0.6,1.3,2.5,
0.6,1.3,2.6,1.153948484
0.6,1.3,2.7,
0.6,1.3,2.8,
0.6,1.3,2.9,
0.6,1.3,3,
0.6,1.3,3.1,
0.6,1.3,3.2,
0.6,1.3,3.3,
0.6,1.3,3.4,
0.6,1.3,3.5,
0.6,1.3,3.6,
0.7,1.3,0,
0.7,1.3,0.1,
0.7,1.3,0.2,
0.7,1.3,0.3,
0.7,1.3,0.4,
0.7,1.3,0.5,
0.7,1.3,0.6,
0.7,1.3,0.7,
0.7,1.3,0.8,1.060545773
0.7,1.3,0.9,1.16243336
0.7,1.3,1,
0.7,1.3,1.1,
0.7,1.3,1.2,
0.7,1.3,1.3,
0.7,1.3,1.4,
0.7,1.3,1.5,
0.7,1.3,1.6,
0.7,1.3,1.7,
0.7,1.3,1.8,
0.7,1.3,1.9,
0.7,1.3,2,
0.7,1.3,2.1,
0.7,1.3,2.2,
0.7,1.3,2.3,
0.7,1.3,2.4,
0.7,1.3,2.5,
0.7,1.3,2.6,
0.7,1.3,2.7,
0.7,1.3,2.8,
0.7,1.3,2.9,
0.7,1.3,3,
0.7,1.3,3.1,
0.7,1.3,3.2,
0.7,1.3,3.3,
0.7,1.3,3.4,0.978711796
0.7,1.3,3.5,
0.7,1.3,3.6,
0.8,1.3,0,
0.8,1.3,0.1,
0.8,1.3,0.2,
0.8,1.3,0.3,
0.8,1.3,0.4,
0.8,1.3,0.5,
0.8,1.3,0.6,
0.8,1.3,0.7,
0.8,1.3,0.8,
0.8,1.3,0.9,
0.8,1.3,1,
0.8,1.3,1.1,
0.8,1.3,1.2,
0.8,1.3,1.3,
0.8,1.3,1.4,
0.8,1.3,1.5,
0.8,1.3,1.6,
0.8,1.3,1.7,
0.8,1.3,1.8,
0.8,1.3,1.9,
0.8,1.3,2,
0.8,1.3,2.1,
0.8,1.3,2.2,
0.8,1.3,2.3,
0.8,1.3,2.4,
0.8,1.3,2.5,
0.8,1.3,2.6,
0.8,1.3,2.7,
0.8,1.3,2.8,
0.8,1.3,2.9,
0.8,1.3,3,
0.8,1.3,3.1,
0.8,1.3,3.2,
0.8,1.3,3.3,
0.8,1.3,3.4,
0.8,1.3,3.5,
0.8,1.3,3.6,
0.9,1.3,0,
0.9,1.3,0.1,
0.9,1.3,0.2,
0.9,1.3,0.3,
0.9,1.3,0.4,
0.9,1.3,0.5,
0.9,1.3,0.6,
0.9,1.3,0.7,
0.9,1.3,0.8,
0.9,1.3,0.9,
0.9,1.3,1,
0.9,1.3,1.1,
0.9,1.3,1.2,
0.9,1.3,1.3,
0.9,1.3,1.4,
0.9,1.3,1.5,
0.9,1.3,1.6,
0.9,1.3,1.7,
0.9,1.3,1.8,
0.9,1.3,1.9,
0.9,1.3,2,
0.9,1.3,2.1,
0.9,1.3,2.2,
0.9,1.3,2.3,
0.9,1.3,2.4,
0.9,1.3,2.5,
0.9,1.3,2.6,
0.9,1.3,2.7,
0.9,1.3,2.8,
0.9,1.3,2.9,
0.9,1.3,3,
0.9,1.3,3.1,
0.9,1.3,3.2,
0.9,1.3,3.3,
0.9,1.3,3.4,
0.9,1.3,3.5,
0.9,1.3,3.6,
1,1.3,0,
1,1.3,0.1,
1,1.3,0.2,
1,1.3,0.3,
1,1.3,0.4,
1,1.3,0.5,
1,1.3,0.6,
1,1.3,0.7,
1,1.3,0.8,
1,1.3,0.9,
1,1.3,1,
1,1.3,1.1,
1,1.3,1.2,
1,1.3,1.3,
1,1.3,1.4,
1,1.3,1.5,
1,1.3,1.6,
1,1.3,1.7,
1,1.3,1.8,
1,1.3,1.9,
1,1.3,2,
1,1.3,2.1,
1,1.3,2.2,
1,1.3,2.3,
1,1.3,2.4,
1,1.3,2.5,
1,1.3,2.6,
1,1.3,2.7,
1,1.3,2.8,1.134587662
1,1.3,2.9,
1,1.3,3,
1,1.3,3.1,
1,1.3,3.2,0.99736391
1,1.3,3.3,
1,1.3,3.4,
1,1.3,3.5,
1,1.3,3.6,
1.1,1.3,0,
1.1,1.3,0.1,
1.1,1.3,0.2,
1.1,1.3,0.3,
1.1,1.3,0.4,
1.1,1.3,0.5,
1.1,1.3,0.6,
1.1,1.3,0.7,
1.1,1.3,0.8,
1.1,1.3,0.9,
1.1,1.3,1,
1.1,1.3,1.1,
1.1,1.3,1.2,
1.1,1.3,1.3,
1.1,1.3,1.4,
1.1,1.3,1.5,
1.1,1.3,1.6,
1.1,1.3,1.7,
1.1,1.3,1.8,
1.1,1.3,1.9,
1.1,1.3,2,
1.1,1.3,2.1,
1.1,1.3,2.2,
1.1,1.3,2.3,
1.1,1.3,2.4,
1.1,1.3,2.5,
1.1,1.3,2.6,
1.1,1.3,2.7,
1.1,1.3,2.8,
1.1,1.3,2.9,
1.1,1.3,3,
1.1,1.3,3.1,
1.1,1.3,3.2,
1.1,1.3,3.3,
1.1,1.3,3.4,
1.1,1.3,3.5,
1.1,1.3,3.6,
1.2,1.3,0,
1.2,1.3,0.1,
1.2,1.3,0.2,
1.2,1.3,0.3,
1.2,1.3,0.4,
1.2,1.3,0.5,1.139437462
1.2,1.3,0.6,
1.2,1.3,0.7,
1.2,1.3,0.8,
1.2,1.3,0.9,
1.2,1.3,1,
1.2,1.3,1.1,
1.2,1.3,1.2,
1.2,1.3,1.3,
1.2,1.3,1.4,
1.2,1.3,1.5,
1.2,1.3,1.6,
1.2,1.3,1.7,
1.2,1.3,1.8,
1.2,1.3,1.9,
1.2,1.3,2,
1.2,1.3,2.1,
1.2,1.3,2.2,
1.2,1.3,2.3,
1.2,1.3,2.4,
1.2,1.3,2.5,
1.2,1.3,2.6,
1.2,1.3,2.7,
1.2,1.3,2.8,
1.2,1.3,2.9,
1.2,1.3,3,
1.2,1.3,3.1,
1.2,1.3,3.2,
1.2,1.3,3.3,
1.2,1.3,3.4,
1.2,1.3,3.5,
1.2,1.3,3.6,
1.3,1.3,0,
1.3,1.3,0.1,
1.3,1.3,0.2,
1.3,1.3,0.3,
1.3,1.3,0.4,
1.3,1.3,0.5,
1.3,1.3,0.6,
1.3,1.3,0.7,1.161387782
1.3,1.3,0.8,
1.3,1.3,0.9,
1.3,1.3,1,
1.3,1.3,1.1,
1.3,1.3,1.2,
1.3,1.3,1.3,
1.3,1.3,1.4,
1.3,1.3,1.5,
1.3,1.3,1.6,
1.3,1.3,1.7,
1.3,1.3,1.8,
1.3,1.3,1.9,
1.3,1.3,2,
1.3,1.3,2.1,
1.3,1.3,2.2,
1.3,1.3,2.3,
1.3,1.3,2.4,
1.3,1.3,2.5,
1.3,1.3,2.6,
1.3,1.3,2.7,1.093273962
1.3,1.3,2.8,
1.3,1.3,2.9,
1.3,1.3,3,
1.3,1.3,3.1,
1.3,1.3,3.2,
1.3,1.3,3.3,1.090318314
1.3,1.3,3.4,
1.3,1.3,3.5,
1.3,1.3,3.6,
1.4,1.3,0,
1.4,1.3,0.1,
1.4,1.3,0.2,
1.4,1.3,0.3,
1.4,1.3,0.4,
1.4,1.3,0.5,
1.4,1.3,0.6,
1.4,1.3,0.7,
1.4,1.3,0.8,
1.4,1.3,0.9,
1.4,1.3,1,
1.4,1.3,1.1,
1.4,1.3,1.2,
1.4,1.3,1.3,
1.4,1.3,1.4,
1.4,1.3,1.5,0.987016154
1.4,1.3,1.6,
1.4,1.3,1.7,
1.4,1.3,1.8,
1.4,1.3,1.9,
1.4,1.3,2,
1.4,1.3,2.1,
1.4,1.3,2.2,
1.4,1.3,2.3,
1.4,1.3,2.4,
1.4,1.3,2.5,
1.4,1.3,2.6,
1.4,1.3,2.7,
1.4,1.3,2.8,
1.4,1.3,2.9,
1.4,1.3,3,
1.4,1.3,3.1,
1.4,1.3,3.2,
1.4,1.3,3.3,
1.4,1.3,3.4,
1.4,1.3,3.5,
1.4,1.3,3.6,1.053275906
1.5,1.3,0,
1.5,1.3,0.1,
1.5,1.3,0.2,
1.5,1.3,0.3,
1.5,1.3,0.4,
1.5,1.3,0.5,
1.5,1.3,0.6,
1.5,1.3,0.7,
1.5,1.3,0.8,
1.5,1.3,0.9,
1.5,1.3,1,
1.5,1.3,1.1,
1.5,1.3,1.2,
1.5,1.3,1.3,
1.5,1.3,1.4,
1.5,1.3,1.5,
1.5,1.3,1.6,
1.5,1.3,1.7,
1.5,1.3,1.8,
1.5,1.3,1.9,
1.5,1.3,2,
1.5,1.3,2.1,
1.5,1.3,2.2,
1.5,1.3,2.3,
1.5,1.3,2.4,
1.5,1.3,2.5,
1.5,1.3,2.6,
1.5,1.3,2.7,
1.5,1.3,2.8,
1.5,1.3,2.9,1.124811307
1.5,1.3,3,
1.5,1.3,3.1,
1.5,1.3,3.2,
1.5,1.3,3.3,
1.5,1.3,3.4,
1.5,1.3,3.5,
1.5,1.3,3.6,
1.6,1.3,0,
1.6,1.3,0.1,
1.6,1.3,0.2,
1.6,1.3,0.3,1.037524574
1.6,1.3,0.4,
1.6,1.3,0.5,
1.6,1.3,0.6,
1.6,1.3,0.7,
1.6,1.3,0.8,
1.6,1.3,0.9,
1.6,1.3,1,
1.6,1.3,1.1,
1.6,1.3,1.2,
1.6,1.3,1.3,
1.6,1.3,1.4,
1.6,1.3,1.5,
1.6,1.3,1.6,0.97652569
1.6,1.3,1.7,
1.6,1.3,1.8,
1.6,1.3,1.9,
1.6,1.3,2,
1.6,1.3,2.1,
1.6,1.3,2.2,0.993039742
1.6,1.3,2.3,
1.6,1.3,2.4,
1.6,1.3,2.5,
1.6,1.3,2.6,
1.6,1.3,2.7,
1.6,1.3,2.8,
1.6,1.3,2.9,
1.6,1.3,3,
1.6,1.3,3.1,
1.6,1.3,3.2,
1.6,1.3,3.3,
1.6,1.3,3.4,
1.6,1.3,3.5,
1.6,1.3,3.6,
1.7,1.3,0,
1.7,1.3,0.1,
1.7,1.3,0.2,
1.7,1.3,0.3,
1.7,1.3,0.4,
1.7,1.3,0.5,
1.7,1.3,0.6,
1.7,1.3,0.7,
1.7,1.3,0.8,
1.7,1.3,0.9,
1.7,1.3,1,
1.7,1.3,1.1,1.044623305
1.7,1.3,1.2,
1.7,1.3,1.3,
1.7,1.3,1.4,
1.7,1.3,1.5,
1.7,1.3,1.6,
1.7,1.3,1.7,
1.7,1.3,1.8,
1.7,1.3,1.9,
1.7,1.3,2,
1.7,1.3,2.1,
1.7,1.3,2.2,
1.7,1.3,2.3,
1.7,1.3,2.4,
1.7,1.3,2.5,
1.7,1.3,2.6,
1.7,1.3,2.7,
1.7,1.3,2.8,
1.7,1.3,2.9,
1.7,1.3,3,
1.7,1.3,3.1,
1.7,1.3,3.2,
1.7,1.3,3.3,
1.7,1.3,3.4,
1.7,1.3,3.5,
1.7,1.3,3.6,
1.8,1.3,0,
1.8,1.3,0.1,
1.8,1.3,0.2,
1.8,1.3,0.3,
1.8,1.3,0.4,
1.8,1.3,0.5,
1.8,1.3,0.6,
1.8,1.3,0.7,
1.8,1.3,0.8,
1.8,1.3,0.9,
1.8,1.3,1,
1.8,1.3,1.1,
1.8,1.3,1.2,
1.8,1.3,1.3,
1.8,1.3,1.4,
1.8,1.3,1.5,
1.8,1.3,1.6,
1.8,1.3,1.7,
1.8,1.3,1.8,
1.8,1.3,1.9,
1.8,1.3,2,
1.8,1.3,2.1,
1.8,1.3,2.2,
1.8,1.3,2.3,
1.8,1.3,2.4,
1.8,1.3,2.5,
1.8,1.3,2.6,
1.8,1.3,2.7,
1.8,1.3,2.8,
1.8,1.3,2.9,
1.8,1.3,3,
1.8,1.3,3.1,
1.8,1.3,3.2,
1.8,1.3,3.3,
1.8,1.3,3.4,
1.8,1.3,3.5,
1.8,1.3,3.6,
1.9,1.3,0,
1.9,1.3,0.1,
1.9,1.3,0.2,
1.9,1.3,0.3,
1.9,1.3,0.4,
1.9,1.3,0.5,
1.9,1.3,0.6,
1.9,1.3,0.7,
1.9,1.3,0.8,
1.9,1.3,0.9,
1.9,1.3,1,
1.9,1.3,1.1,
1.9,1.3,1.2,
1.9,1.3,1.3,
1.9,1.3,1.4,
1.9,1.3,1.5,
1.9,1.3,1.6,
1.9,1.3,1.7,
1.9,1.3,1.8,
1.9,1.3,1.9,
1.9,1.3,2,
1.9,1.3,2.1,
1.9,1.3,2.2,
1.9,1.3,2.3,
1.9,1.3,2.4,
1.9,1.3,2.5,
1.9,1.3,2.6,
1.9,1.3,2.7,
1.9,1.3,2.8,
1.9,1.3,2.9,
1.9,1.3,3,
1.9,1.3,3.1,
1.9,1.3,3.2,
1.9,1.3,3.3,
1.9,1.3,3.4,
1.9,1.3,3.5,
1.9,1.3,3.6,
2,1.3,0,
2,1.3,0.1,
2,1.3,0.2,
2,1.3,0.3,
2,1.3,0.4,
2,1.3,0.5,
2,1.3,0.6,
2,1.3,0.7,
2,1.3,0.8,
2,1.3,0.9,
2,1.3,1,
2,1.3,1.1,
2,1.3,1.2,
2,1.3,1.3,
2,1.3,1.4,
2,1.3,1.5,
2,1.3,1.6,
2,1.3,1.7,
2,1.3,1.8,
2,1.3,1.9,
2,1.3,2,
2,1.3,2.1,
2,1.3,2.2,
2,1.3,2.3,
2,1.3,2.4,
2,1.3,2.5,
2,1.3,2.6,
2,1.3,2.7,
2,1.3,2.8,
2,1.3,2.9,
2,1.3,3,
2,1.3,3.1,
2,1.3,3.2,
2,1.3,3.3,
2,1.3,3.4,
2,1.3,3.5,
2,1.3,3.6,
2.1,1.3,0,
2.1,1.3,0.1,
2.1,1.3,0.2,
2.1,1.3,0.3,
2.1,1.3,0.4,
2.1,1.3,0.5,
2.1,1.3,0.6,
2.1,1.3,0.7,
2.1,1.3,0.8,
2.1,1.3,0.9,
2.1,1.3,1,
2.1,1.3,1.1,
2.1,1.3,1.2,
2.1,1.3,1.3,
2.1,1.3,1.4,
2.1,1.3,1.5,
2.1,1.3,1.6,
2.1,1.3,1.7,
2.1,1.3,1.8,
2.1,1.3,1.9,
2.1,1.3,2,
2.1,1.3,2.1,
2.1,1.3,2.2,
2.1,1.3,2.3,
2.1,1.3,2.4,
2.1,1.3,2.5,
2.1,1.3,2.6,
2.1,1.3,2.7,
2.1,1.3,2.8,
2.1,1.3,2.9,
2.1,1.3,3,
2.1,1.3,3.1,
2.1,1.3,3.2,
2.1,1.3,3.3,
2.1,1.3,3.4,
2.1,1.3,3.5,0.979203314
2.1,1.3,3.6,
2.2,1.3,0,
2.2,1.3,0.1,
2.2,1.3,0.2,
2.2,1.3,0.3,0.987169949
2.2,1.3,0.4,
2.2,1.3,0.5,
2.2,1.3,0.6,
2.2,1.3,0.7,
2.2,1.3,0.8,
2.2,1.3,0.9,
2.2,1.3,1,
2.2,1.3,1.1,
2.2,1.3,1.2,
2.2,1.3,1.3,
2.2,1.3,1.4,
2.2,1.3,1.5,
2.2,1.3,1.6,
2.2,1.3,1.7,
2.2,1.3,1.8,
2.2,1.3,1.9,
2.2,1.3,2,
2.2,1.3,2.1,
2.2,1.3,2.2,
2.2,1.3,2.3,
2.2,1.3,2.4,
2.2,1.3,2.5,
2.2,1.3,2.6,
2.2,1.3,2.7,
2.2,1.3,2.8,
2.2,1.3,2.9,
2.2,1.3,3,1.030409639
2.2,1.3,3.1,
2.2,1.3,3.2,
2.2,1.3,3.3,
2.2,1.3,3.4,
2.2,1.3,3.5,
2.2,1.3,3.6,
2.3,1.3,0,
2.3,1.3,0.1,
2.3,1.3,0.2,
2.3,1.3,0.3,
2.3,1.3,0.4,
2.3,1.3,0.5,
2.3,1.3,0.6,
2.3,1.3,0.7,
2.3,1.3,0.8,1.065808062
2.3,1.3,0.9,
2.3,1.3,1,
2.3,1.3,1.1,
2.3,1.3,1.2,
2.3,1.3,1.3,
2.3,1.3,1.4,
2.3,1.3,1.5,
2.3,1.3,1.6,
2.3,1.3,1.7,1.006258716
2.3,1.3,1.8,
2.3,1.3,1.9,
2.3,1.3,2,
2.3,1.3,2.1,
2.3,1.3,2.2,
2.3,1.3,2.3,
2.3,1.3,2.4,
2.3,1.3,2.5,
2.3,1.3,2.6,
2.3,1.3,2.7,
2.3,1.3,2.8,
2.3,1.3,2.9,
2.3,1.3,3,
2.3,1.3,3.1,
2.3,1.3,3.2,
2.3,1.3,3.3,
2.3,1.3,3.4,
2.3,1.3,3.5,
2.3,1.3,3.6,
2.4,1.3,0,
2.4,1.3,0.1,
2.4,1.3,0.2,
2.4,1.3,0.3,
2.4,1.3,0.4,
2.4,1.3,0.5,
2.4,1.3,0.6,
2.4,1.3,0.7,
2.4,1.3,0.8,
2.4,1.3,0.9,
2.4,1.3,1,
2.4,1.3,1.1,
2.4,1.3,1.2,
2.4,1.3,1.3,
2.4,1.3,1.4,
2.4,1.3,1.5,
2.4,1.3,1.6,
2.4,1.3,1.7,
2.4,1.3,1.8,
2.4,1.3,1.9,
2.4,1.3,2,
2.4,1.3,2.1,
2.4,1.3,2.2,
2.4,1.3,2.3,
2.4,1.3,2.4,
2.4,1.3,2.5,
2.4,1.3,2.6,
2.4,1.3,2.7,1.092614151
2.4,1.3,2.8,
2.4,1.3,2.9,
2.4,1.3,3,
2.4,1.3,3.1,
2.4,1.3,3.2,
2.4,1.3,3.3,
2.4,1.3,3.4,
2.4,1.3,3.5,
2.4,1.3,3.6,
2.5,1.3,0,
2.5,1.3,0.1,
2.5,1.3,0.2,
2.5,1.3,0.3,
2.5,1.3,0.4,
2.5,1.3,0.5,
2.5,1.3,0.6,
2.5,1.3,0.7,
2.5,1.3,0.8,
2.5,1.3,0.9,
2.5,1.3,1,
2.5,1.3,1.1,
2.5,1.3,1.2,
2.5,1.3,1.3,
2.5,1.3,1.4,
2.5,1.3,1.5,
2.5,1.3,1.6,
2.5,1.3,1.7,
2.5,1.3,1.8,
2.5,1.3,1.9,
2.5,1.3,2,
2.5,1.3,2.1,
2.5,1.3,2.2,
2.5,1.3,2.3,
2.5,1.3,2.4,
2.5,1.3,2.5,
2.5,1.3,2.6,
2.5,1.3,2.7,
2.5,1.3,2.8,
2.5,1.3,2.9,
2.5,1.3,3,
2.5,1.3,3.1,
2.5,1.3,3.2,
2.5,1.3,3.3,
2.5,1.3,3.4,
2.5,1.3,3.5,
2.5,1.3,3.6,
2.6,1.3,0,0.971823431
2.6,1.3,0.1,
2.6,1.3,0.2,
2.6,1.3,0.3,
2.6,1.3,0.4,
2.6,1.3,0.5,
2.6,1.3,0.6,
2.6,1.3,0.7,
2.6,1.3,0.8,
2.6,1.3,0.9,
2.6,1.3,1,
2.6,1.3,1.1,
2.6,1.3,1.2,
2.6,1.3,1.3,
2.6,1.3,1.4,
2.6,1.3,1.5,
2.6,1.3,1.6,
2.6,1.3,1.7,
2.6,1.3,1.8,
2.6,1.3,1.9,
2.6,1.3,2,
2.6,1.3,2.1,
2.6,1.3,2.2,
2.6,1.3,2.3,
2.6,1.3,2.4,
2.6,1.3,2.5,
2.6,1.3,2.6,
2.6,1.3,2.7,
2.6,1.3,2.8,
2.6,1.3,2.9,
2.6,1.3,3,
2.6,1.3,3.1,
2.6,1.3,3.2,
2.6,1.3,3.3,
2.6,1.3,3.4,
2.6,1.3,3.5,
2.6,1.3,3.6,
2.7,1.3,0,
2.7,1.3,0.1,
2.7,1.3,0.2,
2.7,1.3,0.3,
2.7,1.3,0.4,
2.7,1.3,0.5,
2.7,1.3,0.6,
2.7,1.3,0.7,
2.7,1.3,0.8,
2.7,1.3,0.9,
2.7,1.3,1,
2.7,1.3,1.1,
2.7,1.3,1.2,1.130950028
2.7,1.3,1.3,
2.7,1.3,1.4,
2.7,1.3,1.5,
2.7,1.3,1.6,
2.7,1.3,1.7,
2.7,1.3,1.8,
2.7,1.3,1.9,
2.7,1.3,2,
2.7,1.3,2.1,
2.7,1.3,2.2,
2.7,1.3,2.3,
2.7,1.3,2.4,
2.7,1.3,2.5,
2.7,1.3,2.6,
2.7,1.3,2.7,
2.7,1.3,2.8,
2.7,1.3,2.9,
2.7,1.3,3,
2.7,1.3,3.1,
2.7,1.3,3.2,
2.7,1.3,3.3,
2.7,1.3,3.4,
2.7,1.3,3.5,
2.7,1.3,3.6,
2.8,1.3,0,
2.8,1.3,0.1,
2.8,1.3,0.2,
2.8,1.3,0.3,
2.8,1.3,0.4,
2.8,1.3,0.5,
2.8,1.3,0.6,
2.8,1.3,0.7,
2.8,1.3,0.8,
2.8,1.3,0.9,
2.8,1.3,1,
2.8,1.3,1.1,
2.8,1.3,1.2,
2.8,1.3,1.3,1.131518586
2.8,1.3,1.4,
2.8,1.3,1.5,
2.8,1.3,1.6,
2.8,1.3,1.7,
2.8,1.3,1.8,
2.8,1.3,1.9,
2.8,1.3,2,
2.8,1.3,2.1,
2.8,1.3,2.2,
2.8,1.3,2.3,
2.8,1.3,2.4,
2.8,1.3,2.5,
2.8,1.3,2.6,
2.8,1.3,2.7,
2.8,1.3,2.8,
2.8,1.3,2.9,
2.8,1.3,3,
2.8,1.3,3.1,
2.8,1.3,3.2,
2.8,1.3,3.3,
2.8,1.3,3.4,
2.8,1.3,3.5,
2.8,1.3,3.6,
2.9,1.3,0,
2.9,1.3,0.1,
2.9,1.3,0.2,
2.9,1.3,0.3,
2.9,1.3,0.4,
2.9,1.3,0.5,
2.9,1.3,0.6,
2.9,1.3,0.7,
2.9,1.3,0.8,
2.9,1.3,0.9,
2.9,1.3,1,
2.9,1.3,1.1,
2.9,1.3,1.2,
2.9,1.3,1.3,
2.9,1.3,1.4,
2.9,1.3,1.5,
2.9,1.3,1.6,
2.9,1.3,1.7,
2.9,1.3,1.8,
2.9,1.3,1.9,
2.9,1.3,2,
2.9,1.3,2.1,
2.9,1.3,2.2,
2.9,1.3,2.3,
2.9,1.3,2.4,
2.9,1.3,2.5,
2.9,1.3,2.6,1.068713393
2.9,1.3,2.7,
2.9,1.3,2.8,
2.9,1.3,2.9,
2.9,1.3,3,
2.9,1.3,3.1,
2.9,1.3,3.2,1.0114596
2.9,1.3,3.3,
2.9,1.3,3.4,
2.9,1.3,3.5,
2.9,1.3,3.6,
3,1.3,0,
3,1.3,0.1,
3,1.3,0.2,
3,1.3,0.3,
3,1.3,0.4,
3,1.3,0.5,
3,1.3,0.6,
3,1.3,0.7,
3,1.3,0.8,
3,1.3,0.9,
3,1.3,1,
3,1.3,1.1,
3,1.3,1.2,
3,1.3,1.3,
3,1.3,1.4,
3,1.3,1.5,
3,1.3,1.6,
3,1.3,1.7,
3,1.3,1.8,
3,1.3,1.9,
3,1.3,2,
3,1.3,2.1,
3,1.3,2.2,
3,1.3,2.3,
3,1.3,2.4,
3,1.3,2.5,
3,1.3,2.6,
3,1.3,2.7,
3,1.3,2.8,
3,1.3,2.9,
3,1.3,3,
3,1.3,3.1,
3,1.3,3.2,
3,1.3,3.3,
3,1.3,3.4,
3,1.3,3.5,
3,1.3,3.6,
3.1,1.3,0,
3.1,1.3,0.1,1.00318168
3.1,1.3,0.2,
3.1,1.3,0.3,
3.1,1.3,0.4,
3.1,1.3,0.5,
3.1,1.3,0.6,
3.1,1.3,0.7,
3.1,1.3,0.8,
3.1,1.3,0.9,
3.1,1.3,1,
3.1,1.3,1.1,
3.1,1.3,1.2,
3.1,1.3,1.3,
3.1,1.3,1.4,
3.1,1.3,1.5,
3.1,1.3,1.6,
3.1,1.3,1.7,
3.1,1.3,1.8,
3.1,1.3,1.9,
3.1,1.3,2,
3.1,1.3,2.1,
3.1,1.3,2.2,
3.1,1.3,2.3,
3.1,1.3,2.4,
3.1,1.3,2.5,
3.1,1.3,2.6,
3.1,1.3,2.7,
3.1,1.3,2.8,
3.1,1.3,2.9,
3.1,1.3,3,
3.1,1.3,3.1,
3.1,1.3,3.2,
3.1,1.3,3.3,
3.1,1.3,3.4,
3.1,1.3,3.5,
3.1,1.3,3.6,
3.2,1.3,0,
3.2,1.3,0.1,
3.2,1.3,0.2,
3.2,1.3,0.3,
3.2,1.3,0.4,
3.2,1.3,0.5,
3.2,1.3,0.6,
3.2,1.3,0.7,
3.2,1.3,0.8,
3.2,1.3,0.9,
3.2,1.3,1,
3.2,1.3,1.1,
3.2,1.3,1.2,
3.2,1.3,1.3,
3.2,1.3,1.4,
3.2,1.3,1.5,
3.2,1.3,1.6,
3.2,1.3,1.7,
3.2,1.3,1.8,
3.2,1.3,1.9,
3.2,1.3,2,
3.2,1.3,2.1,
3.2,1.3,2.2,
3.2,1.3,2.3,
3.2,1.3,2.4,
3.2,1.3,2.5,
3.2,1.3,2.6,
3.2,1.3,2.7,
3.2,1.3,2.8,
3.2,1.3,2.9,
3.2,1.3,3,
3.2,1.3,3.1,
3.2,1.3,3.2,
3.2,1.3,3.3,
3.2,1.3,3.4,
3.2,1.3,3.5,
3.2,1.3,3.6,
3.3,1.3,0,
3.3,1.3,0.1,
3.3,1.3,0.2,
3.3,1.3,0.3,
3.3,1.3,0.4,
3.3,1.3,0.5,
3.3,1.3,0.6,
3.3,1.3,0.7,
3.3,1.3,0.8,
3.3,1.3,0.9,
3.3,1.3,1,
3.3,1.3,1.1,
3.3,1.3,1.2,
3.3,1.3,1.3,
3.3,1.3,1.4,
3.3,1.3,1.5,
3.3,1.3,1.6,
3.3,1.3,1.7,
3.3,1.3,1.8,
3.3,1.3,1.9,
3.3,1.3,2,
3.3,1.3,2.1,
3.3,1.3,2.2,
3.3,1.3,2.3,
3.3,1.3,2.4,
3.3,1.3,2.5,
3.3,1.3,2.6,
3.3,1.3,2.7,
3.3,1.3,2.8,
3.3,1.3,2.9,
3.3,1.3,3,
3.3,1.3,3.1,
3.3,1.3,3.2,
3.3,1.3,3.3,
3.3,1.3,3.4,
3.3,1.3,3.5,
3.3,1.3,3.6,
3.4,1.3,0,
3.4,1.3,0.1,
3.4,1.3,0.2,
3.4,1.3,0.3,
3.4,1.3,0.4,
3.4,1.3,0.5,
3.4,1.3,0.6,
3.4,1.3,0.7,
3.4,1.3,0.8,
3.4,1.3,0.9,
3.4,1.3,1,
3.4,1.3,1.1,1.042328037
3.4,1.3,1.2,
3.4,1.3,1.3,
3.4,1.3,1.4,
3.4,1.3,1.5,
3.4,1.3,1.6,
3.4,1.3,1.7,
3.4,1.3,1.8,
3.4,1.3,1.9,
3.4,1.3,2,
3.4,1.3,2.1,
3.4,1.3,2.2,
3.4,1.3,2.3,
3.4,1.3,2.4,
3.4,1.3,2.5,
3.4,1.3,2.6,
3.4,1.3,2.7,
3.4,1.3,2.8,
3.4,1.3,2.9,
3.4,1.3,3,
3.4,1.3,3.1,
3.4,1.3,3.2,1.070862258
3.4,1.3,3.3,
3.4,1.3,3.4,
3.4,1.3,3.5,
3.4,1.3,3.6,
3.5,1.3,0,
3.5,1.3,0.1,
3.5,1.3,0.2,
3.5,1.3,0.3,
3.5,1.3,0.4,
3.5,1.3,0.5,
3.5,1.3,0.6,
3.5,1.3,0.7,
3.5,1.3,0.8,
3.5,1.3,0.9,
3.5,1.3,1,
3.5,1.3,1.1,
3.5,1.3,1.2,
3.5,1.3,1.3,
3.5,1.3,1.4,
3.5,1.3,1.5,
3.5,1.3,1.6,
3.5,1.3,1.7,
3.5,1.3,1.8,
3.5,1.3,1.9,
3.5,1.3,2,
3.5,1.3,2.1,
3.5,1.3,2.2,
3.5,1.3,2.3,
3.5,1.3,2.4,
3.5,1.3,2.5,
3.5,1.3,2.6,
3.5,1.3,2.7,
3.5,1.3,2.8,
3.5,1.3,2.9,
3.5,1.3,3,
3.5,1.3,3.1,
3.5,1.3,3.2,
3.5,1.3,3.3,
3.5,1.3,3.4,
3.5,1.3,3.5,
3.5,1.3,3.6,
3.6,1.3,0,
3.6,1.3,0.1,
3.6,1.3,0.2,
3.6,1.3,0.3,
3.6,1.3,0.4,
3.6,1.3,0.5,
3.6,1.3,0.6,
3.6,1.3,0.7,
3.6,1.3,0.8,
3.6,1.3,0.9,
3.6,1.3,1,
3.6,1.3,1.1,
3.6,1.3,1.2,
3.6,1.3,1.3,
3.6,1.3,1.4,
3.6,1.3,1.5,
3.6,1.3,1.6,
3.6,1.3,1.7,
3.6,1.3,1.8,
3.6,1.3,1.9,
3.6,1.3,2,
3.6,1.3,2.1,
3.6,1.3,2.2,1.005825759
3.6,1.3,2.3,
3.6,1.3,2.4,
3.6,1.3,2.5,
3.6,1.3,2.6,
3.6,1.3,2.7,
3.6,1.3,2.8,
3.6,1.3,2.9,
3.6,1.3,3,1.143851462
3.6,1.3,3.1,
3.6,1.3,3.2,
3.6,1.3,3.3,
3.6,1.3,3.4,
3.6,1.3,3.5,
3.6,1.3,3.6,
3.7,1.3,0,
3.7,1.3,0.1,
3.7,1.3,0.2,
3.7,1.3,0.3,
3.7,1.3,0.4,
3.7,1.3,0.5,
3.7,1.3,0.6,
3.7,1.3,0.7,
3.7,1.3,0.8,
3.7,1.3,0.9,
3.7,1.3,1,
3.7,1.3,1.1,
3.7,1.3,1.2,
3.7,1.3,1.3,
3.7,1.3,1.4,
3.7,1.3,1.5,
3.7,1.3,1.6,
3.7,1.3,1.7,
3.7,1.3,1.8,
3.7,1.3,1.9,
3.7,1.3,2,
3.7,1.3,2.1,
3.7,1.3,2.2,
3.7,1.3,2.3,
3.7,1.3,2.4,
3.7,1.3,2.5,
3.7,1.3,2.6,
3.7,1.3,2.7,
3.7,1.3,2.8,
3.7,1.3,2.9,
3.7,1.3,3,
3.7,1.3,3.1,
3.7,1.3,3.2,
3.7,1.3,3.3,
3.7,1.3,3.4,
3.7,1.3,3.5,
3.7,1.3,3.6,
3.8,1.3,0,
3.8,1.3,0.1,
3.8,1.3,0.2,
3.8,1.3,0.3,
3.8,1.3,0.4,
3.8,1.3,0.5,
3.8,1.3,0.6,
3.8,1.3,0.7,
3.8,1.3,0.8,
3.8,1.3,0.9,
3.8,1.3,1,
3.8,1.3,1.1,
3.8,1.3,1.2,
3.8,1.3,1.3,
3.8,1.3,1.4,
3.8,1.3,1.5,
3.8,1.3,1.6,
3.8,1.3,1.7,
3.8,1.3,1.8,
3.8,1.3,1.9,
3.8,1.3,2,
3.8,1.3,2.1,
3.8,1.3,2.2,
3.8,1.3,2.3,
3.8,1.3,2.4,
3.8,1.3,2.5,
3.8,1.3,2.6,
3.8,1.3,2.7,
3.8,1.3,2.8,
3.8,1.3,2.9,
3.8,1.3,3,
3.8,1.3,3.1,
3.8,1.3,3.2,
3.8,1.3,3.3,
3.8,1.3,3.4,
3.8,1.3,3.5,
3.8,1.3,3.6,
3.9,1.3,0,
3.9,1.3,0.1,
3.9,1.3,0.2,
3.9,1.3,0.3,
3.9,1.3,0.4,
3.9,1.3,0.5,
3.9,1.3,0.6,
3.9,1.3,0.7,
3.9,1.3,0.8,
3.9,1.3,0.9,
3.9,1.3,1,
3.9,1.3,1.1,
3.9,1.3,1.2,
3.9,1.3,1.3,
3.9,1.3,1.4,
3.9,1.3,1.5,
3.9,1.3,1.6,
3.9,1.3,1.7,
3.9,1.3,1.8,
3.9,1.3,1.9,
3.9,1.3,2,
3.9,1.3,2.1,
3.9,1.3,2.2,
3.9,1.3,2.3,
3.9,1.3,2.4,
3.9,1.3,2.5,
3.9,1.3,2.6,
3.9,1.3,2.7,
3.9,1.3,2.8,
3.9,1.3,2.9,
3.9,1.3,3,
3.9,1.3,3.1,
3.9,1.3,3.2,
3.9,1.3,3.3,
3.9,1.3,3.4,
3.9,1.3,3.5,
3.9,1.3,3.6,
4,1.3,0,
4,1.3,0.1,
4,1.3,0.2,
4,1.3,0.3,
4,1.3,0.4,
4,1.3,0.5,
4,1.3,0.6,
4,1.3,0.7,
4,1.3,0.8,
4,1.3,0.9,
4,1.3,1,
4,1.3,1.1,
4,1.3,1.2,
4,1.3,1.3,
4,1.3,1.4,
4,1.3,1.5,
4,1.3,1.6,
4,1.3,1.7,
4,1.3,1.8,
4,1.3,1.9,
4,1.3,2,
4,1.3,2.1,
4,1.3,2.2,
4,1.3,2.3,
4,1.3,2.4,
4,1.3,2.5,
4,1.3,2.6,
4,1.3,2.7,
4,1.3,2.8,
4,1.3,2.9,
4,1.3,3,
4,1.3,3.1,
4,1.3,3.2,
4,1.3,3.3,
4,1.3,3.4,
4,1.3,3.5,
4,1.3,3.6,0.97041028
4.1,1.3,0,
4.1,1.3,0.1,
4.1,1.3,0.2,
4.1,1.3,0.3,
4.1,1.3,0.4,
4.1,1.3,0.5,
4.1,1.3,0.6,
4.1,1.3,0.7,
4.1,1.3,0.8,
4.1,1.3,0.9,
4.1,1.3,1,
4.1,1.3,1.1,
4.1,1.3,1.2,
4.1,1.3,1.3,
4.1,1.3,1.4,
4.1,1.3,1.5,
4.1,1.3,1.6,
4.1,1.3,1.7,
4.1,1.3,1.8,
4.1,1.3,1.9,
4.1,1.3,2,
4.1,1.3,2.1,
4.1,1.3,2.2,
4.1,1.3,2.3,
4.1,1.3,2.4,
4.1,1.3,2.5,
4.1,1.3,2.6,
4.1,1.3,2.7,
4.1,1.3,2.8,
4.1,1.3,2.9,
4.1,1.3,3,1.025694303
4.1,1.3,3.1,
4.1,1.3,3.2,
4.1,1.3,3.3,
4.1,1.3,3.4,
4.1,1.3,3.5,
4.1,1.3,3.6,
4.2,1.3,0,0.972158027
4.2,1.3,0.1,
4.2,1.3,0.2,
4.2,1.3,0.3,
4.2,1.3,0.4,
4.2,1.3,0.5,
4.2,1.3,0.6,
4.2,1.3,0.7,
4.2,1.3,0.8,
4.2,1.3,0.9,
4.2,1.3,1,
4.2,1.3,1.1,
4.2,1.3,1.2,
4.2,1.3,1.3,
4.2,1.3,1.4,
4.2,1.3,1.5,
4.2,1.3,1.6,
4.2,1.3,1.7,
4.2,1.3,1.8,
4.2,1.3,1.9,
4.2,1.3,2,
4.2,1.3,2.1,
4.2,1.3,2.2,
4.2,1.3,2.3,
4.2,1.3,2.4,
4.2,1.3,2.5,
4.2,1.3,2.6,
4.2,1.3,2.7,
4.2,1.3,2.8,
4.2,1.3,2.9,
4.2,1.3,3,
4.2,1.3,3.1,
4.2,1.3,3.2,
4.2,1.3,3.3,
4.2,1.3,3.4,
4.2,1.3,3.5,
4.2,1.3,3.6,
4.3,1.3,0,
4.3,1.3,0.1,
4.3,1.3,0.2,
4.3,1.3,0.3,
4.3,1.3,0.4,
4.3,1.3,0.5,1.012056018
4.3,1.3,0.6,
4.3,1.3,0.7,
4.3,1.3,0.8,
4.3,1.3,0.9,
4.3,1.3,1,
4.3,1.3,1.1,
4.3,1.3,1.2,
4.3,1.3,1.3,
4.3,1.3,1.4,
4.3,1.3,1.5,
4.3,1.3,1.6,
4.3,1.3,1.7,0.999517892
4.3,1.3,1.8,
4.3,1.3,1.9,
4.3,1.3,2,
4.3,1.3,2.1,
4.3,1.3,2.2,
4.3,1.3,2.3,
4.3,1.3,2.4,
4.3,1.3,2.5,
4.3,1.3,2.6,
4.3,1.3,2.7,
4.3,1.3,2.8,
4.3,1.3,2.9,
4.3,1.3,3,
4.3,1.3,3.1,
4.3,1.3,3.2,
4.3,1.3,3.3,
4.3,1.3,3.4,
4.3,1.3,3.5,
4.3,1.3,3.6,
4.4,1.3,0,
4.4,1.3,0.1,0.980926613
4.4,1.3,0.2,
4.4,1.3,0.3,
4.4,1.3,0.4,
4.4,1.3,0.5,
4.4,1.3,0.6,
4.4,1.3,0.7,
4.4,1.3,0.8,
4.4,1.3,0.9,
4.4,1.3,1,
4.4,1.3,1.1,
4.4,1.3,1.2,
4.4,1.3,1.3,
4.4,1.3,1.4,
4.4,1.3,1.5,
4.4,1.3,1.6,
4.4,1.3,1.7,
4.4,1.3,1.8,
4.4,1.3,1.9,
4.4,1.3,2,
4.4,1.3,2.1,
4.4,1.3,2.2,
4.4,1.3,2.3,
4.4,1.3,2.4,
4.4,1.3,2.5,
4.4,1.3,2.6,
4.4,1.3,2.7,1.098197959
4.4,1.3,2.8,
4.4,1.3,2.9,
4.4,1.3,3,
4.4,1.3,3.1,
4.4,1.3,3.2,
4.4,1.3,3.3,
4.4,1.3,3.4,
4.4,1.3,3.5,
4.4,1.3,3.6,
4.5,1.3,0,
4.5,1.3,0.1,
4.5,1.3,0.2,
4.5,1.3,0.3,
4.5,1.3,0.4,
4.5,1.3,0.5,
4.5,1.3,0.6,
4.5,1.3,0.7,
4.5,1.3,0.8,
4.5,1.3,0.9,
4.5,1.3,1,
4.5,1.3,1.1,1.049273257
4.5,1.3,1.2,
4.5,1.3,1.3,
4.5,1.3,1.4,
4.5,1.3,1.5,
4.5,1.3,1.6,
4.5,1.3,1.7,
4.5,1.3,1.8,
4.5,1.3,1.9,
4.5,1.3,2,
4.5,1.3,2.1,
4.5,1.3,2.2,
4.5,1.3,2.3,
4.5,1.3,2.4,
4.5,1.3,2.5,
4.5,1.3,2.6,
4.5,1.3,2.7,
4.5,1.3,2.8,
4.5,1.3,2.9,
4.5,1.3,3,
4.5,1.3,3.1,
4.5,1.3,3.2,
4.5,1.3,3.3,
4.5,1.3,3.4,
4.5,1.3,3.5,
4.5,1.3,3.6,
4.6,1.3,0,
4.6,1.3,0.1,
4.6,1.3,0.2,
4.6,1.3,0.3,
4.6,1.3,0.4,
4.6,1.3,0.5,
4.6,1.3,0.6,
4.6,1.3,0.7,
4.6,1.3,0.8,
4.6,1.3,0.9,
4.6,1.3,1,
4.6,1.3,1.1,
4.6,1.3,1.2,
4.6,1.3,1.3,
4.6,1.3,1.4,
4.6,1.3,1.5,
4.6,1.3,1.6,
4.6,1.3,1.7,
4.6,1.3,1.8,
4.6,1.3,1.9,
4.6,1.3,2,
4.6,1.3,2.1,
4.6,1.3,2.2,
4.6,1.3,2.3,
4.6,1.3,2.4,
4.6,1.3,2.5,
4.6,1.3,2.6,
4.6,1.3,2.7,
4.6,1.3,2.8,
4.6,1.3,2.9,
4.6,1.3,3,
4.6,1.3,3.1,
4.6,1.3,3.2,
4.6,1.3,3.3,
4.6,1.3,3.4,
4.6,1.3,3.5,
4.6,1.3,3.6,
4.7,1.3,0,
4.7,1.3,0.1,
4.7,1.3,0.2,
4.7,1.3,0.3,
4.7,1.3,0.4,
4.7,1.3,0.5,
4.7,1.3,0.6,
4.7,1.3,0.7,
4.7,1.3,0.8,
4.7,1.3,0.9,
4.7,1.3,1,
4.7,1.3,1.1,
4.7,1.3,1.2,
4.7,1.3,1.3,
4.7,1.3,1.4,
4.7,1.3,1.5,
4.7,1.3,1.6,
4.7,1.3,1.7,
4.7,1.3,1.8,
4.7,1.3,1.9,
4.7,1.3,2,
4.7,1.3,2.1,
4.7,1.3,2.2,
4.7,1.3,2.3,
4.7,1.3,2.4,
4.7,1.3,2.5,
4.7,1.3,2.6,
4.7,1.3,2.7,
4.7,1.3,2.8,
4.7,1.3,2.9,
4.7,1.3,3,
4.7,1.3,3.1,
4.7,1.3,3.2,
4.7,1.3,3.3,
4.7,1.3,3.4,
4.7,1.3,3.5,
4.7,1.3,3.6,
4.8,1.3,0,
4.8,1.3,0.1,
4.8,1.3,0.2,
4.8,1.3,0.3,
4.8,1.3,0.4,
4.8,1.3,0.5,
4.8,1.3,0.6,
4.8,1.3,0.7,
4.8,1.3,0.8,
4.8,1.3,0.9,
4.8,1.3,1,
4.8,1.3,1.1,
4.8,1.3,1.2,
4.8,1.3,1.3,
4.8,1.3,1.4,
4.8,1.3,1.5,
4.8,1.3,1.6,
4.8,1.3,1.7,
4.8,1.3,1.8,
4.8,1.3,1.9,
4.8,1.3,2,
4.8,1.3,2.1,
4.8,1.3,2.2,
4.8,1.3,2.3,
4.8,1.3,2.4,1.022653086
4.8,1.3,2.5,
4.8,1.3,2.6,
4.8,1.3,2.7,
4.8,1.3,2.8,
4.8,1.3,2.9,
4.8,1.3,3,
4.8,1.3,3.1,
4.8,1.3,3.2,
4.8,1.3,3.3,
4.8,1.3,3.4,
4.8,1.3,3.5,
4.8,1.3,3.6,
4.9,1.3,0,
4.9,1.3,0.1,
4.9,1.3,0.2,
4.9,1.3,0.3,
4.9,1.3,0.4,
4.9,1.3,0.5,
4.9,1.3,0.6,
4.9,1.3,0.7,
4.9,1.3,0.8,
4.9,1.3,0.9,
4.9,1.3,1,
4.9,1.3,1.1,
4.9,1.3,1.2,
4.9,1.3,1.3,
4.9,1.3,1.4,
4.9,1.3,1.5,
4.9,1.3,1.6,
4.9,1.3,1.7,
4.9,1.3,1.8,
4.9,1.3,1.9,
4.9,1.3,2,
4.9,1.3,2.1,
4.9,1.3,2.2,
4.9,1.3,2.3,
4.9,1.3,2.4,
4.9,1.3,2.5,
4.9,1.3,2.6,
4.9,1.3,2.7,1.138895058
4.9,1.3,2.8,
4.9,1.3,2.9,
4.9,1.3,3,
4.9,1.3,3.1,
4.9,1.3,3.2,
4.9,1.3,3.3,
4.9,1.3,3.4,
4.9,1.3,3.5,
4.9,1.3,3.6,
5,1.3,0,
5,1.3,0.1,
5,1.3,0.2,
5,1.3,0.3,
5,1.3,0.4,
5,1.3,0.5,
5,1.3,0.6,
5,1.3,0.7,
5,1.3,0.8,
5,1.3,0.9,
5,1.3,1,
5,1.3,1.1,
5,1.3,1.2,
5,1.3,1.3,
5,1.3,1.4,
5,1.3,1.5,
5,1.3,1.6,
5,1.3,1.7,
5,1.3,1.8,
5,1.3,1.9,
5,1.3,2,
5,1.3,2.1,
5,1.3,2.2,
5,1.3,2.3,
5,1.3,2.4,
5,1.3,2.5,
5,1.3,2.6,
5,1.3,2.7,
5,1.3,2.8,
5,1.3,2.9,
5,1.3,3,
5,1.3,3.1,
5,1.3,3.2,
5,1.3,3.3,
5,1.3,3.4,
5,1.3,3.5,
5,1.3,3.6,
5.1,1.3,0,
5.1,1.3,0.1,
5.1,1.3,0.2,
5.1,1.3,0.3,
5.1,1.3,0.4,
5.1,1.3,0.5,
5.1,1.3,0.6,
5.1,1.3,0.7,
5.1,1.3,0.8,
5.1,1.3,0.9,
5.1,1.3,1,
5.1,1.3,1.1,
5.1,1.3,1.2,
5.1,1.3,1.3,
5.1,1.3,1.4,
5.1,1.3,1.5,0.987024114
5.1,1.3,1.6,
5.1,1.3,1.7,
5.1,1.3,1.8,
5.1,1.3,1.9,
5.1,1.3,2,
5.1,1.3,2.1,
5.1,1.3,2.2,
5.1,1.3,2.3,
5.1,1.3,2.4,
5.1,1.3,2.5,
5.1,1.3,2.6,
5.1,1.3,2.7,
5.1,1.3,2.8,
5.1,1.3,2.9,
5.1,1.3,3,
5.1,1.3,3.1,
5.1,1.3,3.2,
5.1,1.3,3.3,
5.1,1.3,3.4,
5.1,1.3,3.5,
5.1,1.3,3.6,
5.2,1.3,0,
5.2,1.3,0.1,
5.2,1.3,0.2,
5.2,1.3,0.3,
5.2,1.3,0.4,
5.2,1.3,0.5,
5.2,1.3,0.6,
5.2,1.3,0.7,
5.2,1.3,0.8,
5.2,1.3,0.9,
5.2,1.3,1,
5.2,1.3,1.1,
5.2,1.3,1.2,
5.2,1.3,1.3,
5.2,1.3,1.4,
5.2,1.3,1.5,
5.2,1.3,1.6,
5.2,1.3,1.7,
5.2,1.3,1.8,
5.2,1.3,1.9,
5.2,1.3,2,
5.2,1.3,2.1,0.989110153
5.2,1.3,2.2,
5.2,1.3,2.3,
5.2,1.3,2.4,
5.2,1.3,2.5,
5.2,1.3,2.6,
5.2,1.3,2.7,
5.2,1.3,2.8,
5.2,1.3,2.9,
5.2,1.3,3,
5.2,1.3,3.1,
5.2,1.3,3.2,
5.2,1.3,3.3,
5.2,1.3,3.4,
5.2,1.3,3.5,
5.2,1.3,3.6,
5.3,1.3,0,
5.3,1.3,0.1,
5.3,1.3,0.2,
5.3,1.3,0.3,
5.3,1.3,0.4,
5.3,1.3,0.5,
5.3,1.3,0.6,
5.3,1.3,0.7,
5.3,1.3,0.8,
5.3,1.3,0.9,
5.3,1.3,1,
5.3,1.3,1.1,
5.3,1.3,1.2,
5.3,1.3,1.3,
5.3,1.3,1.4,
5.3,1.3,1.5,
5.3,1.3,1.6,
5.3,1.3,1.7,
5.3,1.3,1.8,
5.3,1.3,1.9,
5.3,1.3,2,
5.3,1.3,2.1,
5.3,1.3,2.2,
5.3,1.3,2.3,
5.3,1.3,2.4,
5.3,1.3,2.5,
5.3,1.3,2.6,
5.3,1.3,2.7,
5.3,1.3,2.8,
5.3,1.3,2.9,1.054680244
5.3,1.3,3,
5.3,1.3,3.1,
5.3,1.3,3.2,
5.3,1.3,3.3,
5.3,1.3,3.4,
5.3,1.3,3.5,
5.3,1.3,3.6,
5.4,1.3,0,
5.4,1.3,0.1,
5.4,1.3,0.2,
5.4,1.3,0.3,
5.4,1.3,0.4,
5.4,1.3,0.5,
5.4,1.3,0.6,
5.4,1.3,0.7,
5.4,1.3,0.8,
5.4,1.3,0.9,1.09270711
5.4,1.3,1,
5.4,1.3,1.1,
5.4,1.3,1.2,
5.4,1.3,1.3,
5.4,1.3,1.4,
5.4,1.3,1.5,
5.4,1.3,1.6,
5.4,1.3,1.7,
5.4,1.3,1.8,
5.4,1.3,1.9,
5.4,1.3,2,
5.4,1.3,2.1,
5.4,1.3,2.2,
5.4,1.3,2.3,
5.4,1.3,2.4,
5.4,1.3,2.5,1.146736326
5.4,1.3,2.6,
5.4,1.3,2.7,
5.4,1.3,2.8,
5.4,1.3,2.9,
5.4,1.3,3,
5.4,1.3,3.1,
5.4,1.3,3.2,
5.4,1.3,3.3,
5.4,1.3,3.4,
5.4,1.3,3.5,
5.4,1.3,3.6,
5.5,1.3,0,
5.5,1.3,0.1,
5.5,1.3,0.2,
5.5,1.3,0.3,
5.5,1.3,0.4,
5.5,1.3,0.5,
5.5,1.3,0.6,
5.5,1.3,0.7,
5.5,1.3,0.8,
5.5,1.3,0.9,
5.5,1.3,1,
5.5,1.3,1.1,
5.5,1.3,1.2,
5.5,1.3,1.3,
5.5,1.3,1.4,
5.5,1.3,1.5,
5.5,1.3,1.6,
5.5,1.3,1.7,
5.5,1.3,1.8,
5.5,1.3,1.9,
5.5,1.3,2,
5.5,1.3,2.1,
5.5,1.3,2.2,
5.5,1.3,2.3,
5.5,1.3,2.4,
5.5,1.3,2.5,
5.5,1.3,2.6,
5.5,1.3,2.7,
5.5,1.3,2.8,
5.5,1.3,2.9,
5.5,1.3,3,
5.5,1.3,3.1,
5.5,1.3,3.2,
5.5,1.3,3.3,
5.5,1.3,3.4,
5.5,1.3,3.5,
5.5,1.3,3.6,
5.6,1.3,0,
5.6,1.3,0.1,
5.6,1.3,0.2,
5.6,1.3,0.3,
5.6,1.3,0.4,
5.6,1.3,0.5,
5.6,1.3,0.6,
5.6,1.3,0.7,
5.6,1.3,0.8,
5.6,1.3,0.9,
5.6,1.3,1,
5.6,1.3,1.1,
5.6,1.3,1.2,
5.6,1.3,1.3,
5.6,1.3,1.4,
5.6,1.3,1.5,
5.6,1.3,1.6,
5.6,1.3,1.7,
5.6,1.3,1.8,
5.6,1.3,1.9,
5.6,1.3,2,
5.6,1.3,2.1,
5.6,1.3,2.2,
5.6,1.3,2.3,
5.6,1.3,2.4,
5.6,1.3,2.5,
5.6,1.3,2.6,
5.6,1.3,2.7,
5.6,1.3,2.8,
5.6,1.3,2.9,
5.6,1.3,3,
5.6,1.3,3.1,
5.6,1.3,3.2,
5.6,1.3,3.3,
5.6,1.3,3.4,
5.6,1.3,3.5,
5.6,1.3,3.6,
5.7,1.3,0,
5.7,1.3,0.1,
5.7,1.3,0.2,0.976246244
5.7,1.3,0.3,
5.7,1.3,0.4,
5.7,1.3,0.5,
5.7,1.3,0.6,1.023615655
5.7,1.3,0.7,
5.7,1.3,0.8,
5.7,1.3,0.9,
5.7,1.3,1,
5.7,1.3,1.1,
5.7,1.3,1.2,
5.7,1.3,1.3,
5.7,1.3,1.4,
5.7,1.3,1.5,
5.7,1.3,1.6,
5.7,1.3,1.7,
5.7,1.3,1.8,
5.7,1.3,1.9,
5.7,1.3,2,
5.7,1.3,2.1,
5.7,1.3,2.2,
5.7,1.3,2.3,
5.7,1.3,2.4,
5.7,1.3,2.5,
5.7,1.3,2.6,
5.7,1.3,2.7,
5.7,1.3,2.8,
5.7,1.3,2.9,
5.7,1.3,3,
5.7,1.3,3.1,
5.7,1.3,3.2,
5.7,1.3,3.3,
5.7,1.3,3.4,
5.7,1.3,3.5,
5.7,1.3,3.6,
5.8,1.3,0,
5.8,1.3,0.1,
5.8,1.3,0.2,
5.8,1.3,0.3,
5.8,1.3,0.4,
5.8,1.3,0.5,
5.8,1.3,0.6,
5.8,1.3,0.7,
5.8,1.3,0.8,
5.8,1.3,0.9,
5.8,1.3,1,1.106635644
5.8,1.3,1.1,
5.8,1.3,1.2,
5.8,1.3,1.3,
5.8,1.3,1.4,
5.8,1.3,1.5,
5.8,1.3,1.6,
5.8,1.3,1.7,
5.8,1.3,1.8,
5.8,1.3,1.9,
5.8,1.3,2,
5.8,1.3,2.1,
5.8,1.3,2.2,
5.8,1.3,2.3,
5.8,1.3,2.4,1.060186728
5.8,1.3,2.5,
5.8,1.3,2.6,
5.8,1.3,2.7,
5.8,1.3,2.8,1.069677952
5.8,1.3,2.9,
5.8,1.3,3,
5.8,1.3,3.1,
5.8,1.3,3.2,
5.8,1.3,3.3,
5.8,1.3,3.4,
5.8,1.3,3.5,
5.8,1.3,3.6,
5.9,1.3,0,
5.9,1.3,0.1,
5.9,1.3,0.2,
5.9,1.3,0.3,
5.9,1.3,0.4,
5.9,1.3,0.5,
5.9,1.3,0.6,
5.9,1.3,0.7,
5.9,1.3,0.8,
5.9,1.3,0.9,
5.9,1.3,1,
5.9,1.3,1.1,
5.9,1.3,1.2,
5.9,1.3,1.3,
5.9,1.3,1.4,
5.9,1.3,1.5,
5.9,1.3,1.6,
5.9,1.3,1.7,
5.9,1.3,1.8,
5.9,1.3,1.9,
5.9,1.3,2,
5.9,1.3,2.1,
5.9,1.3,2.2,
5.9,1.3,2.3,
5.9,1.3,2.4,
5.9,1.3,2.5,
5.9,1.3,2.6,
5.9,1.3,2.7,
5.9,1.3,2.8,
5.9,1.3,2.9,
5.9,1.3,3,
5.9,1.3,3.1,
5.9,1.3,3.2,
5.9,1.3,3.3,
5.9,1.3,3.4,
5.9,1.3,3.5,0.976003185
5.9,1.3,3.6,
6,1.3,0,
6,1.3,0.1,
6,1.3,0.2,
6,1.3,0.3,
6,1.3,0.4,
6,1.3,0.5,
6,1.3,0.6,
6,1.3,0.7,1.052734354
6,1.3,0.8,
6,1.3,0.9,1.113542203
6,1.3,1,
6,1.3,1.1,
6,1.3,1.2,
6,1.3,1.3,
6,1.3,1.4,
6,1.3,1.5,
6,1.3,1.6,
6,1.3,1.7,
6,1.3,1.8,
6,1.3,1.9,
6,1.3,2,
6,1.3,2.1,
6,1.3,2.2,
6,1.3,2.3,
6,1.3,2.4,
6,1.3,2.5,
6,1.3,2.6,
6,1.3,2.7,
6,1.3,2.8,
6,1.3,2.9,
6,1.3,3,
6,1.3,3.1,
6,1.3,3.2,
6,1.3,3.3,
6,1.3,3.4,
6,1.3,3.5,
6,1.3,3.6,
6.1,1.3,0,
6.1,1.3,0.1,
6.1,1.3,0.2,
6.1,1.3,0.3,
6.1,1.3,0.4,
6.1,1.3,0.5,
6.1,1.3,0.6,
6.1,1.3,0.7,
6.1,1.3,0.8,
6.1,1.3,0.9,
6.1,1.3,1,
6.1,1.3,1.1,
6.1,1.3,1.2,
6.1,1.3,1.3,
6.1,1.3,1.4,
6.1,1.3,1.5,
6.1,1.3,1.6,
6.1,1.3,1.7,
6.1,1.3,1.8,
6.1,1.3,1.9,
6.1,1.3,2,
6.1,1.3,2.1,
6.1,1.3,2.2,
6.1,1.3,2.3,
6.1,1.3,2.4,
6.1,1.3,2.5,
6.1,1.3,2.6,
6.1,1.3,2.7,
6.1,1.3,2.8,
6.1,1.3,2.9,
6.1,1.3,3,
6.1,1.3,3.1,
6.1,1.3,3.2,
6.1,1.3,3.3,
6.1,1.3,3.4,
6.1,1.3,3.5,
6.1,1.3,3.6,
6.2,1.3,0,
6.2,1.3,0.1,
6.2,1.3,0.2,
6.2,1.3,0.3,
6.2,1.3,0.4,
6.2,1.3,0.5,
6.2,1.3,0.6,
6.2,1.3,0.7,
6.2,1.3,0.8,
6.2,1.3,0.9,
6.2,1.3,1,
6.2,1.3,1.1,
6.2,1.3,1.2,
6.2,1.3,1.3,
6.2,1.3,1.4,
6.2,1.3,1.5,
6.2,1.3,1.6,
6.2,1.3,1.7,
6.2,1.3,1.8,
6.2,1.3,1.9,
6.2,1.3,2,
6.2,1.3,2.1,
6.2,1.3,2.2,
6.2,1.3,2.3,
6.2,1.3,2.4,
6.2,1.3,2.5,
6.2,1.3,2.6,
6.2,1.3,2.7,
6.2,1.3,2.8,
6.2,1.3,2.9,
6.2,1.3,3,
6.2,1.3,3.1,
6.2,1.3,3.2,
6.2,1.3,3.3,
6.2,1.3,3.4,
6.2,1.3,3.5,
6.2,1.3,3.6,
6.3,1.3,0,
6.3,1.3,0.1,
6.3,1.3,0.2,
6.3,1.3,0.3,
6.3,1.3,0.4,
6.3,1.3,0.5,
6.3,1.3,0.6,
6.3,1.3,0.7,
6.3,1.3,0.8,
6.3,1.3,0.9,
6.3,1.3,1,
6.3,1.3,1.1,
6.3,1.3,1.2,
6.3,1.3,1.3,
6.3,1.3,1.4,
6.3,1.3,1.5,
6.3,1.3,1.6,
6.3,1.3,1.7,
6.3,1.3,1.8,
6.3,1.3,1.9,
6.3,1.3,2,
6.3,1.3,2.1,
6.3,1.3,2.2,
6.3,1.3,2.3,
6.3,1.3,2.4,
6.3,1.3,2.5,
6.3,1.3,2.6,
6.3,1.3,2.7,
6.3,1.3,2.8,
6.3,1.3,2.9,
6.3,1.3,3,
6.3,1.3,3.1,1.043615536
6.3,1.3,3.2,
6.3,1.3,3.3,
6.3,1.3,3.4,
6.3,1.3,3.5,
6.3,1.3,3.6,
6.4,1.3,0,
6.4,1.3,0.1,
6.4,1.3,0.2,1.0179676
6.4,1.3,0.3,
6.4,1.3,0.4,
6.4,1.3,0.5,
6.4,1.3,0.6,
6.4,1.3,0.7,
6.4,1.3,0.8,
6.4,1.3,0.9,1.091067104
6.4,1.3,1,
6.4,1.3,1.1,1.044368876
6.4,1.3,1.2,
6.4,1.3,1.3,
6.4,1.3,1.4,
6.4,1.3,1.5,
6.4,1.3,1.6,
6.4,1.3,1.7,
6.4,1.3,1.8,
6.4,1.3,1.9,
6.4,1.3,2,
6.4,1.3,2.1,
6.4,1.3,2.2,
6.4,1.3,2.3,
6.4,1.3,2.4,
6.4,1.3,2.5,
6.4,1.3,2.6,
6.4,1.3,2.7,
6.4,1.3,2.8,
6.4,1.3,2.9,
6.4,1.3,3,
6.4,1.3,3.1,
6.4,1.3,3.2,
6.4,1.3,3.3,
6.4,1.3,3.4,
6.4,1.3,3.5,
6.4,1.3,3.6,
6.5,1.3,0,
6.5,1.3,0.1,
6.5,1.3,0.2,
6.5,1.3,0.3,
6.5,1.3,0.4,
6.5,1.3,0.5,
6.5,1.3,0.6,
6.5,1.3,0.7,
6.5,1.3,0.8,1.139021562
6.5,1.3,0.9,
6.5,1.3,1,
6.5,1.3,1.1,
6.5,1.3,1.2,
6.5,1.3,1.3,
6.5,1.3,1.4,
6.5,1.3,1.5,0.984218564
6.5,1.3,1.6,
6.5,1.3,1.7,
6.5,1.3,1.8,
6.5,1.3,1.9,
6.5,1.3,2,
6.5,1.3,2.1,
6.5,1.3,2.2,
6.5,1.3,2.3,
6.5,1.3,2.4,
6.5,1.3,2.5,
6.5,1.3,2.6,
6.5,1.3,2.7,
6.5,1.3,2.8,
6.5,1.3,2.9,
6.5,1.3,3,
6.5,1.3,3.1,
6.5,1.3,3.2,1.054194695
6.5,1.3,3.3,
6.5,1.3,3.4,
6.5,1.3,3.5,
6.5,1.3,3.6,
6.6,1.3,0,
6.6,1.3,0.1,
6.6,1.3,0.2,
6.6,1.3,0.3,
6.6,1.3,0.4,
6.6,1.3,0.5,
6.6,1.3,0.6,
6.6,1.3,0.7,
6.6,1.3,0.8,
6.6,1.3,0.9,
6.6,1.3,1,
6.6,1.3,1.1,
6.6,1.3,1.2,
6.6,1.3,1.3,
6.6,1.3,1.4,
6.6,1.3,1.5,
6.6,1.3,1.6,
6.6,1.3,1.7,
6.6,1.3,1.8,
6.6,1.3,1.9,
6.6,1.3,2,
6.6,1.3,2.1,
6.6,1.3,2.2,
6.6,1.3,2.3,
6.6,1.3,2.4,
6.6,1.3,2.5,
6.6,1.3,2.6,
6.6,1.3,2.7,
6.6,1.3,2.8,
6.6,1.3,2.9,
6.6,1.3,3,
6.6,1.3,3.1,
6.6,1.3,3.2,
6.6,1.3,3.3,
6.6,1.3,3.4,
6.6,1.3,3.5,
6.6,1.3,3.6,
6.7,1.3,0,
6.7,1.3,0.1,
6.7,1.3,0.2,
6.7,1.3,0.3,
6.7,1.3,0.4,
6.7,1.3,0.5,
6.7,1.3,0.6,1.121428671
6.7,1.3,0.7,
6.7,1.3,0.8,
6.7,1.3,0.9,
6.7,1.3,1,
6.7,1.3,1.1,
6.7,1.3,1.2,
6.7,1.3,1.3,
6.7,1.3,1.4,
6.7,1.3,1.5,
6.7,1.3,1.6,
6.7,1.3,1.7,
6.7,1.3,1.8,0.973283772
6.7,1.3,1.9,
6.7,1.3,2,
6.7,1.3,2.1,
6.7,1.3,2.2,
6.7,1.3,2.3,
6.7,1.3,2.4,
6.7,1.3,2.5,
6.7,1.3,2.6,
6.7,1.3,2.7,
6.7,1.3,2.8,
6.7,1.3,2.9,
6.7,1.3,3,
6.7,1.3,3.1,
6.7,1.3,3.2,
6.7,1.3,3.3,
6.7,1.3,3.4,
6.7,1.3,3.5,
6.7,1.3,3.6,
6.8,1.3,0,
6.8,1.3,0.1,
6.8,1.3,0.2,
6.8,1.3,0.3,
6.8,1.3,0.4,
6.8,1.3,0.5,
6.8,1.3,0.6,
6.8,1.3,0.7,
6.8,1.3,0.8,
6.8,1.3,0.9,
6.8,1.3,1,
6.8,1.3,1.1,
6.8,1.3,1.2,
6.8,1.3,1.3,
6.8,1.3,1.4,
6.8,1.3,1.5,
6.8,1.3,1.6,
6.8,1.3,1.7,
6.8,1.3,1.8,
6.8,1.3,1.9,
6.8,1.3,2,
6.8,1.3,2.1,
6.8,1.3,2.2,
6.8,1.3,2.3,
6.8,1.3,2.4,1.029899643
6.8,1.3,2.5,
6.8,1.3,2.6,
6.8,1.3,2.7,
6.8,1.3,2.8,
6.8,1.3,2.9,
6.8,1.3,3,
6.8,1.3,3.1,
6.8,1.3,3.2,
6.8,1.3,3.3,
6.8,1.3,3.4,
6.8,1.3,3.5,
6.8,1.3,3.6,
6.9,1.3,0,1.080620704
6.9,1.3,0.1,
6.9,1.3,0.2,
6.9,1.3,0.3,
6.9,1.3,0.4,
6.9,1.3,0.5,
6.9,1.3,0.6,
6.9,1.3,0.7,
6.9,1.3,0.8,
6.9,1.3,0.9,
6.9,1.3,1,
6.9,1.3,1.1,
6.9,1.3,1.2,
6.9,1.3,1.3,
6.9,1.3,1.4,
6.9,1.3,1.5,
6.9,1.3,1.6,
6.9,1.3,1.7,
6.9,1.3,1.8,
6.9,1.3,1.9,
6.9,1.3,2,
6.9,1.3,2.1,
6.9,1.3,2.2,
6.9,1.3,2.3,
6.9,1.3,2.4,
6.9,1.3,2.5,
6.9,1.3,2.6,
6.9,1.3,2.7,
6.9,1.3,2.8,
6.9,1.3,2.9,
6.9,1.3,3,
6.9,1.3,3.1,
6.9,1.3,3.2,
6.9,1.3,3.3,
6.9,1.3,3.4,
6.9,1.3,3.5,
6.9,1.3,3.6,
7,1.3,0,
7,1.3,0.1,
7,1.3,0.2,
7,1.3,0.3,
7,1.3,0.4,
7,1.3,0.5,
7,1.3,0.6,
7,1.3,0.7,
7,1.3,0.8,
7,1.3,0.9,
7,1.3,1,
7,1.3,1.1,
7,1.3,1.2,
7,1.3,1.3,
7,1.3,1.4,
7,1.3,1.5,
7,1.3,1.6,
7,1.3,1.7,
7,1.3,1.8,
7,1.3,1.9,
7,1.3,2,
7,1.3,2.1,
7,1.3,2.2,
7,1.3,2.3,
7,1.3,2.4,
7,1.3,2.5,
7,1.3,2.6,
7,1.3,2.7,
7,1.3,2.8,
7,1.3,2.9,
7,1.3,3,
7,1.3,3.1,
7,1.3,3.2,
7,1.3,3.3,
7,1.3,3.4,
7,1.3,3.5,
7,1.3,3.6,0.973110362
7.1,1.3,0,
7.1,1.3,0.1,
7.1,1.3,0.2,
7.1,1.3,0.3,
7.1,1.3,0.4,
7.1,1.3,0.5,
7.1,1.3,0.6,
7.1,1.3,0.7,
7.1,1.3,0.8,
7.1,1.3,0.9,
7.1,1.3,1,
7.1,1.3,1.1,
7.1,1.3,1.2,
7.1,1.3,1.3,
7.1,1.3,1.4,
7.1,1.3,1.5,
7.1,1.3,1.6,
7.1,1.3,1.7,
7.1,1.3,1.8,
7.1,1.3,1.9,
7.1,1.3,2,
7.1,1.3,2.1,
7.1,1.3,2.2,
7.1,1.3,2.3,
7.1,1.3,2.4,
7.1,1.3,2.5,
7.1,1.3,2.6,
7.1,1.3,2.7,
7.1,1.3,2.8,
7.1,1.3,2.9,
7.1,1.3,3,
7.1,1.3,3.1,
7.1,1.3,3.2,
7.1,1.3,3.3,
7.1,1.3,3.4,
7.1,1.3,3.5,
7.1,1.3,3.6,
7.2,1.3,0,
7.2,1.3,0.1,
7.2,1.3,0.2,
7.2,1.3,0.3,
7.2,1.3,0.4,
7.2,1.3,0.5,
7.2,1.3,0.6,
7.2,1.3,0.7,
7.2,1.3,0.8,
7.2,1.3,0.9,
7.2,1.3,1,
7.2,1.3,1.1,
7.2,1.3,1.2,
7.2,1.3,1.3,
7.2,1.3,1.4,
7.2,1.3,1.5,
7.2,1.3,1.6,
7.2,1.3,1.7,
7.2,1.3,1.8,
7.2,1.3,1.9,
7.2,1.3,2,
7.2,1.3,2.1,
7.2,1.3,2.2,
7.2,1.3,2.3,
7.2,1.3,2.4,
7.2,1.3,2.5,
7.2,1.3,2.6,
7.2,1.3,2.7,
7.2,1.3,2.8,
7.2,1.3,2.9,
7.2,1.3,3,
7.2,1.3,3.1,
7.2,1.3,3.2,
7.2,1.3,3.3,
7.2,1.3,3.4,
7.2,1.3,3.5,
7.2,1.3,3.6,
7.3,1.3,0,
7.3,1.3,0.1,
7.3,1.3,0.2,
7.3,1.3,0.3,
7.3,1.3,0.4,
7.3,1.3,0.5,
7.3,1.3,0.6,
7.3,1.3,0.7,
7.3,1.3,0.8,
7.3,1.3,0.9,
7.3,1.3,1,
7.3,1.3,1.1,
7.3,1.3,1.2,
7.3,1.3,1.3,
7.3,1.3,1.4,
7.3,1.3,1.5,
7.3,1.3,1.6,
7.3,1.3,1.7,
7.3,1.3,1.8,
7.3,1.3,1.9,
7.3,1.3,2,
7.3,1.3,2.1,
7.3,1.3,2.2,
7.3,1.3,2.3,
7.3,1.3,2.4,
7.3,1.3,2.5,
7.3,1.3,2.6,
7.3,1.3,2.7,
7.3,1.3,2.8,
7.3,1.3,2.9,
7.3,1.3,3,
7.3,1.3,3.1,
7.3,1.3,3.2,
7.3,1.3,3.3,
7.3,1.3,3.4,
7.3,1.3,3.5,
7.3,1.3,3.6,
7.4,1.3,0,
7.4,1.3,0.1,0.973717582
7.4,1.3,0.2,
7.4,1.3,0.3,
7.4,1.3,0.4,
7.4,1.3,0.5,
7.4,1.3,0.6,
7.4,1.3,0.7,
7.4,1.3,0.8,
7.4,1.3,0.9,
7.4,1.3,1,
7.4,1.3,1.1,
7.4,1.3,1.2,1.097305607
7.4,1.3,1.3,
7.4,1.3,1.4,
7.4,1.3,1.5,
7.4,1.3,1.6,
7.4,1.3,1.7,
7.4,1.3,1.8,
7.4,1.3,1.9,
7.4,1.3,2,
7.4,1.3,2.1,
7.4,1.3,2.2,
7.4,1.3,2.3,
7.4,1.3,2.4,
7.4,1.3,2.5,
7.4,1.3,2.6,
7.4,1.3,2.7,
7.4,1.3,2.8,1.064161802
7.4,1.3,2.9,
7.4,1.3,3,
7.4,1.3,3.1,
7.4,1.3,3.2,
7.4,1.3,3.3,
7.4,1.3,3.4,
7.4,1.3,3.5,
7.4,1.3,3.6,
7.5,1.3,0,
7.5,1.3,0.1,
7.5,1.3,0.2,
7.5,1.3,0.3,
7.5,1.3,0.4,
7.5,1.3,0.5,
7.5,1.3,0.6,
7.5,1.3,0.7,
7.5,1.3,0.8,1.063472709
7.5,1.3,0.9,
7.5,1.3,1,
7.5,1.3,1.1,
7.5,1.3,1.2,
7.5,1.3,1.3,
7.5,1.3,1.4,
7.5,1.3,1.5,
7.5,1.3,1.6,
7.5,1.3,1.7,
7.5,1.3,1.8,
7.5,1.3,1.9,
7.5,1.3,2,1.000697081
7.5,1.3,2.1,
7.5,1.3,2.2,
7.5,1.3,2.3,
7.5,1.3,2.4,
7.5,1.3,2.5,
7.5,1.3,2.6,
7.5,1.3,2.7,
7.5,1.3,2.8,
7.5,1.3,2.9,
7.5,1.3,3,
7.5,1.3,3.1,
7.5,1.3,3.2,
7.5,1.3,3.3,
7.5,1.3,3.4,
7.5,1.3,3.5,
7.5,1.3,3.6,
7.6,1.3,0,
7.6,1.3,0.1,
7.6,1.3,0.2,
7.6,1.3,0.3,
7.6,1.3,0.4,
7.6,1.3,0.5,
7.6,1.3,0.6,
7.6,1.3,0.7,
7.6,1.3,0.8,
7.6,1.3,0.9,
7.6,1.3,1,
7.6,1.3,1.1,
7.6,1.3,1.2,
7.6,1.3,1.3,
7.6,1.3,1.4,
7.6,1.3,1.5,
7.6,1.3,1.6,
7.6,1.3,1.7,0.988695959
7.6,1.3,1.8,
7.6,1.3,1.9,
7.6,1.3,2,
7.6,1.3,2.1,
7.6,1.3,2.2,
7.6,1.3,2.3,
7.6,1.3,2.4,
7.6,1.3,2.5,
7.6,1.3,2.6,
7.6,1.3,2.7,
7.6,1.3,2.8,
7.6,1.3,2.9,
7.6,1.3,3,
7.6,1.3,3.1,
7.6,1.3,3.2,
7.6,1.3,3.3,
7.6,1.3,3.4,
7.6,1.3,3.5,
7.6,1.3,3.6,
7.7,1.3,0,
7.7,1.3,0.1,
7.7,1.3,0.2,
7.7,1.3,0.3,
7.7,1.3,0.4,
7.7,1.3,0.5,
7.7,1.3,0.6,
7.7,1.3,0.7,
7.7,1.3,0.8,
7.7,1.3,0.9,
7.7,1.3,1,
7.7,1.3,1.1,
7.7,1.3,1.2,
7.7,1.3,1.3,
7.7,1.3,1.4,
7.7,1.3,1.5,
7.7,1.3,1.6,
7.7,1.3,1.7,
7.7,1.3,1.8,
7.7,1.3,1.9,
7.7,1.3,2,
7.7,1.3,2.1,
7.7,1.3,2.2,
7.7,1.3,2.3,
7.7,1.3,2.4,1.03299004
7.7,1.3,2.5,
7.7,1.3,2.6,
7.7,1.3,2.7,
7.7,1.3,2.8,
7.7,1.3,2.9,
7.7,1.3,3,
7.7,1.3,3.1,
7.7,1.3,3.2,
7.7,1.3,3.3,
7.7,1.3,3.4,
7.7,1.3,3.5,
7.7,1.3,3.6,
7.8,1.3,0,
7.8,1.3,0.1,
7.8,1.3,0.2,
7.8,1.3,0.3,
7.8,1.3,0.4,
7.8,1.3,0.5,
7.8,1.3,0.6,
7.8,1.3,0.7,
7.8,1.3,0.8,
7.8,1.3,0.9,
7.8,1.3,1,
7.8,1.3,1.1,
7.8,1.3,1.2,
7.8,1.3,1.3,
7.8,1.3,1.4,
7.8,1.3,1.5,
7.8,1.3,1.6,
7.8,1.3,1.7,
7.8,1.3,1.8,
7.8,1.3,1.9,
7.8,1.3,2,
7.8,1.3,2.1,
7.8,1.3,2.2,
7.8,1.3,2.3,
7.8,1.3,2.4,
7.8,1.3,2.5,
7.8,1.3,2.6,
7.8,1.3,2.7,
7.8,1.3,2.8,
7.8,1.3,2.9,
7.8,1.3,3,
7.8,1.3,3.1,
7.8,1.3,3.2,
7.8,1.3,3.3,
7.8,1.3,3.4,
7.8,1.3,3.5,
7.8,1.3,3.6,
7.9,1.3,0,1.00612681
7.9,1.3,0.1,
7.9,1.3,0.2,
7.9,1.3,0.3,
7.9,1.3,0.4,
7.9,1.3,0.5,
7.9,1.3,0.6,
7.9,1.3,0.7,
7.9,1.3,0.8,
7.9,1.3,0.9,
7.9,1.3,1,1.066809861
7.9,1.3,1.1,
7.9,1.3,1.2,
7.9,1.3,1.3,
7.9,1.3,1.4,
7.9,1.3,1.5,
7.9,1.3,1.6,
7.9,1.3,1.7,
7.9,1.3,1.8,
7.9,1.3,1.9,
7.9,1.3,2,
7.9,1.3,2.1,
7.9,1.3,2.2,
7.9,1.3,2.3,
7.9,1.3,2.4,
7.9,1.3,2.5,
7.9,1.3,2.6,
7.9,1.3,2.7,
7.9,1.3,2.8,
7.9,1.3,2.9,
7.9,1.3,3,
7.9,1.3,3.1,
7.9,1.3,3.2,
7.9,1.3,3.3,
7.9,1.3,3.4,
7.9,1.3,3.5,
7.9,1.3,3.6,
8,1.3,0,
8,1.3,0.1,
8,1.3,0.2,
8,1.3,0.3,
8,1.3,0.4,
8,1.3,0.5,
8,1.3,0.6,
8,1.3,0.7,
8,1.3,0.8,
8,1.3,0.9,
8,1.3,1,
8,1.3,1.1,
8,1.3,1.2,
8,1.3,1.3,
8,1.3,1.4,0.995227269
8,1.3,1.5,
8,1.3,1.6,
8,1.3,1.7,
8,1.3,1.8,
8,1.3,1.9,
8,1.3,2,
8,1.3,2.1,
8,1.3,2.2,
8,1.3,2.3,
8,1.3,2.4,
8,1.3,2.5,
8,1.3,2.6,
8,1.3,2.7,
8,1.3,2.8,
8,1.3,2.9,
8,1.3,3,
8,1.3,3.1,
8,1.3,3.2,
8,1.3,3.3,
8,1.3,3.4,
8,1.3,3.5,
8,1.3,3.6,
0,1.4,0,
0,1.4,0.1,
0,1.4,0.2,
0,1.4,0.3,
0,1.4,0.4,1.207775862
0,1.4,0.5,
0,1.4,0.6,
0,1.4,0.7,
0,1.4,0.8,
0,1.4,0.9,
0,1.4,1,
0,1.4,1.1,
0,1.4,1.2,
0,1.4,1.3,
0,1.4,1.4,
0,1.4,1.5,
0,1.4,1.6,1.255423583
0,1.4,1.7,
0,1.4,1.8,
0,1.4,1.9,
0,1.4,2,
0,1.4,2.1,
0,1.4,2.2,
0,1.4,2.3,
0,1.4,2.4,1.32590772
0,1.4,2.5,
0,1.4,2.6,
0,1.4,2.7,
0,1.4,2.8,
0,1.4,2.9,
0,1.4,3,
0,1.4,3.1,
0,1.4,3.2,
0,1.4,3.3,
0,1.4,3.4,
0,1.4,3.5,
0,1.4,3.6,
0.1,1.4,0,
0.1,1.4,0.1,
0.1,1.4,0.2,
0.1,1.4,0.3,
0.1,1.4,0.4,
0.1,1.4,0.5,
0.1,1.4,0.6,
0.1,1.4,0.7,
0.1,1.4,0.8,
0.1,1.4,0.9,
0.1,1.4,1,
0.1,1.4,1.1,1.070708179
0.1,1.4,1.2,
0.1,1.4,1.3,
0.1,1.4,1.4,
0.1,1.4,1.5,
0.1,1.4,1.6,
0.1,1.4,1.7,
0.1,1.4,1.8,
0.1,1.4,1.9,
0.1,1.4,2,
0.1,1.4,2.1,
0.1,1.4,2.2,
0.1,1.4,2.3,
0.1,1.4,2.4,
0.1,1.4,2.5,1.0678887
0.1,1.4,2.6,
0.1,1.4,2.7,1.110920013
0.1,1.4,2.8,
0.1,1.4,2.9,
0.1,1.4,3,
0.1,1.4,3.1,
0.1,1.4,3.2,
0.1,1.4,3.3,
0.1,1.4,3.4,
0.1,1.4,3.5,
0.1,1.4,3.6,
0.2,1.4,0,
0.2,1.4,0.1,
0.2,1.4,0.2,1.046805147
0.2,1.4,0.3,
0.2,1.4,0.4,
0.2,1.4,0.5,
0.2,1.4,0.6,
0.2,1.4,0.7,
0.2,1.4,0.8,
0.2,1.4,0.9,
0.2,1.4,1,
0.2,1.4,1.1,
0.2,1.4,1.2,
0.2,1.4,1.3,
0.2,1.4,1.4,
0.2,1.4,1.5,
0.2,1.4,1.6,
0.2,1.4,1.7,
0.2,1.4,1.8,
0.2,1.4,1.9,
0.2,1.4,2,
0.2,1.4,2.1,
0.2,1.4,2.2,1.024953188
0.2,1.4,2.3,
0.2,1.4,2.4,1.052377868
0.2,1.4,2.5,
0.2,1.4,2.6,1.090138081
0.2,1.4,2.7,
0.2,1.4,2.8,
0.2,1.4,2.9,1.099037151
0.2,1.4,3,
0.2,1.4,3.1,
0.2,1.4,3.2,
0.2,1.4,3.3,
0.2,1.4,3.4,
0.2,1.4,3.5,
0.2,1.4,3.6,
0.3,1.4,0,
0.3,1.4,0.1,
0.3,1.4,0.2,
0.3,1.4,0.3,
0.3,1.4,0.4,
0.3,1.4,0.5,
0.3,1.4,0.6,
0.3,1.4,0.7,
0.3,1.4,0.8,
0.3,1.4,0.9,
0.3,1.4,1,
0.3,1.4,1.1,
0.3,1.4,1.2,
0.3,1.4,1.3,
0.3,1.4,1.4,
0.3,1.4,1.5,
0.3,1.4,1.6,
0.3,1.4,1.7,
0.3,1.4,1.8,
0.3,1.4,1.9,
0.3,1.4,2,
0.3,1.4,2.1,
0.3,1.4,2.2,
0.3,1.4,2.3,
0.3,1.4,2.4,
0.3,1.4,2.5,1.227899689
0.3,1.4,2.6,1.252180812
0.3,1.4,2.7,
0.3,1.4,2.8,
0.3,1.4,2.9,
0.3,1.4,3,
0.3,1.4,3.1,
0.3,1.4,3.2,
0.3,1.4,3.3,
0.3,1.4,3.4,
0.3,1.4,3.5,
0.3,1.4,3.6,
0.4,1.4,0,
0.4,1.4,0.1,
0.4,1.4,0.2,
0.4,1.4,0.3,
0.4,1.4,0.4,
0.4,1.4,0.5,
0.4,1.4,0.6,
0.4,1.4,0.7,
0.4,1.4,0.8,
0.4,1.4,0.9,
0.4,1.4,1,
0.4,1.4,1.1,
0.4,1.4,1.2,
0.4,1.4,1.3,1.048732559
0.4,1.4,1.4,
0.4,1.4,1.5,
0.4,1.4,1.6,1.129922644
0.4,1.4,1.7,
0.4,1.4,1.8,
0.4,1.4,1.9,
0.4,1.4,2,
0.4,1.4,2.1,
0.4,1.4,2.2,
0.4,1.4,2.3,
0.4,1.4,2.4,
0.4,1.4,2.5,
0.4,1.4,2.6,
0.4,1.4,2.7,
0.4,1.4,2.8,
0.4,1.4,2.9,
0.4,1.4,3,
0.4,1.4,3.1,
0.4,1.4,3.2,
0.4,1.4,3.3,
0.4,1.4,3.4,
0.4,1.4,3.5,
0.4,1.4,3.6,1.01975543
0.5,1.4,0,
0.5,1.4,0.1,
0.5,1.4,0.2,
0.5,1.4,0.3,
0.5,1.4,0.4,
0.5,1.4,0.5,
0.5,1.4,0.6,
0.5,1.4,0.7,
0.5,1.4,0.8,
0.5,1.4,0.9,
0.5,1.4,1,
0.5,1.4,1.1,
0.5,1.4,1.2,
0.5,1.4,1.3,
0.5,1.4,1.4,
0.5,1.4,1.5,
0.5,1.4,1.6,
0.5,1.4,1.7,
0.5,1.4,1.8,
0.5,1.4,1.9,1.020142334
0.5,1.4,2,
0.5,1.4,2.1,
0.5,1.4,2.2,
0.5,1.4,2.3,
0.5,1.4,2.4,
0.5,1.4,2.5,
0.5,1.4,2.6,
0.5,1.4,2.7,1.119611276
0.5,1.4,2.8,
0.5,1.4,2.9,
0.5,1.4,3,
0.5,1.4,3.1,
0.5,1.4,3.2,
0.5,1.4,3.3,
0.5,1.4,3.4,
0.5,1.4,3.5,
0.5,1.4,3.6,
0.6,1.4,0,
0.6,1.4,0.1,
0.6,1.4,0.2,
0.6,1.4,0.3,
0.6,1.4,0.4,
0.6,1.4,0.5,
0.6,1.4,0.6,
0.6,1.4,0.7,
0.6,1.4,0.8,
0.6,1.4,0.9,
0.6,1.4,1,
0.6,1.4,1.1,
0.6,1.4,1.2,
0.6,1.4,1.3,
0.6,1.4,1.4,
0.6,1.4,1.5,
0.6,1.4,1.6,
0.6,1.4,1.7,
0.6,1.4,1.8,
0.6,1.4,1.9,
0.6,1.4,2,
0.6,1.4,2.1,
0.6,1.4,2.2,
0.6,1.4,2.3,
0.6,1.4,2.4,
0.6,1.4,2.5,
0.6,1.4,2.6,
0.6,1.4,2.7,
0.6,1.4,2.8,
0.6,1.4,2.9,
0.6,1.4,3,
0.6,1.4,3.1,
0.6,1.4,3.2,
0.6,1.4,3.3,
0.6,1.4,3.4,
0.6,1.4,3.5,
0.6,1.4,3.6,
0.7,1.4,0,
0.7,1.4,0.1,
0.7,1.4,0.2,
0.7,1.4,0.3,
0.7,1.4,0.4,
0.7,1.4,0.5,
0.7,1.4,0.6,
0.7,1.4,0.7,
0.7,1.4,0.8,1.086987701
0.7,1.4,0.9,
0.7,1.4,1,
0.7,1.4,1.1,
0.7,1.4,1.2,
0.7,1.4,1.3,
0.7,1.4,1.4,
0.7,1.4,1.5,
0.7,1.4,1.6,
0.7,1.4,1.7,
0.7,1.4,1.8,
0.7,1.4,1.9,
0.7,1.4,2,
0.7,1.4,2.1,
0.7,1.4,2.2,
0.7,1.4,2.3,
0.7,1.4,2.4,
0.7,1.4,2.5,
0.7,1.4,2.6,
0.7,1.4,2.7,
0.7,1.4,2.8,
0.7,1.4,2.9,
0.7,1.4,3,
0.7,1.4,3.1,
0.7,1.4,3.2,
0.7,1.4,3.3,
0.7,1.4,3.4,
0.7,1.4,3.5,
0.7,1.4,3.6,
0.8,1.4,0,
0.8,1.4,0.1,
0.8,1.4,0.2,
0.8,1.4,0.3,
0.8,1.4,0.4,
0.8,1.4,0.5,
0.8,1.4,0.6,
0.8,1.4,0.7,
0.8,1.4,0.8,
0.8,1.4,0.9,
0.8,1.4,1,
0.8,1.4,1.1,
0.8,1.4,1.2,
0.8,1.4,1.3,
0.8,1.4,1.4,
0.8,1.4,1.5,
0.8,1.4,1.6,
0.8,1.4,1.7,
0.8,1.4,1.8,
0.8,1.4,1.9,
0.8,1.4,2,
0.8,1.4,2.1,
0.8,1.4,2.2,
0.8,1.4,2.3,
0.8,1.4,2.4,
0.8,1.4,2.5,
0.8,1.4,2.6,
0.8,1.4,2.7,
0.8,1.4,2.8,
0.8,1.4,2.9,
0.8,1.4,3,
0.8,1.4,3.1,
0.8,1.4,3.2,
0.8,1.4,3.3,
0.8,1.4,3.4,
0.8,1.4,3.5,
0.8,1.4,3.6,
0.9,1.4,0,
0.9,1.4,0.1,
0.9,1.4,0.2,1.005939186
0.9,1.4,0.3,
0.9,1.4,0.4,
0.9,1.4,0.5,
0.9,1.4,0.6,1.050805521
0.9,1.4,0.7,
0.9,1.4,0.8,
0.9,1.4,0.9,
0.9,1.4,1,
0.9,1.4,1.1,
0.9,1.4,1.2,
0.9,1.4,1.3,
0.9,1.4,1.4,
0.9,1.4,1.5,
0.9,1.4,1.6,
0.9,1.4,1.7,
0.9,1.4,1.8,
0.9,1.4,1.9,
0.9,1.4,2,
0.9,1.4,2.1,
0.9,1.4,2.2,
0.9,1.4,2.3,
0.9,1.4,2.4,
0.9,1.4,2.5,
0.9,1.4,2.6,
0.9,1.4,2.7,
0.9,1.4,2.8,
0.9,1.4,2.9,
0.9,1.4,3,
0.9,1.4,3.1,
0.9,1.4,3.2,
0.9,1.4,3.3,
0.9,1.4,3.4,
0.9,1.4,3.5,
0.9,1.4,3.6,
1,1.4,0,
1,1.4,0.1,
1,1.4,0.2,1.006835518
1,1.4,0.3,
1,1.4,0.4,
1,1.4,0.5,
1,1.4,0.6,
1,1.4,0.7,
1,1.4,0.8,
1,1.4,0.9,
1,1.4,1,
1,1.4,1.1,
1,1.4,1.2,
1,1.4,1.3,
1,1.4,1.4,
1,1.4,1.5,
1,1.4,1.6,
1,1.4,1.7,
1,1.4,1.8,
1,1.4,1.9,
1,1.4,2,
1,1.4,2.1,
1,1.4,2.2,
1,1.4,2.3,
1,1.4,2.4,
1,1.4,2.5,
1,1.4,2.6,
1,1.4,2.7,1.140856583
1,1.4,2.8,
1,1.4,2.9,
1,1.4,3,
1,1.4,3.1,
1,1.4,3.2,1.025646544
1,1.4,3.3,
1,1.4,3.4,
1,1.4,3.5,
1,1.4,3.6,
1.1,1.4,0,
1.1,1.4,0.1,
1.1,1.4,0.2,
1.1,1.4,0.3,
1.1,1.4,0.4,
1.1,1.4,0.5,1.201219535
1.1,1.4,0.6,
1.1,1.4,0.7,
1.1,1.4,0.8,
1.1,1.4,0.9,
1.1,1.4,1,
1.1,1.4,1.1,
1.1,1.4,1.2,
1.1,1.4,1.3,
1.1,1.4,1.4,
1.1,1.4,1.5,
1.1,1.4,1.6,
1.1,1.4,1.7,
1.1,1.4,1.8,
1.1,1.4,1.9,
1.1,1.4,2,
1.1,1.4,2.1,
1.1,1.4,2.2,
1.1,1.4,2.3,
1.1,1.4,2.4,
1.1,1.4,2.5,
1.1,1.4,2.6,
1.1,1.4,2.7,
1.1,1.4,2.8,
1.1,1.4,2.9,
1.1,1.4,3,
1.1,1.4,3.1,
1.1,1.4,3.2,
1.1,1.4,3.3,
1.1,1.4,3.4,
1.1,1.4,3.5,
1.1,1.4,3.6,
1.2,1.4,0,
1.2,1.4,0.1,
1.2,1.4,0.2,
1.2,1.4,0.3,
1.2,1.4,0.4,
1.2,1.4,0.5,
1.2,1.4,0.6,
1.2,1.4,0.7,
1.2,1.4,0.8,
1.2,1.4,0.9,
1.2,1.4,1,
1.2,1.4,1.1,
1.2,1.4,1.2,
1.2,1.4,1.3,
1.2,1.4,1.4,
1.2,1.4,1.5,
1.2,1.4,1.6,
1.2,1.4,1.7,
1.2,1.4,1.8,
1.2,1.4,1.9,
1.2,1.4,2,
1.2,1.4,2.1,
1.2,1.4,2.2,
1.2,1.4,2.3,
1.2,1.4,2.4,
1.2,1.4,2.5,
1.2,1.4,2.6,
1.2,1.4,2.7,
1.2,1.4,2.8,
1.2,1.4,2.9,
1.2,1.4,3,
1.2,1.4,3.1,
1.2,1.4,3.2,
1.2,1.4,3.3,
1.2,1.4,3.4,
1.2,1.4,3.5,
1.2,1.4,3.6,
1.3,1.4,0,
1.3,1.4,0.1,
1.3,1.4,0.2,
1.3,1.4,0.3,1.126677883
1.3,1.4,0.4,
1.3,1.4,0.5,
1.3,1.4,0.6,1.17280926
1.3,1.4,0.7,
1.3,1.4,0.8,
1.3,1.4,0.9,
1.3,1.4,1,
1.3,1.4,1.1,
1.3,1.4,1.2,
1.3,1.4,1.3,
1.3,1.4,1.4,
1.3,1.4,1.5,
1.3,1.4,1.6,
1.3,1.4,1.7,
1.3,1.4,1.8,
1.3,1.4,1.9,1.008306946
1.3,1.4,2,
1.3,1.4,2.1,
1.3,1.4,2.2,
1.3,1.4,2.3,
1.3,1.4,2.4,
1.3,1.4,2.5,
1.3,1.4,2.6,
1.3,1.4,2.7,
1.3,1.4,2.8,
1.3,1.4,2.9,
1.3,1.4,3,
1.3,1.4,3.1,
1.3,1.4,3.2,
1.3,1.4,3.3,
1.3,1.4,3.4,1.118962267
1.3,1.4,3.5,
1.3,1.4,3.6,
1.4,1.4,0,
1.4,1.4,0.1,
1.4,1.4,0.2,
1.4,1.4,0.3,
1.4,1.4,0.4,
1.4,1.4,0.5,
1.4,1.4,0.6,
1.4,1.4,0.7,
1.4,1.4,0.8,1.142873258
1.4,1.4,0.9,
1.4,1.4,1,
1.4,1.4,1.1,
1.4,1.4,1.2,
1.4,1.4,1.3,
1.4,1.4,1.4,
1.4,1.4,1.5,
1.4,1.4,1.6,
1.4,1.4,1.7,
1.4,1.4,1.8,
1.4,1.4,1.9,
1.4,1.4,2,
1.4,1.4,2.1,
1.4,1.4,2.2,
1.4,1.4,2.3,
1.4,1.4,2.4,
1.4,1.4,2.5,
1.4,1.4,2.6,
1.4,1.4,2.7,
1.4,1.4,2.8,
1.4,1.4,2.9,
1.4,1.4,3,
1.4,1.4,3.1,
1.4,1.4,3.2,
1.4,1.4,3.3,
1.4,1.4,3.4,
1.4,1.4,3.5,
1.4,1.4,3.6,
1.5,1.4,0,
1.5,1.4,0.1,
1.5,1.4,0.2,
1.5,1.4,0.3,
1.5,1.4,0.4,
1.5,1.4,0.5,
1.5,1.4,0.6,
1.5,1.4,0.7,
1.5,1.4,0.8,
1.5,1.4,0.9,
1.5,1.4,1,
1.5,1.4,1.1,
1.5,1.4,1.2,
1.5,1.4,1.3,
1.5,1.4,1.4,
1.5,1.4,1.5,
1.5,1.4,1.6,
1.5,1.4,1.7,
1.5,1.4,1.8,
1.5,1.4,1.9,
1.5,1.4,2,
1.5,1.4,2.1,
1.5,1.4,2.2,
1.5,1.4,2.3,
1.5,1.4,2.4,1.050704318
1.5,1.4,2.5,
1.5,1.4,2.6,
1.5,1.4,2.7,
1.5,1.4,2.8,
1.5,1.4,2.9,1.155153259
1.5,1.4,3,
1.5,1.4,3.1,
1.5,1.4,3.2,
1.5,1.4,3.3,
1.5,1.4,3.4,
1.5,1.4,3.5,
1.5,1.4,3.6,
1.6,1.4,0,
1.6,1.4,0.1,
1.6,1.4,0.2,
1.6,1.4,0.3,
1.6,1.4,0.4,
1.6,1.4,0.5,
1.6,1.4,0.6,
1.6,1.4,0.7,
1.6,1.4,0.8,
1.6,1.4,0.9,
1.6,1.4,1,
1.6,1.4,1.1,
1.6,1.4,1.2,
1.6,1.4,1.3,
1.6,1.4,1.4,
1.6,1.4,1.5,
1.6,1.4,1.6,
1.6,1.4,1.7,
1.6,1.4,1.8,1.000252469
1.6,1.4,1.9,
1.6,1.4,2,
1.6,1.4,2.1,
1.6,1.4,2.2,
1.6,1.4,2.3,
1.6,1.4,2.4,
1.6,1.4,2.5,
1.6,1.4,2.6,
1.6,1.4,2.7,
1.6,1.4,2.8,
1.6,1.4,2.9,
1.6,1.4,3,
1.6,1.4,3.1,
1.6,1.4,3.2,
1.6,1.4,3.3,
1.6,1.4,3.4,
1.6,1.4,3.5,
1.6,1.4,3.6,
1.7,1.4,0,
1.7,1.4,0.1,
1.7,1.4,0.2,
1.7,1.4,0.3,
1.7,1.4,0.4,
1.7,1.4,0.5,
1.7,1.4,0.6,
1.7,1.4,0.7,1.119113219
1.7,1.4,0.8,
1.7,1.4,0.9,
1.7,1.4,1,
1.7,1.4,1.1,
1.7,1.4,1.2,
1.7,1.4,1.3,1.037493019
1.7,1.4,1.4,
1.7,1.4,1.5,
1.7,1.4,1.6,
1.7,1.4,1.7,
1.7,1.4,1.8,
1.7,1.4,1.9,
1.7,1.4,2,
1.7,1.4,2.1,
1.7,1.4,2.2,
1.7,1.4,2.3,
1.7,1.4,2.4,
1.7,1.4,2.5,
1.7,1.4,2.6,
1.7,1.4,2.7,
1.7,1.4,2.8,
1.7,1.4,2.9,
1.7,1.4,3,
1.7,1.4,3.1,
1.7,1.4,3.2,
1.7,1.4,3.3,
1.7,1.4,3.4,
1.7,1.4,3.5,
1.7,1.4,3.6,
1.8,1.4,0,
1.8,1.4,0.1,
1.8,1.4,0.2,
1.8,1.4,0.3,
1.8,1.4,0.4,
1.8,1.4,0.5,
1.8,1.4,0.6,
1.8,1.4,0.7,
1.8,1.4,0.8,
1.8,1.4,0.9,
1.8,1.4,1,
1.8,1.4,1.1,
1.8,1.4,1.2,
1.8,1.4,1.3,
1.8,1.4,1.4,
1.8,1.4,1.5,
1.8,1.4,1.6,
1.8,1.4,1.7,
1.8,1.4,1.8,
1.8,1.4,1.9,
1.8,1.4,2,
1.8,1.4,2.1,
1.8,1.4,2.2,
1.8,1.4,2.3,
1.8,1.4,2.4,
1.8,1.4,2.5,
1.8,1.4,2.6,
1.8,1.4,2.7,
1.8,1.4,2.8,
1.8,1.4,2.9,1.10898322
1.8,1.4,3,
1.8,1.4,3.1,
1.8,1.4,3.2,
1.8,1.4,3.3,
1.8,1.4,3.4,
1.8,1.4,3.5,
1.8,1.4,3.6,
1.9,1.4,0,
1.9,1.4,0.1,
1.9,1.4,0.2,1.028485923
1.9,1.4,0.3,
1.9,1.4,0.4,
1.9,1.4,0.5,
1.9,1.4,0.6,
1.9,1.4,0.7,
1.9,1.4,0.8,
1.9,1.4,0.9,
1.9,1.4,1,
1.9,1.4,1.1,
1.9,1.4,1.2,
1.9,1.4,1.3,
1.9,1.4,1.4,
1.9,1.4,1.5,
1.9,1.4,1.6,
1.9,1.4,1.7,
1.9,1.4,1.8,
1.9,1.4,1.9,
1.9,1.4,2,
1.9,1.4,2.1,
1.9,1.4,2.2,
1.9,1.4,2.3,
1.9,1.4,2.4,
1.9,1.4,2.5,
1.9,1.4,2.6,1.096232738
1.9,1.4,2.7,
1.9,1.4,2.8,
1.9,1.4,2.9,
1.9,1.4,3,
1.9,1.4,3.1,
1.9,1.4,3.2,
1.9,1.4,3.3,
1.9,1.4,3.4,
1.9,1.4,3.5,
1.9,1.4,3.6,
2,1.4,0,
2,1.4,0.1,
2,1.4,0.2,
2,1.4,0.3,
2,1.4,0.4,
2,1.4,0.5,
2,1.4,0.6,
2,1.4,0.7,
2,1.4,0.8,
2,1.4,0.9,
2,1.4,1,
2,1.4,1.1,
2,1.4,1.2,
2,1.4,1.3,
2,1.4,1.4,
2,1.4,1.5,
2,1.4,1.6,
2,1.4,1.7,
2,1.4,1.8,
2,1.4,1.9,
2,1.4,2,
2,1.4,2.1,
2,1.4,2.2,
2,1.4,2.3,
2,1.4,2.4,
2,1.4,2.5,
2,1.4,2.6,
2,1.4,2.7,
2,1.4,2.8,
2,1.4,2.9,
2,1.4,3,
2,1.4,3.1,
2,1.4,3.2,
2,1.4,3.3,
2,1.4,3.4,
2,1.4,3.5,
2,1.4,3.6,1.014598325
2.1,1.4,0,
2.1,1.4,0.1,
2.1,1.4,0.2,
2.1,1.4,0.3,
2.1,1.4,0.4,
2.1,1.4,0.5,
2.1,1.4,0.6,
2.1,1.4,0.7,
2.1,1.4,0.8,
2.1,1.4,0.9,
2.1,1.4,1,
2.1,1.4,1.1,
2.1,1.4,1.2,
2.1,1.4,1.3,
2.1,1.4,1.4,
2.1,1.4,1.5,
2.1,1.4,1.6,
2.1,1.4,1.7,1.020653752
2.1,1.4,1.8,
2.1,1.4,1.9,
2.1,1.4,2,
2.1,1.4,2.1,
2.1,1.4,2.2,
2.1,1.4,2.3,
2.1,1.4,2.4,
2.1,1.4,2.5,
2.1,1.4,2.6,
2.1,1.4,2.7,
2.1,1.4,2.8,
2.1,1.4,2.9,
2.1,1.4,3,
2.1,1.4,3.1,
2.1,1.4,3.2,
2.1,1.4,3.3,
2.1,1.4,3.4,
2.1,1.4,3.5,
2.1,1.4,3.6,
2.2,1.4,0,
2.2,1.4,0.1,
2.2,1.4,0.2,
2.2,1.4,0.3,
2.2,1.4,0.4,
2.2,1.4,0.5,
2.2,1.4,0.6,
2.2,1.4,0.7,
2.2,1.4,0.8,
2.2,1.4,0.9,
2.2,1.4,1,
2.2,1.4,1.1,
2.2,1.4,1.2,
2.2,1.4,1.3,
2.2,1.4,1.4,
2.2,1.4,1.5,
2.2,1.4,1.6,
2.2,1.4,1.7,
2.2,1.4,1.8,
2.2,1.4,1.9,
2.2,1.4,2,
2.2,1.4,2.1,
2.2,1.4,2.2,
2.2,1.4,2.3,
2.2,1.4,2.4,
2.2,1.4,2.5,
2.2,1.4,2.6,
2.2,1.4,2.7,
2.2,1.4,2.8,
2.2,1.4,2.9,
2.2,1.4,3,
2.2,1.4,3.1,
2.2,1.4,3.2,
2.2,1.4,3.3,
2.2,1.4,3.4,
2.2,1.4,3.5,
2.2,1.4,3.6,
2.3,1.4,0,
2.3,1.4,0.1,
2.3,1.4,0.2,
2.3,1.4,0.3,
2.3,1.4,0.4,
2.3,1.4,0.5,
2.3,1.4,0.6,
2.3,1.4,0.7,
2.3,1.4,0.8,
2.3,1.4,0.9,
2.3,1.4,1,
2.3,1.4,1.1,
2.3,1.4,1.2,
2.3,1.4,1.3,
2.3,1.4,1.4,1.064714724
2.3,1.4,1.5,
2.3,1.4,1.6,
2.3,1.4,1.7,
2.3,1.4,1.8,
2.3,1.4,1.9,
2.3,1.4,2,
2.3,1.4,2.1,
2.3,1.4,2.2,
2.3,1.4,2.3,
2.3,1.4,2.4,
2.3,1.4,2.5,
2.3,1.4,2.6,
2.3,1.4,2.7,
2.3,1.4,2.8,
2.3,1.4,2.9,
2.3,1.4,3,
2.3,1.4,3.1,
2.3,1.4,3.2,
2.3,1.4,3.3,
2.3,1.4,3.4,
2.3,1.4,3.5,
2.3,1.4,3.6,
2.4,1.4,0,
2.4,1.4,0.1,
2.4,1.4,0.2,
2.4,1.4,0.3,
2.4,1.4,0.4,
2.4,1.4,0.5,
2.4,1.4,0.6,
2.4,1.4,0.7,
2.4,1.4,0.8,
2.4,1.4,0.9,
2.4,1.4,1,
2.4,1.4,1.1,
2.4,1.4,1.2,
2.4,1.4,1.3,
2.4,1.4,1.4,
2.4,1.4,1.5,
2.4,1.4,1.6,
2.4,1.4,1.7,
2.4,1.4,1.8,
2.4,1.4,1.9,
2.4,1.4,2,
2.4,1.4,2.1,
2.4,1.4,2.2,
2.4,1.4,2.3,
2.4,1.4,2.4,
2.4,1.4,2.5,
2.4,1.4,2.6,
2.4,1.4,2.7,
2.4,1.4,2.8,
2.4,1.4,2.9,
2.4,1.4,3,
2.4,1.4,3.1,
2.4,1.4,3.2,
2.4,1.4,3.3,
2.4,1.4,3.4,
2.4,1.4,3.5,
2.4,1.4,3.6,
2.5,1.4,0,
2.5,1.4,0.1,
2.5,1.4,0.2,
2.5,1.4,0.3,
2.5,1.4,0.4,
2.5,1.4,0.5,
2.5,1.4,0.6,
2.5,1.4,0.7,
2.5,1.4,0.8,
2.5,1.4,0.9,
2.5,1.4,1,1.139554585
2.5,1.4,1.1,
2.5,1.4,1.2,
2.5,1.4,1.3,
2.5,1.4,1.4,
2.5,1.4,1.5,
2.5,1.4,1.6,
2.5,1.4,1.7,
2.5,1.4,1.8,
2.5,1.4,1.9,
2.5,1.4,2,
2.5,1.4,2.1,
2.5,1.4,2.2,
2.5,1.4,2.3,
2.5,1.4,2.4,
2.5,1.4,2.5,
2.5,1.4,2.6,
2.5,1.4,2.7,
2.5,1.4,2.8,
2.5,1.4,2.9,
2.5,1.4,3,
2.5,1.4,3.1,
2.5,1.4,3.2,
2.5,1.4,3.3,
2.5,1.4,3.4,
2.5,1.4,3.5,
2.5,1.4,3.6,
2.6,1.4,0,
2.6,1.4,0.1,
2.6,1.4,0.2,
2.6,1.4,0.3,
2.6,1.4,0.4,
2.6,1.4,0.5,
2.6,1.4,0.6,
2.6,1.4,0.7,
2.6,1.4,0.8,
2.6,1.4,0.9,1.115197275
2.6,1.4,1,
2.6,1.4,1.1,
2.6,1.4,1.2,
2.6,1.4,1.3,
2.6,1.4,1.4,
2.6,1.4,1.5,
2.6,1.4,1.6,
2.6,1.4,1.7,
2.6,1.4,1.8,
2.6,1.4,1.9,
2.6,1.4,2,
2.6,1.4,2.1,
2.6,1.4,2.2,1.109416177
2.6,1.4,2.3,
2.6,1.4,2.4,1.141577515
2.6,1.4,2.5,1.161687696
2.6,1.4,2.6,1.144239219
2.6,1.4,2.7,
2.6,1.4,2.8,
2.6,1.4,2.9,1.074205379
2.6,1.4,3,
2.6,1.4,3.1,
2.6,1.4,3.2,
2.6,1.4,3.3,
2.6,1.4,3.4,1.008769468
2.6,1.4,3.5,
2.6,1.4,3.6,
2.7,1.4,0,
2.7,1.4,0.1,
2.7,1.4,0.2,
2.7,1.4,0.3,
2.7,1.4,0.4,
2.7,1.4,0.5,
2.7,1.4,0.6,
2.7,1.4,0.7,
2.7,1.4,0.8,1.09544358
2.7,1.4,0.9,
2.7,1.4,1,
2.7,1.4,1.1,
2.7,1.4,1.2,
2.7,1.4,1.3,
2.7,1.4,1.4,
2.7,1.4,1.5,
2.7,1.4,1.6,
2.7,1.4,1.7,
2.7,1.4,1.8,
2.7,1.4,1.9,
2.7,1.4,2,
2.7,1.4,2.1,
2.7,1.4,2.2,
2.7,1.4,2.3,1.144046762
2.7,1.4,2.4,
2.7,1.4,2.5,
2.7,1.4,2.6,
2.7,1.4,2.7,
2.7,1.4,2.8,
2.7,1.4,2.9,
2.7,1.4,3,
2.7,1.4,3.1,
2.7,1.4,3.2,
2.7,1.4,3.3,
2.7,1.4,3.4,
2.7,1.4,3.5,
2.7,1.4,3.6,
2.8,1.4,0,1.01002058
2.8,1.4,0.1,
2.8,1.4,0.2,
2.8,1.4,0.3,
2.8,1.4,0.4,1.033324068
2.8,1.4,0.5,
2.8,1.4,0.6,
2.8,1.4,0.7,
2.8,1.4,0.8,
2.8,1.4,0.9,
2.8,1.4,1,
2.8,1.4,1.1,
2.8,1.4,1.2,
2.8,1.4,1.3,1.168504991
2.8,1.4,1.4,
2.8,1.4,1.5,
2.8,1.4,1.6,
2.8,1.4,1.7,
2.8,1.4,1.8,
2.8,1.4,1.9,
2.8,1.4,2,
2.8,1.4,2.1,
2.8,1.4,2.2,
2.8,1.4,2.3,
2.8,1.4,2.4,
2.8,1.4,2.5,
2.8,1.4,2.6,
2.8,1.4,2.7,
2.8,1.4,2.8,
2.8,1.4,2.9,
2.8,1.4,3,
2.8,1.4,3.1,
2.8,1.4,3.2,
2.8,1.4,3.3,
2.8,1.4,3.4,
2.8,1.4,3.5,
2.8,1.4,3.6,
2.9,1.4,0,
2.9,1.4,0.1,
2.9,1.4,0.2,
2.9,1.4,0.3,
2.9,1.4,0.4,
2.9,1.4,0.5,
2.9,1.4,0.6,
2.9,1.4,0.7,
2.9,1.4,0.8,
2.9,1.4,0.9,
2.9,1.4,1,
2.9,1.4,1.1,
2.9,1.4,1.2,
2.9,1.4,1.3,
2.9,1.4,1.4,
2.9,1.4,1.5,
2.9,1.4,1.6,
2.9,1.4,1.7,
2.9,1.4,1.8,
2.9,1.4,1.9,
2.9,1.4,2,
2.9,1.4,2.1,
2.9,1.4,2.2,
2.9,1.4,2.3,
2.9,1.4,2.4,
2.9,1.4,2.5,1.248245253
2.9,1.4,2.6,
2.9,1.4,2.7,
2.9,1.4,2.8,
2.9,1.4,2.9,
2.9,1.4,3,
2.9,1.4,3.1,
2.9,1.4,3.2,
2.9,1.4,3.3,
2.9,1.4,3.4,
2.9,1.4,3.5,
2.9,1.4,3.6,
3,1.4,0,
3,1.4,0.1,
3,1.4,0.2,
3,1.4,0.3,
3,1.4,0.4,
3,1.4,0.5,
3,1.4,0.6,
3,1.4,0.7,
3,1.4,0.8,
3,1.4,0.9,
3,1.4,1,
3,1.4,1.1,
3,1.4,1.2,
3,1.4,1.3,
3,1.4,1.4,
3,1.4,1.5,
3,1.4,1.6,
3,1.4,1.7,
3,1.4,1.8,
3,1.4,1.9,
3,1.4,2,
3,1.4,2.1,
3,1.4,2.2,
3,1.4,2.3,
3,1.4,2.4,1.233377177
3,1.4,2.5,
3,1.4,2.6,
3,1.4,2.7,
3,1.4,2.8,
3,1.4,2.9,
3,1.4,3,
3,1.4,3.1,
3,1.4,3.2,
3,1.4,3.3,
3,1.4,3.4,
3,1.4,3.5,
3,1.4,3.6,
3.1,1.4,0,
3.1,1.4,0.1,
3.1,1.4,0.2,
3.1,1.4,0.3,
3.1,1.4,0.4,
3.1,1.4,0.5,
3.1,1.4,0.6,
3.1,1.4,0.7,
3.1,1.4,0.8,
3.1,1.4,0.9,
3.1,1.4,1,
3.1,1.4,1.1,
3.1,1.4,1.2,
3.1,1.4,1.3,
3.1,1.4,1.4,1.023982091
3.1,1.4,1.5,
3.1,1.4,1.6,
3.1,1.4,1.7,
3.1,1.4,1.8,
3.1,1.4,1.9,
3.1,1.4,2,
3.1,1.4,2.1,
3.1,1.4,2.2,
3.1,1.4,2.3,
3.1,1.4,2.4,
3.1,1.4,2.5,
3.1,1.4,2.6,
3.1,1.4,2.7,1.109544387
3.1,1.4,2.8,
3.1,1.4,2.9,
3.1,1.4,3,
3.1,1.4,3.1,
3.1,1.4,3.2,
3.1,1.4,3.3,
3.1,1.4,3.4,
3.1,1.4,3.5,
3.1,1.4,3.6,
3.2,1.4,0,
3.2,1.4,0.1,
3.2,1.4,0.2,
3.2,1.4,0.3,
3.2,1.4,0.4,
3.2,1.4,0.5,
3.2,1.4,0.6,
3.2,1.4,0.7,
3.2,1.4,0.8,
3.2,1.4,0.9,
3.2,1.4,1,
3.2,1.4,1.1,
3.2,1.4,1.2,
3.2,1.4,1.3,
3.2,1.4,1.4,
3.2,1.4,1.5,
3.2,1.4,1.6,
3.2,1.4,1.7,
3.2,1.4,1.8,
3.2,1.4,1.9,
3.2,1.4,2,
3.2,1.4,2.1,
3.2,1.4,2.2,
3.2,1.4,2.3,
3.2,1.4,2.4,
3.2,1.4,2.5,
3.2,1.4,2.6,
3.2,1.4,2.7,
3.2,1.4,2.8,
3.2,1.4,2.9,
3.2,1.4,3,
3.2,1.4,3.1,
3.2,1.4,3.2,
3.2,1.4,3.3,
3.2,1.4,3.4,
3.2,1.4,3.5,
3.2,1.4,3.6,
3.3,1.4,0,
3.3,1.4,0.1,
3.3,1.4,0.2,
3.3,1.4,0.3,
3.3,1.4,0.4,
3.3,1.4,0.5,1.100497492
3.3,1.4,0.6,
3.3,1.4,0.7,
3.3,1.4,0.8,
3.3,1.4,0.9,
3.3,1.4,1,
3.3,1.4,1.1,
3.3,1.4,1.2,
3.3,1.4,1.3,
3.3,1.4,1.4,
3.3,1.4,1.5,
3.3,1.4,1.6,
3.3,1.4,1.7,
3.3,1.4,1.8,
3.3,1.4,1.9,
3.3,1.4,2,
3.3,1.4,2.1,
3.3,1.4,2.2,
3.3,1.4,2.3,
3.3,1.4,2.4,
3.3,1.4,2.5,
3.3,1.4,2.6,
3.3,1.4,2.7,
3.3,1.4,2.8,
3.3,1.4,2.9,
3.3,1.4,3,
3.3,1.4,3.1,
3.3,1.4,3.2,
3.3,1.4,3.3,
3.3,1.4,3.4,
3.3,1.4,3.5,
3.3,1.4,3.6,
3.4,1.4,0,
3.4,1.4,0.1,
3.4,1.4,0.2,
3.4,1.4,0.3,
3.4,1.4,0.4,
3.4,1.4,0.5,
3.4,1.4,0.6,
3.4,1.4,0.7,
3.4,1.4,0.8,
3.4,1.4,0.9,
3.4,1.4,1,
3.4,1.4,1.1,
3.4,1.4,1.2,
3.4,1.4,1.3,
3.4,1.4,1.4,
3.4,1.4,1.5,
3.4,1.4,1.6,
3.4,1.4,1.7,
3.4,1.4,1.8,
3.4,1.4,1.9,
3.4,1.4,2,
3.4,1.4,2.1,
3.4,1.4,2.2,
3.4,1.4,2.3,1.039083845
3.4,1.4,2.4,
3.4,1.4,2.5,
3.4,1.4,2.6,
3.4,1.4,2.7,
3.4,1.4,2.8,
3.4,1.4,2.9,
3.4,1.4,3,
3.4,1.4,3.1,
3.4,1.4,3.2,
3.4,1.4,3.3,
3.4,1.4,3.4,
3.4,1.4,3.5,
3.4,1.4,3.6,
3.5,1.4,0,
3.5,1.4,0.1,
3.5,1.4,0.2,
3.5,1.4,0.3,
3.5,1.4,0.4,
3.5,1.4,0.5,
3.5,1.4,0.6,
3.5,1.4,0.7,
3.5,1.4,0.8,
3.5,1.4,0.9,
3.5,1.4,1,
3.5,1.4,1.1,
3.5,1.4,1.2,
3.5,1.4,1.3,
3.5,1.4,1.4,
3.5,1.4,1.5,
3.5,1.4,1.6,
3.5,1.4,1.7,
3.5,1.4,1.8,
3.5,1.4,1.9,
3.5,1.4,2,
3.5,1.4,2.1,
3.5,1.4,2.2,
3.5,1.4,2.3,
3.5,1.4,2.4,
3.5,1.4,2.5,
3.5,1.4,2.6,
3.5,1.4,2.7,
3.5,1.4,2.8,
3.5,1.4,2.9,
3.5,1.4,3,
3.5,1.4,3.1,
3.5,1.4,3.2,
3.5,1.4,3.3,
3.5,1.4,3.4,
3.5,1.4,3.5,
3.5,1.4,3.6,
3.6,1.4,0,
3.6,1.4,0.1,
3.6,1.4,0.2,
3.6,1.4,0.3,
3.6,1.4,0.4,
3.6,1.4,0.5,
3.6,1.4,0.6,
3.6,1.4,0.7,
3.6,1.4,0.8,
3.6,1.4,0.9,
3.6,1.4,1,
3.6,1.4,1.1,
3.6,1.4,1.2,
3.6,1.4,1.3,
3.6,1.4,1.4,
3.6,1.4,1.5,
3.6,1.4,1.6,
3.6,1.4,1.7,
3.6,1.4,1.8,
3.6,1.4,1.9,
3.6,1.4,2,
3.6,1.4,2.1,
3.6,1.4,2.2,
3.6,1.4,2.3,
3.6,1.4,2.4,
3.6,1.4,2.5,
3.6,1.4,2.6,
3.6,1.4,2.7,
3.6,1.4,2.8,
3.6,1.4,2.9,
3.6,1.4,3,
3.6,1.4,3.1,1.052562934
3.6,1.4,3.2,
3.6,1.4,3.3,
3.6,1.4,3.4,
3.6,1.4,3.5,
3.6,1.4,3.6,
3.7,1.4,0,1.008763498
3.7,1.4,0.1,
3.7,1.4,0.2,
3.7,1.4,0.3,
3.7,1.4,0.4,
3.7,1.4,0.5,
3.7,1.4,0.6,
3.7,1.4,0.7,
3.7,1.4,0.8,
3.7,1.4,0.9,
3.7,1.4,1,
3.7,1.4,1.1,
3.7,1.4,1.2,
3.7,1.4,1.3,
3.7,1.4,1.4,
3.7,1.4,1.5,
3.7,1.4,1.6,
3.7,1.4,1.7,
3.7,1.4,1.8,
3.7,1.4,1.9,
3.7,1.4,2,
3.7,1.4,2.1,
3.7,1.4,2.2,
3.7,1.4,2.3,
3.7,1.4,2.4,
3.7,1.4,2.5,
3.7,1.4,2.6,
3.7,1.4,2.7,
3.7,1.4,2.8,
3.7,1.4,2.9,
3.7,1.4,3,
3.7,1.4,3.1,
3.7,1.4,3.2,
3.7,1.4,3.3,
3.7,1.4,3.4,
3.7,1.4,3.5,
3.7,1.4,3.6,
3.8,1.4,0,
3.8,1.4,0.1,
3.8,1.4,0.2,
3.8,1.4,0.3,
3.8,1.4,0.4,
3.8,1.4,0.5,
3.8,1.4,0.6,
3.8,1.4,0.7,
3.8,1.4,0.8,
3.8,1.4,0.9,
3.8,1.4,1,
3.8,1.4,1.1,
3.8,1.4,1.2,
3.8,1.4,1.3,
3.8,1.4,1.4,
3.8,1.4,1.5,
3.8,1.4,1.6,
3.8,1.4,1.7,
3.8,1.4,1.8,
3.8,1.4,1.9,
3.8,1.4,2,
3.8,1.4,2.1,
3.8,1.4,2.2,
3.8,1.4,2.3,
3.8,1.4,2.4,
3.8,1.4,2.5,
3.8,1.4,2.6,
3.8,1.4,2.7,
3.8,1.4,2.8,
3.8,1.4,2.9,
3.8,1.4,3,
3.8,1.4,3.1,
3.8,1.4,3.2,
3.8,1.4,3.3,
3.8,1.4,3.4,
3.8,1.4,3.5,
3.8,1.4,3.6,
3.9,1.4,0,
3.9,1.4,0.1,
3.9,1.4,0.2,
3.9,1.4,0.3,
3.9,1.4,0.4,
3.9,1.4,0.5,
3.9,1.4,0.6,
3.9,1.4,0.7,
3.9,1.4,0.8,
3.9,1.4,0.9,
3.9,1.4,1,
3.9,1.4,1.1,
3.9,1.4,1.2,
3.9,1.4,1.3,
3.9,1.4,1.4,
3.9,1.4,1.5,
3.9,1.4,1.6,
3.9,1.4,1.7,
3.9,1.4,1.8,
3.9,1.4,1.9,
3.9,1.4,2,
3.9,1.4,2.1,
3.9,1.4,2.2,
3.9,1.4,2.3,
3.9,1.4,2.4,
3.9,1.4,2.5,
3.9,1.4,2.6,
3.9,1.4,2.7,
3.9,1.4,2.8,
3.9,1.4,2.9,
3.9,1.4,3,
3.9,1.4,3.1,
3.9,1.4,3.2,
3.9,1.4,3.3,
3.9,1.4,3.4,
3.9,1.4,3.5,
3.9,1.4,3.6,
4,1.4,0,
4,1.4,0.1,
4,1.4,0.2,
4,1.4,0.3,
4,1.4,0.4,
4,1.4,0.5,
4,1.4,0.6,
4,1.4,0.7,
4,1.4,0.8,1.089401229
4,1.4,0.9,
4,1.4,1,
4,1.4,1.1,
4,1.4,1.2,
4,1.4,1.3,
4,1.4,1.4,
4,1.4,1.5,
4,1.4,1.6,
4,1.4,1.7,
4,1.4,1.8,
4,1.4,1.9,
4,1.4,2,
4,1.4,2.1,
4,1.4,2.2,
4,1.4,2.3,
4,1.4,2.4,
4,1.4,2.5,
4,1.4,2.6,
4,1.4,2.7,
4,1.4,2.8,
4,1.4,2.9,
4,1.4,3,
4,1.4,3.1,
4,1.4,3.2,
4,1.4,3.3,
4,1.4,3.4,
4,1.4,3.5,1.002263174
4,1.4,3.6,
4.1,1.4,0,
4.1,1.4,0.1,
4.1,1.4,0.2,
4.1,1.4,0.3,
4.1,1.4,0.4,
4.1,1.4,0.5,
4.1,1.4,0.6,
4.1,1.4,0.7,
4.1,1.4,0.8,1.08945837
4.1,1.4,0.9,
4.1,1.4,1,
4.1,1.4,1.1,
4.1,1.4,1.2,
4.1,1.4,1.3,
4.1,1.4,1.4,
4.1,1.4,1.5,
4.1,1.4,1.6,
4.1,1.4,1.7,
4.1,1.4,1.8,
4.1,1.4,1.9,
4.1,1.4,2,
4.1,1.4,2.1,
4.1,1.4,2.2,
4.1,1.4,2.3,
4.1,1.4,2.4,
4.1,1.4,2.5,
4.1,1.4,2.6,
4.1,1.4,2.7,
4.1,1.4,2.8,
4.1,1.4,2.9,
4.1,1.4,3,
4.1,1.4,3.1,
4.1,1.4,3.2,
4.1,1.4,3.3,
4.1,1.4,3.4,
4.1,1.4,3.5,
4.1,1.4,3.6,
4.2,1.4,0,
4.2,1.4,0.1,
4.2,1.4,0.2,1.007766532
4.2,1.4,0.3,
4.2,1.4,0.4,
4.2,1.4,0.5,
4.2,1.4,0.6,
4.2,1.4,0.7,
4.2,1.4,0.8,
4.2,1.4,0.9,
4.2,1.4,1,
4.2,1.4,1.1,
4.2,1.4,1.2,
4.2,1.4,1.3,
4.2,1.4,1.4,
4.2,1.4,1.5,
4.2,1.4,1.6,
4.2,1.4,1.7,
4.2,1.4,1.8,
4.2,1.4,1.9,
4.2,1.4,2,
4.2,1.4,2.1,
4.2,1.4,2.2,
4.2,1.4,2.3,
4.2,1.4,2.4,
4.2,1.4,2.5,
4.2,1.4,2.6,
4.2,1.4,2.7,
4.2,1.4,2.8,
4.2,1.4,2.9,
4.2,1.4,3,
4.2,1.4,3.1,
4.2,1.4,3.2,
4.2,1.4,3.3,
4.2,1.4,3.4,
4.2,1.4,3.5,
4.2,1.4,3.6,
4.3,1.4,0,
4.3,1.4,0.1,
4.3,1.4,0.2,
4.3,1.4,0.3,
4.3,1.4,0.4,
4.3,1.4,0.5,
4.3,1.4,0.6,
4.3,1.4,0.7,
4.3,1.4,0.8,
4.3,1.4,0.9,
4.3,1.4,1,
4.3,1.4,1.1,
4.3,1.4,1.2,
4.3,1.4,1.3,
4.3,1.4,1.4,
4.3,1.4,1.5,
4.3,1.4,1.6,
4.3,1.4,1.7,
4.3,1.4,1.8,
4.3,1.4,1.9,
4.3,1.4,2,
4.3,1.4,2.1,
4.3,1.4,2.2,
4.3,1.4,2.3,
4.3,1.4,2.4,
4.3,1.4,2.5,
4.3,1.4,2.6,
4.3,1.4,2.7,1.131970874
4.3,1.4,2.8,
4.3,1.4,2.9,
4.3,1.4,3,
4.3,1.4,3.1,1.042469608
4.3,1.4,3.2,
4.3,1.4,3.3,
4.3,1.4,3.4,
4.3,1.4,3.5,
4.3,1.4,3.6,
4.4,1.4,0,
4.4,1.4,0.1,
4.4,1.4,0.2,
4.4,1.4,0.3,
4.4,1.4,0.4,
4.4,1.4,0.5,
4.4,1.4,0.6,
4.4,1.4,0.7,
4.4,1.4,0.8,
4.4,1.4,0.9,
4.4,1.4,1,
4.4,1.4,1.1,
4.4,1.4,1.2,
4.4,1.4,1.3,
4.4,1.4,1.4,
4.4,1.4,1.5,
4.4,1.4,1.6,
4.4,1.4,1.7,
4.4,1.4,1.8,
4.4,1.4,1.9,
4.4,1.4,2,
4.4,1.4,2.1,
4.4,1.4,2.2,
4.4,1.4,2.3,1.047418621
4.4,1.4,2.4,
4.4,1.4,2.5,
4.4,1.4,2.6,
4.4,1.4,2.7,
4.4,1.4,2.8,
4.4,1.4,2.9,
4.4,1.4,3,
4.4,1.4,3.1,1.047275629
4.4,1.4,3.2,
4.4,1.4,3.3,
4.4,1.4,3.4,
4.4,1.4,3.5,
4.4,1.4,3.6,
4.5,1.4,0,
4.5,1.4,0.1,
4.5,1.4,0.2,
4.5,1.4,0.3,
4.5,1.4,0.4,1.038965016
4.5,1.4,0.5,
4.5,1.4,0.6,
4.5,1.4,0.7,1.191844866
4.5,1.4,0.8,
4.5,1.4,0.9,
4.5,1.4,1,1.097058853
4.5,1.4,1.1,
4.5,1.4,1.2,
4.5,1.4,1.3,
4.5,1.4,1.4,
4.5,1.4,1.5,
4.5,1.4,1.6,
4.5,1.4,1.7,
4.5,1.4,1.8,
4.5,1.4,1.9,
4.5,1.4,2,
4.5,1.4,2.1,
4.5,1.4,2.2,
4.5,1.4,2.3,
4.5,1.4,2.4,
4.5,1.4,2.5,
4.5,1.4,2.6,
4.5,1.4,2.7,
4.5,1.4,2.8,
4.5,1.4,2.9,
4.5,1.4,3,
4.5,1.4,3.1,
4.5,1.4,3.2,
4.5,1.4,3.3,
4.5,1.4,3.4,
4.5,1.4,3.5,
4.5,1.4,3.6,
4.6,1.4,0,
4.6,1.4,0.1,
4.6,1.4,0.2,
4.6,1.4,0.3,
4.6,1.4,0.4,
4.6,1.4,0.5,
4.6,1.4,0.6,
4.6,1.4,0.7,
4.6,1.4,0.8,
4.6,1.4,0.9,
4.6,1.4,1,
4.6,1.4,1.1,
4.6,1.4,1.2,
4.6,1.4,1.3,
4.6,1.4,1.4,
4.6,1.4,1.5,
4.6,1.4,1.6,
4.6,1.4,1.7,
4.6,1.4,1.8,
4.6,1.4,1.9,
4.6,1.4,2,
4.6,1.4,2.1,
4.6,1.4,2.2,
4.6,1.4,2.3,
4.6,1.4,2.4,
4.6,1.4,2.5,
4.6,1.4,2.6,
4.6,1.4,2.7,
4.6,1.4,2.8,
4.6,1.4,2.9,
4.6,1.4,3,
4.6,1.4,3.1,
4.6,1.4,3.2,
4.6,1.4,3.3,
4.6,1.4,3.4,
4.6,1.4,3.5,
4.6,1.4,3.6,
4.7,1.4,0,
4.7,1.4,0.1,
4.7,1.4,0.2,
4.7,1.4,0.3,
4.7,1.4,0.4,
4.7,1.4,0.5,
4.7,1.4,0.6,
4.7,1.4,0.7,
4.7,1.4,0.8,
4.7,1.4,0.9,
4.7,1.4,1,
4.7,1.4,1.1,
4.7,1.4,1.2,
4.7,1.4,1.3,
4.7,1.4,1.4,
4.7,1.4,1.5,
4.7,1.4,1.6,
4.7,1.4,1.7,
4.7,1.4,1.8,
4.7,1.4,1.9,
4.7,1.4,2,
4.7,1.4,2.1,
4.7,1.4,2.2,
4.7,1.4,2.3,
4.7,1.4,2.4,
4.7,1.4,2.5,
4.7,1.4,2.6,1.086079429
4.7,1.4,2.7,
4.7,1.4,2.8,
4.7,1.4,2.9,
4.7,1.4,3,
4.7,1.4,3.1,
4.7,1.4,3.2,
4.7,1.4,3.3,
4.7,1.4,3.4,
4.7,1.4,3.5,
4.7,1.4,3.6,
4.8,1.4,0,
4.8,1.4,0.1,
4.8,1.4,0.2,
4.8,1.4,0.3,
4.8,1.4,0.4,
4.8,1.4,0.5,
4.8,1.4,0.6,
4.8,1.4,0.7,
4.8,1.4,0.8,1.154638145
4.8,1.4,0.9,
4.8,1.4,1,
4.8,1.4,1.1,
4.8,1.4,1.2,
4.8,1.4,1.3,
4.8,1.4,1.4,
4.8,1.4,1.5,
4.8,1.4,1.6,
4.8,1.4,1.7,
4.8,1.4,1.8,1.001591992
4.8,1.4,1.9,
4.8,1.4,2,
4.8,1.4,2.1,
4.8,1.4,2.2,
4.8,1.4,2.3,
4.8,1.4,2.4,1.047632967
4.8,1.4,2.5,
4.8,1.4,2.6,
4.8,1.4,2.7,
4.8,1.4,2.8,
4.8,1.4,2.9,
4.8,1.4,3,1.117246643
4.8,1.4,3.1,
4.8,1.4,3.2,
4.8,1.4,3.3,
4.8,1.4,3.4,
4.8,1.4,3.5,
4.8,1.4,3.6,
4.9,1.4,0,1.044590898
4.9,1.4,0.1,
4.9,1.4,0.2,
4.9,1.4,0.3,
4.9,1.4,0.4,
4.9,1.4,0.5,
4.9,1.4,0.6,
4.9,1.4,0.7,
4.9,1.4,0.8,
4.9,1.4,0.9,
4.9,1.4,1,
4.9,1.4,1.1,
4.9,1.4,1.2,
4.9,1.4,1.3,
4.9,1.4,1.4,
4.9,1.4,1.5,1.013706826
4.9,1.4,1.6,
4.9,1.4,1.7,
4.9,1.4,1.8,
4.9,1.4,1.9,
4.9,1.4,2,
4.9,1.4,2.1,
4.9,1.4,2.2,
4.9,1.4,2.3,
4.9,1.4,2.4,
4.9,1.4,2.5,
4.9,1.4,2.6,
4.9,1.4,2.7,
4.9,1.4,2.8,
4.9,1.4,2.9,
4.9,1.4,3,
4.9,1.4,3.1,
4.9,1.4,3.2,1.071397555
4.9,1.4,3.3,
4.9,1.4,3.4,
4.9,1.4,3.5,
4.9,1.4,3.6,
5,1.4,0,
5,1.4,0.1,
5,1.4,0.2,
5,1.4,0.3,
5,1.4,0.4,
5,1.4,0.5,
5,1.4,0.6,
5,1.4,0.7,
5,1.4,0.8,
5,1.4,0.9,
5,1.4,1,
5,1.4,1.1,
5,1.4,1.2,
5,1.4,1.3,
5,1.4,1.4,
5,1.4,1.5,
5,1.4,1.6,
5,1.4,1.7,
5,1.4,1.8,
5,1.4,1.9,
5,1.4,2,
5,1.4,2.1,
5,1.4,2.2,
5,1.4,2.3,
5,1.4,2.4,
5,1.4,2.5,
5,1.4,2.6,
5,1.4,2.7,
5,1.4,2.8,
5,1.4,2.9,
5,1.4,3,
5,1.4,3.1,
5,1.4,3.2,
5,1.4,3.3,
5,1.4,3.4,
5,1.4,3.5,
5,1.4,3.6,
5.1,1.4,0,
5.1,1.4,0.1,
5.1,1.4,0.2,
5.1,1.4,0.3,
5.1,1.4,0.4,
5.1,1.4,0.5,
5.1,1.4,0.6,
5.1,1.4,0.7,
5.1,1.4,0.8,
5.1,1.4,0.9,
5.1,1.4,1,
5.1,1.4,1.1,
5.1,1.4,1.2,
5.1,1.4,1.3,
5.1,1.4,1.4,
5.1,1.4,1.5,
5.1,1.4,1.6,
5.1,1.4,1.7,
5.1,1.4,1.8,
5.1,1.4,1.9,
5.1,1.4,2,
5.1,1.4,2.1,
5.1,1.4,2.2,
5.1,1.4,2.3,
5.1,1.4,2.4,
5.1,1.4,2.5,
5.1,1.4,2.6,
5.1,1.4,2.7,
5.1,1.4,2.8,
5.1,1.4,2.9,
5.1,1.4,3,
5.1,1.4,3.1,
5.1,1.4,3.2,
5.1,1.4,3.3,
5.1,1.4,3.4,
5.1,1.4,3.5,
5.1,1.4,3.6,1.023141762
5.2,1.4,0,
5.2,1.4,0.1,
5.2,1.4,0.2,
5.2,1.4,0.3,
5.2,1.4,0.4,
5.2,1.4,0.5,1.051859628
5.2,1.4,0.6,
5.2,1.4,0.7,
5.2,1.4,0.8,
5.2,1.4,0.9,1.128428758
5.2,1.4,1,
5.2,1.4,1.1,
5.2,1.4,1.2,
5.2,1.4,1.3,
5.2,1.4,1.4,
5.2,1.4,1.5,
5.2,1.4,1.6,
5.2,1.4,1.7,1.133657501
5.2,1.4,1.8,
5.2,1.4,1.9,
5.2,1.4,2,
5.2,1.4,2.1,
5.2,1.4,2.2,
5.2,1.4,2.3,
5.2,1.4,2.4,
5.2,1.4,2.5,
5.2,1.4,2.6,
5.2,1.4,2.7,
5.2,1.4,2.8,
5.2,1.4,2.9,
5.2,1.4,3,
5.2,1.4,3.1,
5.2,1.4,3.2,
5.2,1.4,3.3,
5.2,1.4,3.4,
5.2,1.4,3.5,
5.2,1.4,3.6,
5.3,1.4,0,
5.3,1.4,0.1,
5.3,1.4,0.2,
5.3,1.4,0.3,
5.3,1.4,0.4,
5.3,1.4,0.5,
5.3,1.4,0.6,
5.3,1.4,0.7,
5.3,1.4,0.8,
5.3,1.4,0.9,
5.3,1.4,1,
5.3,1.4,1.1,
5.3,1.4,1.2,
5.3,1.4,1.3,
5.3,1.4,1.4,
5.3,1.4,1.5,
5.3,1.4,1.6,
5.3,1.4,1.7,
5.3,1.4,1.8,
5.3,1.4,1.9,
5.3,1.4,2,
5.3,1.4,2.1,
5.3,1.4,2.2,
5.3,1.4,2.3,
5.3,1.4,2.4,
5.3,1.4,2.5,
5.3,1.4,2.6,
5.3,1.4,2.7,
5.3,1.4,2.8,1.102832276
5.3,1.4,2.9,
5.3,1.4,3,
5.3,1.4,3.1,
5.3,1.4,3.2,
5.3,1.4,3.3,
5.3,1.4,3.4,
5.3,1.4,3.5,
5.3,1.4,3.6,
5.4,1.4,0,
5.4,1.4,0.1,
5.4,1.4,0.2,
5.4,1.4,0.3,
5.4,1.4,0.4,
5.4,1.4,0.5,
5.4,1.4,0.6,
5.4,1.4,0.7,
5.4,1.4,0.8,
5.4,1.4,0.9,
5.4,1.4,1,
5.4,1.4,1.1,
5.4,1.4,1.2,1.161245358
5.4,1.4,1.3,
5.4,1.4,1.4,
5.4,1.4,1.5,
5.4,1.4,1.6,
5.4,1.4,1.7,
5.4,1.4,1.8,
5.4,1.4,1.9,
5.4,1.4,2,
5.4,1.4,2.1,
5.4,1.4,2.2,
5.4,1.4,2.3,
5.4,1.4,2.4,
5.4,1.4,2.5,
5.4,1.4,2.6,
5.4,1.4,2.7,
5.4,1.4,2.8,
5.4,1.4,2.9,
5.4,1.4,3,
5.4,1.4,3.1,
5.4,1.4,3.2,
5.4,1.4,3.3,
5.4,1.4,3.4,
5.4,1.4,3.5,
5.4,1.4,3.6,
5.5,1.4,0,
5.5,1.4,0.1,
5.5,1.4,0.2,
5.5,1.4,0.3,
5.5,1.4,0.4,
5.5,1.4,0.5,
5.5,1.4,0.6,
5.5,1.4,0.7,
5.5,1.4,0.8,
5.5,1.4,0.9,
5.5,1.4,1,
5.5,1.4,1.1,
5.5,1.4,1.2,
5.5,1.4,1.3,
5.5,1.4,1.4,
5.5,1.4,1.5,
5.5,1.4,1.6,
5.5,1.4,1.7,
5.5,1.4,1.8,
5.5,1.4,1.9,
5.5,1.4,2,1.086617854
5.5,1.4,2.1,
5.5,1.4,2.2,
5.5,1.4,2.3,
5.5,1.4,2.4,
5.5,1.4,2.5,
5.5,1.4,2.6,
5.5,1.4,2.7,
5.5,1.4,2.8,
5.5,1.4,2.9,
5.5,1.4,3,1.055262163
5.5,1.4,3.1,
5.5,1.4,3.2,
5.5,1.4,3.3,
5.5,1.4,3.4,
5.5,1.4,3.5,
5.5,1.4,3.6,
5.6,1.4,0,
5.6,1.4,0.1,
5.6,1.4,0.2,
5.6,1.4,0.3,
5.6,1.4,0.4,
5.6,1.4,0.5,
5.6,1.4,0.6,
5.6,1.4,0.7,
5.6,1.4,0.8,
5.6,1.4,0.9,
5.6,1.4,1,
5.6,1.4,1.1,
5.6,1.4,1.2,
5.6,1.4,1.3,
5.6,1.4,1.4,
5.6,1.4,1.5,
5.6,1.4,1.6,
5.6,1.4,1.7,
5.6,1.4,1.8,
5.6,1.4,1.9,
5.6,1.4,2,
5.6,1.4,2.1,
5.6,1.4,2.2,
5.6,1.4,2.3,
5.6,1.4,2.4,
5.6,1.4,2.5,
5.6,1.4,2.6,
5.6,1.4,2.7,
5.6,1.4,2.8,
5.6,1.4,2.9,
5.6,1.4,3,
5.6,1.4,3.1,
5.6,1.4,3.2,
5.6,1.4,3.3,
5.6,1.4,3.4,
5.6,1.4,3.5,
5.6,1.4,3.6,
5.7,1.4,0,
5.7,1.4,0.1,
5.7,1.4,0.2,
5.7,1.4,0.3,
5.7,1.4,0.4,
5.7,1.4,0.5,
5.7,1.4,0.6,
5.7,1.4,0.7,1.069602902
5.7,1.4,0.8,
5.7,1.4,0.9,
5.7,1.4,1,
5.7,1.4,1.1,
5.7,1.4,1.2,
5.7,1.4,1.3,
5.7,1.4,1.4,
5.7,1.4,1.5,
5.7,1.4,1.6,
5.7,1.4,1.7,
5.7,1.4,1.8,
5.7,1.4,1.9,
5.7,1.4,2,
5.7,1.4,2.1,
5.7,1.4,2.2,
5.7,1.4,2.3,
5.7,1.4,2.4,
5.7,1.4,2.5,
5.7,1.4,2.6,
5.7,1.4,2.7,
5.7,1.4,2.8,
5.7,1.4,2.9,
5.7,1.4,3,
5.7,1.4,3.1,
5.7,1.4,3.2,
5.7,1.4,3.3,
5.7,1.4,3.4,
5.7,1.4,3.5,
5.7,1.4,3.6,
5.8,1.4,0,1.001932274
5.8,1.4,0.1,
5.8,1.4,0.2,
5.8,1.4,0.3,
5.8,1.4,0.4,
5.8,1.4,0.5,
5.8,1.4,0.6,
5.8,1.4,0.7,
5.8,1.4,0.8,
5.8,1.4,0.9,
5.8,1.4,1,
5.8,1.4,1.1,
5.8,1.4,1.2,
5.8,1.4,1.3,
5.8,1.4,1.4,
5.8,1.4,1.5,
5.8,1.4,1.6,
5.8,1.4,1.7,
5.8,1.4,1.8,
5.8,1.4,1.9,
5.8,1.4,2,
5.8,1.4,2.1,
5.8,1.4,2.2,
5.8,1.4,2.3,
5.8,1.4,2.4,
5.8,1.4,2.5,
5.8,1.4,2.6,
5.8,1.4,2.7,
5.8,1.4,2.8,
5.8,1.4,2.9,
5.8,1.4,3,
5.8,1.4,3.1,1.039771516
5.8,1.4,3.2,
5.8,1.4,3.3,
5.8,1.4,3.4,
5.8,1.4,3.5,
5.8,1.4,3.6,
5.9,1.4,0,
5.9,1.4,0.1,
5.9,1.4,0.2,
5.9,1.4,0.3,
5.9,1.4,0.4,
5.9,1.4,0.5,
5.9,1.4,0.6,
5.9,1.4,0.7,
5.9,1.4,0.8,
5.9,1.4,0.9,
5.9,1.4,1,
5.9,1.4,1.1,
5.9,1.4,1.2,
5.9,1.4,1.3,
5.9,1.4,1.4,
5.9,1.4,1.5,
5.9,1.4,1.6,
5.9,1.4,1.7,
5.9,1.4,1.8,
5.9,1.4,1.9,
5.9,1.4,2,
5.9,1.4,2.1,
5.9,1.4,2.2,
5.9,1.4,2.3,
5.9,1.4,2.4,
5.9,1.4,2.5,
5.9,1.4,2.6,1.118631366
5.9,1.4,2.7,
5.9,1.4,2.8,
5.9,1.4,2.9,
5.9,1.4,3,
5.9,1.4,3.1,
5.9,1.4,3.2,
5.9,1.4,3.3,
5.9,1.4,3.4,
5.9,1.4,3.5,
5.9,1.4,3.6,
6,1.4,0,
6,1.4,0.1,
6,1.4,0.2,
6,1.4,0.3,
6,1.4,0.4,
6,1.4,0.5,
6,1.4,0.6,
6,1.4,0.7,
6,1.4,0.8,
6,1.4,0.9,
6,1.4,1,
6,1.4,1.1,
6,1.4,1.2,
6,1.4,1.3,
6,1.4,1.4,
6,1.4,1.5,
6,1.4,1.6,
6,1.4,1.7,
6,1.4,1.8,
6,1.4,1.9,
6,1.4,2,
6,1.4,2.1,
6,1.4,2.2,
6,1.4,2.3,1.053837641
6,1.4,2.4,
6,1.4,2.5,
6,1.4,2.6,
6,1.4,2.7,1.131343755
6,1.4,2.8,
6,1.4,2.9,
6,1.4,3,
6,1.4,3.1,
6,1.4,3.2,
6,1.4,3.3,
6,1.4,3.4,
6,1.4,3.5,
6,1.4,3.6,
6.1,1.4,0,
6.1,1.4,0.1,
6.1,1.4,0.2,
6.1,1.4,0.3,
6.1,1.4,0.4,
6.1,1.4,0.5,
6.1,1.4,0.6,
6.1,1.4,0.7,
6.1,1.4,0.8,
6.1,1.4,0.9,
6.1,1.4,1,
6.1,1.4,1.1,1.083342107
6.1,1.4,1.2,
6.1,1.4,1.3,
6.1,1.4,1.4,1.035325392
6.1,1.4,1.5,
6.1,1.4,1.6,
6.1,1.4,1.7,1.012556349
6.1,1.4,1.8,
6.1,1.4,1.9,
6.1,1.4,2,
6.1,1.4,2.1,
6.1,1.4,2.2,
6.1,1.4,2.3,
6.1,1.4,2.4,
6.1,1.4,2.5,
6.1,1.4,2.6,
6.1,1.4,2.7,
6.1,1.4,2.8,
6.1,1.4,2.9,
6.1,1.4,3,
6.1,1.4,3.1,
6.1,1.4,3.2,
6.1,1.4,3.3,
6.1,1.4,3.4,
6.1,1.4,3.5,
6.1,1.4,3.6,
6.2,1.4,0,
6.2,1.4,0.1,
6.2,1.4,0.2,
6.2,1.4,0.3,
6.2,1.4,0.4,
6.2,1.4,0.5,
6.2,1.4,0.6,
6.2,1.4,0.7,
6.2,1.4,0.8,
6.2,1.4,0.9,
6.2,1.4,1,
6.2,1.4,1.1,
6.2,1.4,1.2,
6.2,1.4,1.3,
6.2,1.4,1.4,
6.2,1.4,1.5,
6.2,1.4,1.6,
6.2,1.4,1.7,
6.2,1.4,1.8,
6.2,1.4,1.9,
6.2,1.4,2,
6.2,1.4,2.1,
6.2,1.4,2.2,
6.2,1.4,2.3,
6.2,1.4,2.4,
6.2,1.4,2.5,
6.2,1.4,2.6,
6.2,1.4,2.7,
6.2,1.4,2.8,
6.2,1.4,2.9,
6.2,1.4,3,
6.2,1.4,3.1,
6.2,1.4,3.2,
6.2,1.4,3.3,
6.2,1.4,3.4,
6.2,1.4,3.5,
6.2,1.4,3.6,
6.3,1.4,0,
6.3,1.4,0.1,
6.3,1.4,0.2,
6.3,1.4,0.3,
6.3,1.4,0.4,
6.3,1.4,0.5,
6.3,1.4,0.6,
6.3,1.4,0.7,
6.3,1.4,0.8,
6.3,1.4,0.9,
6.3,1.4,1,
6.3,1.4,1.1,
6.3,1.4,1.2,
6.3,1.4,1.3,
6.3,1.4,1.4,
6.3,1.4,1.5,
6.3,1.4,1.6,
6.3,1.4,1.7,
6.3,1.4,1.8,
6.3,1.4,1.9,
6.3,1.4,2,
6.3,1.4,2.1,
6.3,1.4,2.2,
6.3,1.4,2.3,
6.3,1.4,2.4,
6.3,1.4,2.5,
6.3,1.4,2.6,
6.3,1.4,2.7,
6.3,1.4,2.8,
6.3,1.4,2.9,
6.3,1.4,3,
6.3,1.4,3.1,
6.3,1.4,3.2,
6.3,1.4,3.3,
6.3,1.4,3.4,
6.3,1.4,3.5,
6.3,1.4,3.6,
6.4,1.4,0,
6.4,1.4,0.1,
6.4,1.4,0.2,
6.4,1.4,0.3,
6.4,1.4,0.4,
6.4,1.4,0.5,
6.4,1.4,0.6,
6.4,1.4,0.7,
6.4,1.4,0.8,
6.4,1.4,0.9,
6.4,1.4,1,
6.4,1.4,1.1,
6.4,1.4,1.2,
6.4,1.4,1.3,
6.4,1.4,1.4,
6.4,1.4,1.5,
6.4,1.4,1.6,
6.4,1.4,1.7,
6.4,1.4,1.8,
6.4,1.4,1.9,
6.4,1.4,2,
6.4,1.4,2.1,
6.4,1.4,2.2,
6.4,1.4,2.3,
6.4,1.4,2.4,
6.4,1.4,2.5,
6.4,1.4,2.6,
6.4,1.4,2.7,
6.4,1.4,2.8,
6.4,1.4,2.9,1.12462084
6.4,1.4,3,
6.4,1.4,3.1,
6.4,1.4,3.2,
6.4,1.4,3.3,
6.4,1.4,3.4,
6.4,1.4,3.5,
6.4,1.4,3.6,1.046009166
6.5,1.4,0,
6.5,1.4,0.1,
6.5,1.4,0.2,
6.5,1.4,0.3,
6.5,1.4,0.4,
6.5,1.4,0.5,
6.5,1.4,0.6,
6.5,1.4,0.7,
6.5,1.4,0.8,1.155772134
6.5,1.4,0.9,
6.5,1.4,1,
6.5,1.4,1.1,
6.5,1.4,1.2,
6.5,1.4,1.3,
6.5,1.4,1.4,
6.5,1.4,1.5,
6.5,1.4,1.6,
6.5,1.4,1.7,
6.5,1.4,1.8,
6.5,1.4,1.9,
6.5,1.4,2,
6.5,1.4,2.1,
6.5,1.4,2.2,
6.5,1.4,2.3,
6.5,1.4,2.4,
6.5,1.4,2.5,
6.5,1.4,2.6,
6.5,1.4,2.7,
6.5,1.4,2.8,
6.5,1.4,2.9,
6.5,1.4,3,
6.5,1.4,3.1,
6.5,1.4,3.2,
6.5,1.4,3.3,
6.5,1.4,3.4,
6.5,1.4,3.5,
6.5,1.4,3.6,
6.6,1.4,0,
6.6,1.4,0.1,
6.6,1.4,0.2,
6.6,1.4,0.3,
6.6,1.4,0.4,
6.6,1.4,0.5,
6.6,1.4,0.6,
6.6,1.4,0.7,1.155318425
6.6,1.4,0.8,
6.6,1.4,0.9,
6.6,1.4,1,
6.6,1.4,1.1,
6.6,1.4,1.2,
6.6,1.4,1.3,
6.6,1.4,1.4,
6.6,1.4,1.5,
6.6,1.4,1.6,
6.6,1.4,1.7,
6.6,1.4,1.8,
6.6,1.4,1.9,
6.6,1.4,2,
6.6,1.4,2.1,
6.6,1.4,2.2,
6.6,1.4,2.3,
6.6,1.4,2.4,1.051011339
6.6,1.4,2.5,
6.6,1.4,2.6,
6.6,1.4,2.7,
6.6,1.4,2.8,
6.6,1.4,2.9,
6.6,1.4,3,
6.6,1.4,3.1,
6.6,1.4,3.2,
6.6,1.4,3.3,
6.6,1.4,3.4,
6.6,1.4,3.5,
6.6,1.4,3.6,
6.7,1.4,0,
6.7,1.4,0.1,
6.7,1.4,0.2,
6.7,1.4,0.3,
6.7,1.4,0.4,
6.7,1.4,0.5,
6.7,1.4,0.6,
6.7,1.4,0.7,
6.7,1.4,0.8,
6.7,1.4,0.9,
6.7,1.4,1,
6.7,1.4,1.1,
6.7,1.4,1.2,
6.7,1.4,1.3,
6.7,1.4,1.4,
6.7,1.4,1.5,
6.7,1.4,1.6,
6.7,1.4,1.7,
6.7,1.4,1.8,
6.7,1.4,1.9,
6.7,1.4,2,
6.7,1.4,2.1,
6.7,1.4,2.2,
6.7,1.4,2.3,
6.7,1.4,2.4,
6.7,1.4,2.5,
6.7,1.4,2.6,
6.7,1.4,2.7,
6.7,1.4,2.8,
6.7,1.4,2.9,
6.7,1.4,3,
6.7,1.4,3.1,
6.7,1.4,3.2,
6.7,1.4,3.3,
6.7,1.4,3.4,
6.7,1.4,3.5,
6.7,1.4,3.6,
6.8,1.4,0,
6.8,1.4,0.1,
6.8,1.4,0.2,
6.8,1.4,0.3,
6.8,1.4,0.4,
6.8,1.4,0.5,
6.8,1.4,0.6,
6.8,1.4,0.7,
6.8,1.4,0.8,
6.8,1.4,0.9,
6.8,1.4,1,
6.8,1.4,1.1,
6.8,1.4,1.2,
6.8,1.4,1.3,
6.8,1.4,1.4,
6.8,1.4,1.5,
6.8,1.4,1.6,
6.8,1.4,1.7,
6.8,1.4,1.8,1.007881381
6.8,1.4,1.9,
6.8,1.4,2,
6.8,1.4,2.1,
6.8,1.4,2.2,
6.8,1.4,2.3,
6.8,1.4,2.4,
6.8,1.4,2.5,
6.8,1.4,2.6,
6.8,1.4,2.7,
6.8,1.4,2.8,
6.8,1.4,2.9,
6.8,1.4,3,
6.8,1.4,3.1,
6.8,1.4,3.2,
6.8,1.4,3.3,
6.8,1.4,3.4,
6.8,1.4,3.5,
6.8,1.4,3.6,
6.9,1.4,0,
6.9,1.4,0.1,
6.9,1.4,0.2,
6.9,1.4,0.3,
6.9,1.4,0.4,
6.9,1.4,0.5,
6.9,1.4,0.6,
6.9,1.4,0.7,
6.9,1.4,0.8,
6.9,1.4,0.9,
6.9,1.4,1,
6.9,1.4,1.1,
6.9,1.4,1.2,
6.9,1.4,1.3,
6.9,1.4,1.4,
6.9,1.4,1.5,
6.9,1.4,1.6,
6.9,1.4,1.7,
6.9,1.4,1.8,
6.9,1.4,1.9,
6.9,1.4,2,
6.9,1.4,2.1,
6.9,1.4,2.2,
6.9,1.4,2.3,
6.9,1.4,2.4,
6.9,1.4,2.5,
6.9,1.4,2.6,
6.9,1.4,2.7,
6.9,1.4,2.8,
6.9,1.4,2.9,
6.9,1.4,3,
6.9,1.4,3.1,
6.9,1.4,3.2,
6.9,1.4,3.3,
6.9,1.4,3.4,
6.9,1.4,3.5,
6.9,1.4,3.6,
7,1.4,0,
7,1.4,0.1,
7,1.4,0.2,
7,1.4,0.3,
7,1.4,0.4,
7,1.4,0.5,
7,1.4,0.6,
7,1.4,0.7,
7,1.4,0.8,
7,1.4,0.9,
7,1.4,1,1.114486578
7,1.4,1.1,
7,1.4,1.2,
7,1.4,1.3,
7,1.4,1.4,
7,1.4,1.5,
7,1.4,1.6,
7,1.4,1.7,
7,1.4,1.8,
7,1.4,1.9,
7,1.4,2,
7,1.4,2.1,
7,1.4,2.2,
7,1.4,2.3,
7,1.4,2.4,
7,1.4,2.5,
7,1.4,2.6,
7,1.4,2.7,
7,1.4,2.8,
7,1.4,2.9,
7,1.4,3,
7,1.4,3.1,
7,1.4,3.2,
7,1.4,3.3,
7,1.4,3.4,
7,1.4,3.5,
7,1.4,3.6,
7.1,1.4,0,
7.1,1.4,0.1,
7.1,1.4,0.2,
7.1,1.4,0.3,
7.1,1.4,0.4,
7.1,1.4,0.5,
7.1,1.4,0.6,
7.1,1.4,0.7,
7.1,1.4,0.8,
7.1,1.4,0.9,
7.1,1.4,1,
7.1,1.4,1.1,
7.1,1.4,1.2,
7.1,1.4,1.3,
7.1,1.4,1.4,
7.1,1.4,1.5,
7.1,1.4,1.6,
7.1,1.4,1.7,
7.1,1.4,1.8,
7.1,1.4,1.9,
7.1,1.4,2,
7.1,1.4,2.1,
7.1,1.4,2.2,
7.1,1.4,2.3,
7.1,1.4,2.4,
7.1,1.4,2.5,
7.1,1.4,2.6,
7.1,1.4,2.7,
7.1,1.4,2.8,
7.1,1.4,2.9,
7.1,1.4,3,
7.1,1.4,3.1,
7.1,1.4,3.2,
7.1,1.4,3.3,
7.1,1.4,3.4,
7.1,1.4,3.5,
7.1,1.4,3.6,
7.2,1.4,0,
7.2,1.4,0.1,
7.2,1.4,0.2,
7.2,1.4,0.3,
7.2,1.4,0.4,
7.2,1.4,0.5,1.035464973
7.2,1.4,0.6,
7.2,1.4,0.7,
7.2,1.4,0.8,
7.2,1.4,0.9,
7.2,1.4,1,
7.2,1.4,1.1,
7.2,1.4,1.2,
7.2,1.4,1.3,
7.2,1.4,1.4,
7.2,1.4,1.5,
7.2,1.4,1.6,
7.2,1.4,1.7,
7.2,1.4,1.8,
7.2,1.4,1.9,
7.2,1.4,2,
7.2,1.4,2.1,
7.2,1.4,2.2,
7.2,1.4,2.3,
7.2,1.4,2.4,
7.2,1.4,2.5,
7.2,1.4,2.6,1.134411694
7.2,1.4,2.7,
7.2,1.4,2.8,
7.2,1.4,2.9,
7.2,1.4,3,
7.2,1.4,3.1,
7.2,1.4,3.2,
7.2,1.4,3.3,
7.2,1.4,3.4,
7.2,1.4,3.5,
7.2,1.4,3.6,
7.3,1.4,0,
7.3,1.4,0.1,
7.3,1.4,0.2,
7.3,1.4,0.3,
7.3,1.4,0.4,
7.3,1.4,0.5,
7.3,1.4,0.6,
7.3,1.4,0.7,
7.3,1.4,0.8,
7.3,1.4,0.9,
7.3,1.4,1,
7.3,1.4,1.1,
7.3,1.4,1.2,
7.3,1.4,1.3,
7.3,1.4,1.4,
7.3,1.4,1.5,
7.3,1.4,1.6,
7.3,1.4,1.7,
7.3,1.4,1.8,
7.3,1.4,1.9,1.056222173
7.3,1.4,2,
7.3,1.4,2.1,
7.3,1.4,2.2,
7.3,1.4,2.3,
7.3,1.4,2.4,
7.3,1.4,2.5,
7.3,1.4,2.6,
7.3,1.4,2.7,
7.3,1.4,2.8,
7.3,1.4,2.9,
7.3,1.4,3,
7.3,1.4,3.1,1.038281041
7.3,1.4,3.2,
7.3,1.4,3.3,
7.3,1.4,3.4,
7.3,1.4,3.5,
7.3,1.4,3.6,
7.4,1.4,0,
7.4,1.4,0.1,
7.4,1.4,0.2,
7.4,1.4,0.3,
7.4,1.4,0.4,
7.4,1.4,0.5,
7.4,1.4,0.6,
7.4,1.4,0.7,
7.4,1.4,0.8,
7.4,1.4,0.9,
7.4,1.4,1,
7.4,1.4,1.1,1.148395662
7.4,1.4,1.2,
7.4,1.4,1.3,
7.4,1.4,1.4,
7.4,1.4,1.5,
7.4,1.4,1.6,
7.4,1.4,1.7,
7.4,1.4,1.8,
7.4,1.4,1.9,
7.4,1.4,2,
7.4,1.4,2.1,
7.4,1.4,2.2,
7.4,1.4,2.3,
7.4,1.4,2.4,
7.4,1.4,2.5,
7.4,1.4,2.6,
7.4,1.4,2.7,
7.4,1.4,2.8,
7.4,1.4,2.9,
7.4,1.4,3,
7.4,1.4,3.1,
7.4,1.4,3.2,
7.4,1.4,3.3,
7.4,1.4,3.4,
7.4,1.4,3.5,
7.4,1.4,3.6,
7.5,1.4,0,
7.5,1.4,0.1,
7.5,1.4,0.2,
7.5,1.4,0.3,
7.5,1.4,0.4,
7.5,1.4,0.5,
7.5,1.4,0.6,1.051911082
7.5,1.4,0.7,
7.5,1.4,0.8,
7.5,1.4,0.9,
7.5,1.4,1,
7.5,1.4,1.1,
7.5,1.4,1.2,
7.5,1.4,1.3,
7.5,1.4,1.4,
7.5,1.4,1.5,
7.5,1.4,1.6,
7.5,1.4,1.7,
7.5,1.4,1.8,
7.5,1.4,1.9,
7.5,1.4,2,
7.5,1.4,2.1,
7.5,1.4,2.2,
7.5,1.4,2.3,
7.5,1.4,2.4,
7.5,1.4,2.5,
7.5,1.4,2.6,
7.5,1.4,2.7,
7.5,1.4,2.8,
7.5,1.4,2.9,
7.5,1.4,3,
7.5,1.4,3.1,
7.5,1.4,3.2,
7.5,1.4,3.3,
7.5,1.4,3.4,
7.5,1.4,3.5,
7.5,1.4,3.6,1.00764486
7.6,1.4,0,
7.6,1.4,0.1,
7.6,1.4,0.2,
7.6,1.4,0.3,
7.6,1.4,0.4,
7.6,1.4,0.5,
7.6,1.4,0.6,
7.6,1.4,0.7,
7.6,1.4,0.8,
7.6,1.4,0.9,
7.6,1.4,1,
7.6,1.4,1.1,
7.6,1.4,1.2,
7.6,1.4,1.3,
7.6,1.4,1.4,
7.6,1.4,1.5,
7.6,1.4,1.6,
7.6,1.4,1.7,
7.6,1.4,1.8,
7.6,1.4,1.9,
7.6,1.4,2,
7.6,1.4,2.1,
7.6,1.4,2.2,
7.6,1.4,2.3,
7.6,1.4,2.4,
7.6,1.4,2.5,1.185270346
7.6,1.4,2.6,
7.6,1.4,2.7,1.120486855
7.6,1.4,2.8,
7.6,1.4,2.9,
7.6,1.4,3,
7.6,1.4,3.1,
7.6,1.4,3.2,
7.6,1.4,3.3,
7.6,1.4,3.4,
7.6,1.4,3.5,
7.6,1.4,3.6,
7.7,1.4,0,
7.7,1.4,0.1,
7.7,1.4,0.2,
7.7,1.4,0.3,
7.7,1.4,0.4,
7.7,1.4,0.5,
7.7,1.4,0.6,
7.7,1.4,0.7,
7.7,1.4,0.8,
7.7,1.4,0.9,
7.7,1.4,1,
7.7,1.4,1.1,
7.7,1.4,1.2,
7.7,1.4,1.3,
7.7,1.4,1.4,
7.7,1.4,1.5,
7.7,1.4,1.6,
7.7,1.4,1.7,
7.7,1.4,1.8,
7.7,1.4,1.9,
7.7,1.4,2,
7.7,1.4,2.1,
7.7,1.4,2.2,
7.7,1.4,2.3,
7.7,1.4,2.4,
7.7,1.4,2.5,
7.7,1.4,2.6,
7.7,1.4,2.7,
7.7,1.4,2.8,
7.7,1.4,2.9,
7.7,1.4,3,
7.7,1.4,3.1,
7.7,1.4,3.2,
7.7,1.4,3.3,
7.7,1.4,3.4,
7.7,1.4,3.5,
7.7,1.4,3.6,
7.8,1.4,0,
7.8,1.4,0.1,
7.8,1.4,0.2,
7.8,1.4,0.3,
7.8,1.4,0.4,
7.8,1.4,0.5,
7.8,1.4,0.6,
7.8,1.4,0.7,
7.8,1.4,0.8,
7.8,1.4,0.9,
7.8,1.4,1,
7.8,1.4,1.1,
7.8,1.4,1.2,
7.8,1.4,1.3,
7.8,1.4,1.4,
7.8,1.4,1.5,
7.8,1.4,1.6,
7.8,1.4,1.7,
7.8,1.4,1.8,
7.8,1.4,1.9,
7.8,1.4,2,
7.8,1.4,2.1,
7.8,1.4,2.2,
7.8,1.4,2.3,
7.8,1.4,2.4,1.055435289
7.8,1.4,2.5,
7.8,1.4,2.6,1.256654511
7.8,1.4,2.7,
7.8,1.4,2.8,1.111917548
7.8,1.4,2.9,
7.8,1.4,3,
7.8,1.4,3.1,
7.8,1.4,3.2,
7.8,1.4,3.3,
7.8,1.4,3.4,
7.8,1.4,3.5,
7.8,1.4,3.6,
7.9,1.4,0,
7.9,1.4,0.1,
7.9,1.4,0.2,
7.9,1.4,0.3,
7.9,1.4,0.4,
7.9,1.4,0.5,
7.9,1.4,0.6,
7.9,1.4,0.7,
7.9,1.4,0.8,
7.9,1.4,0.9,
7.9,1.4,1,
7.9,1.4,1.1,
7.9,1.4,1.2,
7.9,1.4,1.3,
7.9,1.4,1.4,1.026109635
7.9,1.4,1.5,
7.9,1.4,1.6,
7.9,1.4,1.7,
7.9,1.4,1.8,
7.9,1.4,1.9,
7.9,1.4,2,
7.9,1.4,2.1,
7.9,1.4,2.2,
7.9,1.4,2.3,
7.9,1.4,2.4,
7.9,1.4,2.5,
7.9,1.4,2.6,
7.9,1.4,2.7,1.310270385
7.9,1.4,2.8,
7.9,1.4,2.9,
7.9,1.4,3,
7.9,1.4,3.1,1.066036906
7.9,1.4,3.2,
7.9,1.4,3.3,
7.9,1.4,3.4,
7.9,1.4,3.5,
7.9,1.4,3.6,
8,1.4,0,
8,1.4,0.1,
8,1.4,0.2,
8,1.4,0.3,
8,1.4,0.4,
8,1.4,0.5,
8,1.4,0.6,
8,1.4,0.7,
8,1.4,0.8,
8,1.4,0.9,
8,1.4,1,
8,1.4,1.1,
8,1.4,1.2,
8,1.4,1.3,
8,1.4,1.4,
8,1.4,1.5,
8,1.4,1.6,
8,1.4,1.7,
8,1.4,1.8,
8,1.4,1.9,
8,1.4,2,
8,1.4,2.1,
8,1.4,2.2,
8,1.4,2.3,
8,1.4,2.4,
8,1.4,2.5,
8,1.4,2.6,
8,1.4,2.7,
8,1.4,2.8,1.136010479
8,1.4,2.9,
8,1.4,3,
8,1.4,3.1,
8,1.4,3.2,
8,1.4,3.3,
8,1.4,3.4,
8,1.4,3.5,
8,1.4,3.6,
0,1.5,0,
0,1.5,0.1,
0,1.5,0.2,
0,1.5,0.3,
0,1.5,0.4,
0,1.5,0.5,1.132557626
0,1.5,0.6,
0,1.5,0.7,
0,1.5,0.8,
0,1.5,0.9,
0,1.5,1,
0,1.5,1.1,
0,1.5,1.2,
0,1.5,1.3,
0,1.5,1.4,
0,1.5,1.5,
0,1.5,1.6,
0,1.5,1.7,
0,1.5,1.8,
0,1.5,1.9,
0,1.5,2,1.301981093
0,1.5,2.1,1.312786823
0,1.5,2.2,1.32802304
0,1.5,2.3,
0,1.5,2.4,
0,1.5,2.5,1.399864326
0,1.5,2.6,1.43233837
0,1.5,2.7,1.46892451
0,1.5,2.8,
0,1.5,2.9,1.554028549
0,1.5,3,
0,1.5,3.1,
0,1.5,3.2,
0,1.5,3.3,
0,1.5,3.4,
0,1.5,3.5,1.098875396
0,1.5,3.6,
0.1,1.5,0,
0.1,1.5,0.1,
0.1,1.5,0.2,
0.1,1.5,0.3,
0.1,1.5,0.4,
0.1,1.5,0.5,
0.1,1.5,0.6,
0.1,1.5,0.7,
0.1,1.5,0.8,
0.1,1.5,0.9,
0.1,1.5,1,
0.1,1.5,1.1,1.115569112
0.1,1.5,1.2,
0.1,1.5,1.3,
0.1,1.5,1.4,
0.1,1.5,1.5,
0.1,1.5,1.6,
0.1,1.5,1.7,
0.1,1.5,1.8,
0.1,1.5,1.9,
0.1,1.5,2,
0.1,1.5,2.1,
0.1,1.5,2.2,
0.1,1.5,2.3,
0.1,1.5,2.4,1.094053455
0.1,1.5,2.5,1.111019795
0.1,1.5,2.6,
0.1,1.5,2.7,
0.1,1.5,2.8,1.176597277
0.1,1.5,2.9,
0.1,1.5,3,
0.1,1.5,3.1,
0.1,1.5,3.2,
0.1,1.5,3.3,
0.1,1.5,3.4,
0.1,1.5,3.5,
0.1,1.5,3.6,
0.2,1.5,0,
0.2,1.5,0.1,
0.2,1.5,0.2,
0.2,1.5,0.3,
0.2,1.5,0.4,
0.2,1.5,0.5,
0.2,1.5,0.6,
0.2,1.5,0.7,
0.2,1.5,0.8,1.158818184
0.2,1.5,0.9,
0.2,1.5,1,1.328092689
0.2,1.5,1.1,
0.2,1.5,1.2,
0.2,1.5,1.3,
0.2,1.5,1.4,
0.2,1.5,1.5,1.061772152
0.2,1.5,1.6,
0.2,1.5,1.7,
0.2,1.5,1.8,1.048983293
0.2,1.5,1.9,
0.2,1.5,2,1.054017021
0.2,1.5,2.1,
0.2,1.5,2.2,1.070297396
0.2,1.5,2.3,1.081642687
0.2,1.5,2.4,
0.2,1.5,2.5,
0.2,1.5,2.6,1.324898814
0.2,1.5,2.7,
0.2,1.5,2.8,
0.2,1.5,2.9,1.142187293
0.2,1.5,3,1.12462681
0.2,1.5,3.1,
0.2,1.5,3.2,
0.2,1.5,3.3,1.106225714
0.2,1.5,3.4,
0.2,1.5,3.5,
0.2,1.5,3.6,
0.3,1.5,0,1.079841495
0.3,1.5,0.1,
0.3,1.5,0.2,
0.3,1.5,0.3,
0.3,1.5,0.4,
0.3,1.5,0.5,
0.3,1.5,0.6,
0.3,1.5,0.7,
0.3,1.5,0.8,
0.3,1.5,0.9,1.169983526
0.3,1.5,1,
0.3,1.5,1.1,
0.3,1.5,1.2,
0.3,1.5,1.3,
0.3,1.5,1.4,
0.3,1.5,1.5,
0.3,1.5,1.6,
0.3,1.5,1.7,
0.3,1.5,1.8,
0.3,1.5,1.9,
0.3,1.5,2,
0.3,1.5,2.1,
0.3,1.5,2.2,
0.3,1.5,2.3,
0.3,1.5,2.4,
0.3,1.5,2.5,1.275648613
0.3,1.5,2.6,1.296409509
0.3,1.5,2.7,1.17302588
0.3,1.5,2.8,
0.3,1.5,2.9,
0.3,1.5,3,
0.3,1.5,3.1,
0.3,1.5,3.2,
0.3,1.5,3.3,
0.3,1.5,3.4,
0.3,1.5,3.5,
0.3,1.5,3.6,
0.4,1.5,0,
0.4,1.5,0.1,
0.4,1.5,0.2,
0.4,1.5,0.3,
0.4,1.5,0.4,1.091011954
0.4,1.5,0.5,
0.4,1.5,0.6,
0.4,1.5,0.7,
0.4,1.5,0.8,
0.4,1.5,0.9,
0.4,1.5,1,
0.4,1.5,1.1,
0.4,1.5,1.2,
0.4,1.5,1.3,
0.4,1.5,1.4,
0.4,1.5,1.5,
0.4,1.5,1.6,
0.4,1.5,1.7,
0.4,1.5,1.8,1.174854363
0.4,1.5,1.9,
0.4,1.5,2,
0.4,1.5,2.1,
0.4,1.5,2.2,1.200182201
0.4,1.5,2.3,
0.4,1.5,2.4,
0.4,1.5,2.5,
0.4,1.5,2.6,
0.4,1.5,2.7,1.16589929
0.4,1.5,2.8,
0.4,1.5,2.9,
0.4,1.5,3,
0.4,1.5,3.1,
0.4,1.5,3.2,
0.4,1.5,3.3,
0.4,1.5,3.4,
0.4,1.5,3.5,1.07119657
0.4,1.5,3.6,
0.5,1.5,0,
0.5,1.5,0.1,1.062420593
0.5,1.5,0.2,
0.5,1.5,0.3,
0.5,1.5,0.4,
0.5,1.5,0.5,
0.5,1.5,0.6,
0.5,1.5,0.7,
0.5,1.5,0.8,
0.5,1.5,0.9,
0.5,1.5,1,
0.5,1.5,1.1,1.229977768
0.5,1.5,1.2,
0.5,1.5,1.3,
0.5,1.5,1.4,
0.5,1.5,1.5,
0.5,1.5,1.6,
0.5,1.5,1.7,
0.5,1.5,1.8,
0.5,1.5,1.9,
0.5,1.5,2,
0.5,1.5,2.1,
0.5,1.5,2.2,
0.5,1.5,2.3,1.192180884
0.5,1.5,2.4,
0.5,1.5,2.5,1.227133841
0.5,1.5,2.6,
0.5,1.5,2.7,
0.5,1.5,2.8,
0.5,1.5,2.9,
0.5,1.5,3,
0.5,1.5,3.1,
0.5,1.5,3.2,
0.5,1.5,3.3,
0.5,1.5,3.4,
0.5,1.5,3.5,
0.5,1.5,3.6,
0.6,1.5,0,
0.6,1.5,0.1,
0.6,1.5,0.2,
0.6,1.5,0.3,
0.6,1.5,0.4,
0.6,1.5,0.5,
0.6,1.5,0.6,
0.6,1.5,0.7,
0.6,1.5,0.8,
0.6,1.5,0.9,
0.6,1.5,1,1.177521468
0.6,1.5,1.1,
0.6,1.5,1.2,
0.6,1.5,1.3,
0.6,1.5,1.4,
0.6,1.5,1.5,
0.6,1.5,1.6,
0.6,1.5,1.7,
0.6,1.5,1.8,
0.6,1.5,1.9,1.135825129
0.6,1.5,2,
0.6,1.5,2.1,
0.6,1.5,2.2,
0.6,1.5,2.3,
0.6,1.5,2.4,
0.6,1.5,2.5,
0.6,1.5,2.6,
0.6,1.5,2.7,
0.6,1.5,2.8,
0.6,1.5,2.9,
0.6,1.5,3,
0.6,1.5,3.1,
0.6,1.5,3.2,
0.6,1.5,3.3,
0.6,1.5,3.4,
0.6,1.5,3.5,
0.6,1.5,3.6,
0.7,1.5,0,
0.7,1.5,0.1,
0.7,1.5,0.2,
0.7,1.5,0.3,
0.7,1.5,0.4,
0.7,1.5,0.5,
0.7,1.5,0.6,
0.7,1.5,0.7,
0.7,1.5,0.8,1.129488834
0.7,1.5,0.9,
0.7,1.5,1,
0.7,1.5,1.1,
0.7,1.5,1.2,
0.7,1.5,1.3,
0.7,1.5,1.4,
0.7,1.5,1.5,
0.7,1.5,1.6,
0.7,1.5,1.7,
0.7,1.5,1.8,
0.7,1.5,1.9,
0.7,1.5,2,
0.7,1.5,2.1,1.130158027
0.7,1.5,2.2,
0.7,1.5,2.3,
0.7,1.5,2.4,
0.7,1.5,2.5,1.186903813
0.7,1.5,2.6,
0.7,1.5,2.7,
0.7,1.5,2.8,
0.7,1.5,2.9,
0.7,1.5,3,
0.7,1.5,3.1,
0.7,1.5,3.2,
0.7,1.5,3.3,
0.7,1.5,3.4,
0.7,1.5,3.5,
0.7,1.5,3.6,
0.8,1.5,0,
0.8,1.5,0.1,
0.8,1.5,0.2,
0.8,1.5,0.3,
0.8,1.5,0.4,
0.8,1.5,0.5,
0.8,1.5,0.6,
0.8,1.5,0.7,
0.8,1.5,0.8,
0.8,1.5,0.9,
0.8,1.5,1,
0.8,1.5,1.1,
0.8,1.5,1.2,
0.8,1.5,1.3,
0.8,1.5,1.4,
0.8,1.5,1.5,
0.8,1.5,1.6,
0.8,1.5,1.7,
0.8,1.5,1.8,
0.8,1.5,1.9,
0.8,1.5,2,
0.8,1.5,2.1,
0.8,1.5,2.2,
0.8,1.5,2.3,
0.8,1.5,2.4,
0.8,1.5,2.5,
0.8,1.5,2.6,
0.8,1.5,2.7,1.197838889
0.8,1.5,2.8,
0.8,1.5,2.9,
0.8,1.5,3,
0.8,1.5,3.1,
0.8,1.5,3.2,
0.8,1.5,3.3,
0.8,1.5,3.4,1.053635803
0.8,1.5,3.5,
0.8,1.5,3.6,1.047503052
0.9,1.5,0,
0.9,1.5,0.1,
0.9,1.5,0.2,
0.9,1.5,0.3,
0.9,1.5,0.4,
0.9,1.5,0.5,
0.9,1.5,0.6,
0.9,1.5,0.7,
0.9,1.5,0.8,
0.9,1.5,0.9,
0.9,1.5,1,
0.9,1.5,1.1,
0.9,1.5,1.2,
0.9,1.5,1.3,
0.9,1.5,1.4,
0.9,1.5,1.5,
0.9,1.5,1.6,
0.9,1.5,1.7,
0.9,1.5,1.8,
0.9,1.5,1.9,
0.9,1.5,2,
0.9,1.5,2.1,
0.9,1.5,2.2,
0.9,1.5,2.3,
0.9,1.5,2.4,
0.9,1.5,2.5,
0.9,1.5,2.6,
0.9,1.5,2.7,
0.9,1.5,2.8,1.133607184
0.9,1.5,2.9,
0.9,1.5,3,
0.9,1.5,3.1,
0.9,1.5,3.2,
0.9,1.5,3.3,
0.9,1.5,3.4,
0.9,1.5,3.5,
0.9,1.5,3.6,
1,1.5,0,1.235570389
1,1.5,0.1,1.237394608
1,1.5,0.2,
1,1.5,0.3,
1,1.5,0.4,
1,1.5,0.5,
1,1.5,0.6,
1,1.5,0.7,1.114599721
1,1.5,0.8,
1,1.5,0.9,
1,1.5,1,
1,1.5,1.1,
1,1.5,1.2,
1,1.5,1.3,
1,1.5,1.4,
1,1.5,1.5,
1,1.5,1.6,
1,1.5,1.7,
1,1.5,1.8,
1,1.5,1.9,
1,1.5,2,
1,1.5,2.1,
1,1.5,2.2,
1,1.5,2.3,
1,1.5,2.4,1.126055028
1,1.5,2.5,
1,1.5,2.6,
1,1.5,2.7,
1,1.5,2.8,
1,1.5,2.9,
1,1.5,3,
1,1.5,3.1,
1,1.5,3.2,
1,1.5,3.3,
1,1.5,3.4,
1,1.5,3.5,
1,1.5,3.6,
1.1,1.5,0,1.210197635
1.1,1.5,0.1,1.212027255
1.1,1.5,0.2,
1.1,1.5,0.3,
1.1,1.5,0.4,
1.1,1.5,0.5,1.253386155
1.1,1.5,0.6,
1.1,1.5,0.7,1.273759294
1.1,1.5,0.8,
1.1,1.5,0.9,1.17308302
1.1,1.5,1,
1.1,1.5,1.1,
1.1,1.5,1.2,
1.1,1.5,1.3,
1.1,1.5,1.4,
1.1,1.5,1.5,
1.1,1.5,1.6,
1.1,1.5,1.7,
1.1,1.5,1.8,
1.1,1.5,1.9,
1.1,1.5,2,
1.1,1.5,2.1,
1.1,1.5,2.2,
1.1,1.5,2.3,
1.1,1.5,2.4,
1.1,1.5,2.5,
1.1,1.5,2.6,
1.1,1.5,2.7,
1.1,1.5,2.8,
1.1,1.5,2.9,
1.1,1.5,3,
1.1,1.5,3.1,
1.1,1.5,3.2,
1.1,1.5,3.3,
1.1,1.5,3.4,
1.1,1.5,3.5,
1.1,1.5,3.6,
1.2,1.5,0,
1.2,1.5,0.1,
1.2,1.5,0.2,
1.2,1.5,0.3,
1.2,1.5,0.4,
1.2,1.5,0.5,
1.2,1.5,0.6,
1.2,1.5,0.7,
1.2,1.5,0.8,
1.2,1.5,0.9,
1.2,1.5,1,
1.2,1.5,1.1,
1.2,1.5,1.2,
1.2,1.5,1.3,
1.2,1.5,1.4,
1.2,1.5,1.5,
1.2,1.5,1.6,
1.2,1.5,1.7,
1.2,1.5,1.8,
1.2,1.5,1.9,
1.2,1.5,2,
1.2,1.5,2.1,
1.2,1.5,2.2,
1.2,1.5,2.3,
1.2,1.5,2.4,
1.2,1.5,2.5,
1.2,1.5,2.6,
1.2,1.5,2.7,
1.2,1.5,2.8,
1.2,1.5,2.9,
1.2,1.5,3,
1.2,1.5,3.1,
1.2,1.5,3.2,
1.2,1.5,3.3,
1.2,1.5,3.4,
1.2,1.5,3.5,
1.2,1.5,3.6,
1.3,1.5,0,
1.3,1.5,0.1,
1.3,1.5,0.2,
1.3,1.5,0.3,
1.3,1.5,0.4,
1.3,1.5,0.5,
1.3,1.5,0.6,1.221114802
1.3,1.5,0.7,1.246902319
1.3,1.5,0.8,1.166844233
1.3,1.5,0.9,
1.3,1.5,1,
1.3,1.5,1.1,
1.3,1.5,1.2,
1.3,1.5,1.3,
1.3,1.5,1.4,
1.3,1.5,1.5,
1.3,1.5,1.6,
1.3,1.5,1.7,
1.3,1.5,1.8,
1.3,1.5,1.9,
1.3,1.5,2,
1.3,1.5,2.1,
1.3,1.5,2.2,
1.3,1.5,2.3,
1.3,1.5,2.4,
1.3,1.5,2.5,
1.3,1.5,2.6,1.137921402
1.3,1.5,2.7,
1.3,1.5,2.8,
1.3,1.5,2.9,
1.3,1.5,3,
1.3,1.5,3.1,
1.3,1.5,3.2,
1.3,1.5,3.3,
1.3,1.5,3.4,
1.3,1.5,3.5,
1.3,1.5,3.6,
1.4,1.5,0,
1.4,1.5,0.1,
1.4,1.5,0.2,
1.4,1.5,0.3,
1.4,1.5,0.4,
1.4,1.5,0.5,
1.4,1.5,0.6,
1.4,1.5,0.7,1.217467786
1.4,1.5,0.8,
1.4,1.5,0.9,
1.4,1.5,1,
1.4,1.5,1.1,
1.4,1.5,1.2,
1.4,1.5,1.3,
1.4,1.5,1.4,
1.4,1.5,1.5,
1.4,1.5,1.6,
1.4,1.5,1.7,
1.4,1.5,1.8,
1.4,1.5,1.9,
1.4,1.5,2,
1.4,1.5,2.1,
1.4,1.5,2.2,
1.4,1.5,2.3,
1.4,1.5,2.4,
1.4,1.5,2.5,
1.4,1.5,2.6,
1.4,1.5,2.7,
1.4,1.5,2.8,
1.4,1.5,2.9,
1.4,1.5,3,
1.4,1.5,3.1,
1.4,1.5,3.2,
1.4,1.5,3.3,
1.4,1.5,3.4,
1.4,1.5,3.5,
1.4,1.5,3.6,
1.5,1.5,0,
1.5,1.5,0.1,
1.5,1.5,0.2,1.130569094
1.5,1.5,0.3,
1.5,1.5,0.4,
1.5,1.5,0.5,
1.5,1.5,0.6,
1.5,1.5,0.7,1.197122222
1.5,1.5,0.8,
1.5,1.5,0.9,
1.5,1.5,1,
1.5,1.5,1.1,
1.5,1.5,1.2,1.099754671
1.5,1.5,1.3,
1.5,1.5,1.4,
1.5,1.5,1.5,
1.5,1.5,1.6,
1.5,1.5,1.7,
1.5,1.5,1.8,
1.5,1.5,1.9,
1.5,1.5,2,
1.5,1.5,2.1,
1.5,1.5,2.2,
1.5,1.5,2.3,
1.5,1.5,2.4,
1.5,1.5,2.5,
1.5,1.5,2.6,
1.5,1.5,2.7,
1.5,1.5,2.8,
1.5,1.5,2.9,
1.5,1.5,3,
1.5,1.5,3.1,
1.5,1.5,3.2,
1.5,1.5,3.3,
1.5,1.5,3.4,
1.5,1.5,3.5,
1.5,1.5,3.6,
1.6,1.5,0,
1.6,1.5,0.1,
1.6,1.5,0.2,
1.6,1.5,0.3,
1.6,1.5,0.4,
1.6,1.5,0.5,
1.6,1.5,0.6,
1.6,1.5,0.7,
1.6,1.5,0.8,
1.6,1.5,0.9,1.156290943
1.6,1.5,1,
1.6,1.5,1.1,
1.6,1.5,1.2,
1.6,1.5,1.3,
1.6,1.5,1.4,
1.6,1.5,1.5,
1.6,1.5,1.6,
1.6,1.5,1.7,
1.6,1.5,1.8,
1.6,1.5,1.9,
1.6,1.5,2,
1.6,1.5,2.1,
1.6,1.5,2.2,
1.6,1.5,2.3,
1.6,1.5,2.4,
1.6,1.5,2.5,1.11089784
1.6,1.5,2.6,
1.6,1.5,2.7,
1.6,1.5,2.8,
1.6,1.5,2.9,
1.6,1.5,3,
1.6,1.5,3.1,1.147567842
1.6,1.5,3.2,
1.6,1.5,3.3,
1.6,1.5,3.4,
1.6,1.5,3.5,
1.6,1.5,3.6,
1.7,1.5,0,
1.7,1.5,0.1,
1.7,1.5,0.2,
1.7,1.5,0.3,
1.7,1.5,0.4,
1.7,1.5,0.5,1.130160585
1.7,1.5,0.6,
1.7,1.5,0.7,
1.7,1.5,0.8,
1.7,1.5,0.9,
1.7,1.5,1,
1.7,1.5,1.1,
1.7,1.5,1.2,
1.7,1.5,1.3,
1.7,1.5,1.4,
1.7,1.5,1.5,
1.7,1.5,1.6,
1.7,1.5,1.7,
1.7,1.5,1.8,1.0471369
1.7,1.5,1.9,
1.7,1.5,2,
1.7,1.5,2.1,
1.7,1.5,2.2,
1.7,1.5,2.3,
1.7,1.5,2.4,
1.7,1.5,2.5,
1.7,1.5,2.6,
1.7,1.5,2.7,
1.7,1.5,2.8,
1.7,1.5,2.9,
1.7,1.5,3,
1.7,1.5,3.1,
1.7,1.5,3.2,
1.7,1.5,3.3,
1.7,1.5,3.4,
1.7,1.5,3.5,
1.7,1.5,3.6,
1.8,1.5,0,
1.8,1.5,0.1,
1.8,1.5,0.2,
1.8,1.5,0.3,
1.8,1.5,0.4,1.104259072
1.8,1.5,0.5,
1.8,1.5,0.6,
1.8,1.5,0.7,
1.8,1.5,0.8,
1.8,1.5,0.9,
1.8,1.5,1,
1.8,1.5,1.1,
1.8,1.5,1.2,
1.8,1.5,1.3,
1.8,1.5,1.4,
1.8,1.5,1.5,
1.8,1.5,1.6,
1.8,1.5,1.7,
1.8,1.5,1.8,
1.8,1.5,1.9,
1.8,1.5,2,
1.8,1.5,2.1,
1.8,1.5,2.2,
1.8,1.5,2.3,
1.8,1.5,2.4,
1.8,1.5,2.5,
1.8,1.5,2.6,
1.8,1.5,2.7,1.156095928
1.8,1.5,2.8,
1.8,1.5,2.9,
1.8,1.5,3,
1.8,1.5,3.1,1.119215275
1.8,1.5,3.2,
1.8,1.5,3.3,
1.8,1.5,3.4,
1.8,1.5,3.5,1.082861107
1.8,1.5,3.6,
1.9,1.5,0,
1.9,1.5,0.1,
1.9,1.5,0.2,
1.9,1.5,0.3,
1.9,1.5,0.4,
1.9,1.5,0.5,
1.9,1.5,0.6,
1.9,1.5,0.7,
1.9,1.5,0.8,
1.9,1.5,0.9,
1.9,1.5,1,
1.9,1.5,1.1,
1.9,1.5,1.2,
1.9,1.5,1.3,
1.9,1.5,1.4,
1.9,1.5,1.5,
1.9,1.5,1.6,
1.9,1.5,1.7,
1.9,1.5,1.8,
1.9,1.5,1.9,
1.9,1.5,2,
1.9,1.5,2.1,
1.9,1.5,2.2,
1.9,1.5,2.3,
1.9,1.5,2.4,
1.9,1.5,2.5,
1.9,1.5,2.6,
1.9,1.5,2.7,
1.9,1.5,2.8,
1.9,1.5,2.9,
1.9,1.5,3,
1.9,1.5,3.1,
1.9,1.5,3.2,
1.9,1.5,3.3,
1.9,1.5,3.4,
1.9,1.5,3.5,
1.9,1.5,3.6,
2,1.5,0,
2,1.5,0.1,
2,1.5,0.2,
2,1.5,0.3,
2,1.5,0.4,
2,1.5,0.5,
2,1.5,0.6,
2,1.5,0.7,1.129769133
2,1.5,0.8,
2,1.5,0.9,
2,1.5,1,
2,1.5,1.1,
2,1.5,1.2,
2,1.5,1.3,
2,1.5,1.4,
2,1.5,1.5,
2,1.5,1.6,
2,1.5,1.7,
2,1.5,1.8,
2,1.5,1.9,
2,1.5,2,
2,1.5,2.1,
2,1.5,2.2,
2,1.5,2.3,
2,1.5,2.4,
2,1.5,2.5,
2,1.5,2.6,1.144657962
2,1.5,2.7,
2,1.5,2.8,
2,1.5,2.9,
2,1.5,3,
2,1.5,3.1,
2,1.5,3.2,
2,1.5,3.3,
2,1.5,3.4,
2,1.5,3.5,
2,1.5,3.6,
2.1,1.5,0,
2.1,1.5,0.1,
2.1,1.5,0.2,
2.1,1.5,0.3,
2.1,1.5,0.4,
2.1,1.5,0.5,
2.1,1.5,0.6,
2.1,1.5,0.7,
2.1,1.5,0.8,
2.1,1.5,0.9,
2.1,1.5,1,
2.1,1.5,1.1,1.136214023
2.1,1.5,1.2,
2.1,1.5,1.3,
2.1,1.5,1.4,
2.1,1.5,1.5,
2.1,1.5,1.6,
2.1,1.5,1.7,
2.1,1.5,1.8,
2.1,1.5,1.9,
2.1,1.5,2,
2.1,1.5,2.1,
2.1,1.5,2.2,
2.1,1.5,2.3,
2.1,1.5,2.4,
2.1,1.5,2.5,
2.1,1.5,2.6,
2.1,1.5,2.7,
2.1,1.5,2.8,
2.1,1.5,2.9,
2.1,1.5,3,
2.1,1.5,3.1,
2.1,1.5,3.2,
2.1,1.5,3.3,
2.1,1.5,3.4,
2.1,1.5,3.5,
2.1,1.5,3.6,
2.2,1.5,0,
2.2,1.5,0.1,
2.2,1.5,0.2,
2.2,1.5,0.3,
2.2,1.5,0.4,
2.2,1.5,0.5,
2.2,1.5,0.6,
2.2,1.5,0.7,
2.2,1.5,0.8,
2.2,1.5,0.9,
2.2,1.5,1,
2.2,1.5,1.1,
2.2,1.5,1.2,
2.2,1.5,1.3,
2.2,1.5,1.4,
2.2,1.5,1.5,
2.2,1.5,1.6,
2.2,1.5,1.7,
2.2,1.5,1.8,
2.2,1.5,1.9,
2.2,1.5,2,
2.2,1.5,2.1,
2.2,1.5,2.2,1.098723875
2.2,1.5,2.3,
2.2,1.5,2.4,
2.2,1.5,2.5,
2.2,1.5,2.6,
2.2,1.5,2.7,
2.2,1.5,2.8,
2.2,1.5,2.9,
2.2,1.5,3,
2.2,1.5,3.1,
2.2,1.5,3.2,
2.2,1.5,3.3,
2.2,1.5,3.4,
2.2,1.5,3.5,
2.2,1.5,3.6,
2.3,1.5,0,1.047907012
2.3,1.5,0.1,
2.3,1.5,0.2,
2.3,1.5,0.3,
2.3,1.5,0.4,
2.3,1.5,0.5,
2.3,1.5,0.6,
2.3,1.5,0.7,
2.3,1.5,0.8,
2.3,1.5,0.9,
2.3,1.5,1,
2.3,1.5,1.1,
2.3,1.5,1.2,
2.3,1.5,1.3,
2.3,1.5,1.4,
2.3,1.5,1.5,
2.3,1.5,1.6,
2.3,1.5,1.7,
2.3,1.5,1.8,
2.3,1.5,1.9,
2.3,1.5,2,
2.3,1.5,2.1,
2.3,1.5,2.2,
2.3,1.5,2.3,
2.3,1.5,2.4,
2.3,1.5,2.5,
2.3,1.5,2.6,
2.3,1.5,2.7,
2.3,1.5,2.8,
2.3,1.5,2.9,1.116848368
2.3,1.5,3,
2.3,1.5,3.1,
2.3,1.5,3.2,
2.3,1.5,3.3,
2.3,1.5,3.4,
2.3,1.5,3.5,
2.3,1.5,3.6,
2.4,1.5,0,
2.4,1.5,0.1,
2.4,1.5,0.2,
2.4,1.5,0.3,
2.4,1.5,0.4,
2.4,1.5,0.5,
2.4,1.5,0.6,
2.4,1.5,0.7,
2.4,1.5,0.8,
2.4,1.5,0.9,
2.4,1.5,1,
2.4,1.5,1.1,
2.4,1.5,1.2,
2.4,1.5,1.3,
2.4,1.5,1.4,
2.4,1.5,1.5,
2.4,1.5,1.6,
2.4,1.5,1.7,
2.4,1.5,1.8,
2.4,1.5,1.9,
2.4,1.5,2,
2.4,1.5,2.1,
2.4,1.5,2.2,
2.4,1.5,2.3,
2.4,1.5,2.4,
2.4,1.5,2.5,
2.4,1.5,2.6,
2.4,1.5,2.7,
2.4,1.5,2.8,
2.4,1.5,2.9,
2.4,1.5,3,
2.4,1.5,3.1,
2.4,1.5,3.2,
2.4,1.5,3.3,
2.4,1.5,3.4,
2.4,1.5,3.5,
2.4,1.5,3.6,
2.5,1.5,0,
2.5,1.5,0.1,
2.5,1.5,0.2,
2.5,1.5,0.3,
2.5,1.5,0.4,
2.5,1.5,0.5,
2.5,1.5,0.6,
2.5,1.5,0.7,
2.5,1.5,0.8,
2.5,1.5,0.9,
2.5,1.5,1,
2.5,1.5,1.1,
2.5,1.5,1.2,
2.5,1.5,1.3,
2.5,1.5,1.4,
2.5,1.5,1.5,
2.5,1.5,1.6,
2.5,1.5,1.7,
2.5,1.5,1.8,
2.5,1.5,1.9,
2.5,1.5,2,
2.5,1.5,2.1,
2.5,1.5,2.2,
2.5,1.5,2.3,1.15418472
2.5,1.5,2.4,
2.5,1.5,2.5,
2.5,1.5,2.6,
2.5,1.5,2.7,
2.5,1.5,2.8,
2.5,1.5,2.9,
2.5,1.5,3,
2.5,1.5,3.1,
2.5,1.5,3.2,
2.5,1.5,3.3,
2.5,1.5,3.4,
2.5,1.5,3.5,
2.5,1.5,3.6,
2.6,1.5,0,
2.6,1.5,0.1,
2.6,1.5,0.2,
2.6,1.5,0.3,
2.6,1.5,0.4,
2.6,1.5,0.5,
2.6,1.5,0.6,
2.6,1.5,0.7,
2.6,1.5,0.8,1.134091595
2.6,1.5,0.9,
2.6,1.5,1,
2.6,1.5,1.1,
2.6,1.5,1.2,
2.6,1.5,1.3,
2.6,1.5,1.4,
2.6,1.5,1.5,
2.6,1.5,1.6,
2.6,1.5,1.7,
2.6,1.5,1.8,
2.6,1.5,1.9,
2.6,1.5,2,
2.6,1.5,2.1,
2.6,1.5,2.2,
2.6,1.5,2.3,
2.6,1.5,2.4,
2.6,1.5,2.5,
2.6,1.5,2.6,
2.6,1.5,2.7,
2.6,1.5,2.8,
2.6,1.5,2.9,
2.6,1.5,3,
2.6,1.5,3.1,
2.6,1.5,3.2,
2.6,1.5,3.3,
2.6,1.5,3.4,
2.6,1.5,3.5,
2.6,1.5,3.6,
2.7,1.5,0,
2.7,1.5,0.1,
2.7,1.5,0.2,
2.7,1.5,0.3,
2.7,1.5,0.4,
2.7,1.5,0.5,
2.7,1.5,0.6,
2.7,1.5,0.7,
2.7,1.5,0.8,
2.7,1.5,0.9,
2.7,1.5,1,
2.7,1.5,1.1,
2.7,1.5,1.2,
2.7,1.5,1.3,
2.7,1.5,1.4,
2.7,1.5,1.5,
2.7,1.5,1.6,
2.7,1.5,1.7,
2.7,1.5,1.8,
2.7,1.5,1.9,
2.7,1.5,2,
2.7,1.5,2.1,
2.7,1.5,2.2,
2.7,1.5,2.3,
2.7,1.5,2.4,
2.7,1.5,2.5,
2.7,1.5,2.6,1.158100379
2.7,1.5,2.7,
2.7,1.5,2.8,
2.7,1.5,2.9,
2.7,1.5,3,
2.7,1.5,3.1,
2.7,1.5,3.2,
2.7,1.5,3.3,
2.7,1.5,3.4,
2.7,1.5,3.5,
2.7,1.5,3.6,
2.8,1.5,0,
2.8,1.5,0.1,
2.8,1.5,0.2,
2.8,1.5,0.3,
2.8,1.5,0.4,
2.8,1.5,0.5,
2.8,1.5,0.6,
2.8,1.5,0.7,
2.8,1.5,0.8,
2.8,1.5,0.9,
2.8,1.5,1,
2.8,1.5,1.1,
2.8,1.5,1.2,
2.8,1.5,1.3,
2.8,1.5,1.4,
2.8,1.5,1.5,
2.8,1.5,1.6,
2.8,1.5,1.7,
2.8,1.5,1.8,
2.8,1.5,1.9,
2.8,1.5,2,
2.8,1.5,2.1,
2.8,1.5,2.2,
2.8,1.5,2.3,
2.8,1.5,2.4,
2.8,1.5,2.5,
2.8,1.5,2.6,
2.8,1.5,2.7,1.166487179
2.8,1.5,2.8,
2.8,1.5,2.9,
2.8,1.5,3,
2.8,1.5,3.1,
2.8,1.5,3.2,
2.8,1.5,3.3,1.070614367
2.8,1.5,3.4,
2.8,1.5,3.5,
2.8,1.5,3.6,
2.9,1.5,0,
2.9,1.5,0.1,
2.9,1.5,0.2,
2.9,1.5,0.3,
2.9,1.5,0.4,
2.9,1.5,0.5,
2.9,1.5,0.6,
2.9,1.5,0.7,
2.9,1.5,0.8,
2.9,1.5,0.9,
2.9,1.5,1,
2.9,1.5,1.1,
2.9,1.5,1.2,
2.9,1.5,1.3,
2.9,1.5,1.4,
2.9,1.5,1.5,
2.9,1.5,1.6,
2.9,1.5,1.7,
2.9,1.5,1.8,
2.9,1.5,1.9,
2.9,1.5,2,
2.9,1.5,2.1,
2.9,1.5,2.2,
2.9,1.5,2.3,
2.9,1.5,2.4,
2.9,1.5,2.5,
2.9,1.5,2.6,
2.9,1.5,2.7,
2.9,1.5,2.8,
2.9,1.5,2.9,1.133366684
2.9,1.5,3,
2.9,1.5,3.1,
2.9,1.5,3.2,
2.9,1.5,3.3,
2.9,1.5,3.4,
2.9,1.5,3.5,
2.9,1.5,3.6,
3,1.5,0,
3,1.5,0.1,
3,1.5,0.2,
3,1.5,0.3,
3,1.5,0.4,
3,1.5,0.5,1.107709366
3,1.5,0.6,
3,1.5,0.7,
3,1.5,0.8,
3,1.5,0.9,
3,1.5,1,
3,1.5,1.1,
3,1.5,1.2,
3,1.5,1.3,
3,1.5,1.4,
3,1.5,1.5,
3,1.5,1.6,
3,1.5,1.7,
3,1.5,1.8,
3,1.5,1.9,
3,1.5,2,
3,1.5,2.1,
3,1.5,2.2,
3,1.5,2.3,
3,1.5,2.4,1.286049529
3,1.5,2.5,
3,1.5,2.6,
3,1.5,2.7,1.179320102
3,1.5,2.8,
3,1.5,2.9,
3,1.5,3,
3,1.5,3.1,
3,1.5,3.2,
3,1.5,3.3,
3,1.5,3.4,
3,1.5,3.5,
3,1.5,3.6,
3.1,1.5,0,
3.1,1.5,0.1,
3.1,1.5,0.2,
3.1,1.5,0.3,
3.1,1.5,0.4,
3.1,1.5,0.5,
3.1,1.5,0.6,
3.1,1.5,0.7,
3.1,1.5,0.8,
3.1,1.5,0.9,
3.1,1.5,1,
3.1,1.5,1.1,
3.1,1.5,1.2,
3.1,1.5,1.3,
3.1,1.5,1.4,
3.1,1.5,1.5,
3.1,1.5,1.6,
3.1,1.5,1.7,
3.1,1.5,1.8,
3.1,1.5,1.9,
3.1,1.5,2,
3.1,1.5,2.1,
3.1,1.5,2.2,
3.1,1.5,2.3,
3.1,1.5,2.4,
3.1,1.5,2.5,
3.1,1.5,2.6,
3.1,1.5,2.7,
3.1,1.5,2.8,
3.1,1.5,2.9,
3.1,1.5,3,
3.1,1.5,3.1,
3.1,1.5,3.2,
3.1,1.5,3.3,
3.1,1.5,3.4,
3.1,1.5,3.5,
3.1,1.5,3.6,
3.2,1.5,0,
3.2,1.5,0.1,
3.2,1.5,0.2,
3.2,1.5,0.3,
3.2,1.5,0.4,
3.2,1.5,0.5,
3.2,1.5,0.6,
3.2,1.5,0.7,
3.2,1.5,0.8,
3.2,1.5,0.9,
3.2,1.5,1,1.130986984
3.2,1.5,1.1,
3.2,1.5,1.2,
3.2,1.5,1.3,
3.2,1.5,1.4,
3.2,1.5,1.5,1.05944476
3.2,1.5,1.6,
3.2,1.5,1.7,
3.2,1.5,1.8,
3.2,1.5,1.9,
3.2,1.5,2,
3.2,1.5,2.1,
3.2,1.5,2.2,
3.2,1.5,2.3,
3.2,1.5,2.4,
3.2,1.5,2.5,1.108874342
3.2,1.5,2.6,
3.2,1.5,2.7,
3.2,1.5,2.8,
3.2,1.5,2.9,
3.2,1.5,3,
3.2,1.5,3.1,
3.2,1.5,3.2,
3.2,1.5,3.3,
3.2,1.5,3.4,
3.2,1.5,3.5,
3.2,1.5,3.6,
3.3,1.5,0,
3.3,1.5,0.1,
3.3,1.5,0.2,
3.3,1.5,0.3,
3.3,1.5,0.4,
3.3,1.5,0.5,
3.3,1.5,0.6,
3.3,1.5,0.7,1.180900409
3.3,1.5,0.8,
3.3,1.5,0.9,
3.3,1.5,1,
3.3,1.5,1.1,
3.3,1.5,1.2,
3.3,1.5,1.3,
3.3,1.5,1.4,
3.3,1.5,1.5,
3.3,1.5,1.6,1.054617987
3.3,1.5,1.7,
3.3,1.5,1.8,
3.3,1.5,1.9,
3.3,1.5,2,
3.3,1.5,2.1,
3.3,1.5,2.2,
3.3,1.5,2.3,
3.3,1.5,2.4,
3.3,1.5,2.5,
3.3,1.5,2.6,
3.3,1.5,2.7,
3.3,1.5,2.8,
3.3,1.5,2.9,
3.3,1.5,3,
3.3,1.5,3.1,
3.3,1.5,3.2,
3.3,1.5,3.3,
3.3,1.5,3.4,
3.3,1.5,3.5,
3.3,1.5,3.6,
3.4,1.5,0,
3.4,1.5,0.1,
3.4,1.5,0.2,
3.4,1.5,0.3,
3.4,1.5,0.4,
3.4,1.5,0.5,
3.4,1.5,0.6,
3.4,1.5,0.7,
3.4,1.5,0.8,
3.4,1.5,0.9,1.154014721
3.4,1.5,1,
3.4,1.5,1.1,1.112465923
3.4,1.5,1.2,
3.4,1.5,1.3,
3.4,1.5,1.4,
3.4,1.5,1.5,
3.4,1.5,1.6,
3.4,1.5,1.7,
3.4,1.5,1.8,
3.4,1.5,1.9,
3.4,1.5,2,
3.4,1.5,2.1,
3.4,1.5,2.2,
3.4,1.5,2.3,
3.4,1.5,2.4,
3.4,1.5,2.5,
3.4,1.5,2.6,
3.4,1.5,2.7,
3.4,1.5,2.8,
3.4,1.5,2.9,
3.4,1.5,3,
3.4,1.5,3.1,
3.4,1.5,3.2,
3.4,1.5,3.3,
3.4,1.5,3.4,
3.4,1.5,3.5,
3.4,1.5,3.6,
3.5,1.5,0,
3.5,1.5,0.1,
3.5,1.5,0.2,
3.5,1.5,0.3,
3.5,1.5,0.4,
3.5,1.5,0.5,
3.5,1.5,0.6,
3.5,1.5,0.7,1.219238845
3.5,1.5,0.8,
3.5,1.5,0.9,
3.5,1.5,1,
3.5,1.5,1.1,
3.5,1.5,1.2,
3.5,1.5,1.3,
3.5,1.5,1.4,
3.5,1.5,1.5,
3.5,1.5,1.6,
3.5,1.5,1.7,
3.5,1.5,1.8,
3.5,1.5,1.9,
3.5,1.5,2,
3.5,1.5,2.1,
3.5,1.5,2.2,
3.5,1.5,2.3,
3.5,1.5,2.4,
3.5,1.5,2.5,
3.5,1.5,2.6,
3.5,1.5,2.7,
3.5,1.5,2.8,
3.5,1.5,2.9,
3.5,1.5,3,
3.5,1.5,3.1,
3.5,1.5,3.2,
3.5,1.5,3.3,
3.5,1.5,3.4,
3.5,1.5,3.5,
3.5,1.5,3.6,
3.6,1.5,0,
3.6,1.5,0.1,
3.6,1.5,0.2,
3.6,1.5,0.3,
3.6,1.5,0.4,
3.6,1.5,0.5,
3.6,1.5,0.6,
3.6,1.5,0.7,
3.6,1.5,0.8,1.182335165
3.6,1.5,0.9,
3.6,1.5,1,
3.6,1.5,1.1,
3.6,1.5,1.2,
3.6,1.5,1.3,
3.6,1.5,1.4,
3.6,1.5,1.5,
3.6,1.5,1.6,
3.6,1.5,1.7,
3.6,1.5,1.8,
3.6,1.5,1.9,
3.6,1.5,2,
3.6,1.5,2.1,
3.6,1.5,2.2,
3.6,1.5,2.3,
3.6,1.5,2.4,
3.6,1.5,2.5,
3.6,1.5,2.6,
3.6,1.5,2.7,
3.6,1.5,2.8,
3.6,1.5,2.9,
3.6,1.5,3,
3.6,1.5,3.1,
3.6,1.5,3.2,
3.6,1.5,3.3,
3.6,1.5,3.4,
3.6,1.5,3.5,
3.6,1.5,3.6,
3.7,1.5,0,
3.7,1.5,0.1,
3.7,1.5,0.2,
3.7,1.5,0.3,
3.7,1.5,0.4,
3.7,1.5,0.5,
3.7,1.5,0.6,
3.7,1.5,0.7,
3.7,1.5,0.8,1.286314193
3.7,1.5,0.9,
3.7,1.5,1,
3.7,1.5,1.1,
3.7,1.5,1.2,
3.7,1.5,1.3,
3.7,1.5,1.4,
3.7,1.5,1.5,
3.7,1.5,1.6,
3.7,1.5,1.7,
3.7,1.5,1.8,
3.7,1.5,1.9,1.076474494
3.7,1.5,2,
3.7,1.5,2.1,
3.7,1.5,2.2,
3.7,1.5,2.3,
3.7,1.5,2.4,
3.7,1.5,2.5,
3.7,1.5,2.6,
3.7,1.5,2.7,1.165235782
3.7,1.5,2.8,
3.7,1.5,2.9,
3.7,1.5,3,
3.7,1.5,3.1,
3.7,1.5,3.2,
3.7,1.5,3.3,
3.7,1.5,3.4,
3.7,1.5,3.5,
3.7,1.5,3.6,
3.8,1.5,0,
3.8,1.5,0.1,
3.8,1.5,0.2,1.055738615
3.8,1.5,0.3,
3.8,1.5,0.4,
3.8,1.5,0.5,
3.8,1.5,0.6,
3.8,1.5,0.7,1.292010291
3.8,1.5,0.8,1.313821598
3.8,1.5,0.9,
3.8,1.5,1,
3.8,1.5,1.1,
3.8,1.5,1.2,
3.8,1.5,1.3,
3.8,1.5,1.4,
3.8,1.5,1.5,
3.8,1.5,1.6,
3.8,1.5,1.7,
3.8,1.5,1.8,
3.8,1.5,1.9,
3.8,1.5,2,
3.8,1.5,2.1,
3.8,1.5,2.2,
3.8,1.5,2.3,
3.8,1.5,2.4,
3.8,1.5,2.5,
3.8,1.5,2.6,
3.8,1.5,2.7,
3.8,1.5,2.8,
3.8,1.5,2.9,
3.8,1.5,3,1.100874446
3.8,1.5,3.1,
3.8,1.5,3.2,
3.8,1.5,3.3,
3.8,1.5,3.4,
3.8,1.5,3.5,
3.8,1.5,3.6,
3.9,1.5,0,
3.9,1.5,0.1,
3.9,1.5,0.2,
3.9,1.5,0.3,
3.9,1.5,0.4,
3.9,1.5,0.5,
3.9,1.5,0.6,
3.9,1.5,0.7,
3.9,1.5,0.8,
3.9,1.5,0.9,
3.9,1.5,1,
3.9,1.5,1.1,
3.9,1.5,1.2,
3.9,1.5,1.3,
3.9,1.5,1.4,
3.9,1.5,1.5,
3.9,1.5,1.6,
3.9,1.5,1.7,
3.9,1.5,1.8,
3.9,1.5,1.9,
3.9,1.5,2,
3.9,1.5,2.1,
3.9,1.5,2.2,
3.9,1.5,2.3,
3.9,1.5,2.4,
3.9,1.5,2.5,
3.9,1.5,2.6,
3.9,1.5,2.7,
3.9,1.5,2.8,
3.9,1.5,2.9,
3.9,1.5,3,
3.9,1.5,3.1,
3.9,1.5,3.2,
3.9,1.5,3.3,
3.9,1.5,3.4,
3.9,1.5,3.5,
3.9,1.5,3.6,
4,1.5,0,
4,1.5,0.1,
4,1.5,0.2,
4,1.5,0.3,
4,1.5,0.4,
4,1.5,0.5,
4,1.5,0.6,1.094836076
4,1.5,0.7,1.112065942
4,1.5,0.8,
4,1.5,0.9,1.154009604
4,1.5,1,
4,1.5,1.1,
4,1.5,1.2,
4,1.5,1.3,
4,1.5,1.4,
4,1.5,1.5,
4,1.5,1.6,
4,1.5,1.7,
4,1.5,1.8,
4,1.5,1.9,
4,1.5,2,
4,1.5,2.1,
4,1.5,2.2,1.113573474
4,1.5,2.3,
4,1.5,2.4,
4,1.5,2.5,
4,1.5,2.6,
4,1.5,2.7,1.157484347
4,1.5,2.8,
4,1.5,2.9,
4,1.5,3,
4,1.5,3.1,
4,1.5,3.2,
4,1.5,3.3,
4,1.5,3.4,
4,1.5,3.5,
4,1.5,3.6,1.046446387
4.1,1.5,0,
4.1,1.5,0.1,
4.1,1.5,0.2,
4.1,1.5,0.3,
4.1,1.5,0.4,
4.1,1.5,0.5,
4.1,1.5,0.6,
4.1,1.5,0.7,1.112102898
4.1,1.5,0.8,
4.1,1.5,0.9,
4.1,1.5,1,
4.1,1.5,1.1,
4.1,1.5,1.2,
4.1,1.5,1.3,
4.1,1.5,1.4,
4.1,1.5,1.5,
4.1,1.5,1.6,
4.1,1.5,1.7,
4.1,1.5,1.8,
4.1,1.5,1.9,
4.1,1.5,2,
4.1,1.5,2.1,
4.1,1.5,2.2,
4.1,1.5,2.3,
4.1,1.5,2.4,
4.1,1.5,2.5,
4.1,1.5,2.6,
4.1,1.5,2.7,
4.1,1.5,2.8,
4.1,1.5,2.9,1.114845338
4.1,1.5,3,
4.1,1.5,3.1,
4.1,1.5,3.2,
4.1,1.5,3.3,
4.1,1.5,3.4,
4.1,1.5,3.5,
4.1,1.5,3.6,
4.2,1.5,0,
4.2,1.5,0.1,
4.2,1.5,0.2,
4.2,1.5,0.3,1.060116227
4.2,1.5,0.4,
4.2,1.5,0.5,
4.2,1.5,0.6,
4.2,1.5,0.7,
4.2,1.5,0.8,1.132858962
4.2,1.5,0.9,
4.2,1.5,1,
4.2,1.5,1.1,
4.2,1.5,1.2,
4.2,1.5,1.3,
4.2,1.5,1.4,
4.2,1.5,1.5,1.111597166
4.2,1.5,1.6,
4.2,1.5,1.7,
4.2,1.5,1.8,
4.2,1.5,1.9,
4.2,1.5,2,
4.2,1.5,2.1,
4.2,1.5,2.2,
4.2,1.5,2.3,
4.2,1.5,2.4,
4.2,1.5,2.5,1.142995783
4.2,1.5,2.6,
4.2,1.5,2.7,
4.2,1.5,2.8,
4.2,1.5,2.9,
4.2,1.5,3,
4.2,1.5,3.1,
4.2,1.5,3.2,
4.2,1.5,3.3,
4.2,1.5,3.4,
4.2,1.5,3.5,
4.2,1.5,3.6,
4.3,1.5,0,
4.3,1.5,0.1,
4.3,1.5,0.2,
4.3,1.5,0.3,
4.3,1.5,0.4,
4.3,1.5,0.5,
4.3,1.5,0.6,
4.3,1.5,0.7,
4.3,1.5,0.8,
4.3,1.5,0.9,
4.3,1.5,1,1.154440856
4.3,1.5,1.1,
4.3,1.5,1.2,
4.3,1.5,1.3,
4.3,1.5,1.4,
4.3,1.5,1.5,
4.3,1.5,1.6,
4.3,1.5,1.7,
4.3,1.5,1.8,
4.3,1.5,1.9,
4.3,1.5,2,
4.3,1.5,2.1,
4.3,1.5,2.2,
4.3,1.5,2.3,
4.3,1.5,2.4,
4.3,1.5,2.5,
4.3,1.5,2.6,
4.3,1.5,2.7,
4.3,1.5,2.8,
4.3,1.5,2.9,
4.3,1.5,3,
4.3,1.5,3.1,
4.3,1.5,3.2,
4.3,1.5,3.3,
4.3,1.5,3.4,
4.3,1.5,3.5,
4.3,1.5,3.6,
4.4,1.5,0,1.183670992
4.4,1.5,0.1,
4.4,1.5,0.2,
4.4,1.5,0.3,
4.4,1.5,0.4,
4.4,1.5,0.5,
4.4,1.5,0.6,
4.4,1.5,0.7,1.261701885
4.4,1.5,0.8,1.14517336
4.4,1.5,0.9,
4.4,1.5,1,
4.4,1.5,1.1,
4.4,1.5,1.2,1.109111999
4.4,1.5,1.3,
4.4,1.5,1.4,
4.4,1.5,1.5,
4.4,1.5,1.6,
4.4,1.5,1.7,
4.4,1.5,1.8,
4.4,1.5,1.9,
4.4,1.5,2,
4.4,1.5,2.1,
4.4,1.5,2.2,
4.4,1.5,2.3,
4.4,1.5,2.4,
4.4,1.5,2.5,
4.4,1.5,2.6,
4.4,1.5,2.7,
4.4,1.5,2.8,
4.4,1.5,2.9,
4.4,1.5,3,1.244874841
4.4,1.5,3.1,
4.4,1.5,3.2,
4.4,1.5,3.3,
4.4,1.5,3.4,
4.4,1.5,3.5,
4.4,1.5,3.6,
4.5,1.5,0,
4.5,1.5,0.1,1.163729672
4.5,1.5,0.2,
4.5,1.5,0.3,
4.5,1.5,0.4,
4.5,1.5,0.5,
4.5,1.5,0.6,
4.5,1.5,0.7,
4.5,1.5,0.8,
4.5,1.5,0.9,
4.5,1.5,1,
4.5,1.5,1.1,
4.5,1.5,1.2,
4.5,1.5,1.3,
4.5,1.5,1.4,
4.5,1.5,1.5,
4.5,1.5,1.6,
4.5,1.5,1.7,
4.5,1.5,1.8,
4.5,1.5,1.9,
4.5,1.5,2,
4.5,1.5,2.1,
4.5,1.5,2.2,
4.5,1.5,2.3,
4.5,1.5,2.4,
4.5,1.5,2.5,
4.5,1.5,2.6,
4.5,1.5,2.7,
4.5,1.5,2.8,
4.5,1.5,2.9,
4.5,1.5,3,
4.5,1.5,3.1,
4.5,1.5,3.2,
4.5,1.5,3.3,
4.5,1.5,3.4,
4.5,1.5,3.5,
4.5,1.5,3.6,
4.6,1.5,0,
4.6,1.5,0.1,
4.6,1.5,0.2,
4.6,1.5,0.3,
4.6,1.5,0.4,
4.6,1.5,0.5,
4.6,1.5,0.6,
4.6,1.5,0.7,1.215571361
4.6,1.5,0.8,1.180353172
4.6,1.5,0.9,
4.6,1.5,1,
4.6,1.5,1.1,
4.6,1.5,1.2,
4.6,1.5,1.3,
4.6,1.5,1.4,
4.6,1.5,1.5,
4.6,1.5,1.6,
4.6,1.5,1.7,
4.6,1.5,1.8,
4.6,1.5,1.9,
4.6,1.5,2,
4.6,1.5,2.1,
4.6,1.5,2.2,
4.6,1.5,2.3,
4.6,1.5,2.4,1.095626371
4.6,1.5,2.5,
4.6,1.5,2.6,
4.6,1.5,2.7,
4.6,1.5,2.8,
4.6,1.5,2.9,
4.6,1.5,3,
4.6,1.5,3.1,
4.6,1.5,3.2,
4.6,1.5,3.3,
4.6,1.5,3.4,
4.6,1.5,3.5,
4.6,1.5,3.6,
4.7,1.5,0,1.123897066
4.7,1.5,0.1,1.125452641
4.7,1.5,0.2,
4.7,1.5,0.3,
4.7,1.5,0.4,
4.7,1.5,0.5,
4.7,1.5,0.6,
4.7,1.5,0.7,
4.7,1.5,0.8,
4.7,1.5,0.9,1.153661647
4.7,1.5,1,
4.7,1.5,1.1,
4.7,1.5,1.2,
4.7,1.5,1.3,
4.7,1.5,1.4,
4.7,1.5,1.5,
4.7,1.5,1.6,
4.7,1.5,1.7,
4.7,1.5,1.8,
4.7,1.5,1.9,
4.7,1.5,2,
4.7,1.5,2.1,
4.7,1.5,2.2,
4.7,1.5,2.3,
4.7,1.5,2.4,
4.7,1.5,2.5,
4.7,1.5,2.6,
4.7,1.5,2.7,
4.7,1.5,2.8,1.214386202
4.7,1.5,2.9,
4.7,1.5,3,1.180271299
4.7,1.5,3.1,1.164004286
4.7,1.5,3.2,
4.7,1.5,3.3,
4.7,1.5,3.4,
4.7,1.5,3.5,
4.7,1.5,3.6,1.123931464
4.8,1.5,0,
4.8,1.5,0.1,
4.8,1.5,0.2,
4.8,1.5,0.3,
4.8,1.5,0.4,
4.8,1.5,0.5,
4.8,1.5,0.6,
4.8,1.5,0.7,
4.8,1.5,0.8,
4.8,1.5,0.9,
4.8,1.5,1,
4.8,1.5,1.1,
4.8,1.5,1.2,
4.8,1.5,1.3,
4.8,1.5,1.4,
4.8,1.5,1.5,
4.8,1.5,1.6,
4.8,1.5,1.7,
4.8,1.5,1.8,
4.8,1.5,1.9,
4.8,1.5,2,
4.8,1.5,2.1,
4.8,1.5,2.2,
4.8,1.5,2.3,
4.8,1.5,2.4,
4.8,1.5,2.5,
4.8,1.5,2.6,
4.8,1.5,2.7,
4.8,1.5,2.8,
4.8,1.5,2.9,
4.8,1.5,3,
4.8,1.5,3.1,1.146891258
4.8,1.5,3.2,
4.8,1.5,3.3,
4.8,1.5,3.4,
4.8,1.5,3.5,
4.8,1.5,3.6,
4.9,1.5,0,
4.9,1.5,0.1,1.094880707
4.9,1.5,0.2,
4.9,1.5,0.3,
4.9,1.5,0.4,
4.9,1.5,0.5,
4.9,1.5,0.6,
4.9,1.5,0.7,
4.9,1.5,0.8,1.181090023
4.9,1.5,0.9,
4.9,1.5,1,1.131226347
4.9,1.5,1.1,
4.9,1.5,1.2,
4.9,1.5,1.3,
4.9,1.5,1.4,
4.9,1.5,1.5,
4.9,1.5,1.6,
4.9,1.5,1.7,
4.9,1.5,1.8,
4.9,1.5,1.9,
4.9,1.5,2,1.051617706
4.9,1.5,2.1,
4.9,1.5,2.2,
4.9,1.5,2.3,
4.9,1.5,2.4,
4.9,1.5,2.5,
4.9,1.5,2.6,
4.9,1.5,2.7,
4.9,1.5,2.8,
4.9,1.5,2.9,
4.9,1.5,3,
4.9,1.5,3.1,
4.9,1.5,3.2,
4.9,1.5,3.3,
4.9,1.5,3.4,
4.9,1.5,3.5,
4.9,1.5,3.6,
5,1.5,0,
5,1.5,0.1,
5,1.5,0.2,
5,1.5,0.3,
5,1.5,0.4,
5,1.5,0.5,
5,1.5,0.6,
5,1.5,0.7,
5,1.5,0.8,
5,1.5,0.9,
5,1.5,1,
5,1.5,1.1,
5,1.5,1.2,
5,1.5,1.3,
5,1.5,1.4,
5,1.5,1.5,
5,1.5,1.6,1.0523122
5,1.5,1.7,
5,1.5,1.8,
5,1.5,1.9,
5,1.5,2,
5,1.5,2.1,
5,1.5,2.2,
5,1.5,2.3,
5,1.5,2.4,
5,1.5,2.5,
5,1.5,2.6,
5,1.5,2.7,
5,1.5,2.8,
5,1.5,2.9,
5,1.5,3,
5,1.5,3.1,
5,1.5,3.2,
5,1.5,3.3,
5,1.5,3.4,
5,1.5,3.5,
5,1.5,3.6,
5.1,1.5,0,
5.1,1.5,0.1,
5.1,1.5,0.2,
5.1,1.5,0.3,
5.1,1.5,0.4,
5.1,1.5,0.5,
5.1,1.5,0.6,
5.1,1.5,0.7,
5.1,1.5,0.8,
5.1,1.5,0.9,
5.1,1.5,1,
5.1,1.5,1.1,1.118739392
5.1,1.5,1.2,
5.1,1.5,1.3,
5.1,1.5,1.4,
5.1,1.5,1.5,
5.1,1.5,1.6,
5.1,1.5,1.7,
5.1,1.5,1.8,
5.1,1.5,1.9,
5.1,1.5,2,
5.1,1.5,2.1,
5.1,1.5,2.2,
5.1,1.5,2.3,1.262972043
5.1,1.5,2.4,
5.1,1.5,2.5,
5.1,1.5,2.6,
5.1,1.5,2.7,
5.1,1.5,2.8,
5.1,1.5,2.9,
5.1,1.5,3,
5.1,1.5,3.1,
5.1,1.5,3.2,
5.1,1.5,3.3,
5.1,1.5,3.4,1.077398401
5.1,1.5,3.5,
5.1,1.5,3.6,
5.2,1.5,0,
5.2,1.5,0.1,
5.2,1.5,0.2,
5.2,1.5,0.3,
5.2,1.5,0.4,
5.2,1.5,0.5,
5.2,1.5,0.6,
5.2,1.5,0.7,
5.2,1.5,0.8,
5.2,1.5,0.9,
5.2,1.5,1,
5.2,1.5,1.1,
5.2,1.5,1.2,
5.2,1.5,1.3,
5.2,1.5,1.4,
5.2,1.5,1.5,
5.2,1.5,1.6,1.203247582
5.2,1.5,1.7,
5.2,1.5,1.8,
5.2,1.5,1.9,
5.2,1.5,2,
5.2,1.5,2.1,
5.2,1.5,2.2,
5.2,1.5,2.3,
5.2,1.5,2.4,1.254480061
5.2,1.5,2.5,1.12246828
5.2,1.5,2.6,
5.2,1.5,2.7,
5.2,1.5,2.8,1.151402482
5.2,1.5,2.9,
5.2,1.5,3,
5.2,1.5,3.1,
5.2,1.5,3.2,
5.2,1.5,3.3,
5.2,1.5,3.4,
5.2,1.5,3.5,
5.2,1.5,3.6,
5.3,1.5,0,
5.3,1.5,0.1,
5.3,1.5,0.2,
5.3,1.5,0.3,
5.3,1.5,0.4,
5.3,1.5,0.5,
5.3,1.5,0.6,
5.3,1.5,0.7,1.12225109
5.3,1.5,0.8,
5.3,1.5,0.9,
5.3,1.5,1,1.152505484
5.3,1.5,1.1,
5.3,1.5,1.2,1.232139142
5.3,1.5,1.3,
5.3,1.5,1.4,
5.3,1.5,1.5,
5.3,1.5,1.6,
5.3,1.5,1.7,
5.3,1.5,1.8,
5.3,1.5,1.9,
5.3,1.5,2,
5.3,1.5,2.1,
5.3,1.5,2.2,
5.3,1.5,2.3,1.212404209
5.3,1.5,2.4,
5.3,1.5,2.5,
5.3,1.5,2.6,
5.3,1.5,2.7,
5.3,1.5,2.8,
5.3,1.5,2.9,
5.3,1.5,3,
5.3,1.5,3.1,
5.3,1.5,3.2,
5.3,1.5,3.3,
5.3,1.5,3.4,
5.3,1.5,3.5,
5.3,1.5,3.6,
5.4,1.5,0,
5.4,1.5,0.1,
5.4,1.5,0.2,
5.4,1.5,0.3,
5.4,1.5,0.4,
5.4,1.5,0.5,
5.4,1.5,0.6,
5.4,1.5,0.7,
5.4,1.5,0.8,
5.4,1.5,0.9,
5.4,1.5,1,
5.4,1.5,1.1,
5.4,1.5,1.2,
5.4,1.5,1.3,
5.4,1.5,1.4,
5.4,1.5,1.5,
5.4,1.5,1.6,
5.4,1.5,1.7,
5.4,1.5,1.8,
5.4,1.5,1.9,
5.4,1.5,2,
5.4,1.5,2.1,1.165047021
5.4,1.5,2.2,
5.4,1.5,2.3,
5.4,1.5,2.4,
5.4,1.5,2.5,
5.4,1.5,2.6,
5.4,1.5,2.7,
5.4,1.5,2.8,
5.4,1.5,2.9,
5.4,1.5,3,
5.4,1.5,3.1,
5.4,1.5,3.2,1.074588872
5.4,1.5,3.3,
5.4,1.5,3.4,
5.4,1.5,3.5,
5.4,1.5,3.6,
5.5,1.5,0,
5.5,1.5,0.1,
5.5,1.5,0.2,
5.5,1.5,0.3,
5.5,1.5,0.4,
5.5,1.5,0.5,
5.5,1.5,0.6,
5.5,1.5,0.7,
5.5,1.5,0.8,
5.5,1.5,0.9,
5.5,1.5,1,
5.5,1.5,1.1,
5.5,1.5,1.2,
5.5,1.5,1.3,1.171662762
5.5,1.5,1.4,
5.5,1.5,1.5,1.146612096
5.5,1.5,1.6,
5.5,1.5,1.7,
5.5,1.5,1.8,
5.5,1.5,1.9,
5.5,1.5,2,
5.5,1.5,2.1,
5.5,1.5,2.2,
5.5,1.5,2.3,
5.5,1.5,2.4,
5.5,1.5,2.5,
5.5,1.5,2.6,
5.5,1.5,2.7,
5.5,1.5,2.8,
5.5,1.5,2.9,
5.5,1.5,3,
5.5,1.5,3.1,
5.5,1.5,3.2,
5.5,1.5,3.3,
5.5,1.5,3.4,
5.5,1.5,3.5,
5.5,1.5,3.6,1.048027831
5.6,1.5,0,
5.6,1.5,0.1,
5.6,1.5,0.2,
5.6,1.5,0.3,
5.6,1.5,0.4,
5.6,1.5,0.5,
5.6,1.5,0.6,
5.6,1.5,0.7,
5.6,1.5,0.8,
5.6,1.5,0.9,
5.6,1.5,1,1.179406807
5.6,1.5,1.1,
5.6,1.5,1.2,
5.6,1.5,1.3,
5.6,1.5,1.4,
5.6,1.5,1.5,
5.6,1.5,1.6,
5.6,1.5,1.7,
5.6,1.5,1.8,
5.6,1.5,1.9,
5.6,1.5,2,
5.6,1.5,2.1,1.127517928
5.6,1.5,2.2,
5.6,1.5,2.3,
5.6,1.5,2.4,1.166988363
5.6,1.5,2.5,
5.6,1.5,2.6,
5.6,1.5,2.7,
5.6,1.5,2.8,
5.6,1.5,2.9,
5.6,1.5,3,
5.6,1.5,3.1,
5.6,1.5,3.2,
5.6,1.5,3.3,
5.6,1.5,3.4,
5.6,1.5,3.5,
5.6,1.5,3.6,
5.7,1.5,0,
5.7,1.5,0.1,
5.7,1.5,0.2,
5.7,1.5,0.3,
5.7,1.5,0.4,
5.7,1.5,0.5,
5.7,1.5,0.6,
5.7,1.5,0.7,
5.7,1.5,0.8,
5.7,1.5,0.9,
5.7,1.5,1,
5.7,1.5,1.1,
5.7,1.5,1.2,
5.7,1.5,1.3,
5.7,1.5,1.4,
5.7,1.5,1.5,
5.7,1.5,1.6,
5.7,1.5,1.7,
5.7,1.5,1.8,
5.7,1.5,1.9,
5.7,1.5,2,
5.7,1.5,2.1,
5.7,1.5,2.2,
5.7,1.5,2.3,
5.7,1.5,2.4,
5.7,1.5,2.5,
5.7,1.5,2.6,
5.7,1.5,2.7,
5.7,1.5,2.8,
5.7,1.5,2.9,
5.7,1.5,3,
5.7,1.5,3.1,
5.7,1.5,3.2,
5.7,1.5,3.3,
5.7,1.5,3.4,
5.7,1.5,3.5,
5.7,1.5,3.6,
5.8,1.5,0,
5.8,1.5,0.1,
5.8,1.5,0.2,
5.8,1.5,0.3,
5.8,1.5,0.4,
5.8,1.5,0.5,
5.8,1.5,0.6,
5.8,1.5,0.7,
5.8,1.5,0.8,
5.8,1.5,0.9,
5.8,1.5,1,
5.8,1.5,1.1,
5.8,1.5,1.2,
5.8,1.5,1.3,
5.8,1.5,1.4,
5.8,1.5,1.5,
5.8,1.5,1.6,
5.8,1.5,1.7,
5.8,1.5,1.8,
5.8,1.5,1.9,
5.8,1.5,2,
5.8,1.5,2.1,
5.8,1.5,2.2,
5.8,1.5,2.3,
5.8,1.5,2.4,
5.8,1.5,2.5,
5.8,1.5,2.6,1.173352801
5.8,1.5,2.7,
5.8,1.5,2.8,
5.8,1.5,2.9,
5.8,1.5,3,
5.8,1.5,3.1,
5.8,1.5,3.2,
5.8,1.5,3.3,
5.8,1.5,3.4,
5.8,1.5,3.5,
5.8,1.5,3.6,
5.9,1.5,0,1.051641301
5.9,1.5,0.1,
5.9,1.5,0.2,
5.9,1.5,0.3,
5.9,1.5,0.4,
5.9,1.5,0.5,
5.9,1.5,0.6,
5.9,1.5,0.7,
5.9,1.5,0.8,1.138029144
5.9,1.5,0.9,
5.9,1.5,1,
5.9,1.5,1.1,
5.9,1.5,1.2,
5.9,1.5,1.3,
5.9,1.5,1.4,
5.9,1.5,1.5,
5.9,1.5,1.6,
5.9,1.5,1.7,
5.9,1.5,1.8,
5.9,1.5,1.9,
5.9,1.5,2,
5.9,1.5,2.1,
5.9,1.5,2.2,
5.9,1.5,2.3,
5.9,1.5,2.4,
5.9,1.5,2.5,
5.9,1.5,2.6,
5.9,1.5,2.7,
5.9,1.5,2.8,
5.9,1.5,2.9,
5.9,1.5,3,1.10322856
5.9,1.5,3.1,
5.9,1.5,3.2,
5.9,1.5,3.3,
5.9,1.5,3.4,
5.9,1.5,3.5,
5.9,1.5,3.6,
6,1.5,0,
6,1.5,0.1,
6,1.5,0.2,
6,1.5,0.3,
6,1.5,0.4,
6,1.5,0.5,
6,1.5,0.6,
6,1.5,0.7,
6,1.5,0.8,
6,1.5,0.9,
6,1.5,1,
6,1.5,1.1,
6,1.5,1.2,
6,1.5,1.3,
6,1.5,1.4,
6,1.5,1.5,
6,1.5,1.6,
6,1.5,1.7,
6,1.5,1.8,
6,1.5,1.9,
6,1.5,2,
6,1.5,2.1,
6,1.5,2.2,
6,1.5,2.3,
6,1.5,2.4,
6,1.5,2.5,
6,1.5,2.6,
6,1.5,2.7,
6,1.5,2.8,
6,1.5,2.9,
6,1.5,3,
6,1.5,3.1,
6,1.5,3.2,
6,1.5,3.3,
6,1.5,3.4,
6,1.5,3.5,1.058523128
6,1.5,3.6,
6.1,1.5,0,
6.1,1.5,0.1,
6.1,1.5,0.2,
6.1,1.5,0.3,
6.1,1.5,0.4,
6.1,1.5,0.5,
6.1,1.5,0.6,
6.1,1.5,0.7,
6.1,1.5,0.8,
6.1,1.5,0.9,
6.1,1.5,1,
6.1,1.5,1.1,
6.1,1.5,1.2,
6.1,1.5,1.3,
6.1,1.5,1.4,
6.1,1.5,1.5,
6.1,1.5,1.6,
6.1,1.5,1.7,
6.1,1.5,1.8,
6.1,1.5,1.9,
6.1,1.5,2,
6.1,1.5,2.1,
6.1,1.5,2.2,
6.1,1.5,2.3,
6.1,1.5,2.4,
6.1,1.5,2.5,
6.1,1.5,2.6,
6.1,1.5,2.7,
6.1,1.5,2.8,
6.1,1.5,2.9,
6.1,1.5,3,
6.1,1.5,3.1,
6.1,1.5,3.2,
6.1,1.5,3.3,
6.1,1.5,3.4,
6.1,1.5,3.5,
6.1,1.5,3.6,
6.2,1.5,0,
6.2,1.5,0.1,
6.2,1.5,0.2,
6.2,1.5,0.3,
6.2,1.5,0.4,
6.2,1.5,0.5,
6.2,1.5,0.6,
6.2,1.5,0.7,
6.2,1.5,0.8,
6.2,1.5,0.9,
6.2,1.5,1,
6.2,1.5,1.1,
6.2,1.5,1.2,
6.2,1.5,1.3,
6.2,1.5,1.4,
6.2,1.5,1.5,
6.2,1.5,1.6,
6.2,1.5,1.7,
6.2,1.5,1.8,
6.2,1.5,1.9,
6.2,1.5,2,
6.2,1.5,2.1,
6.2,1.5,2.2,
6.2,1.5,2.3,
6.2,1.5,2.4,1.100786604
6.2,1.5,2.5,
6.2,1.5,2.6,
6.2,1.5,2.7,
6.2,1.5,2.8,
6.2,1.5,2.9,
6.2,1.5,3,
6.2,1.5,3.1,
6.2,1.5,3.2,
6.2,1.5,3.3,
6.2,1.5,3.4,
6.2,1.5,3.5,
6.2,1.5,3.6,
6.3,1.5,0,
6.3,1.5,0.1,
6.3,1.5,0.2,
6.3,1.5,0.3,
6.3,1.5,0.4,
6.3,1.5,0.5,
6.3,1.5,0.6,
6.3,1.5,0.7,
6.3,1.5,0.8,
6.3,1.5,0.9,
6.3,1.5,1,
6.3,1.5,1.1,
6.3,1.5,1.2,
6.3,1.5,1.3,
6.3,1.5,1.4,
6.3,1.5,1.5,
6.3,1.5,1.6,
6.3,1.5,1.7,
6.3,1.5,1.8,
6.3,1.5,1.9,
6.3,1.5,2,
6.3,1.5,2.1,
6.3,1.5,2.2,
6.3,1.5,2.3,
6.3,1.5,2.4,
6.3,1.5,2.5,
6.3,1.5,2.6,
6.3,1.5,2.7,
6.3,1.5,2.8,
6.3,1.5,2.9,
6.3,1.5,3,
6.3,1.5,3.1,
6.3,1.5,3.2,
6.3,1.5,3.3,
6.3,1.5,3.4,
6.3,1.5,3.5,
6.3,1.5,3.6,
6.4,1.5,0,
6.4,1.5,0.1,
6.4,1.5,0.2,
6.4,1.5,0.3,
6.4,1.5,0.4,1.119531962
6.4,1.5,0.5,
6.4,1.5,0.6,
6.4,1.5,0.7,
6.4,1.5,0.8,
6.4,1.5,0.9,
6.4,1.5,1,
6.4,1.5,1.1,
6.4,1.5,1.2,
6.4,1.5,1.3,
6.4,1.5,1.4,
6.4,1.5,1.5,
6.4,1.5,1.6,
6.4,1.5,1.7,
6.4,1.5,1.8,
6.4,1.5,1.9,
6.4,1.5,2,
6.4,1.5,2.1,
6.4,1.5,2.2,
6.4,1.5,2.3,
6.4,1.5,2.4,
6.4,1.5,2.5,
6.4,1.5,2.6,
6.4,1.5,2.7,
6.4,1.5,2.8,
6.4,1.5,2.9,
6.4,1.5,3,
6.4,1.5,3.1,1.134784668
6.4,1.5,3.2,
6.4,1.5,3.3,
6.4,1.5,3.4,
6.4,1.5,3.5,
6.4,1.5,3.6,
6.5,1.5,0,
6.5,1.5,0.1,
6.5,1.5,0.2,
6.5,1.5,0.3,
6.5,1.5,0.4,
6.5,1.5,0.5,
6.5,1.5,0.6,
6.5,1.5,0.7,
6.5,1.5,0.8,
6.5,1.5,0.9,
6.5,1.5,1,
6.5,1.5,1.1,
6.5,1.5,1.2,
6.5,1.5,1.3,
6.5,1.5,1.4,
6.5,1.5,1.5,
6.5,1.5,1.6,
6.5,1.5,1.7,
6.5,1.5,1.8,
6.5,1.5,1.9,
6.5,1.5,2,
6.5,1.5,2.1,
6.5,1.5,2.2,
6.5,1.5,2.3,
6.5,1.5,2.4,
6.5,1.5,2.5,
6.5,1.5,2.6,
6.5,1.5,2.7,
6.5,1.5,2.8,
6.5,1.5,2.9,
6.5,1.5,3,
6.5,1.5,3.1,
6.5,1.5,3.2,
6.5,1.5,3.3,
6.5,1.5,3.4,
6.5,1.5,3.5,
6.5,1.5,3.6,
6.6,1.5,0,
6.6,1.5,0.1,
6.6,1.5,0.2,
6.6,1.5,0.3,
6.6,1.5,0.4,
6.6,1.5,0.5,
6.6,1.5,0.6,
6.6,1.5,0.7,1.20047444
6.6,1.5,0.8,
6.6,1.5,0.9,1.157062761
6.6,1.5,1,
6.6,1.5,1.1,
6.6,1.5,1.2,
6.6,1.5,1.3,
6.6,1.5,1.4,
6.6,1.5,1.5,
6.6,1.5,1.6,
6.6,1.5,1.7,
6.6,1.5,1.8,
6.6,1.5,1.9,
6.6,1.5,2,
6.6,1.5,2.1,
6.6,1.5,2.2,
6.6,1.5,2.3,
6.6,1.5,2.4,
6.6,1.5,2.5,
6.6,1.5,2.6,
6.6,1.5,2.7,
6.6,1.5,2.8,
6.6,1.5,2.9,
6.6,1.5,3,1.18482886
6.6,1.5,3.1,
6.6,1.5,3.2,
6.6,1.5,3.3,
6.6,1.5,3.4,
6.6,1.5,3.5,
6.6,1.5,3.6,
6.7,1.5,0,
6.7,1.5,0.1,
6.7,1.5,0.2,
6.7,1.5,0.3,
6.7,1.5,0.4,
6.7,1.5,0.5,
6.7,1.5,0.6,
6.7,1.5,0.7,
6.7,1.5,0.8,1.164202997
6.7,1.5,0.9,
6.7,1.5,1,
6.7,1.5,1.1,
6.7,1.5,1.2,
6.7,1.5,1.3,
6.7,1.5,1.4,
6.7,1.5,1.5,
6.7,1.5,1.6,
6.7,1.5,1.7,
6.7,1.5,1.8,
6.7,1.5,1.9,
6.7,1.5,2,
6.7,1.5,2.1,
6.7,1.5,2.2,
6.7,1.5,2.3,
6.7,1.5,2.4,
6.7,1.5,2.5,1.114855572
6.7,1.5,2.6,
6.7,1.5,2.7,
6.7,1.5,2.8,
6.7,1.5,2.9,
6.7,1.5,3,
6.7,1.5,3.1,
6.7,1.5,3.2,
6.7,1.5,3.3,
6.7,1.5,3.4,
6.7,1.5,3.5,
6.7,1.5,3.6,
6.8,1.5,0,
6.8,1.5,0.1,
6.8,1.5,0.2,
6.8,1.5,0.3,
6.8,1.5,0.4,
6.8,1.5,0.5,
6.8,1.5,0.6,
6.8,1.5,0.7,
6.8,1.5,0.8,
6.8,1.5,0.9,
6.8,1.5,1,
6.8,1.5,1.1,
6.8,1.5,1.2,
6.8,1.5,1.3,
6.8,1.5,1.4,
6.8,1.5,1.5,
6.8,1.5,1.6,
6.8,1.5,1.7,
6.8,1.5,1.8,
6.8,1.5,1.9,
6.8,1.5,2,
6.8,1.5,2.1,1.066403058
6.8,1.5,2.2,
6.8,1.5,2.3,
6.8,1.5,2.4,
6.8,1.5,2.5,
6.8,1.5,2.6,
6.8,1.5,2.7,
6.8,1.5,2.8,1.156213051
6.8,1.5,2.9,
6.8,1.5,3,
6.8,1.5,3.1,
6.8,1.5,3.2,
6.8,1.5,3.3,
6.8,1.5,3.4,
6.8,1.5,3.5,
6.8,1.5,3.6,
6.9,1.5,0,
6.9,1.5,0.1,
6.9,1.5,0.2,
6.9,1.5,0.3,
6.9,1.5,0.4,
6.9,1.5,0.5,
6.9,1.5,0.6,
6.9,1.5,0.7,
6.9,1.5,0.8,
6.9,1.5,0.9,
6.9,1.5,1,
6.9,1.5,1.1,
6.9,1.5,1.2,
6.9,1.5,1.3,
6.9,1.5,1.4,1.083787856
6.9,1.5,1.5,
6.9,1.5,1.6,
6.9,1.5,1.7,
6.9,1.5,1.8,
6.9,1.5,1.9,
6.9,1.5,2,
6.9,1.5,2.1,
6.9,1.5,2.2,
6.9,1.5,2.3,
6.9,1.5,2.4,
6.9,1.5,2.5,
6.9,1.5,2.6,
6.9,1.5,2.7,
6.9,1.5,2.8,
6.9,1.5,2.9,
6.9,1.5,3,
6.9,1.5,3.1,
6.9,1.5,3.2,
6.9,1.5,3.3,
6.9,1.5,3.4,
6.9,1.5,3.5,
6.9,1.5,3.6,
7,1.5,0,
7,1.5,0.1,
7,1.5,0.2,
7,1.5,0.3,1.230388267
7,1.5,0.4,1.2425628
7,1.5,0.5,1.257963047
7,1.5,0.6,
7,1.5,0.7,1.118750194
7,1.5,0.8,
7,1.5,0.9,
7,1.5,1,
7,1.5,1.1,1.137269835
7,1.5,1.2,
7,1.5,1.3,
7,1.5,1.4,
7,1.5,1.5,
7,1.5,1.6,
7,1.5,1.7,
7,1.5,1.8,
7,1.5,1.9,
7,1.5,2,
7,1.5,2.1,
7,1.5,2.2,
7,1.5,2.3,
7,1.5,2.4,
7,1.5,2.5,
7,1.5,2.6,
7,1.5,2.7,
7,1.5,2.8,
7,1.5,2.9,
7,1.5,3,
7,1.5,3.1,
7,1.5,3.2,
7,1.5,3.3,
7,1.5,3.4,
7,1.5,3.5,
7,1.5,3.6,
7.1,1.5,0,
7.1,1.5,0.1,
7.1,1.5,0.2,
7.1,1.5,0.3,1.058871085
7.1,1.5,0.4,
7.1,1.5,0.5,1.285010773
7.1,1.5,0.6,
7.1,1.5,0.7,
7.1,1.5,0.8,
7.1,1.5,0.9,
7.1,1.5,1,
7.1,1.5,1.1,
7.1,1.5,1.2,
7.1,1.5,1.3,
7.1,1.5,1.4,
7.1,1.5,1.5,
7.1,1.5,1.6,
7.1,1.5,1.7,
7.1,1.5,1.8,
7.1,1.5,1.9,
7.1,1.5,2,
7.1,1.5,2.1,
7.1,1.5,2.2,
7.1,1.5,2.3,
7.1,1.5,2.4,
7.1,1.5,2.5,
7.1,1.5,2.6,
7.1,1.5,2.7,1.160785395
7.1,1.5,2.8,
7.1,1.5,2.9,
7.1,1.5,3,
7.1,1.5,3.1,
7.1,1.5,3.2,
7.1,1.5,3.3,
7.1,1.5,3.4,
7.1,1.5,3.5,
7.1,1.5,3.6,
7.2,1.5,0,
7.2,1.5,0.1,
7.2,1.5,0.2,
7.2,1.5,0.3,
7.2,1.5,0.4,
7.2,1.5,0.5,
7.2,1.5,0.6,1.363284725
7.2,1.5,0.7,
7.2,1.5,0.8,
7.2,1.5,0.9,
7.2,1.5,1,
7.2,1.5,1.1,
7.2,1.5,1.2,
7.2,1.5,1.3,
7.2,1.5,1.4,
7.2,1.5,1.5,
7.2,1.5,1.6,
7.2,1.5,1.7,
7.2,1.5,1.8,
7.2,1.5,1.9,
7.2,1.5,2,
7.2,1.5,2.1,
7.2,1.5,2.2,
7.2,1.5,2.3,
7.2,1.5,2.4,
7.2,1.5,2.5,
7.2,1.5,2.6,
7.2,1.5,2.7,
7.2,1.5,2.8,
7.2,1.5,2.9,1.113596785
7.2,1.5,3,
7.2,1.5,3.1,
7.2,1.5,3.2,1.069420111
7.2,1.5,3.3,
7.2,1.5,3.4,
7.2,1.5,3.5,
7.2,1.5,3.6,
7.3,1.5,0,
7.3,1.5,0.1,
7.3,1.5,0.2,
7.3,1.5,0.3,
7.3,1.5,0.4,
7.3,1.5,0.5,
7.3,1.5,0.6,1.092987409
7.3,1.5,0.7,
7.3,1.5,0.8,
7.3,1.5,0.9,
7.3,1.5,1,
7.3,1.5,1.1,
7.3,1.5,1.2,
7.3,1.5,1.3,
7.3,1.5,1.4,
7.3,1.5,1.5,
7.3,1.5,1.6,
7.3,1.5,1.7,
7.3,1.5,1.8,
7.3,1.5,1.9,
7.3,1.5,2,
7.3,1.5,2.1,
7.3,1.5,2.2,
7.3,1.5,2.3,1.139997776
7.3,1.5,2.4,
7.3,1.5,2.5,
7.3,1.5,2.6,
7.3,1.5,2.7,
7.3,1.5,2.8,
7.3,1.5,2.9,
7.3,1.5,3,1.095292343
7.3,1.5,3.1,
7.3,1.5,3.2,
7.3,1.5,3.3,
7.3,1.5,3.4,
7.3,1.5,3.5,
7.3,1.5,3.6,
7.4,1.5,0,
7.4,1.5,0.1,
7.4,1.5,0.2,
7.4,1.5,0.3,
7.4,1.5,0.4,
7.4,1.5,0.5,
7.4,1.5,0.6,
7.4,1.5,0.7,
7.4,1.5,0.8,
7.4,1.5,0.9,
7.4,1.5,1,1.210543034
7.4,1.5,1.1,
7.4,1.5,1.2,
7.4,1.5,1.3,
7.4,1.5,1.4,
7.4,1.5,1.5,
7.4,1.5,1.6,
7.4,1.5,1.7,
7.4,1.5,1.8,
7.4,1.5,1.9,
7.4,1.5,2,
7.4,1.5,2.1,
7.4,1.5,2.2,
7.4,1.5,2.3,
7.4,1.5,2.4,
7.4,1.5,2.5,
7.4,1.5,2.6,
7.4,1.5,2.7,
7.4,1.5,2.8,
7.4,1.5,2.9,
7.4,1.5,3,
7.4,1.5,3.1,
7.4,1.5,3.2,
7.4,1.5,3.3,1.064071685
7.4,1.5,3.4,
7.4,1.5,3.5,
7.4,1.5,3.6,
7.5,1.5,0,
7.5,1.5,0.1,
7.5,1.5,0.2,1.061047525
7.5,1.5,0.3,1.067718417
7.5,1.5,0.4,
7.5,1.5,0.5,
7.5,1.5,0.6,
7.5,1.5,0.7,
7.5,1.5,0.8,
7.5,1.5,0.9,
7.5,1.5,1,
7.5,1.5,1.1,
7.5,1.5,1.2,
7.5,1.5,1.3,
7.5,1.5,1.4,
7.5,1.5,1.5,
7.5,1.5,1.6,
7.5,1.5,1.7,
7.5,1.5,1.8,1.137685451
7.5,1.5,1.9,
7.5,1.5,2,
7.5,1.5,2.1,
7.5,1.5,2.2,
7.5,1.5,2.3,
7.5,1.5,2.4,
7.5,1.5,2.5,1.209434346
7.5,1.5,2.6,
7.5,1.5,2.7,
7.5,1.5,2.8,
7.5,1.5,2.9,
7.5,1.5,3,
7.5,1.5,3.1,
7.5,1.5,3.2,
7.5,1.5,3.3,
7.5,1.5,3.4,
7.5,1.5,3.5,
7.5,1.5,3.6,
7.6,1.5,0,
7.6,1.5,0.1,
7.6,1.5,0.2,
7.6,1.5,0.3,
7.6,1.5,0.4,
7.6,1.5,0.5,
7.6,1.5,0.6,
7.6,1.5,0.7,1.116988233
7.6,1.5,0.8,
7.6,1.5,0.9,
7.6,1.5,1,
7.6,1.5,1.1,
7.6,1.5,1.2,
7.6,1.5,1.3,
7.6,1.5,1.4,
7.6,1.5,1.5,
7.6,1.5,1.6,
7.6,1.5,1.7,
7.6,1.5,1.8,
7.6,1.5,1.9,
7.6,1.5,2,
7.6,1.5,2.1,
7.6,1.5,2.2,
7.6,1.5,2.3,
7.6,1.5,2.4,1.2123917
7.6,1.5,2.5,
7.6,1.5,2.6,
7.6,1.5,2.7,
7.6,1.5,2.8,
7.6,1.5,2.9,
7.6,1.5,3,
7.6,1.5,3.1,1.502991085
7.6,1.5,3.2,
7.6,1.5,3.3,
7.6,1.5,3.4,
7.6,1.5,3.5,
7.6,1.5,3.6,
7.7,1.5,0,
7.7,1.5,0.1,
7.7,1.5,0.2,
7.7,1.5,0.3,
7.7,1.5,0.4,
7.7,1.5,0.5,
7.7,1.5,0.6,
7.7,1.5,0.7,
7.7,1.5,0.8,
7.7,1.5,0.9,
7.7,1.5,1,
7.7,1.5,1.1,
7.7,1.5,1.2,
7.7,1.5,1.3,
7.7,1.5,1.4,1.206021008
7.7,1.5,1.5,
7.7,1.5,1.6,
7.7,1.5,1.7,
7.7,1.5,1.8,
7.7,1.5,1.9,
7.7,1.5,2,
7.7,1.5,2.1,
7.7,1.5,2.2,
7.7,1.5,2.3,
7.7,1.5,2.4,
7.7,1.5,2.5,
7.7,1.5,2.6,1.145270583
7.7,1.5,2.7,
7.7,1.5,2.8,
7.7,1.5,2.9,
7.7,1.5,3,
7.7,1.5,3.1,
7.7,1.5,3.2,
7.7,1.5,3.3,
7.7,1.5,3.4,
7.7,1.5,3.5,
7.7,1.5,3.6,
7.8,1.5,0,
7.8,1.5,0.1,
7.8,1.5,0.2,
7.8,1.5,0.3,
7.8,1.5,0.4,
7.8,1.5,0.5,
7.8,1.5,0.6,
7.8,1.5,0.7,
7.8,1.5,0.8,
7.8,1.5,0.9,
7.8,1.5,1,
7.8,1.5,1.1,
7.8,1.5,1.2,
7.8,1.5,1.3,1.08657379
7.8,1.5,1.4,
7.8,1.5,1.5,
7.8,1.5,1.6,
7.8,1.5,1.7,
7.8,1.5,1.8,1.051899711
7.8,1.5,1.9,
7.8,1.5,2,
7.8,1.5,2.1,
7.8,1.5,2.2,
7.8,1.5,2.3,
7.8,1.5,2.4,
7.8,1.5,2.5,
7.8,1.5,2.6,
7.8,1.5,2.7,
7.8,1.5,2.8,
7.8,1.5,2.9,
7.8,1.5,3,1.116470845
7.8,1.5,3.1,1.101442151
7.8,1.5,3.2,
7.8,1.5,3.3,
7.8,1.5,3.4,
7.8,1.5,3.5,
7.8,1.5,3.6,
7.9,1.5,0,
7.9,1.5,0.1,
7.9,1.5,0.2,
7.9,1.5,0.3,
7.9,1.5,0.4,
7.9,1.5,0.5,
7.9,1.5,0.6,
7.9,1.5,0.7,
7.9,1.5,0.8,
7.9,1.5,0.9,
7.9,1.5,1,
7.9,1.5,1.1,
7.9,1.5,1.2,
7.9,1.5,1.3,
7.9,1.5,1.4,
7.9,1.5,1.5,
7.9,1.5,1.6,
7.9,1.5,1.7,
7.9,1.5,1.8,
7.9,1.5,1.9,
7.9,1.5,2,
7.9,1.5,2.1,
7.9,1.5,2.2,
7.9,1.5,2.3,
7.9,1.5,2.4,
7.9,1.5,2.5,
7.9,1.5,2.6,
7.9,1.5,2.7,
7.9,1.5,2.8,
7.9,1.5,2.9,1.144091394
7.9,1.5,3,
7.9,1.5,3.1,
7.9,1.5,3.2,
7.9,1.5,3.3,
7.9,1.5,3.4,
7.9,1.5,3.5,
7.9,1.5,3.6,
8,1.5,0,
8,1.5,0.1,
8,1.5,0.2,
8,1.5,0.3,
8,1.5,0.4,
8,1.5,0.5,
8,1.5,0.6,
8,1.5,0.7,
8,1.5,0.8,
8,1.5,0.9,
8,1.5,1,1.133438038
8,1.5,1.1,
8,1.5,1.2,
8,1.5,1.3,
8,1.5,1.4,
8,1.5,1.5,
8,1.5,1.6,
8,1.5,1.7,
8,1.5,1.8,
8,1.5,1.9,
8,1.5,2,
8,1.5,2.1,
8,1.5,2.2,1.067547849
8,1.5,2.3,
8,1.5,2.4,
8,1.5,2.5,
8,1.5,2.6,
8,1.5,2.7,1.152293696
8,1.5,2.8,
8,1.5,2.9,
8,1.5,3,
8,1.5,3.1,
8,1.5,3.2,
8,1.5,3.3,
8,1.5,3.4,
8,1.5,3.5,
8,1.5,3.6,
