dx,gb,dz,gb_energy
0,1,0,
0,1,0.1,
0,1,0.2,
0,1,0.3,
0,1,0.4,
0,1,0.5,1.059148257
0,1,0.6,
0,1,0.7,
0,1,0.8,1.150920913
0,1,0.9,
0,1,1,
0,1,1.1,
0,1,1.2,
0,1,1.3,
0,1,1.4,
0,1,1.5,
0,1,1.6,
0,1,1.7,
0,1,1.8,
0,1,1.9,
0,1,2,
0,1,2.1,
0,1,2.2,
0,1,2.3,
0,1,2.4,
0,1,2.5,
0,1,2.6,
0,1,2.7,
0,1,2.8,
0,1,2.9,
0,1,3,
0,1,3.1,
0,1,3.2,
0,1,3.3,
0,1,3.4,
0,1,3.5,
0,1,3.6,
0.1,1,0,
0.1,1,0.1,
0.1,1,0.2,
0.1,1,0.3,
0.1,1,0.4,
0.1,1,0.5,
0.1,1,0.6,
0.1,1,0.7,
0.1,1,0.8,1.151699837
0.1,1,0.9,
0.1,1,1,
0.1,1,1.1,
0.1,1,1.2,
0.1,1,1.3,
0.1,1,1.4,
0.1,1,1.5,
0.1,1,1.6,
0.1,1,1.7,
0.1,1,1.8,
0.1,1,1.9,
0.1,1,2,
0.1,1,2.1,
0.1,1,2.2,
0.1,1,2.3,
0.1,1,2.4,
0.1,1,2.5,
0.1,1,2.6,
0.1,1,2.7,
0.1,1,2.8,
0.1,1,2.9,
0.1,1,3,
0.1,1,3.1,
0.1,1,3.2,
0.1,1,3.3,
0.1,1,3.4,
0.1,1,3.5,
0.1,1,3.6,
0.2,1,0,0.997970846
0.2,1,0.1,
0.2,1,0.2,
0.2,1,0.3,
0.2,1,0.4,
0.2,1,0.5,
0.2,1,0.6,
0.2,1,0.7,
0.2,1,0.8,
0.2,1,0.9,
0.2,1,1,
0.2,1,1.1,
0.2,1,1.2,
0.2,1,1.3,
0.2,1,1.4,
0.2,1,1.5,
0.2,1,1.6,
0.2,1,1.7,
0.2,1,1.8,
0.2,1,1.9,
0.2,1,2,
0.2,1,2.1,
0.2,1,2.2,1.017209428
0.2,1,2.3,
0.2,1,2.4,
0.2,1,2.5,
0.2,1,2.6,1.095605335
0.2,1,2.7,
0.2,1,2.8,
0.2,1,2.9,
0.2,1,3,
0.2,1,3.1,
0.2,1,3.2,
0.2,1,3.3,
0.2,1,3.4,
0.2,1,3.5,
0.2,1,3.6,
0.3,1,0,
0.3,1,0.1,
0.3,1,0.2,
0.3,1,0.3,
0.3,1,0.4,
0.3,1,0.5,
0.3,1,0.6,
0.3,1,0.7,
0.3,1,0.8,
0.3,1,0.9,
0.3,1,1,
0.3,1,1.1,
0.3,1,1.2,1.055728381
0.3,1,1.3,
0.3,1,1.4,
0.3,1,1.5,
0.3,1,1.6,
0.3,1,1.7,
0.3,1,1.8,
0.3,1,1.9,
0.3,1,2,
0.3,1,2.1,
0.3,1,2.2,
0.3,1,2.3,
0.3,1,2.4,
0.3,1,2.5,
0.3,1,2.6,
0.3,1,2.7,
0.3,1,2.8,
0.3,1,2.9,
0.3,1,3,
0.3,1,3.1,
0.3,1,3.2,
0.3,1,3.3,
0.3,1,3.4,
0.3,1,3.5,
0.3,1,3.6,
0.4,1,0,
0.4,1,0.1,
0.4,1,0.2,
0.4,1,0.3,
0.4,1,0.4,
0.4,1,0.5,
0.4,1,0.6,
0.4,1,0.7,
0.4,1,0.8,
0.4,1,0.9,
0.4,1,1,
0.4,1,1.1,1.082064841
0.4,1,1.2,
0.4,1,1.3,
0.4,1,1.4,
0.4,1,1.5,
0.4,1,1.6,
0.4,1,1.7,
0.4,1,1.8,
0.4,1,1.9,
0.4,1,2,
0.4,1,2.1,
0.4,1,2.2,
0.4,1,2.3,
0.4,1,2.4,
0.4,1,2.5,
0.4,1,2.6,
0.4,1,2.7,
0.4,1,2.8,
0.4,1,2.9,
0.4,1,3,
0.4,1,3.1,
0.4,1,3.2,
0.4,1,3.3,
0.4,1,3.4,
0.4,1,3.5,
0.4,1,3.6,
0.5,1,0,
0.5,1,0.1,
0.5,1,0.2,
0.5,1,0.3,1.006318983
0.5,1,0.4,
0.5,1,0.5,
0.5,1,0.6,
0.5,1,0.7,
0.5,1,0.8,
0.5,1,0.9,
0.5,1,1,
0.5,1,1.1,
0.5,1,1.2,
0.5,1,1.3,
0.5,1,1.4,
0.5,1,1.5,
0.5,1,1.6,
0.5,1,1.7,
0.5,1,1.8,
0.5,1,1.9,
0.5,1,2,
0.5,1,2.1,
0.5,1,2.2,
0.5,1,2.3,
0.5,1,2.4,
0.5,1,2.5,
0.5,1,2.6,
0.5,1,2.7,
0.5,1,2.8,
0.5,1,2.9,
0.5,1,3,1.054688488
0.5,1,3.1,
0.5,1,3.2,
0.5,1,3.3,
0.5,1,3.4,
0.5,1,3.5,
0.5,1,3.6,
0.6,1,0,
0.6,1,0.1,
0.6,1,0.2,
0.6,1,0.3,
0.6,1,0.4,
0.6,1,0.5,
0.6,1,0.6,
0.6,1,0.7,
0.6,1,0.8,
0.6,1,0.9,
0.6,1,1,
0.6,1,1.1,
0.6,1,1.2,
0.6,1,1.3,
0.6,1,1.4,
0.6,1,1.5,
0.6,1,1.6,
0.6,1,1.7,
0.6,1,1.8,
0.6,1,1.9,
0.6,1,2,
0.6,1,2.1,
0.6,1,2.2,
0.6,1,2.3,
0.6,1,2.4,
0.6,1,2.5,1.092347781
0.6,1,2.6,
0.6,1,2.7,
0.6,1,2.8,
0.6,1,2.9,
0.6,1,3,
0.6,1,3.1,
0.6,1,3.2,
0.6,1,3.3,
0.6,1,3.4,
0.6,1,3.5,0.99274068
0.6,1,3.6,
0.7,1,0,
0.7,1,0.1,
0.7,1,0.2,
0.7,1,0.3,
0.7,1,0.4,
0.7,1,0.5,
0.7,1,0.6,1.052858868
0.7,1,0.7,
0.7,1,0.8,
0.7,1,0.9,
0.7,1,1,
0.7,1,1.1,
0.7,1,1.2,
0.7,1,1.3,
0.7,1,1.4,
0.7,1,1.5,
0.7,1,1.6,
0.7,1,1.7,
0.7,1,1.8,
0.7,1,1.9,
0.7,1,2,
0.7,1,2.1,
0.7,1,2.2,
0.7,1,2.3,
0.7,1,2.4,
0.7,1,2.5,
0.7,1,2.6,
0.7,1,2.7,
0.7,1,2.8,
0.7,1,2.9,
0.7,1,3,
0.7,1,3.1,
0.7,1,3.2,
0.7,1,3.3,
0.7,1,3.4,
0.7,1,3.5,
0.7,1,3.6,
0.8,1,0,
0.8,1,0.1,
0.8,1,0.2,
0.8,1,0.3,
0.8,1,0.4,
0.8,1,0.5,
0.8,1,0.6,
0.8,1,0.7,
0.8,1,0.8,
0.8,1,0.9,
0.8,1,1,
0.8,1,1.1,
0.8,1,1.2,
0.8,1,1.3,
0.8,1,1.4,
0.8,1,1.5,
0.8,1,1.6,
0.8,1,1.7,
0.8,1,1.8,
0.8,1,1.9,
0.8,1,2,
0.8,1,2.1,
0.8,1,2.2,
0.8,1,2.3,
0.8,1,2.4,
0.8,1,2.5,
0.8,1,2.6,
0.8,1,2.7,
0.8,1,2.8,
0.8,1,2.9,
0.8,1,3,
0.8,1,3.1,
0.8,1,3.2,
0.8,1,3.3,
0.8,1,3.4,
0.8,1,3.5,
0.8,1,3.6,
0.9,1,0,
0.9,1,0.1,
0.9,1,0.2,
0.9,1,0.3,
0.9,1,0.4,
0.9,1,0.5,
0.9,1,0.6,
0.9,1,0.7,
0.9,1,0.8,
0.9,1,0.9,
0.9,1,1,1.130784293
0.9,1,1.1,
0.9,1,1.2,
0.9,1,1.3,
0.9,1,1.4,
0.9,1,1.5,
0.9,1,1.6,
0.9,1,1.7,
0.9,1,1.8,
0.9,1,1.9,
0.9,1,2,
0.9,1,2.1,
0.9,1,2.2,
0.9,1,2.3,
0.9,1,2.4,
0.9,1,2.5,
0.9,1,2.6,
0.9,1,2.7,
0.9,1,2.8,
0.9,1,2.9,
0.9,1,3,
0.9,1,3.1,
0.9,1,3.2,
0.9,1,3.3,
0.9,1,3.4,
0.9,1,3.5,
0.9,1,3.6,
1,1,0,
1,1,0.1,
1,1,0.2,
1,1,0.3,
1,1,0.4,
1,1,0.5,
1,1,0.6,
1,1,0.7,
1,1,0.8,
1,1,0.9,
1,1,1,
1,1,1.1,
1,1,1.2,
1,1,1.3,
1,1,1.4,
1,1,1.5,
1,1,1.6,
1,1,1.7,
1,1,1.8,
1,1,1.9,
1,1,2,
1,1,2.1,
1,1,2.2,
1,1,2.3,
1,1,2.4,
1,1,2.5,
1,1,2.6,
1,1,2.7,
1,1,2.8,
1,1,2.9,
1,1,3,1.060012181
1,1,3.1,
1,1,3.2,
1,1,3.3,
1,1,3.4,
1,1,3.5,
1,1,3.6,
1.1,1,0,
1.1,1,0.1,
1.1,1,0.2,
1.1,1,0.3,
1.1,1,0.4,
1.1,1,0.5,
1.1,1,0.6,
1.1,1,0.7,
1.1,1,0.8,
1.1,1,0.9,
1.1,1,1,
1.1,1,1.1,
1.1,1,1.2,
1.1,1,1.3,
1.1,1,1.4,
1.1,1,1.5,
1.1,1,1.6,
1.1,1,1.7,
1.1,1,1.8,
1.1,1,1.9,
1.1,1,2,
1.1,1,2.1,
1.1,1,2.2,
1.1,1,2.3,
1.1,1,2.4,
1.1,1,2.5,
1.1,1,2.6,
1.1,1,2.7,
1.1,1,2.8,
1.1,1,2.9,
1.1,1,3,
1.1,1,3.1,
1.1,1,3.2,
1.1,1,3.3,
1.1,1,3.4,
1.1,1,3.5,
1.1,1,3.6,
1.2,1,0,
1.2,1,0.1,
1.2,1,0.2,
1.2,1,0.3,
1.2,1,0.4,
1.2,1,0.5,
1.2,1,0.6,
1.2,1,0.7,
1.2,1,0.8,
1.2,1,0.9,
1.2,1,1,
1.2,1,1.1,
1.2,1,1.2,
1.2,1,1.3,
1.2,1,1.4,
1.2,1,1.5,
1.2,1,1.6,
1.2,1,1.7,
1.2,1,1.8,
1.2,1,1.9,
1.2,1,2,
1.2,1,2.1,
1.2,1,2.2,
1.2,1,2.3,
1.2,1,2.4,
1.2,1,2.5,
1.2,1,2.6,
1.2,1,2.7,
1.2,1,2.8,
1.2,1,2.9,
1.2,1,3,
1.2,1,3.1,
1.2,1,3.2,
1.2,1,3.3,
1.2,1,3.4,
1.2,1,3.5,0.995931712
1.2,1,3.6,
1.3,1,0,
1.3,1,0.1,
1.3,1,0.2,
1.3,1,0.3,
1.3,1,0.4,
1.3,1,0.5,
1.3,1,0.6,
1.3,1,0.7,
1.3,1,0.8,
1.3,1,0.9,
1.3,1,1,
1.3,1,1.1,
1.3,1,1.2,
1.3,1,1.3,
1.3,1,1.4,
1.3,1,1.5,
1.3,1,1.6,
1.3,1,1.7,
1.3,1,1.8,
1.3,1,1.9,
1.3,1,2,
1.3,1,2.1,
1.3,1,2.2,
1.3,1,2.3,
1.3,1,2.4,
1.3,1,2.5,
1.3,1,2.6,
1.3,1,2.7,
1.3,1,2.8,
1.3,1,2.9,
1.3,1,3,
1.3,1,3.1,
1.3,1,3.2,
1.3,1,3.3,
1.3,1,3.4,
1.3,1,3.5,
1.3,1,3.6,
1.4,1,0,
1.4,1,0.1,
1.4,1,0.2,
1.4,1,0.3,
1.4,1,0.4,
1.4,1,0.5,
1.4,1,0.6,
1.4,1,0.7,
1.4,1,0.8,
1.4,1,0.9,
1.4,1,1,
1.4,1,1.1,
1.4,1,1.2,
1.4,1,1.3,
1.4,1,1.4,
1.4,1,1.5,
1.4,1,1.6,
1.4,1,1.7,
1.4,1,1.8,
1.4,1,1.9,
1.4,1,2,
1.4,1,2.1,
1.4,1,2.2,
1.4,1,2.3,
1.4,1,2.4,
1.4,1,2.5,
1.4,1,2.6,
1.4,1,2.7,
1.4,1,2.8,
1.4,1,2.9,
1.4,1,3,
1.4,1,3.1,
1.4,1,3.2,
1.4,1,3.3,
1.4,1,3.4,
1.4,1,3.5,
1.4,1,3.6,
1.5,1,0,
1.5,1,0.1,
1.5,1,0.2,
1.5,1,0.3,
1.5,1,0.4,
1.5,1,0.5,
1.5,1,0.6,
1.5,1,0.7,
1.5,1,0.8,
1.5,1,0.9,
1.5,1,1,
1.5,1,1.1,1.074343255
1.5,1,1.2,
1.5,1,1.3,
1.5,1,1.4,
1.5,1,1.5,1.00655863
1.5,1,1.6,
1.5,1,1.7,
1.5,1,1.8,0.990476967
1.5,1,1.9,
1.5,1,2,
1.5,1,2.1,
1.5,1,2.2,
1.5,1,2.3,
1.5,1,2.4,
1.5,1,2.5,
1.5,1,2.6,
1.5,1,2.7,
1.5,1,2.8,
1.5,1,2.9,
1.5,1,3,
1.5,1,3.1,
1.5,1,3.2,
1.5,1,3.3,
1.5,1,3.4,
1.5,1,3.5,
1.5,1,3.6,
1.6,1,0,
1.6,1,0.1,
1.6,1,0.2,
1.6,1,0.3,
1.6,1,0.4,
1.6,1,0.5,
1.6,1,0.6,
1.6,1,0.7,
1.6,1,0.8,
1.6,1,0.9,
1.6,1,1,
1.6,1,1.1,
1.6,1,1.2,
1.6,1,1.3,
1.6,1,1.4,
1.6,1,1.5,
1.6,1,1.6,
1.6,1,1.7,
1.6,1,1.8,
1.6,1,1.9,
1.6,1,2,
1.6,1,2.1,
1.6,1,2.2,
1.6,1,2.3,
1.6,1,2.4,
1.6,1,2.5,
1.6,1,2.6,
1.6,1,2.7,
1.6,1,2.8,
1.6,1,2.9,
1.6,1,3,
1.6,1,3.1,
1.6,1,3.2,
1.6,1,3.3,
1.6,1,3.4,
1.6,1,3.5,
1.6,1,3.6,
1.7,1,0,
1.7,1,0.1,
1.7,1,0.2,
1.7,1,0.3,
1.7,1,0.4,
1.7,1,0.5,
1.7,1,0.6,
1.7,1,0.7,
1.7,1,0.8,
1.7,1,0.9,1.127411607
1.7,1,1,
1.7,1,1.1,
1.7,1,1.2,
1.7,1,1.3,
1.7,1,1.4,
1.7,1,1.5,
1.7,1,1.6,
1.7,1,1.7,
1.7,1,1.8,
1.7,1,1.9,
1.7,1,2,
1.7,1,2.1,
1.7,1,2.2,
1.7,1,2.3,
1.7,1,2.4,
1.7,1,2.5,
1.7,1,2.6,
1.7,1,2.7,
1.7,1,2.8,
1.7,1,2.9,
1.7,1,3,
1.7,1,3.1,
1.7,1,3.2,
1.7,1,3.3,
1.7,1,3.4,
1.7,1,3.5,
1.7,1,3.6,
1.8,1,0,
1.8,1,0.1,
1.8,1,0.2,
1.8,1,0.3,
1.8,1,0.4,
1.8,1,0.5,
1.8,1,0.6,
1.8,1,0.7,
1.8,1,0.8,
1.8,1,0.9,
1.8,1,1,
1.8,1,1.1,
1.8,1,1.2,
1.8,1,1.3,
1.8,1,1.4,
1.8,1,1.5,
1.8,1,1.6,
1.8,1,1.7,
1.8,1,1.8,
1.8,1,1.9,
1.8,1,2,
1.8,1,2.1,
1.8,1,2.2,
1.8,1,2.3,
1.8,1,2.4,
1.8,1,2.5,
1.8,1,2.6,
1.8,1,2.7,
1.8,1,2.8,
1.8,1,2.9,
1.8,1,3,
1.8,1,3.1,
1.8,1,3.2,
1.8,1,3.3,
1.8,1,3.4,
1.8,1,3.5,
1.8,1,3.6,
1.9,1,0,
1.9,1,0.1,
1.9,1,0.2,
1.9,1,0.3,
1.9,1,0.4,
1.9,1,0.5,
1.9,1,0.6,
1.9,1,0.7,
1.9,1,0.8,
1.9,1,0.9,
1.9,1,1,
1.9,1,1.1,
1.9,1,1.2,
1.9,1,1.3,
1.9,1,1.4,
1.9,1,1.5,
1.9,1,1.6,
1.9,1,1.7,
1.9,1,1.8,
1.9,1,1.9,
1.9,1,2,
1.9,1,2.1,
1.9,1,2.2,
1.9,1,2.3,
1.9,1,2.4,
1.9,1,2.5,1.075038317
1.9,1,2.6,
1.9,1,2.7,
1.9,1,2.8,
1.9,1,2.9,
1.9,1,3,
1.9,1,3.1,
1.9,1,3.2,
1.9,1,3.3,
1.9,1,3.4,
1.9,1,3.5,
1.9,1,3.6,
2,1,0,
2,1,0.1,
2,1,0.2,
2,1,0.3,
2,1,0.4,
2,1,0.5,
2,1,0.6,
2,1,0.7,
2,1,0.8,
2,1,0.9,
2,1,1,
2,1,1.1,
2,1,1.2,
2,1,1.3,
2,1,1.4,
2,1,1.5,
2,1,1.6,
2,1,1.7,
2,1,1.8,
2,1,1.9,
2,1,2,
2,1,2.1,
2,1,2.2,
2,1,2.3,
2,1,2.4,
2,1,2.5,
2,1,2.6,
2,1,2.7,
2,1,2.8,
2,1,2.9,
2,1,3,1.062503602
2,1,3.1,
2,1,3.2,
2,1,3.3,
2,1,3.4,
2,1,3.5,
2,1,3.6,
2.1,1,0,
2.1,1,0.1,0.992724477
2.1,1,0.2,
2.1,1,0.3,
2.1,1,0.4,
2.1,1,0.5,
2.1,1,0.6,
2.1,1,0.7,
2.1,1,0.8,
2.1,1,0.9,1.132709147
2.1,1,1,
2.1,1,1.1,
2.1,1,1.2,
2.1,1,1.3,
2.1,1,1.4,
2.1,1,1.5,
2.1,1,1.6,
2.1,1,1.7,
2.1,1,1.8,
2.1,1,1.9,
2.1,1,2,
2.1,1,2.1,
2.1,1,2.2,
2.1,1,2.3,
2.1,1,2.4,
2.1,1,2.5,
2.1,1,2.6,
2.1,1,2.7,
2.1,1,2.8,
2.1,1,2.9,
2.1,1,3,
2.1,1,3.1,
2.1,1,3.2,
2.1,1,3.3,
2.1,1,3.4,
2.1,1,3.5,
2.1,1,3.6,
2.2,1,0,
2.2,1,0.1,
2.2,1,0.2,
2.2,1,0.3,
2.2,1,0.4,
2.2,1,0.5,
2.2,1,0.6,
2.2,1,0.7,
2.2,1,0.8,
2.2,1,0.9,
2.2,1,1,
2.2,1,1.1,
2.2,1,1.2,
2.2,1,1.3,
2.2,1,1.4,
2.2,1,1.5,
2.2,1,1.6,
2.2,1,1.7,
2.2,1,1.8,
2.2,1,1.9,
2.2,1,2,
2.2,1,2.1,
2.2,1,2.2,
2.2,1,2.3,
2.2,1,2.4,1.066290199
2.2,1,2.5,
2.2,1,2.6,
2.2,1,2.7,
2.2,1,2.8,
2.2,1,2.9,
2.2,1,3,
2.2,1,3.1,
2.2,1,3.2,
2.2,1,3.3,
2.2,1,3.4,
2.2,1,3.5,
2.2,1,3.6,
2.3,1,0,
2.3,1,0.1,
2.3,1,0.2,
2.3,1,0.3,
2.3,1,0.4,
2.3,1,0.5,
2.3,1,0.6,
2.3,1,0.7,
2.3,1,0.8,
2.3,1,0.9,
2.3,1,1,
2.3,1,1.1,
2.3,1,1.2,
2.3,1,1.3,
2.3,1,1.4,
2.3,1,1.5,
2.3,1,1.6,
2.3,1,1.7,
2.3,1,1.8,
2.3,1,1.9,
2.3,1,2,
2.3,1,2.1,
2.3,1,2.2,
2.3,1,2.3,
2.3,1,2.4,
2.3,1,2.5,
2.3,1,2.6,
2.3,1,2.7,
2.3,1,2.8,
2.3,1,2.9,
2.3,1,3,
2.3,1,3.1,
2.3,1,3.2,
2.3,1,3.3,
2.3,1,3.4,
2.3,1,3.5,
2.3,1,3.6,
2.4,1,0,
2.4,1,0.1,
2.4,1,0.2,
2.4,1,0.3,
2.4,1,0.4,
2.4,1,0.5,
2.4,1,0.6,
2.4,1,0.7,
2.4,1,0.8,
2.4,1,0.9,
2.4,1,1,
2.4,1,1.1,
2.4,1,1.2,
2.4,1,1.3,
2.4,1,1.4,
2.4,1,1.5,
2.4,1,1.6,
2.4,1,1.7,
2.4,1,1.8,
2.4,1,1.9,
2.4,1,2,
2.4,1,2.1,
2.4,1,2.2,
2.4,1,2.3,
2.4,1,2.4,
2.4,1,2.5,
2.4,1,2.6,
2.4,1,2.7,
2.4,1,2.8,
2.4,1,2.9,
2.4,1,3,
2.4,1,3.1,
2.4,1,3.2,
2.4,1,3.3,
2.4,1,3.4,
2.4,1,3.5,
2.4,1,3.6,
2.5,1,0,
2.5,1,0.1,
2.5,1,0.2,
2.5,1,0.3,
2.5,1,0.4,
2.5,1,0.5,
2.5,1,0.6,
2.5,1,0.7,
2.5,1,0.8,
2.5,1,0.9,
2.5,1,1,
2.5,1,1.1,
2.5,1,1.2,
2.5,1,1.3,
2.5,1,1.4,
2.5,1,1.5,
2.5,1,1.6,
2.5,1,1.7,
2.5,1,1.8,
2.5,1,1.9,
2.5,1,2,
2.5,1,2.1,
2.5,1,2.2,
2.5,1,2.3,
2.5,1,2.4,
2.5,1,2.5,
2.5,1,2.6,
2.5,1,2.7,
2.5,1,2.8,
2.5,1,2.9,
2.5,1,3,
2.5,1,3.1,
2.5,1,3.2,
2.5,1,3.3,
2.5,1,3.4,0.998375375
2.5,1,3.5,
2.5,1,3.6,
2.6,1,0,
2.6,1,0.1,
2.6,1,0.2,
2.6,1,0.3,
2.6,1,0.4,
2.6,1,0.5,
2.6,1,0.6,
2.6,1,0.7,
2.6,1,0.8,
2.6,1,0.9,
2.6,1,1,
2.6,1,1.1,
2.6,1,1.2,
2.6,1,1.3,
2.6,1,1.4,
2.6,1,1.5,
2.6,1,1.6,
2.6,1,1.7,
2.6,1,1.8,
2.6,1,1.9,1.005986661
2.6,1,2,
2.6,1,2.1,
2.6,1,2.2,
2.6,1,2.3,
2.6,1,2.4,
2.6,1,2.5,
2.6,1,2.6,
2.6,1,2.7,
2.6,1,2.8,
2.6,1,2.9,
2.6,1,3,
2.6,1,3.1,
2.6,1,3.2,
2.6,1,3.3,
2.6,1,3.4,
2.6,1,3.5,
2.6,1,3.6,
2.7,1,0,
2.7,1,0.1,
2.7,1,0.2,
2.7,1,0.3,
2.7,1,0.4,
2.7,1,0.5,
2.7,1,0.6,
2.7,1,0.7,
2.7,1,0.8,
2.7,1,0.9,
2.7,1,1,
2.7,1,1.1,
2.7,1,1.2,
2.7,1,1.3,
2.7,1,1.4,
2.7,1,1.5,
2.7,1,1.6,
2.7,1,1.7,
2.7,1,1.8,
2.7,1,1.9,
2.7,1,2,
2.7,1,2.1,
2.7,1,2.2,
2.7,1,2.3,
2.7,1,2.4,
2.7,1,2.5,
2.7,1,2.6,
2.7,1,2.7,
2.7,1,2.8,
2.7,1,2.9,
2.7,1,3,
2.7,1,3.1,
2.7,1,3.2,
2.7,1,3.3,
2.7,1,3.4,
2.7,1,3.5,
2.7,1,3.6,
2.8,1,0,
2.8,1,0.1,
2.8,1,0.2,
2.8,1,0.3,
2.8,1,0.4,
2.8,1,0.5,
2.8,1,0.6,
2.8,1,0.7,1.078412709
2.8,1,0.8,
2.8,1,0.9,
2.8,1,1,
2.8,1,1.1,
2.8,1,1.2,
2.8,1,1.3,
2.8,1,1.4,
2.8,1,1.5,
2.8,1,1.6,
2.8,1,1.7,
2.8,1,1.8,
2.8,1,1.9,
2.8,1,2,
2.8,1,2.1,
2.8,1,2.2,
2.8,1,2.3,
2.8,1,2.4,
2.8,1,2.5,
2.8,1,2.6,
2.8,1,2.7,
2.8,1,2.8,1.107815687
2.8,1,2.9,
2.8,1,3,
2.8,1,3.1,
2.8,1,3.2,
2.8,1,3.3,
2.8,1,3.4,
2.8,1,3.5,
2.8,1,3.6,
2.9,1,0,
2.9,1,0.1,
2.9,1,0.2,
2.9,1,0.3,
2.9,1,0.4,
2.9,1,0.5,
2.9,1,0.6,
2.9,1,0.7,
2.9,1,0.8,
2.9,1,0.9,
2.9,1,1,
2.9,1,1.1,
2.9,1,1.2,1.06290472
2.9,1,1.3,
2.9,1,1.4,
2.9,1,1.5,
2.9,1,1.6,
2.9,1,1.7,
2.9,1,1.8,
2.9,1,1.9,
2.9,1,2,
2.9,1,2.1,
2.9,1,2.2,
2.9,1,2.3,
2.9,1,2.4,
2.9,1,2.5,
2.9,1,2.6,
2.9,1,2.7,
2.9,1,2.8,
2.9,1,2.9,
2.9,1,3,
2.9,1,3.1,
2.9,1,3.2,
2.9,1,3.3,
2.9,1,3.4,
2.9,1,3.5,
2.9,1,3.6,
3,1,0,
3,1,0.1,
3,1,0.2,
3,1,0.3,
3,1,0.4,
3,1,0.5,
3,1,0.6,
3,1,0.7,
3,1,0.8,
3,1,0.9,
3,1,1,
3,1,1.1,
3,1,1.2,
3,1,1.3,
3,1,1.4,
3,1,1.5,
3,1,1.6,
3,1,1.7,
3,1,1.8,
3,1,1.9,
3,1,2,
3,1,2.1,
3,1,2.2,
3,1,2.3,
3,1,2.4,
3,1,2.5,
3,1,2.6,
3,1,2.7,1.149606975
3,1,2.8,
3,1,2.9,
3,1,3,1.068988859
3,1,3.1,
3,1,3.2,
3,1,3.3,
3,1,3.4,
3,1,3.5,
3,1,3.6,
3.1,1,0,
3.1,1,0.1,
3.1,1,0.2,
3.1,1,0.3,
3.1,1,0.4,
3.1,1,0.5,
3.1,1,0.6,
3.1,1,0.7,
3.1,1,0.8,
3.1,1,0.9,
3.1,1,1,
3.1,1,1.1,
3.1,1,1.2,
3.1,1,1.3,
3.1,1,1.4,
3.1,1,1.5,
3.1,1,1.6,
3.1,1,1.7,
3.1,1,1.8,
3.1,1,1.9,
3.1,1,2,
3.1,1,2.1,
3.1,1,2.2,
3.1,1,2.3,
3.1,1,2.4,
3.1,1,2.5,
3.1,1,2.6,
3.1,1,2.7,
3.1,1,2.8,
3.1,1,2.9,
3.1,1,3,
3.1,1,3.1,
3.1,1,3.2,
3.1,1,3.3,
3.1,1,3.4,
3.1,1,3.5,
3.1,1,3.6,
3.2,1,0,
3.2,1,0.1,
3.2,1,0.2,
3.2,1,0.3,
3.2,1,0.4,
3.2,1,0.5,
3.2,1,0.6,
3.2,1,0.7,1.106846579
3.2,1,0.8,
3.2,1,0.9,1.1658973
3.2,1,1,
3.2,1,1.1,
3.2,1,1.2,
3.2,1,1.3,
3.2,1,1.4,
3.2,1,1.5,
3.2,1,1.6,
3.2,1,1.7,
3.2,1,1.8,
3.2,1,1.9,
3.2,1,2,
3.2,1,2.1,
3.2,1,2.2,
3.2,1,2.3,
3.2,1,2.4,
3.2,1,2.5,
3.2,1,2.6,
3.2,1,2.7,
3.2,1,2.8,
3.2,1,2.9,
3.2,1,3,
3.2,1,3.1,
3.2,1,3.2,
3.2,1,3.3,
3.2,1,3.4,
3.2,1,3.5,
3.2,1,3.6,
3.3,1,0,
3.3,1,0.1,
3.3,1,0.2,
3.3,1,0.3,
3.3,1,0.4,
3.3,1,0.5,
3.3,1,0.6,
3.3,1,0.7,
3.3,1,0.8,
3.3,1,0.9,
3.3,1,1,
3.3,1,1.1,
3.3,1,1.2,
3.3,1,1.3,
3.3,1,1.4,
3.3,1,1.5,
3.3,1,1.6,
3.3,1,1.7,
3.3,1,1.8,
3.3,1,1.9,
3.3,1,2,
3.3,1,2.1,
3.3,1,2.2,
3.3,1,2.3,
3.3,1,2.4,
3.3,1,2.5,
3.3,1,2.6,
3.3,1,2.7,
3.3,1,2.8,
3.3,1,2.9,
3.3,1,3,
3.3,1,3.1,
3.3,1,3.2,
3.3,1,3.3,
3.3,1,3.4,
3.3,1,3.5,
3.3,1,3.6,
3.4,1,0,
3.4,1,0.1,
3.4,1,0.2,
3.4,1,0.3,
3.4,1,0.4,
3.4,1,0.5,
3.4,1,0.6,
3.4,1,0.7,
3.4,1,0.8,1.159929146
3.4,1,0.9,
3.4,1,1,
3.4,1,1.1,
3.4,1,1.2,
3.4,1,1.3,
3.4,1,1.4,
3.4,1,1.5,
3.4,1,1.6,
3.4,1,1.7,
3.4,1,1.8,
3.4,1,1.9,
3.4,1,2,
3.4,1,2.1,
3.4,1,2.2,
3.4,1,2.3,
3.4,1,2.4,
3.4,1,2.5,
3.4,1,2.6,
3.4,1,2.7,
3.4,1,2.8,
3.4,1,2.9,
3.4,1,3,1.106636782
3.4,1,3.1,
3.4,1,3.2,
3.4,1,3.3,
3.4,1,3.4,
3.4,1,3.5,
3.4,1,3.6,
3.5,1,0,
3.5,1,0.1,1.002628757
3.5,1,0.2,
3.5,1,0.3,
3.5,1,0.4,
3.5,1,0.5,
3.5,1,0.6,
3.5,1,0.7,
3.5,1,0.8,
3.5,1,0.9,
3.5,1,1,
3.5,1,1.1,
3.5,1,1.2,
3.5,1,1.3,
3.5,1,1.4,
3.5,1,1.5,
3.5,1,1.6,
3.5,1,1.7,
3.5,1,1.8,
3.5,1,1.9,
3.5,1,2,
3.5,1,2.1,1.005402468
3.5,1,2.2,
3.5,1,2.3,
3.5,1,2.4,
3.5,1,2.5,
3.5,1,2.6,
3.5,1,2.7,
3.5,1,2.8,
3.5,1,2.9,
3.5,1,3,
3.5,1,3.1,
3.5,1,3.2,
3.5,1,3.3,
3.5,1,3.4,
3.5,1,3.5,
3.5,1,3.6,
3.6,1,0,
3.6,1,0.1,
3.6,1,0.2,
3.6,1,0.3,
3.6,1,0.4,
3.6,1,0.5,
3.6,1,0.6,
3.6,1,0.7,
3.6,1,0.8,
3.6,1,0.9,
3.6,1,1,
3.6,1,1.1,
3.6,1,1.2,
3.6,1,1.3,
3.6,1,1.4,
3.6,1,1.5,
3.6,1,1.6,
3.6,1,1.7,
3.6,1,1.8,
3.6,1,1.9,
3.6,1,2,
3.6,1,2.1,
3.6,1,2.2,
3.6,1,2.3,
3.6,1,2.4,
3.6,1,2.5,1.073728359
3.6,1,2.6,
3.6,1,2.7,
3.6,1,2.8,
3.6,1,2.9,
3.6,1,3,
3.6,1,3.1,
3.6,1,3.2,
3.6,1,3.3,
3.6,1,3.4,
3.6,1,3.5,
3.6,1,3.6,
3.7,1,0,
3.7,1,0.1,
3.7,1,0.2,
3.7,1,0.3,
3.7,1,0.4,
3.7,1,0.5,
3.7,1,0.6,
3.7,1,0.7,
3.7,1,0.8,
3.7,1,0.9,
3.7,1,1,
3.7,1,1.1,
3.7,1,1.2,
3.7,1,1.3,
3.7,1,1.4,
3.7,1,1.5,
3.7,1,1.6,
3.7,1,1.7,
3.7,1,1.8,
3.7,1,1.9,
3.7,1,2,
3.7,1,2.1,
3.7,1,2.2,
3.7,1,2.3,
3.7,1,2.4,
3.7,1,2.5,
3.7,1,2.6,
3.7,1,2.7,
3.7,1,2.8,
3.7,1,2.9,
3.7,1,3,
3.7,1,3.1,
3.7,1,3.2,
3.7,1,3.3,
3.7,1,3.4,
3.7,1,3.5,0.995418589
3.7,1,3.6,
3.8,1,0,
3.8,1,0.1,
3.8,1,0.2,
3.8,1,0.3,
3.8,1,0.4,
3.8,1,0.5,
3.8,1,0.6,
3.8,1,0.7,
3.8,1,0.8,
3.8,1,0.9,
3.8,1,1,
3.8,1,1.1,
3.8,1,1.2,
3.8,1,1.3,
3.8,1,1.4,
3.8,1,1.5,
3.8,1,1.6,
3.8,1,1.7,
3.8,1,1.8,
3.8,1,1.9,
3.8,1,2,
3.8,1,2.1,
3.8,1,2.2,
3.8,1,2.3,
3.8,1,2.4,
3.8,1,2.5,
3.8,1,2.6,
3.8,1,2.7,
3.8,1,2.8,
3.8,1,2.9,
3.8,1,3,
3.8,1,3.1,
3.8,1,3.2,
3.8,1,3.3,
3.8,1,3.4,
3.8,1,3.5,
3.8,1,3.6,
3.9,1,0,
3.9,1,0.1,
3.9,1,0.2,
3.9,1,0.3,
3.9,1,0.4,
3.9,1,0.5,
3.9,1,0.6,1.050517546
3.9,1,0.7,
3.9,1,0.8,
3.9,1,0.9,
3.9,1,1,
3.9,1,1.1,
3.9,1,1.2,1.0732448
3.9,1,1.3,
3.9,1,1.4,
3.9,1,1.5,
3.9,1,1.6,
3.9,1,1.7,
3.9,1,1.8,
3.9,1,1.9,
3.9,1,2,
3.9,1,2.1,
3.9,1,2.2,
3.9,1,2.3,
3.9,1,2.4,
3.9,1,2.5,
3.9,1,2.6,
3.9,1,2.7,
3.9,1,2.8,
3.9,1,2.9,
3.9,1,3,
3.9,1,3.1,
3.9,1,3.2,
3.9,1,3.3,
3.9,1,3.4,
3.9,1,3.5,
3.9,1,3.6,
4,1,0,
4,1,0.1,
4,1,0.2,
4,1,0.3,
4,1,0.4,
4,1,0.5,
4,1,0.6,
4,1,0.7,
4,1,0.8,
4,1,0.9,
4,1,1,
4,1,1.1,
4,1,1.2,
4,1,1.3,
4,1,1.4,
4,1,1.5,
4,1,1.6,
4,1,1.7,
4,1,1.8,
4,1,1.9,
4,1,2,
4,1,2.1,
4,1,2.2,
4,1,2.3,
4,1,2.4,
4,1,2.5,
4,1,2.6,
4,1,2.7,
4,1,2.8,
4,1,2.9,
4,1,3,
4,1,3.1,
4,1,3.2,
4,1,3.3,
4,1,3.4,
4,1,3.5,
4,1,3.6,
4.1,1,0,
4.1,1,0.1,
4.1,1,0.2,
4.1,1,0.3,
4.1,1,0.4,
4.1,1,0.5,
4.1,1,0.6,
4.1,1,0.7,
4.1,1,0.8,
4.1,1,0.9,
4.1,1,1,
4.1,1,1.1,
4.1,1,1.2,
4.1,1,1.3,
4.1,1,1.4,
4.1,1,1.5,
4.1,1,1.6,
4.1,1,1.7,
4.1,1,1.8,
4.1,1,1.9,
4.1,1,2,
4.1,1,2.1,
4.1,1,2.2,
4.1,1,2.3,
4.1,1,2.4,
4.1,1,2.5,
4.1,1,2.6,
4.1,1,2.7,
4.1,1,2.8,
4.1,1,2.9,
4.1,1,3,
4.1,1,3.1,
4.1,1,3.2,
4.1,1,3.3,
4.1,1,3.4,
4.1,1,3.5,
4.1,1,3.6,
4.2,1,0,
4.2,1,0.1,
4.2,1,0.2,
4.2,1,0.3,
4.2,1,0.4,
4.2,1,0.5,
4.2,1,0.6,
4.2,1,0.7,
4.2,1,0.8,
4.2,1,0.9,
4.2,1,1,
4.2,1,1.1,
4.2,1,1.2,
4.2,1,1.3,
4.2,1,1.4,
4.2,1,1.5,
4.2,1,1.6,
4.2,1,1.7,
4.2,1,1.8,
4.2,1,1.9,
4.2,1,2,
4.2,1,2.1,
4.2,1,2.2,
4.2,1,2.3,
4.2,1,2.4,
4.2,1,2.5,
4.2,1,2.6,
4.2,1,2.7,
4.2,1,2.8,1.099386245
4.2,1,2.9,
4.2,1,3,
4.2,1,3.1,
4.2,1,3.2,
4.2,1,3.3,
4.2,1,3.4,0.998446444
4.2,1,3.5,
4.2,1,3.6,
4.3,1,0,
4.3,1,0.1,
4.3,1,0.2,
4.3,1,0.3,
4.3,1,0.4,
4.3,1,0.5,
4.3,1,0.6,
4.3,1,0.7,
4.3,1,0.8,
4.3,1,0.9,1.125246823
4.3,1,1,
4.3,1,1.1,
4.3,1,1.2,
4.3,1,1.3,
4.3,1,1.4,
4.3,1,1.5,
4.3,1,1.6,
4.3,1,1.7,
4.3,1,1.8,
4.3,1,1.9,0.996820369
4.3,1,2,
4.3,1,2.1,
4.3,1,2.2,
4.3,1,2.3,
4.3,1,2.4,
4.3,1,2.5,
4.3,1,2.6,
4.3,1,2.7,
4.3,1,2.8,
4.3,1,2.9,
4.3,1,3,
4.3,1,3.1,
4.3,1,3.2,
4.3,1,3.3,
4.3,1,3.4,
4.3,1,3.5,
4.3,1,3.6,
4.4,1,0,
4.4,1,0.1,
4.4,1,0.2,
4.4,1,0.3,
4.4,1,0.4,
4.4,1,0.5,
4.4,1,0.6,
4.4,1,0.7,
4.4,1,0.8,
4.4,1,0.9,
4.4,1,1,
4.4,1,1.1,
4.4,1,1.2,
4.4,1,1.3,
4.4,1,1.4,
4.4,1,1.5,
4.4,1,1.6,
4.4,1,1.7,
4.4,1,1.8,
4.4,1,1.9,
4.4,1,2,
4.4,1,2.1,
4.4,1,2.2,
4.4,1,2.3,
4.4,1,2.4,
4.4,1,2.5,
4.4,1,2.6,
4.4,1,2.7,
4.4,1,2.8,
4.4,1,2.9,
4.4,1,3,
4.4,1,3.1,
4.4,1,3.2,
4.4,1,3.3,
4.4,1,3.4,
4.4,1,3.5,
4.4,1,3.6,
4.5,1,0,
4.5,1,0.1,
4.5,1,0.2,
4.5,1,0.3,
4.5,1,0.4,
4.5,1,0.5,
4.5,1,0.6,
4.5,1,0.7,
4.5,1,0.8,
4.5,1,0.9,
4.5,1,1,
4.5,1,1.1,
4.5,1,1.2,
4.5,1,1.3,
4.5,1,1.4,
4.5,1,1.5,
4.5,1,1.6,
4.5,1,1.7,
4.5,1,1.8,
4.5,1,1.9,
4.5,1,2,
4.5,1,2.1,
4.5,1,2.2,
4.5,1,2.3,
4.5,1,2.4,
4.5,1,2.5,
4.5,1,2.6,
4.5,1,2.7,
4.5,1,2.8,
4.5,1,2.9,
4.5,1,3,
4.5,1,3.1,
4.5,1,3.2,
4.5,1,3.3,
4.5,1,3.4,
4.5,1,3.5,
4.5,1,3.6,
4.6,1,0,
4.6,1,0.1,
4.6,1,0.2,
4.6,1,0.3,
4.6,1,0.4,
4.6,1,0.5,
4.6,1,0.6,
4.6,1,0.7,
4.6,1,0.8,
4.6,1,0.9,
4.6,1,1,
4.6,1,1.1,1.073010839
4.6,1,1.2,
4.6,1,1.3,
4.6,1,1.4,
4.6,1,1.5,
4.6,1,1.6,
4.6,1,1.7,
4.6,1,1.8,
4.6,1,1.9,
4.6,1,2,
4.6,1,2.1,
4.6,1,2.2,
4.6,1,2.3,
4.6,1,2.4,
4.6,1,2.5,
4.6,1,2.6,
4.6,1,2.7,
4.6,1,2.8,
4.6,1,2.9,
4.6,1,3,
4.6,1,3.1,1.050856976
4.6,1,3.2,
4.6,1,3.3,
4.6,1,3.4,
4.6,1,3.5,
4.6,1,3.6,
4.7,1,0,
4.7,1,0.1,
4.7,1,0.2,
4.7,1,0.3,
4.7,1,0.4,
4.7,1,0.5,
4.7,1,0.6,
4.7,1,0.7,
4.7,1,0.8,
4.7,1,0.9,
4.7,1,1,
4.7,1,1.1,
4.7,1,1.2,
4.7,1,1.3,
4.7,1,1.4,
4.7,1,1.5,
4.7,1,1.6,
4.7,1,1.7,
4.7,1,1.8,
4.7,1,1.9,
4.7,1,2,
4.7,1,2.1,
4.7,1,2.2,
4.7,1,2.3,
4.7,1,2.4,1.051197826
4.7,1,2.5,
4.7,1,2.6,
4.7,1,2.7,
4.7,1,2.8,
4.7,1,2.9,
4.7,1,3,
4.7,1,3.1,
4.7,1,3.2,
4.7,1,3.3,
4.7,1,3.4,
4.7,1,3.5,
4.7,1,3.6,
4.8,1,0,
4.8,1,0.1,
4.8,1,0.2,
4.8,1,0.3,
4.8,1,0.4,
4.8,1,0.5,
4.8,1,0.6,
4.8,1,0.7,
4.8,1,0.8,
4.8,1,0.9,
4.8,1,1,
4.8,1,1.1,
4.8,1,1.2,
4.8,1,1.3,
4.8,1,1.4,
4.8,1,1.5,
4.8,1,1.6,
4.8,1,1.7,
4.8,1,1.8,
4.8,1,1.9,
4.8,1,2,
4.8,1,2.1,
4.8,1,2.2,
4.8,1,2.3,
4.8,1,2.4,
4.8,1,2.5,
4.8,1,2.6,
4.8,1,2.7,
4.8,1,2.8,
4.8,1,2.9,
4.8,1,3,
4.8,1,3.1,
4.8,1,3.2,
4.8,1,3.3,
4.8,1,3.4,
4.8,1,3.5,
4.8,1,3.6,
4.9,1,0,
4.9,1,0.1,
4.9,1,0.2,
4.9,1,0.3,
4.9,1,0.4,
4.9,1,0.5,
4.9,1,0.6,
4.9,1,0.7,
4.9,1,0.8,
4.9,1,0.9,
4.9,1,1,
4.9,1,1.1,
4.9,1,1.2,
4.9,1,1.3,
4.9,1,1.4,
4.9,1,1.5,
4.9,1,1.6,
4.9,1,1.7,
4.9,1,1.8,
4.9,1,1.9,
4.9,1,2,
4.9,1,2.1,
4.9,1,2.2,
4.9,1,2.3,
4.9,1,2.4,
4.9,1,2.5,
4.9,1,2.6,
4.9,1,2.7,
4.9,1,2.8,
4.9,1,2.9,
4.9,1,3,
4.9,1,3.1,
4.9,1,3.2,
4.9,1,3.3,
4.9,1,3.4,
4.9,1,3.5,
4.9,1,3.6,
5,1,0,
5,1,0.1,
5,1,0.2,
5,1,0.3,
5,1,0.4,1.03362853
5,1,0.5,
5,1,0.6,
5,1,0.7,
5,1,0.8,1.122966905
5,1,0.9,
5,1,1,
5,1,1.1,
5,1,1.2,
5,1,1.3,
5,1,1.4,
5,1,1.5,
5,1,1.6,
5,1,1.7,0.992568976
5,1,1.8,
5,1,1.9,
5,1,2,
5,1,2.1,
5,1,2.2,
5,1,2.3,
5,1,2.4,
5,1,2.5,
5,1,2.6,
5,1,2.7,
5,1,2.8,
5,1,2.9,
5,1,3,
5,1,3.1,
5,1,3.2,
5,1,3.3,
5,1,3.4,
5,1,3.5,
5,1,3.6,
5.1,1,0,
5.1,1,0.1,
5.1,1,0.2,
5.1,1,0.3,
5.1,1,0.4,
5.1,1,0.5,
5.1,1,0.6,
5.1,1,0.7,
5.1,1,0.8,
5.1,1,0.9,
5.1,1,1,
5.1,1,1.1,
5.1,1,1.2,
5.1,1,1.3,
5.1,1,1.4,
5.1,1,1.5,
5.1,1,1.6,
5.1,1,1.7,
5.1,1,1.8,
5.1,1,1.9,
5.1,1,2,
5.1,1,2.1,
5.1,1,2.2,
5.1,1,2.3,
5.1,1,2.4,
5.1,1,2.5,
5.1,1,2.6,
5.1,1,2.7,
5.1,1,2.8,
5.1,1,2.9,
5.1,1,3,
5.1,1,3.1,
5.1,1,3.2,
5.1,1,3.3,
5.1,1,3.4,
5.1,1,3.5,
5.1,1,3.6,
5.2,1,0,
5.2,1,0.1,
5.2,1,0.2,
5.2,1,0.3,
5.2,1,0.4,
5.2,1,0.5,
5.2,1,0.6,
5.2,1,0.7,
5.2,1,0.8,
5.2,1,0.9,
5.2,1,1,
5.2,1,1.1,
5.2,1,1.2,
5.2,1,1.3,
5.2,1,1.4,
5.2,1,1.5,
5.2,1,1.6,
5.2,1,1.7,
5.2,1,1.8,
5.2,1,1.9,
5.2,1,2,
5.2,1,2.1,
5.2,1,2.2,
5.2,1,2.3,
5.2,1,2.4,
5.2,1,2.5,
5.2,1,2.6,
5.2,1,2.7,
5.2,1,2.8,
5.2,1,2.9,
5.2,1,3,
5.2,1,3.1,
5.2,1,3.2,
5.2,1,3.3,1.012027874
5.2,1,3.4,
5.2,1,3.5,0.996155156
5.2,1,3.6,
5.3,1,0,
5.3,1,0.1,
5.3,1,0.2,
5.3,1,0.3,
5.3,1,0.4,
5.3,1,0.5,
5.3,1,0.6,
5.3,1,0.7,
5.3,1,0.8,
5.3,1,0.9,
5.3,1,1,
5.3,1,1.1,
5.3,1,1.2,
5.3,1,1.3,
5.3,1,1.4,
5.3,1,1.5,
5.3,1,1.6,
5.3,1,1.7,
5.3,1,1.8,
5.3,1,1.9,
5.3,1,2,
5.3,1,2.1,
5.3,1,2.2,1.026472375
5.3,1,2.3,
5.3,1,2.4,
5.3,1,2.5,
5.3,1,2.6,
5.3,1,2.7,1.135481436
5.3,1,2.8,
5.3,1,2.9,
5.3,1,3,
5.3,1,3.1,
5.3,1,3.2,
5.3,1,3.3,
5.3,1,3.4,
5.3,1,3.5,
5.3,1,3.6,
5.4,1,0,
5.4,1,0.1,
5.4,1,0.2,
5.4,1,0.3,
5.4,1,0.4,
5.4,1,0.5,
5.4,1,0.6,
5.4,1,0.7,
5.4,1,0.8,
5.4,1,0.9,
5.4,1,1,
5.4,1,1.1,
5.4,1,1.2,
5.4,1,1.3,
5.4,1,1.4,
5.4,1,1.5,
5.4,1,1.6,
5.4,1,1.7,
5.4,1,1.8,
5.4,1,1.9,
5.4,1,2,
5.4,1,2.1,
5.4,1,2.2,
5.4,1,2.3,
5.4,1,2.4,
5.4,1,2.5,
5.4,1,2.6,
5.4,1,2.7,
5.4,1,2.8,1.10368625
5.4,1,2.9,
5.4,1,3,
5.4,1,3.1,
5.4,1,3.2,
5.4,1,3.3,
5.4,1,3.4,
5.4,1,3.5,
5.4,1,3.6,
5.5,1,0,
5.5,1,0.1,
5.5,1,0.2,
5.5,1,0.3,
5.5,1,0.4,
5.5,1,0.5,
5.5,1,0.6,
5.5,1,0.7,
5.5,1,0.8,
5.5,1,0.9,
5.5,1,1,
5.5,1,1.1,
5.5,1,1.2,
5.5,1,1.3,
5.5,1,1.4,
5.5,1,1.5,
5.5,1,1.6,
5.5,1,1.7,
5.5,1,1.8,
5.5,1,1.9,
5.5,1,2,
5.5,1,2.1,
5.5,1,2.2,
5.5,1,2.3,
5.5,1,2.4,
5.5,1,2.5,
5.5,1,2.6,
5.5,1,2.7,
5.5,1,2.8,
5.5,1,2.9,
5.5,1,3,
5.5,1,3.1,
5.5,1,3.2,
5.5,1,3.3,
5.5,1,3.4,
5.5,1,3.5,
5.5,1,3.6,
5.6,1,0,
5.6,1,0.1,
5.6,1,0.2,
5.6,1,0.3,
5.6,1,0.4,
5.6,1,0.5,
5.6,1,0.6,
5.6,1,0.7,
5.6,1,0.8,
5.6,1,0.9,
5.6,1,1,
5.6,1,1.1,
5.6,1,1.2,
5.6,1,1.3,
5.6,1,1.4,
5.6,1,1.5,
5.6,1,1.6,
5.6,1,1.7,
5.6,1,1.8,
5.6,1,1.9,
5.6,1,2,
5.6,1,2.1,
5.6,1,2.2,
5.6,1,2.3,
5.6,1,2.4,
5.6,1,2.5,
5.6,1,2.6,1.148598638
5.6,1,2.7,
5.6,1,2.8,
5.6,1,2.9,
5.6,1,3,
5.6,1,3.1,
5.6,1,3.2,
5.6,1,3.3,
5.6,1,3.4,
5.6,1,3.5,
5.6,1,3.6,
5.7,1,0,
5.7,1,0.1,
5.7,1,0.2,
5.7,1,0.3,
5.7,1,0.4,
5.7,1,0.5,
5.7,1,0.6,1.051171104
5.7,1,0.7,
5.7,1,0.8,1.097337731
5.7,1,0.9,
5.7,1,1,
5.7,1,1.1,
5.7,1,1.2,
5.7,1,1.3,
5.7,1,1.4,
5.7,1,1.5,1.02875144
5.7,1,1.6,
5.7,1,1.7,
5.7,1,1.8,
5.7,1,1.9,
5.7,1,2,
5.7,1,2.1,
5.7,1,2.2,
5.7,1,2.3,
5.7,1,2.4,1.081505948
5.7,1,2.5,
5.7,1,2.6,
5.7,1,2.7,
5.7,1,2.8,
5.7,1,2.9,
5.7,1,3,
5.7,1,3.1,
5.7,1,3.2,
5.7,1,3.3,
5.7,1,3.4,
5.7,1,3.5,
5.7,1,3.6,
5.8,1,0,
5.8,1,0.1,
5.8,1,0.2,
5.8,1,0.3,
5.8,1,0.4,
5.8,1,0.5,
5.8,1,0.6,
5.8,1,0.7,
5.8,1,0.8,
5.8,1,0.9,
5.8,1,1,
5.8,1,1.1,
5.8,1,1.2,
5.8,1,1.3,
5.8,1,1.4,
5.8,1,1.5,
5.8,1,1.6,
5.8,1,1.7,
5.8,1,1.8,
5.8,1,1.9,
5.8,1,2,
5.8,1,2.1,
5.8,1,2.2,
5.8,1,2.3,
5.8,1,2.4,
5.8,1,2.5,
5.8,1,2.6,
5.8,1,2.7,
5.8,1,2.8,
5.8,1,2.9,
5.8,1,3,
5.8,1,3.1,
5.8,1,3.2,
5.8,1,3.3,
5.8,1,3.4,0.998438769
5.8,1,3.5,
5.8,1,3.6,
5.9,1,0,0.990435178
5.9,1,0.1,
5.9,1,0.2,
5.9,1,0.3,
5.9,1,0.4,
5.9,1,0.5,
5.9,1,0.6,
5.9,1,0.7,
5.9,1,0.8,
5.9,1,0.9,
5.9,1,1,
5.9,1,1.1,
5.9,1,1.2,
5.9,1,1.3,
5.9,1,1.4,
5.9,1,1.5,
5.9,1,1.6,
5.9,1,1.7,
5.9,1,1.8,
5.9,1,1.9,
5.9,1,2,
5.9,1,2.1,
5.9,1,2.2,
5.9,1,2.3,
5.9,1,2.4,
5.9,1,2.5,
5.9,1,2.6,
5.9,1,2.7,
5.9,1,2.8,
5.9,1,2.9,
5.9,1,3,
5.9,1,3.1,
5.9,1,3.2,
5.9,1,3.3,
5.9,1,3.4,
5.9,1,3.5,
5.9,1,3.6,
6,1,0,
6,1,0.1,
6,1,0.2,
6,1,0.3,
6,1,0.4,
6,1,0.5,
6,1,0.6,
6,1,0.7,
6,1,0.8,
6,1,0.9,
6,1,1,
6,1,1.1,
6,1,1.2,
6,1,1.3,
6,1,1.4,
6,1,1.5,1.011484617
6,1,1.6,
6,1,1.7,
6,1,1.8,
6,1,1.9,
6,1,2,
6,1,2.1,
6,1,2.2,
6,1,2.3,
6,1,2.4,
6,1,2.5,
6,1,2.6,
6,1,2.7,
6,1,2.8,
6,1,2.9,
6,1,3,
6,1,3.1,
6,1,3.2,
6,1,3.3,
6,1,3.4,
6,1,3.5,
6,1,3.6,
6.1,1,0,
6.1,1,0.1,
6.1,1,0.2,
6.1,1,0.3,
6.1,1,0.4,
6.1,1,0.5,
6.1,1,0.6,
6.1,1,0.7,
6.1,1,0.8,
6.1,1,0.9,
6.1,1,1,
6.1,1,1.1,
6.1,1,1.2,
6.1,1,1.3,
6.1,1,1.4,
6.1,1,1.5,
6.1,1,1.6,0.999343913
6.1,1,1.7,
6.1,1,1.8,
6.1,1,1.9,
6.1,1,2,
6.1,1,2.1,
6.1,1,2.2,
6.1,1,2.3,1.03583283
6.1,1,2.4,
6.1,1,2.5,
6.1,1,2.6,
6.1,1,2.7,
6.1,1,2.8,
6.1,1,2.9,1.087225642
6.1,1,3,
6.1,1,3.1,
6.1,1,3.2,
6.1,1,3.3,
6.1,1,3.4,
6.1,1,3.5,
6.1,1,3.6,
6.2,1,0,
6.2,1,0.1,
6.2,1,0.2,1.003852294
6.2,1,0.3,
6.2,1,0.4,
6.2,1,0.5,
6.2,1,0.6,
6.2,1,0.7,
6.2,1,0.8,
6.2,1,0.9,
6.2,1,1,
6.2,1,1.1,
6.2,1,1.2,
6.2,1,1.3,
6.2,1,1.4,
6.2,1,1.5,
6.2,1,1.6,
6.2,1,1.7,
6.2,1,1.8,
6.2,1,1.9,
6.2,1,2,
6.2,1,2.1,
6.2,1,2.2,
6.2,1,2.3,
6.2,1,2.4,
6.2,1,2.5,
6.2,1,2.6,
6.2,1,2.7,
6.2,1,2.8,
6.2,1,2.9,
6.2,1,3,
6.2,1,3.1,
6.2,1,3.2,
6.2,1,3.3,
6.2,1,3.4,
6.2,1,3.5,
6.2,1,3.6,
6.3,1,0,
6.3,1,0.1,
6.3,1,0.2,
6.3,1,0.3,
6.3,1,0.4,
6.3,1,0.5,
6.3,1,0.6,
6.3,1,0.7,
6.3,1,0.8,
6.3,1,0.9,
6.3,1,1,
6.3,1,1.1,
6.3,1,1.2,
6.3,1,1.3,
6.3,1,1.4,
6.3,1,1.5,
6.3,1,1.6,
6.3,1,1.7,
6.3,1,1.8,
6.3,1,1.9,
6.3,1,2,
6.3,1,2.1,
6.3,1,2.2,
6.3,1,2.3,
6.3,1,2.4,
6.3,1,2.5,
6.3,1,2.6,
6.3,1,2.7,
6.3,1,2.8,
6.3,1,2.9,
6.3,1,3,
6.3,1,3.1,
6.3,1,3.2,
6.3,1,3.3,
6.3,1,3.4,
6.3,1,3.5,
6.3,1,3.6,
6.4,1,0,
6.4,1,0.1,
6.4,1,0.2,
6.4,1,0.3,
6.4,1,0.4,
6.4,1,0.5,
6.4,1,0.6,
6.4,1,0.7,1.107052682
6.4,1,0.8,
6.4,1,0.9,
6.4,1,1,
6.4,1,1.1,
6.4,1,1.2,
6.4,1,1.3,
6.4,1,1.4,
6.4,1,1.5,1.006645051
6.4,1,1.6,
6.4,1,1.7,
6.4,1,1.8,
6.4,1,1.9,
6.4,1,2,
6.4,1,2.1,
6.4,1,2.2,
6.4,1,2.3,
6.4,1,2.4,
6.4,1,2.5,
6.4,1,2.6,
6.4,1,2.7,
6.4,1,2.8,
6.4,1,2.9,
6.4,1,3,
6.4,1,3.1,
6.4,1,3.2,
6.4,1,3.3,
6.4,1,3.4,
6.4,1,3.5,
6.4,1,3.6,
6.5,1,0,
6.5,1,0.1,
6.5,1,0.2,
6.5,1,0.3,
6.5,1,0.4,
6.5,1,0.5,
6.5,1,0.6,
6.5,1,0.7,
6.5,1,0.8,
6.5,1,0.9,
6.5,1,1,
6.5,1,1.1,
6.5,1,1.2,
6.5,1,1.3,
6.5,1,1.4,
6.5,1,1.5,
6.5,1,1.6,
6.5,1,1.7,
6.5,1,1.8,
6.5,1,1.9,
6.5,1,2,
6.5,1,2.1,
6.5,1,2.2,
6.5,1,2.3,
6.5,1,2.4,
6.5,1,2.5,
6.5,1,2.6,
6.5,1,2.7,
6.5,1,2.8,
6.5,1,2.9,
6.5,1,3,
6.5,1,3.1,
6.5,1,3.2,
6.5,1,3.3,
6.5,1,3.4,
6.5,1,3.5,
6.5,1,3.6,
6.6,1,0,
6.6,1,0.1,
6.6,1,0.2,
6.6,1,0.3,
6.6,1,0.4,
6.6,1,0.5,
6.6,1,0.6,
6.6,1,0.7,
6.6,1,0.8,
6.6,1,0.9,
6.6,1,1,1.099278504
6.6,1,1.1,
6.6,1,1.2,
6.6,1,1.3,
6.6,1,1.4,
6.6,1,1.5,
6.6,1,1.6,
6.6,1,1.7,
6.6,1,1.8,
6.6,1,1.9,
6.6,1,2,
6.6,1,2.1,
6.6,1,2.2,
6.6,1,2.3,
6.6,1,2.4,
6.6,1,2.5,
6.6,1,2.6,
6.6,1,2.7,
6.6,1,2.8,
6.6,1,2.9,
6.6,1,3,
6.6,1,3.1,
6.6,1,3.2,
6.6,1,3.3,
6.6,1,3.4,
6.6,1,3.5,
6.6,1,3.6,
6.7,1,0,
6.7,1,0.1,
6.7,1,0.2,
6.7,1,0.3,
6.7,1,0.4,
6.7,1,0.5,
6.7,1,0.6,
6.7,1,0.7,
6.7,1,0.8,
6.7,1,0.9,
6.7,1,1,
6.7,1,1.1,
6.7,1,1.2,
6.7,1,1.3,
6.7,1,1.4,
6.7,1,1.5,
6.7,1,1.6,
6.7,1,1.7,
6.7,1,1.8,
6.7,1,1.9,
6.7,1,2,
6.7,1,2.1,
6.7,1,2.2,
6.7,1,2.3,
6.7,1,2.4,
6.7,1,2.5,
6.7,1,2.6,
6.7,1,2.7,
6.7,1,2.8,
6.7,1,2.9,
6.7,1,3,
6.7,1,3.1,
6.7,1,3.2,
6.7,1,3.3,
6.7,1,3.4,
6.7,1,3.5,
6.7,1,3.6,
6.8,1,0,
6.8,1,0.1,
6.8,1,0.2,
6.8,1,0.3,
6.8,1,0.4,
6.8,1,0.5,
6.8,1,0.6,
6.8,1,0.7,
6.8,1,0.8,
6.8,1,0.9,
6.8,1,1,
6.8,1,1.1,
6.8,1,1.2,
6.8,1,1.3,
6.8,1,1.4,
6.8,1,1.5,
6.8,1,1.6,
6.8,1,1.7,0.993271998
6.8,1,1.8,
6.8,1,1.9,
6.8,1,2,
6.8,1,2.1,
6.8,1,2.2,
6.8,1,2.3,
6.8,1,2.4,
6.8,1,2.5,
6.8,1,2.6,
6.8,1,2.7,
6.8,1,2.8,
6.8,1,2.9,
6.8,1,3,
6.8,1,3.1,
6.8,1,3.2,
6.8,1,3.3,
6.8,1,3.4,
6.8,1,3.5,
6.8,1,3.6,
6.9,1,0,
6.9,1,0.1,
6.9,1,0.2,
6.9,1,0.3,
6.9,1,0.4,
6.9,1,0.5,
6.9,1,0.6,
6.9,1,0.7,
6.9,1,0.8,
6.9,1,0.9,
6.9,1,1,
6.9,1,1.1,
6.9,1,1.2,
6.9,1,1.3,
6.9,1,1.4,
6.9,1,1.5,
6.9,1,1.6,
6.9,1,1.7,
6.9,1,1.8,
6.9,1,1.9,
6.9,1,2,
6.9,1,2.1,
6.9,1,2.2,
6.9,1,2.3,
6.9,1,2.4,
6.9,1,2.5,
6.9,1,2.6,
6.9,1,2.7,
6.9,1,2.8,
6.9,1,2.9,
6.9,1,3,
6.9,1,3.1,
6.9,1,3.2,
6.9,1,3.3,
6.9,1,3.4,
6.9,1,3.5,
6.9,1,3.6,
7,1,0,0.991093568
7,1,0.1,
7,1,0.2,
7,1,0.3,
7,1,0.4,
7,1,0.5,
7,1,0.6,
7,1,0.7,
7,1,0.8,
7,1,0.9,
7,1,1,1.114787914
7,1,1.1,
7,1,1.2,
7,1,1.3,
7,1,1.4,
7,1,1.5,
7,1,1.6,
7,1,1.7,
7,1,1.8,
7,1,1.9,
7,1,2,
7,1,2.1,
7,1,2.2,
7,1,2.3,
7,1,2.4,
7,1,2.5,
7,1,2.6,
7,1,2.7,
7,1,2.8,
7,1,2.9,
7,1,3,
7,1,3.1,
7,1,3.2,
7,1,3.3,
7,1,3.4,
7,1,3.5,
7,1,3.6,
7.1,1,0,
7.1,1,0.1,
7.1,1,0.2,
7.1,1,0.3,
7.1,1,0.4,
7.1,1,0.5,
7.1,1,0.6,
7.1,1,0.7,
7.1,1,0.8,
7.1,1,0.9,
7.1,1,1,
7.1,1,1.1,
7.1,1,1.2,
7.1,1,1.3,1.050545406
7.1,1,1.4,
7.1,1,1.5,
7.1,1,1.6,
7.1,1,1.7,
7.1,1,1.8,
7.1,1,1.9,
7.1,1,2,
7.1,1,2.1,
7.1,1,2.2,
7.1,1,2.3,
7.1,1,2.4,
7.1,1,2.5,
7.1,1,2.6,
7.1,1,2.7,
7.1,1,2.8,
7.1,1,2.9,
7.1,1,3,
7.1,1,3.1,
7.1,1,3.2,
7.1,1,3.3,
7.1,1,3.4,
7.1,1,3.5,
7.1,1,3.6,
7.2,1,0,
7.2,1,0.1,
7.2,1,0.2,
7.2,1,0.3,
7.2,1,0.4,
7.2,1,0.5,
7.2,1,0.6,
7.2,1,0.7,1.068150236
7.2,1,0.8,
7.2,1,0.9,
7.2,1,1,
7.2,1,1.1,
7.2,1,1.2,
7.2,1,1.3,
7.2,1,1.4,
7.2,1,1.5,
7.2,1,1.6,
7.2,1,1.7,
7.2,1,1.8,
7.2,1,1.9,
7.2,1,2,
7.2,1,2.1,
7.2,1,2.2,
7.2,1,2.3,
7.2,1,2.4,
7.2,1,2.5,
7.2,1,2.6,
7.2,1,2.7,
7.2,1,2.8,
7.2,1,2.9,
7.2,1,3,
7.2,1,3.1,
7.2,1,3.2,
7.2,1,3.3,
7.2,1,3.4,
7.2,1,3.5,
7.2,1,3.6,
7.3,1,0,
7.3,1,0.1,
7.3,1,0.2,
7.3,1,0.3,
7.3,1,0.4,
7.3,1,0.5,
7.3,1,0.6,
7.3,1,0.7,
7.3,1,0.8,
7.3,1,0.9,
7.3,1,1,
7.3,1,1.1,
7.3,1,1.2,
7.3,1,1.3,
7.3,1,1.4,
7.3,1,1.5,
7.3,1,1.6,
7.3,1,1.7,
7.3,1,1.8,
7.3,1,1.9,
7.3,1,2,
7.3,1,2.1,
7.3,1,2.2,
7.3,1,2.3,
7.3,1,2.4,
7.3,1,2.5,
7.3,1,2.6,
7.3,1,2.7,
7.3,1,2.8,
7.3,1,2.9,
7.3,1,3,1.056490248
7.3,1,3.1,
7.3,1,3.2,
7.3,1,3.3,
7.3,1,3.4,
7.3,1,3.5,
7.3,1,3.6,
7.4,1,0,
7.4,1,0.1,
7.4,1,0.2,
7.4,1,0.3,
7.4,1,0.4,
7.4,1,0.5,
7.4,1,0.6,
7.4,1,0.7,
7.4,1,0.8,
7.4,1,0.9,
7.4,1,1,
7.4,1,1.1,
7.4,1,1.2,
7.4,1,1.3,
7.4,1,1.4,
7.4,1,1.5,
7.4,1,1.6,
7.4,1,1.7,
7.4,1,1.8,
7.4,1,1.9,
7.4,1,2,
7.4,1,2.1,
7.4,1,2.2,
7.4,1,2.3,
7.4,1,2.4,
7.4,1,2.5,
7.4,1,2.6,
7.4,1,2.7,
7.4,1,2.8,
7.4,1,2.9,
7.4,1,3,
7.4,1,3.1,
7.4,1,3.2,
7.4,1,3.3,
7.4,1,3.4,
7.4,1,3.5,
7.4,1,3.6,
7.5,1,0,
7.5,1,0.1,
7.5,1,0.2,
7.5,1,0.3,
7.5,1,0.4,
7.5,1,0.5,
7.5,1,0.6,
7.5,1,0.7,
7.5,1,0.8,
7.5,1,0.9,
7.5,1,1,
7.5,1,1.1,
7.5,1,1.2,
7.5,1,1.3,
7.5,1,1.4,
7.5,1,1.5,
7.5,1,1.6,
7.5,1,1.7,
7.5,1,1.8,
7.5,1,1.9,
7.5,1,2,
7.5,1,2.1,
7.5,1,2.2,1.032096835
7.5,1,2.3,
7.5,1,2.4,
7.5,1,2.5,
7.5,1,2.6,
7.5,1,2.7,
7.5,1,2.8,
7.5,1,2.9,
7.5,1,3,1.052621495
7.5,1,3.1,
7.5,1,3.2,
7.5,1,3.3,
7.5,1,3.4,
7.5,1,3.5,0.992717085
7.5,1,3.6,
7.6,1,0,
7.6,1,0.1,
7.6,1,0.2,
7.6,1,0.3,
7.6,1,0.4,
7.6,1,0.5,
7.6,1,0.6,
7.6,1,0.7,
7.6,1,0.8,
7.6,1,0.9,
7.6,1,1,
7.6,1,1.1,
7.6,1,1.2,
7.6,1,1.3,
7.6,1,1.4,
7.6,1,1.5,
7.6,1,1.6,
7.6,1,1.7,1.000000598
7.6,1,1.8,
7.6,1,1.9,
7.6,1,2,
7.6,1,2.1,
7.6,1,2.2,
7.6,1,2.3,
7.6,1,2.4,
7.6,1,2.5,
7.6,1,2.6,
7.6,1,2.7,
7.6,1,2.8,
7.6,1,2.9,1.077386461
7.6,1,3,
7.6,1,3.1,
7.6,1,3.2,
7.6,1,3.3,
7.6,1,3.4,
7.6,1,3.5,
7.6,1,3.6,0.990619106
7.7,1,0,
7.7,1,0.1,
7.7,1,0.2,
7.7,1,0.3,
7.7,1,0.4,
7.7,1,0.5,
7.7,1,0.6,
7.7,1,0.7,
7.7,1,0.8,
7.7,1,0.9,
7.7,1,1,
7.7,1,1.1,
7.7,1,1.2,
7.7,1,1.3,
7.7,1,1.4,
7.7,1,1.5,
7.7,1,1.6,
7.7,1,1.7,
7.7,1,1.8,
7.7,1,1.9,
7.7,1,2,
7.7,1,2.1,
7.7,1,2.2,
7.7,1,2.3,
7.7,1,2.4,
7.7,1,2.5,
7.7,1,2.6,
7.7,1,2.7,
7.7,1,2.8,
7.7,1,2.9,
7.7,1,3,
7.7,1,3.1,
7.7,1,3.2,
7.7,1,3.3,
7.7,1,3.4,0.999929528
7.7,1,3.5,
7.7,1,3.6,
7.8,1,0,
7.8,1,0.1,0.996157714
7.8,1,0.2,
7.8,1,0.3,
7.8,1,0.4,
7.8,1,0.5,
7.8,1,0.6,
7.8,1,0.7,
7.8,1,0.8,1.156979751
7.8,1,0.9,
7.8,1,1,
7.8,1,1.1,
7.8,1,1.2,
7.8,1,1.3,
7.8,1,1.4,
7.8,1,1.5,
7.8,1,1.6,
7.8,1,1.7,
7.8,1,1.8,
7.8,1,1.9,
7.8,1,2,
7.8,1,2.1,
7.8,1,2.2,
7.8,1,2.3,
7.8,1,2.4,
7.8,1,2.5,
7.8,1,2.6,
7.8,1,2.7,
7.8,1,2.8,
7.8,1,2.9,
7.8,1,3,1.064500094
7.8,1,3.1,1.044346702
7.8,1,3.2,
7.8,1,3.3,
7.8,1,3.4,1.002667703
7.8,1,3.5,
7.8,1,3.6,
7.9,1,0,
7.9,1,0.1,
7.9,1,0.2,
7.9,1,0.3,
7.9,1,0.4,
7.9,1,0.5,
7.9,1,0.6,
7.9,1,0.7,
7.9,1,0.8,
7.9,1,0.9,
7.9,1,1,
7.9,1,1.1,
7.9,1,1.2,
7.9,1,1.3,
7.9,1,1.4,
7.9,1,1.5,
7.9,1,1.6,0.99808342
7.9,1,1.7,
7.9,1,1.8,
7.9,1,1.9,
7.9,1,2,
7.9,1,2.1,
7.9,1,2.2,
7.9,1,2.3,
7.9,1,2.4,1.050350675
7.9,1,2.5,
7.9,1,2.6,1.094179107
7.9,1,2.7,
7.9,1,2.8,
7.9,1,2.9,
7.9,1,3,
7.9,1,3.1,1.050783916
7.9,1,3.2,1.030162601
7.9,1,3.3,
7.9,1,3.4,
7.9,1,3.5,
7.9,1,3.6,
8,1,0,
8,1,0.1,
8,1,0.2,
8,1,0.3,1.022218708
8,1,0.4,
8,1,0.5,
8,1,0.6,
8,1,0.7,
8,1,0.8,1.151470993
8,1,0.9,
8,1,1,
8,1,1.1,
8,1,1.2,
8,1,1.3,
8,1,1.4,
8,1,1.5,
8,1,1.6,
8,1,1.7,
8,1,1.8,
8,1,1.9,
8,1,2,
8,1,2.1,
8,1,2.2,
8,1,2.3,
8,1,2.4,
8,1,2.5,
8,1,2.6,
8,1,2.7,
8,1,2.8,
8,1,2.9,2.231758237
8,1,3,
8,1,3.1,1.058873359
8,1,3.2,
8,1,3.3,
8,1,3.4,
8,1,3.5,
8,1,3.6,
0,1.1,0,
0,1.1,0.1,
0,1.1,0.2,
0,1.1,0.3,
0,1.1,0.4,
0,1.1,0.5,
0,1.1,0.6,
0,1.1,0.7,
0,1.1,0.8,
0,1.1,0.9,
0,1.1,1,
0,1.1,1.1,
0,1.1,1.2,
0,1.1,1.3,
0,1.1,1.4,
0,1.1,1.5,
0,1.1,1.6,
0,1.1,1.7,
0,1.1,1.8,
0,1.1,1.9,
0,1.1,2,
0,1.1,2.1,
0,1.1,2.2,
0,1.1,2.3,
0,1.1,2.4,
0,1.1,2.5,
0,1.1,2.6,
0,1.1,2.7,
0,1.1,2.8,
0,1.1,2.9,
0,1.1,3,
0,1.1,3.1,
0,1.1,3.2,
0,1.1,3.3,
0,1.1,3.4,
0,1.1,3.5,
0,1.1,3.6,
0.1,1.1,0,
0.1,1.1,0.1,
0.1,1.1,0.2,
0.1,1.1,0.3,1.005630459
0.1,1.1,0.4,
0.1,1.1,0.5,
0.1,1.1,0.6,
0.1,1.1,0.7,
0.1,1.1,0.8,
0.1,1.1,0.9,
0.1,1.1,1,
0.1,1.1,1.1,
0.1,1.1,1.2,
0.1,1.1,1.3,
0.1,1.1,1.4,
0.1,1.1,1.5,
0.1,1.1,1.6,
0.1,1.1,1.7,
0.1,1.1,1.8,
0.1,1.1,1.9,
0.1,1.1,2,
0.1,1.1,2.1,
0.1,1.1,2.2,
0.1,1.1,2.3,
0.1,1.1,2.4,
0.1,1.1,2.5,
0.1,1.1,2.6,
0.1,1.1,2.7,
0.1,1.1,2.8,
0.1,1.1,2.9,1.145820379
0.1,1.1,3,
0.1,1.1,3.1,
0.1,1.1,3.2,
0.1,1.1,3.3,
0.1,1.1,3.4,
0.1,1.1,3.5,
0.1,1.1,3.6,
0.2,1.1,0,
0.2,1.1,0.1,
0.2,1.1,0.2,
0.2,1.1,0.3,
0.2,1.1,0.4,
0.2,1.1,0.5,
0.2,1.1,0.6,
0.2,1.1,0.7,
0.2,1.1,0.8,
0.2,1.1,0.9,
0.2,1.1,1,
0.2,1.1,1.1,
0.2,1.1,1.2,
0.2,1.1,1.3,
0.2,1.1,1.4,
0.2,1.1,1.5,0.9813536
0.2,1.1,1.6,
0.2,1.1,1.7,
0.2,1.1,1.8,
0.2,1.1,1.9,
0.2,1.1,2,
0.2,1.1,2.1,
0.2,1.1,2.2,
0.2,1.1,2.3,
0.2,1.1,2.4,
0.2,1.1,2.5,
0.2,1.1,2.6,
0.2,1.1,2.7,
0.2,1.1,2.8,
0.2,1.1,2.9,
0.2,1.1,3,
0.2,1.1,3.1,
0.2,1.1,3.2,
0.2,1.1,3.3,
0.2,1.1,3.4,
0.2,1.1,3.5,
0.2,1.1,3.6,
0.3,1.1,0,
0.3,1.1,0.1,
0.3,1.1,0.2,
0.3,1.1,0.3,
0.3,1.1,0.4,
0.3,1.1,0.5,
0.3,1.1,0.6,
0.3,1.1,0.7,
0.3,1.1,0.8,
0.3,1.1,0.9,
0.3,1.1,1,
0.3,1.1,1.1,
0.3,1.1,1.2,
0.3,1.1,1.3,
0.3,1.1,1.4,
0.3,1.1,1.5,
0.3,1.1,1.6,
0.3,1.1,1.7,
0.3,1.1,1.8,
0.3,1.1,1.9,
0.3,1.1,2,
0.3,1.1,2.1,
0.3,1.1,2.2,
0.3,1.1,2.3,
0.3,1.1,2.4,
0.3,1.1,2.5,
0.3,1.1,2.6,
0.3,1.1,2.7,1.094201281
0.3,1.1,2.8,
0.3,1.1,2.9,
0.3,1.1,3,
0.3,1.1,3.1,
0.3,1.1,3.2,
0.3,1.1,3.3,
0.3,1.1,3.4,
0.3,1.1,3.5,
0.3,1.1,3.6,
0.4,1.1,0,
0.4,1.1,0.1,
0.4,1.1,0.2,
0.4,1.1,0.3,
0.4,1.1,0.4,
0.4,1.1,0.5,
0.4,1.1,0.6,
0.4,1.1,0.7,1.049424494
0.4,1.1,0.8,
0.4,1.1,0.9,
0.4,1.1,1,1.077933698
0.4,1.1,1.1,
0.4,1.1,1.2,
0.4,1.1,1.3,
0.4,1.1,1.4,
0.4,1.1,1.5,
0.4,1.1,1.6,
0.4,1.1,1.7,
0.4,1.1,1.8,
0.4,1.1,1.9,
0.4,1.1,2,
0.4,1.1,2.1,
0.4,1.1,2.2,
0.4,1.1,2.3,
0.4,1.1,2.4,
0.4,1.1,2.5,1.051129031
0.4,1.1,2.6,
0.4,1.1,2.7,
0.4,1.1,2.8,
0.4,1.1,2.9,
0.4,1.1,3,
0.4,1.1,3.1,
0.4,1.1,3.2,
0.4,1.1,3.3,
0.4,1.1,3.4,
0.4,1.1,3.5,
0.4,1.1,3.6,
0.5,1.1,0,
0.5,1.1,0.1,
0.5,1.1,0.2,
0.5,1.1,0.3,
0.5,1.1,0.4,
0.5,1.1,0.5,
0.5,1.1,0.6,
0.5,1.1,0.7,
0.5,1.1,0.8,
0.5,1.1,0.9,
0.5,1.1,1,
0.5,1.1,1.1,
0.5,1.1,1.2,
0.5,1.1,1.3,
0.5,1.1,1.4,
0.5,1.1,1.5,
0.5,1.1,1.6,
0.5,1.1,1.7,
0.5,1.1,1.8,
0.5,1.1,1.9,
0.5,1.1,2,
0.5,1.1,2.1,
0.5,1.1,2.2,
0.5,1.1,2.3,
0.5,1.1,2.4,
0.5,1.1,2.5,
0.5,1.1,2.6,
0.5,1.1,2.7,
0.5,1.1,2.8,
0.5,1.1,2.9,
0.5,1.1,3,
0.5,1.1,3.1,
0.5,1.1,3.2,
0.5,1.1,3.3,
0.5,1.1,3.4,
0.5,1.1,3.5,
0.5,1.1,3.6,
0.6,1.1,0,
0.6,1.1,0.1,
0.6,1.1,0.2,
0.6,1.1,0.3,
0.6,1.1,0.4,
0.6,1.1,0.5,
0.6,1.1,0.6,
0.6,1.1,0.7,
0.6,1.1,0.8,
0.6,1.1,0.9,
0.6,1.1,1,
0.6,1.1,1.1,
0.6,1.1,1.2,
0.6,1.1,1.3,
0.6,1.1,1.4,
0.6,1.1,1.5,
0.6,1.1,1.6,
0.6,1.1,1.7,
0.6,1.1,1.8,
0.6,1.1,1.9,
0.6,1.1,2,
0.6,1.1,2.1,
0.6,1.1,2.2,
0.6,1.1,2.3,
0.6,1.1,2.4,
0.6,1.1,2.5,
0.6,1.1,2.6,
0.6,1.1,2.7,
0.6,1.1,2.8,
0.6,1.1,2.9,
0.6,1.1,3,
0.6,1.1,3.1,
0.6,1.1,3.2,
0.6,1.1,3.3,
0.6,1.1,3.4,0.972390283
0.6,1.1,3.5,
0.6,1.1,3.6,
0.7,1.1,0,
0.7,1.1,0.1,
0.7,1.1,0.2,
0.7,1.1,0.3,
0.7,1.1,0.4,
0.7,1.1,0.5,
0.7,1.1,0.6,
0.7,1.1,0.7,
0.7,1.1,0.8,
0.7,1.1,0.9,
0.7,1.1,1,
0.7,1.1,1.1,
0.7,1.1,1.2,
0.7,1.1,1.3,
0.7,1.1,1.4,
0.7,1.1,1.5,
0.7,1.1,1.6,
0.7,1.1,1.7,
0.7,1.1,1.8,
0.7,1.1,1.9,
0.7,1.1,2,
0.7,1.1,2.1,
0.7,1.1,2.2,
0.7,1.1,2.3,
0.7,1.1,2.4,
0.7,1.1,2.5,
0.7,1.1,2.6,
0.7,1.1,2.7,
0.7,1.1,2.8,
0.7,1.1,2.9,
0.7,1.1,3,
0.7,1.1,3.1,
0.7,1.1,3.2,
0.7,1.1,3.3,
0.7,1.1,3.4,
0.7,1.1,3.5,
0.7,1.1,3.6,
0.8,1.1,0,
0.8,1.1,0.1,
0.8,1.1,0.2,
0.8,1.1,0.3,
0.8,1.1,0.4,
0.8,1.1,0.5,
0.8,1.1,0.6,
0.8,1.1,0.7,
0.8,1.1,0.8,
0.8,1.1,0.9,
0.8,1.1,1,
0.8,1.1,1.1,
0.8,1.1,1.2,
0.8,1.1,1.3,
0.8,1.1,1.4,
0.8,1.1,1.5,
0.8,1.1,1.6,
0.8,1.1,1.7,
0.8,1.1,1.8,
0.8,1.1,1.9,
0.8,1.1,2,
0.8,1.1,2.1,
0.8,1.1,2.2,
0.8,1.1,2.3,
0.8,1.1,2.4,
0.8,1.1,2.5,
0.8,1.1,2.6,
0.8,1.1,2.7,
0.8,1.1,2.8,
0.8,1.1,2.9,
0.8,1.1,3,
0.8,1.1,3.1,
0.8,1.1,3.2,
0.8,1.1,3.3,
0.8,1.1,3.4,
0.8,1.1,3.5,
0.8,1.1,3.6,
0.9,1.1,0,
0.9,1.1,0.1,
0.9,1.1,0.2,
0.9,1.1,0.3,
0.9,1.1,0.4,
0.9,1.1,0.5,
0.9,1.1,0.6,
0.9,1.1,0.7,
0.9,1.1,0.8,
0.9,1.1,0.9,
0.9,1.1,1,
0.9,1.1,1.1,
0.9,1.1,1.2,
0.9,1.1,1.3,
0.9,1.1,1.4,
0.9,1.1,1.5,
0.9,1.1,1.6,
0.9,1.1,1.7,
0.9,1.1,1.8,
0.9,1.1,1.9,
0.9,1.1,2,
0.9,1.1,2.1,
0.9,1.1,2.2,
0.9,1.1,2.3,
0.9,1.1,2.4,
0.9,1.1,2.5,
0.9,1.1,2.6,
0.9,1.1,2.7,
0.9,1.1,2.8,1.157996617
0.9,1.1,2.9,
0.9,1.1,3,
0.9,1.1,3.1,
0.9,1.1,3.2,
0.9,1.1,3.3,
0.9,1.1,3.4,
0.9,1.1,3.5,
0.9,1.1,3.6,
1,1.1,0,
1,1.1,0.1,
1,1.1,0.2,
1,1.1,0.3,
1,1.1,0.4,
1,1.1,0.5,
1,1.1,0.6,
1,1.1,0.7,
1,1.1,0.8,
1,1.1,0.9,
1,1.1,1,
1,1.1,1.1,
1,1.1,1.2,
1,1.1,1.3,
1,1.1,1.4,
1,1.1,1.5,
1,1.1,1.6,
1,1.1,1.7,
1,1.1,1.8,
1,1.1,1.9,
1,1.1,2,
1,1.1,2.1,
1,1.1,2.2,
1,1.1,2.3,
1,1.1,2.4,
1,1.1,2.5,
1,1.1,2.6,
1,1.1,2.7,
1,1.1,2.8,1.146354539
1,1.1,2.9,
1,1.1,3,
1,1.1,3.1,
1,1.1,3.2,
1,1.1,3.3,
1,1.1,3.4,
1,1.1,3.5,
1,1.1,3.6,
1.1,1.1,0,
1.1,1.1,0.1,
1.1,1.1,0.2,
1.1,1.1,0.3,
1.1,1.1,0.4,
1.1,1.1,0.5,
1.1,1.1,0.6,
1.1,1.1,0.7,
1.1,1.1,0.8,
1.1,1.1,0.9,
1.1,1.1,1,
1.1,1.1,1.1,
1.1,1.1,1.2,
1.1,1.1,1.3,
1.1,1.1,1.4,
1.1,1.1,1.5,
1.1,1.1,1.6,
1.1,1.1,1.7,
1.1,1.1,1.8,
1.1,1.1,1.9,
1.1,1.1,2,
1.1,1.1,2.1,
1.1,1.1,2.2,
1.1,1.1,2.3,
1.1,1.1,2.4,
1.1,1.1,2.5,
1.1,1.1,2.6,
1.1,1.1,2.7,
1.1,1.1,2.8,
1.1,1.1,2.9,
1.1,1.1,3,
1.1,1.1,3.1,
1.1,1.1,3.2,
1.1,1.1,3.3,
1.1,1.1,3.4,
1.1,1.1,3.5,
1.1,1.1,3.6,
1.2,1.1,0,
1.2,1.1,0.1,
1.2,1.1,0.2,
1.2,1.1,0.3,
1.2,1.1,0.4,
1.2,1.1,0.5,
1.2,1.1,0.6,
1.2,1.1,0.7,
1.2,1.1,0.8,
1.2,1.1,0.9,
1.2,1.1,1,
1.2,1.1,1.1,
1.2,1.1,1.2,
1.2,1.1,1.3,
1.2,1.1,1.4,
1.2,1.1,1.5,
1.2,1.1,1.6,
1.2,1.1,1.7,
1.2,1.1,1.8,
1.2,1.1,1.9,
1.2,1.1,2,
1.2,1.1,2.1,
1.2,1.1,2.2,
1.2,1.1,2.3,
1.2,1.1,2.4,
1.2,1.1,2.5,
1.2,1.1,2.6,
1.2,1.1,2.7,
1.2,1.1,2.8,
1.2,1.1,2.9,
1.2,1.1,3,
1.2,1.1,3.1,
1.2,1.1,3.2,
1.2,1.1,3.3,
1.2,1.1,3.4,
1.2,1.1,3.5,
1.2,1.1,3.6,
1.3,1.1,0,
1.3,1.1,0.1,
1.3,1.1,0.2,
1.3,1.1,0.3,
1.3,1.1,0.4,
1.3,1.1,0.5,
1.3,1.1,0.6,
1.3,1.1,0.7,
1.3,1.1,0.8,
1.3,1.1,0.9,
1.3,1.1,1,
1.3,1.1,1.1,
1.3,1.1,1.2,
1.3,1.1,1.3,
1.3,1.1,1.4,
1.3,1.1,1.5,
1.3,1.1,1.6,
1.3,1.1,1.7,
1.3,1.1,1.8,
1.3,1.1,1.9,
1.3,1.1,2,
1.3,1.1,2.1,
1.3,1.1,2.2,
1.3,1.1,2.3,
1.3,1.1,2.4,
1.3,1.1,2.5,
1.3,1.1,2.6,
1.3,1.1,2.7,
1.3,1.1,2.8,
1.3,1.1,2.9,
1.3,1.1,3,
1.3,1.1,3.1,
1.3,1.1,3.2,
1.3,1.1,3.3,
1.3,1.1,3.4,
1.3,1.1,3.5,
1.3,1.1,3.6,
1.4,1.1,0,
1.4,1.1,0.1,
1.4,1.1,0.2,
1.4,1.1,0.3,
1.4,1.1,0.4,
1.4,1.1,0.5,
1.4,1.1,0.6,1.098337256
1.4,1.1,0.7,
1.4,1.1,0.8,1.125969176
1.4,1.1,0.9,
1.4,1.1,1,
1.4,1.1,1.1,
1.4,1.1,1.2,
1.4,1.1,1.3,
1.4,1.1,1.4,
1.4,1.1,1.5,
1.4,1.1,1.6,
1.4,1.1,1.7,0.966927294
1.4,1.1,1.8,
1.4,1.1,1.9,
1.4,1.1,2,
1.4,1.1,2.1,
1.4,1.1,2.2,
1.4,1.1,2.3,
1.4,1.1,2.4,
1.4,1.1,2.5,
1.4,1.1,2.6,
1.4,1.1,2.7,
1.4,1.1,2.8,
1.4,1.1,2.9,
1.4,1.1,3,
1.4,1.1,3.1,
1.4,1.1,3.2,
1.4,1.1,3.3,
1.4,1.1,3.4,
1.4,1.1,3.5,
1.4,1.1,3.6,
1.5,1.1,0,
1.5,1.1,0.1,
1.5,1.1,0.2,
1.5,1.1,0.3,
1.5,1.1,0.4,
1.5,1.1,0.5,
1.5,1.1,0.6,
1.5,1.1,0.7,
1.5,1.1,0.8,
1.5,1.1,0.9,
1.5,1.1,1,
1.5,1.1,1.1,
1.5,1.1,1.2,
1.5,1.1,1.3,
1.5,1.1,1.4,
1.5,1.1,1.5,
1.5,1.1,1.6,
1.5,1.1,1.7,
1.5,1.1,1.8,
1.5,1.1,1.9,
1.5,1.1,2,
1.5,1.1,2.1,
1.5,1.1,2.2,0.989180654
1.5,1.1,2.3,
1.5,1.1,2.4,
1.5,1.1,2.5,
1.5,1.1,2.6,
1.5,1.1,2.7,
1.5,1.1,2.8,
1.5,1.1,2.9,
1.5,1.1,3,
1.5,1.1,3.1,
1.5,1.1,3.2,
1.5,1.1,3.3,
1.5,1.1,3.4,
1.5,1.1,3.5,
1.5,1.1,3.6,
1.6,1.1,0,
1.6,1.1,0.1,
1.6,1.1,0.2,
1.6,1.1,0.3,
1.6,1.1,0.4,
1.6,1.1,0.5,
1.6,1.1,0.6,
1.6,1.1,0.7,
1.6,1.1,0.8,
1.6,1.1,0.9,
1.6,1.1,1,
1.6,1.1,1.1,
1.6,1.1,1.2,
1.6,1.1,1.3,
1.6,1.1,1.4,
1.6,1.1,1.5,
1.6,1.1,1.6,
1.6,1.1,1.7,
1.6,1.1,1.8,
1.6,1.1,1.9,
1.6,1.1,2,
1.6,1.1,2.1,
1.6,1.1,2.2,
1.6,1.1,2.3,
1.6,1.1,2.4,
1.6,1.1,2.5,
1.6,1.1,2.6,
1.6,1.1,2.7,
1.6,1.1,2.8,
1.6,1.1,2.9,
1.6,1.1,3,
1.6,1.1,3.1,
1.6,1.1,3.2,
1.6,1.1,3.3,
1.6,1.1,3.4,
1.6,1.1,3.5,
1.6,1.1,3.6,
1.7,1.1,0,
1.7,1.1,0.1,
1.7,1.1,0.2,
1.7,1.1,0.3,
1.7,1.1,0.4,
1.7,1.1,0.5,
1.7,1.1,0.6,
1.7,1.1,0.7,
1.7,1.1,0.8,
1.7,1.1,0.9,
1.7,1.1,1,
1.7,1.1,1.1,
1.7,1.1,1.2,
1.7,1.1,1.3,
1.7,1.1,1.4,
1.7,1.1,1.5,
1.7,1.1,1.6,
1.7,1.1,1.7,
1.7,1.1,1.8,
1.7,1.1,1.9,
1.7,1.1,2,
1.7,1.1,2.1,
1.7,1.1,2.2,
1.7,1.1,2.3,
1.7,1.1,2.4,
1.7,1.1,2.5,
1.7,1.1,2.6,
1.7,1.1,2.7,
1.7,1.1,2.8,
1.7,1.1,2.9,
1.7,1.1,3,
1.7,1.1,3.1,
1.7,1.1,3.2,
1.7,1.1,3.3,
1.7,1.1,3.4,
1.7,1.1,3.5,
1.7,1.1,3.6,
1.8,1.1,0,
1.8,1.1,0.1,
1.8,1.1,0.2,
1.8,1.1,0.3,
1.8,1.1,0.4,
1.8,1.1,0.5,
1.8,1.1,0.6,
1.8,1.1,0.7,
1.8,1.1,0.8,
1.8,1.1,0.9,
1.8,1.1,1,
1.8,1.1,1.1,
1.8,1.1,1.2,
1.8,1.1,1.3,
1.8,1.1,1.4,
1.8,1.1,1.5,
1.8,1.1,1.6,
1.8,1.1,1.7,
1.8,1.1,1.8,
1.8,1.1,1.9,
1.8,1.1,2,
1.8,1.1,2.1,
1.8,1.1,2.2,
1.8,1.1,2.3,
1.8,1.1,2.4,
1.8,1.1,2.5,
1.8,1.1,2.6,1.066924425
1.8,1.1,2.7,
1.8,1.1,2.8,
1.8,1.1,2.9,
1.8,1.1,3,
1.8,1.1,3.1,
1.8,1.1,3.2,
1.8,1.1,3.3,
1.8,1.1,3.4,
1.8,1.1,3.5,
1.8,1.1,3.6,
1.9,1.1,0,
1.9,1.1,0.1,
1.9,1.1,0.2,
1.9,1.1,0.3,
1.9,1.1,0.4,
1.9,1.1,0.5,
1.9,1.1,0.6,
1.9,1.1,0.7,
1.9,1.1,0.8,
1.9,1.1,0.9,
1.9,1.1,1,
1.9,1.1,1.1,
1.9,1.1,1.2,
1.9,1.1,1.3,
1.9,1.1,1.4,
1.9,1.1,1.5,
1.9,1.1,1.6,
1.9,1.1,1.7,
1.9,1.1,1.8,
1.9,1.1,1.9,
1.9,1.1,2,
1.9,1.1,2.1,
1.9,1.1,2.2,
1.9,1.1,2.3,
1.9,1.1,2.4,
1.9,1.1,2.5,
1.9,1.1,2.6,
1.9,1.1,2.7,
1.9,1.1,2.8,
1.9,1.1,2.9,
1.9,1.1,3,
1.9,1.1,3.1,
1.9,1.1,3.2,
1.9,1.1,3.3,
1.9,1.1,3.4,
1.9,1.1,3.5,
1.9,1.1,3.6,
2,1.1,0,
2,1.1,0.1,
2,1.1,0.2,
2,1.1,0.3,
2,1.1,0.4,
2,1.1,0.5,
2,1.1,0.6,
2,1.1,0.7,
2,1.1,0.8,
2,1.1,0.9,
2,1.1,1,
2,1.1,1.1,1.054278273
2,1.1,1.2,
2,1.1,1.3,
2,1.1,1.4,
2,1.1,1.5,
2,1.1,1.6,
2,1.1,1.7,
2,1.1,1.8,
2,1.1,1.9,
2,1.1,2,
2,1.1,2.1,
2,1.1,2.2,
2,1.1,2.3,
2,1.1,2.4,
2,1.1,2.5,
2,1.1,2.6,
2,1.1,2.7,
2,1.1,2.8,
2,1.1,2.9,
2,1.1,3,
2,1.1,3.1,
2,1.1,3.2,
2,1.1,3.3,
2,1.1,3.4,
2,1.1,3.5,
2,1.1,3.6,
2.1,1.1,0,
2.1,1.1,0.1,
2.1,1.1,0.2,
2.1,1.1,0.3,
2.1,1.1,0.4,
2.1,1.1,0.5,
2.1,1.1,0.6,
2.1,1.1,0.7,
2.1,1.1,0.8,
2.1,1.1,0.9,
2.1,1.1,1,
2.1,1.1,1.1,
2.1,1.1,1.2,
2.1,1.1,1.3,
2.1,1.1,1.4,
2.1,1.1,1.5,
2.1,1.1,1.6,
2.1,1.1,1.7,
2.1,1.1,1.8,
2.1,1.1,1.9,
2.1,1.1,2,
2.1,1.1,2.1,
2.1,1.1,2.2,
2.1,1.1,2.3,
2.1,1.1,2.4,
2.1,1.1,2.5,
2.1,1.1,2.6,
2.1,1.1,2.7,
2.1,1.1,2.8,
2.1,1.1,2.9,
2.1,1.1,3,
2.1,1.1,3.1,
2.1,1.1,3.2,
2.1,1.1,3.3,
2.1,1.1,3.4,
2.1,1.1,3.5,
2.1,1.1,3.6,
2.2,1.1,0,
2.2,1.1,0.1,
2.2,1.1,0.2,0.971781642
2.2,1.1,0.3,
2.2,1.1,0.4,
2.2,1.1,0.5,
2.2,1.1,0.6,
2.2,1.1,0.7,
2.2,1.1,0.8,
2.2,1.1,0.9,
2.2,1.1,1,
2.2,1.1,1.1,
2.2,1.1,1.2,
2.2,1.1,1.3,
2.2,1.1,1.4,
2.2,1.1,1.5,
2.2,1.1,1.6,
2.2,1.1,1.7,
2.2,1.1,1.8,
2.2,1.1,1.9,
2.2,1.1,2,
2.2,1.1,2.1,
2.2,1.1,2.2,
2.2,1.1,2.3,
2.2,1.1,2.4,
2.2,1.1,2.5,
2.2,1.1,2.6,
2.2,1.1,2.7,
2.2,1.1,2.8,
2.2,1.1,2.9,
2.2,1.1,3,
2.2,1.1,3.1,
2.2,1.1,3.2,
2.2,1.1,3.3,
2.2,1.1,3.4,
2.2,1.1,3.5,
2.2,1.1,3.6,
2.3,1.1,0,
2.3,1.1,0.1,
2.3,1.1,0.2,
2.3,1.1,0.3,
2.3,1.1,0.4,
2.3,1.1,0.5,
2.3,1.1,0.6,
2.3,1.1,0.7,
2.3,1.1,0.8,
2.3,1.1,0.9,
2.3,1.1,1,
2.3,1.1,1.1,
2.3,1.1,1.2,
2.3,1.1,1.3,
2.3,1.1,1.4,
2.3,1.1,1.5,
2.3,1.1,1.6,
2.3,1.1,1.7,
2.3,1.1,1.8,
2.3,1.1,1.9,
2.3,1.1,2,
2.3,1.1,2.1,
2.3,1.1,2.2,
2.3,1.1,2.3,
2.3,1.1,2.4,
2.3,1.1,2.5,
2.3,1.1,2.6,
2.3,1.1,2.7,
2.3,1.1,2.8,
2.3,1.1,2.9,1.047006132
2.3,1.1,3,
2.3,1.1,3.1,
2.3,1.1,3.2,
2.3,1.1,3.3,
2.3,1.1,3.4,0.971700338
2.3,1.1,3.5,
2.3,1.1,3.6,
2.4,1.1,0,
2.4,1.1,0.1,
2.4,1.1,0.2,
2.4,1.1,0.3,
2.4,1.1,0.4,
2.4,1.1,0.5,
2.4,1.1,0.6,
2.4,1.1,0.7,
2.4,1.1,0.8,
2.4,1.1,0.9,
2.4,1.1,1,
2.4,1.1,1.1,
2.4,1.1,1.2,
2.4,1.1,1.3,
2.4,1.1,1.4,
2.4,1.1,1.5,
2.4,1.1,1.6,
2.4,1.1,1.7,
2.4,1.1,1.8,
2.4,1.1,1.9,
2.4,1.1,2,
2.4,1.1,2.1,
2.4,1.1,2.2,
2.4,1.1,2.3,
2.4,1.1,2.4,
2.4,1.1,2.5,
2.4,1.1,2.6,1.11355528
2.4,1.1,2.7,
2.4,1.1,2.8,
2.4,1.1,2.9,
2.4,1.1,3,
2.4,1.1,3.1,
2.4,1.1,3.2,
2.4,1.1,3.3,
2.4,1.1,3.4,
2.4,1.1,3.5,
2.4,1.1,3.6,
2.5,1.1,0,
2.5,1.1,0.1,
2.5,1.1,0.2,
2.5,1.1,0.3,
2.5,1.1,0.4,
2.5,1.1,0.5,
2.5,1.1,0.6,
2.5,1.1,0.7,
2.5,1.1,0.8,
2.5,1.1,0.9,
2.5,1.1,1,
2.5,1.1,1.1,
2.5,1.1,1.2,
2.5,1.1,1.3,
2.5,1.1,1.4,
2.5,1.1,1.5,
2.5,1.1,1.6,
2.5,1.1,1.7,1.007600513
2.5,1.1,1.8,
2.5,1.1,1.9,
2.5,1.1,2,
2.5,1.1,2.1,
2.5,1.1,2.2,
2.5,1.1,2.3,
2.5,1.1,2.4,
2.5,1.1,2.5,
2.5,1.1,2.6,
2.5,1.1,2.7,
2.5,1.1,2.8,
2.5,1.1,2.9,
2.5,1.1,3,
2.5,1.1,3.1,
2.5,1.1,3.2,
2.5,1.1,3.3,
2.5,1.1,3.4,
2.5,1.1,3.5,
2.5,1.1,3.6,
2.6,1.1,0,
2.6,1.1,0.1,
2.6,1.1,0.2,
2.6,1.1,0.3,
2.6,1.1,0.4,
2.6,1.1,0.5,
2.6,1.1,0.6,
2.6,1.1,0.7,
2.6,1.1,0.8,
2.6,1.1,0.9,
2.6,1.1,1,
2.6,1.1,1.1,
2.6,1.1,1.2,
2.6,1.1,1.3,
2.6,1.1,1.4,
2.6,1.1,1.5,
2.6,1.1,1.6,
2.6,1.1,1.7,
2.6,1.1,1.8,
2.6,1.1,1.9,
2.6,1.1,2,
2.6,1.1,2.1,
2.6,1.1,2.2,1.049556683
2.6,1.1,2.3,
2.6,1.1,2.4,
2.6,1.1,2.5,
2.6,1.1,2.6,
2.6,1.1,2.7,
2.6,1.1,2.8,
2.6,1.1,2.9,
2.6,1.1,3,
2.6,1.1,3.1,
2.6,1.1,3.2,
2.6,1.1,3.3,
2.6,1.1,3.4,
2.6,1.1,3.5,
2.6,1.1,3.6,
2.7,1.1,0,
2.7,1.1,0.1,
2.7,1.1,0.2,
2.7,1.1,0.3,
2.7,1.1,0.4,
2.7,1.1,0.5,
2.7,1.1,0.6,
2.7,1.1,0.7,
2.7,1.1,0.8,
2.7,1.1,0.9,
2.7,1.1,1,
2.7,1.1,1.1,
2.7,1.1,1.2,
2.7,1.1,1.3,
2.7,1.1,1.4,
2.7,1.1,1.5,
2.7,1.1,1.6,
2.7,1.1,1.7,
2.7,1.1,1.8,
2.7,1.1,1.9,
2.7,1.1,2,
2.7,1.1,2.1,
2.7,1.1,2.2,
2.7,1.1,2.3,
2.7,1.1,2.4,
2.7,1.1,2.5,
2.7,1.1,2.6,
2.7,1.1,2.7,
2.7,1.1,2.8,
2.7,1.1,2.9,
2.7,1.1,3,
2.7,1.1,3.1,
2.7,1.1,3.2,
2.7,1.1,3.3,
2.7,1.1,3.4,
2.7,1.1,3.5,
2.7,1.1,3.6,
2.8,1.1,0,
2.8,1.1,0.1,
2.8,1.1,0.2,
2.8,1.1,0.3,
2.8,1.1,0.4,
2.8,1.1,0.5,
2.8,1.1,0.6,
2.8,1.1,0.7,
2.8,1.1,0.8,
2.8,1.1,0.9,
2.8,1.1,1,
2.8,1.1,1.1,
2.8,1.1,1.2,
2.8,1.1,1.3,
2.8,1.1,1.4,
2.8,1.1,1.5,
2.8,1.1,1.6,
2.8,1.1,1.7,
2.8,1.1,1.8,
2.8,1.1,1.9,
2.8,1.1,2,
2.8,1.1,2.1,
2.8,1.1,2.2,
2.8,1.1,2.3,
2.8,1.1,2.4,
2.8,1.1,2.5,
2.8,1.1,2.6,
2.8,1.1,2.7,
2.8,1.1,2.8,
2.8,1.1,2.9,
2.8,1.1,3,
2.8,1.1,3.1,
2.8,1.1,3.2,
2.8,1.1,3.3,
2.8,1.1,3.4,
2.8,1.1,3.5,
2.8,1.1,3.6,
2.9,1.1,0,
2.9,1.1,0.1,
2.9,1.1,0.2,
2.9,1.1,0.3,
2.9,1.1,0.4,
2.9,1.1,0.5,
2.9,1.1,0.6,
2.9,1.1,0.7,
2.9,1.1,0.8,
2.9,1.1,0.9,
2.9,1.1,1,
2.9,1.1,1.1,1.055456326
2.9,1.1,1.2,
2.9,1.1,1.3,
2.9,1.1,1.4,
2.9,1.1,1.5,
2.9,1.1,1.6,
2.9,1.1,1.7,
2.9,1.1,1.8,
2.9,1.1,1.9,
2.9,1.1,2,
2.9,1.1,2.1,
2.9,1.1,2.2,
2.9,1.1,2.3,
2.9,1.1,2.4,
2.9,1.1,2.5,
2.9,1.1,2.6,
2.9,1.1,2.7,
2.9,1.1,2.8,
2.9,1.1,2.9,
2.9,1.1,3,
2.9,1.1,3.1,
2.9,1.1,3.2,
2.9,1.1,3.3,
2.9,1.1,3.4,
2.9,1.1,3.5,
2.9,1.1,3.6,
3,1.1,0,
3,1.1,0.1,
3,1.1,0.2,
3,1.1,0.3,
3,1.1,0.4,
3,1.1,0.5,
3,1.1,0.6,
3,1.1,0.7,
3,1.1,0.8,
3,1.1,0.9,
3,1.1,1,
3,1.1,1.1,
3,1.1,1.2,
3,1.1,1.3,
3,1.1,1.4,
3,1.1,1.5,
3,1.1,1.6,
3,1.1,1.7,
3,1.1,1.8,
3,1.1,1.9,
3,1.1,2,
3,1.1,2.1,
3,1.1,2.2,
3,1.1,2.3,
3,1.1,2.4,
3,1.1,2.5,1.047682716
3,1.1,2.6,
3,1.1,2.7,
3,1.1,2.8,
3,1.1,2.9,
3,1.1,3,
3,1.1,3.1,
3,1.1,3.2,
3,1.1,3.3,
3,1.1,3.4,
3,1.1,3.5,
3,1.1,3.6,
3.1,1.1,0,
3.1,1.1,0.1,
3.1,1.1,0.2,
3.1,1.1,0.3,
3.1,1.1,0.4,
3.1,1.1,0.5,
3.1,1.1,0.6,
3.1,1.1,0.7,
3.1,1.1,0.8,
3.1,1.1,0.9,
3.1,1.1,1,
3.1,1.1,1.1,
3.1,1.1,1.2,
3.1,1.1,1.3,
3.1,1.1,1.4,
3.1,1.1,1.5,
3.1,1.1,1.6,
3.1,1.1,1.7,
3.1,1.1,1.8,
3.1,1.1,1.9,
3.1,1.1,2,0.970703372
3.1,1.1,2.1,
3.1,1.1,2.2,
3.1,1.1,2.3,
3.1,1.1,2.4,
3.1,1.1,2.5,
3.1,1.1,2.6,
3.1,1.1,2.7,1.1304605
3.1,1.1,2.8,
3.1,1.1,2.9,
3.1,1.1,3,
3.1,1.1,3.1,
3.1,1.1,3.2,
3.1,1.1,3.3,
3.1,1.1,3.4,
3.1,1.1,3.5,
3.1,1.1,3.6,
3.2,1.1,0,
3.2,1.1,0.1,
3.2,1.1,0.2,
3.2,1.1,0.3,
3.2,1.1,0.4,
3.2,1.1,0.5,
3.2,1.1,0.6,
3.2,1.1,0.7,
3.2,1.1,0.8,
3.2,1.1,0.9,
3.2,1.1,1,
3.2,1.1,1.1,
3.2,1.1,1.2,
3.2,1.1,1.3,
3.2,1.1,1.4,
3.2,1.1,1.5,
3.2,1.1,1.6,
3.2,1.1,1.7,
3.2,1.1,1.8,
3.2,1.1,1.9,
3.2,1.1,2,
3.2,1.1,2.1,
3.2,1.1,2.2,0.989684681
3.2,1.1,2.3,
3.2,1.1,2.4,
3.2,1.1,2.5,
3.2,1.1,2.6,
3.2,1.1,2.7,
3.2,1.1,2.8,
3.2,1.1,2.9,
3.2,1.1,3,
3.2,1.1,3.1,
3.2,1.1,3.2,
3.2,1.1,3.3,
3.2,1.1,3.4,
3.2,1.1,3.5,
3.2,1.1,3.6,
3.3,1.1,0,
3.3,1.1,0.1,
3.3,1.1,0.2,1.01190933
3.3,1.1,0.3,
3.3,1.1,0.4,1.035021782
3.3,1.1,0.5,
3.3,1.1,0.6,
3.3,1.1,0.7,
3.3,1.1,0.8,
3.3,1.1,0.9,
3.3,1.1,1,
3.3,1.1,1.1,
3.3,1.1,1.2,
3.3,1.1,1.3,
3.3,1.1,1.4,
3.3,1.1,1.5,
3.3,1.1,1.6,
3.3,1.1,1.7,
3.3,1.1,1.8,
3.3,1.1,1.9,
3.3,1.1,2,
3.3,1.1,2.1,
3.3,1.1,2.2,
3.3,1.1,2.3,
3.3,1.1,2.4,
3.3,1.1,2.5,
3.3,1.1,2.6,
3.3,1.1,2.7,
3.3,1.1,2.8,
3.3,1.1,2.9,
3.3,1.1,3,
3.3,1.1,3.1,
3.3,1.1,3.2,
3.3,1.1,3.3,
3.3,1.1,3.4,
3.3,1.1,3.5,
3.3,1.1,3.6,
3.4,1.1,0,
3.4,1.1,0.1,
3.4,1.1,0.2,
3.4,1.1,0.3,
3.4,1.1,0.4,
3.4,1.1,0.5,
3.4,1.1,0.6,
3.4,1.1,0.7,
3.4,1.1,0.8,
3.4,1.1,0.9,
3.4,1.1,1,
3.4,1.1,1.1,
3.4,1.1,1.2,
3.4,1.1,1.3,
3.4,1.1,1.4,
3.4,1.1,1.5,
3.4,1.1,1.6,
3.4,1.1,1.7,
3.4,1.1,1.8,
3.4,1.1,1.9,
3.4,1.1,2,
3.4,1.1,2.1,
3.4,1.1,2.2,
3.4,1.1,2.3,
3.4,1.1,2.4,
3.4,1.1,2.5,1.038348699
3.4,1.1,2.6,
3.4,1.1,2.7,
3.4,1.1,2.8,
3.4,1.1,2.9,1.115024149
3.4,1.1,3,
3.4,1.1,3.1,
3.4,1.1,3.2,
3.4,1.1,3.3,
3.4,1.1,3.4,
3.4,1.1,3.5,
3.4,1.1,3.6,
3.5,1.1,0,
3.5,1.1,0.1,
3.5,1.1,0.2,
3.5,1.1,0.3,
3.5,1.1,0.4,
3.5,1.1,0.5,
3.5,1.1,0.6,
3.5,1.1,0.7,
3.5,1.1,0.8,
3.5,1.1,0.9,
3.5,1.1,1,
3.5,1.1,1.1,
3.5,1.1,1.2,
3.5,1.1,1.3,
3.5,1.1,1.4,
3.5,1.1,1.5,
3.5,1.1,1.6,
3.5,1.1,1.7,
3.5,1.1,1.8,
3.5,1.1,1.9,
3.5,1.1,2,
3.5,1.1,2.1,
3.5,1.1,2.2,
3.5,1.1,2.3,
3.5,1.1,2.4,
3.5,1.1,2.5,
3.5,1.1,2.6,
3.5,1.1,2.7,
3.5,1.1,2.8,1.159867173
3.5,1.1,2.9,
3.5,1.1,3,
3.5,1.1,3.1,
3.5,1.1,3.2,
3.5,1.1,3.3,
3.5,1.1,3.4,
3.5,1.1,3.5,
3.5,1.1,3.6,
3.6,1.1,0,
3.6,1.1,0.1,
3.6,1.1,0.2,
3.6,1.1,0.3,
3.6,1.1,0.4,
3.6,1.1,0.5,
3.6,1.1,0.6,
3.6,1.1,0.7,
3.6,1.1,0.8,
3.6,1.1,0.9,
3.6,1.1,1,
3.6,1.1,1.1,
3.6,1.1,1.2,
3.6,1.1,1.3,
3.6,1.1,1.4,
3.6,1.1,1.5,
3.6,1.1,1.6,
3.6,1.1,1.7,
3.6,1.1,1.8,
3.6,1.1,1.9,
3.6,1.1,2,
3.6,1.1,2.1,
3.6,1.1,2.2,
3.6,1.1,2.3,
3.6,1.1,2.4,
3.6,1.1,2.5,
3.6,1.1,2.6,
3.6,1.1,2.7,
3.6,1.1,2.8,
3.6,1.1,2.9,
3.6,1.1,3,
3.6,1.1,3.1,
3.6,1.1,3.2,
3.6,1.1,3.3,
3.6,1.1,3.4,
3.6,1.1,3.5,
3.6,1.1,3.6,
3.7,1.1,0,
3.7,1.1,0.1,
3.7,1.1,0.2,
3.7,1.1,0.3,
3.7,1.1,0.4,
3.7,1.1,0.5,
3.7,1.1,0.6,
3.7,1.1,0.7,1.049560663
3.7,1.1,0.8,
3.7,1.1,0.9,
3.7,1.1,1,
3.7,1.1,1.1,1.054756146
3.7,1.1,1.2,
3.7,1.1,1.3,
3.7,1.1,1.4,
3.7,1.1,1.5,
3.7,1.1,1.6,
3.7,1.1,1.7,
3.7,1.1,1.8,
3.7,1.1,1.9,
3.7,1.1,2,
3.7,1.1,2.1,
3.7,1.1,2.2,
3.7,1.1,2.3,
3.7,1.1,2.4,
3.7,1.1,2.5,
3.7,1.1,2.6,
3.7,1.1,2.7,
3.7,1.1,2.8,
3.7,1.1,2.9,
3.7,1.1,3,
3.7,1.1,3.1,
3.7,1.1,3.2,
3.7,1.1,3.3,
3.7,1.1,3.4,
3.7,1.1,3.5,
3.7,1.1,3.6,
3.8,1.1,0,
3.8,1.1,0.1,
3.8,1.1,0.2,
3.8,1.1,0.3,
3.8,1.1,0.4,
3.8,1.1,0.5,
3.8,1.1,0.6,
3.8,1.1,0.7,
3.8,1.1,0.8,
3.8,1.1,0.9,
3.8,1.1,1,
3.8,1.1,1.1,
3.8,1.1,1.2,
3.8,1.1,1.3,
3.8,1.1,1.4,
3.8,1.1,1.5,
3.8,1.1,1.6,
3.8,1.1,1.7,
3.8,1.1,1.8,
3.8,1.1,1.9,
3.8,1.1,2,
3.8,1.1,2.1,
3.8,1.1,2.2,
3.8,1.1,2.3,
3.8,1.1,2.4,
3.8,1.1,2.5,
3.8,1.1,2.6,
3.8,1.1,2.7,
3.8,1.1,2.8,
3.8,1.1,2.9,
3.8,1.1,3,
3.8,1.1,3.1,
3.8,1.1,3.2,
3.8,1.1,3.3,
3.8,1.1,3.4,
3.8,1.1,3.5,
3.8,1.1,3.6,
3.9,1.1,0,
3.9,1.1,0.1,
3.9,1.1,0.2,
3.9,1.1,0.3,
3.9,1.1,0.4,
3.9,1.1,0.5,
3.9,1.1,0.6,
3.9,1.1,0.7,
3.9,1.1,0.8,
3.9,1.1,0.9,
3.9,1.1,1,
3.9,1.1,1.1,
3.9,1.1,1.2,
3.9,1.1,1.3,
3.9,1.1,1.4,
3.9,1.1,1.5,
3.9,1.1,1.6,0.993396228
3.9,1.1,1.7,
3.9,1.1,1.8,
3.9,1.1,1.9,
3.9,1.1,2,
3.9,1.1,2.1,
3.9,1.1,2.2,
3.9,1.1,2.3,
3.9,1.1,2.4,
3.9,1.1,2.5,
3.9,1.1,2.6,
3.9,1.1,2.7,
3.9,1.1,2.8,
3.9,1.1,2.9,
3.9,1.1,3,
3.9,1.1,3.1,
3.9,1.1,3.2,
3.9,1.1,3.3,
3.9,1.1,3.4,
3.9,1.1,3.5,
3.9,1.1,3.6,
4,1.1,0,
4,1.1,0.1,
4,1.1,0.2,
4,1.1,0.3,
4,1.1,0.4,
4,1.1,0.5,
4,1.1,0.6,
4,1.1,0.7,
4,1.1,0.8,
4,1.1,0.9,
4,1.1,1,
4,1.1,1.1,
4,1.1,1.2,
4,1.1,1.3,
4,1.1,1.4,
4,1.1,1.5,
4,1.1,1.6,
4,1.1,1.7,
4,1.1,1.8,
4,1.1,1.9,
4,1.1,2,
4,1.1,2.1,
4,1.1,2.2,
4,1.1,2.3,
4,1.1,2.4,
4,1.1,2.5,
4,1.1,2.6,
4,1.1,2.7,
4,1.1,2.8,
4,1.1,2.9,
4,1.1,3,
4,1.1,3.1,1.006090423
4,1.1,3.2,
4,1.1,3.3,
4,1.1,3.4,
4,1.1,3.5,
4,1.1,3.6,
4.1,1.1,0,0.964205038
4.1,1.1,0.1,
4.1,1.1,0.2,
4.1,1.1,0.3,
4.1,1.1,0.4,
4.1,1.1,0.5,
4.1,1.1,0.6,
4.1,1.1,0.7,
4.1,1.1,0.8,
4.1,1.1,0.9,
4.1,1.1,1,
4.1,1.1,1.1,
4.1,1.1,1.2,
4.1,1.1,1.3,
4.1,1.1,1.4,
4.1,1.1,1.5,
4.1,1.1,1.6,
4.1,1.1,1.7,
4.1,1.1,1.8,
4.1,1.1,1.9,
4.1,1.1,2,
4.1,1.1,2.1,
4.1,1.1,2.2,
4.1,1.1,2.3,
4.1,1.1,2.4,
4.1,1.1,2.5,
4.1,1.1,2.6,
4.1,1.1,2.7,
4.1,1.1,2.8,
4.1,1.1,2.9,
4.1,1.1,3,
4.1,1.1,3.1,
4.1,1.1,3.2,
4.1,1.1,3.3,
4.1,1.1,3.4,
4.1,1.1,3.5,
4.1,1.1,3.6,
4.2,1.1,0,
4.2,1.1,0.1,
4.2,1.1,0.2,
4.2,1.1,0.3,
4.2,1.1,0.4,
4.2,1.1,0.5,
4.2,1.1,0.6,
4.2,1.1,0.7,
4.2,1.1,0.8,
4.2,1.1,0.9,
4.2,1.1,1,
4.2,1.1,1.1,
4.2,1.1,1.2,
4.2,1.1,1.3,
4.2,1.1,1.4,
4.2,1.1,1.5,
4.2,1.1,1.6,
4.2,1.1,1.7,
4.2,1.1,1.8,
4.2,1.1,1.9,
4.2,1.1,2,
4.2,1.1,2.1,
4.2,1.1,2.2,
4.2,1.1,2.3,
4.2,1.1,2.4,
4.2,1.1,2.5,
4.2,1.1,2.6,
4.2,1.1,2.7,
4.2,1.1,2.8,
4.2,1.1,2.9,
4.2,1.1,3,
4.2,1.1,3.1,
4.2,1.1,3.2,
4.2,1.1,3.3,
4.2,1.1,3.4,
4.2,1.1,3.5,
4.2,1.1,3.6,
4.3,1.1,0,
4.3,1.1,0.1,
4.3,1.1,0.2,
4.3,1.1,0.3,
4.3,1.1,0.4,
4.3,1.1,0.5,
4.3,1.1,0.6,
4.3,1.1,0.7,
4.3,1.1,0.8,
4.3,1.1,0.9,
4.3,1.1,1,
4.3,1.1,1.1,
4.3,1.1,1.2,
4.3,1.1,1.3,
4.3,1.1,1.4,
4.3,1.1,1.5,
4.3,1.1,1.6,
4.3,1.1,1.7,
4.3,1.1,1.8,
4.3,1.1,1.9,
4.3,1.1,2,
4.3,1.1,2.1,
4.3,1.1,2.2,
4.3,1.1,2.3,
4.3,1.1,2.4,
4.3,1.1,2.5,1.057579037
4.3,1.1,2.6,
4.3,1.1,2.7,
4.3,1.1,2.8,
4.3,1.1,2.9,
4.3,1.1,3,
4.3,1.1,3.1,
4.3,1.1,3.2,
4.3,1.1,3.3,
4.3,1.1,3.4,
4.3,1.1,3.5,
4.3,1.1,3.6,
4.4,1.1,0,
4.4,1.1,0.1,
4.4,1.1,0.2,
4.4,1.1,0.3,
4.4,1.1,0.4,
4.4,1.1,0.5,
4.4,1.1,0.6,
4.4,1.1,0.7,
4.4,1.1,0.8,
4.4,1.1,0.9,
4.4,1.1,1,
4.4,1.1,1.1,
4.4,1.1,1.2,
4.4,1.1,1.3,
4.4,1.1,1.4,
4.4,1.1,1.5,
4.4,1.1,1.6,
4.4,1.1,1.7,
4.4,1.1,1.8,
4.4,1.1,1.9,
4.4,1.1,2,
4.4,1.1,2.1,
4.4,1.1,2.2,
4.4,1.1,2.3,
4.4,1.1,2.4,
4.4,1.1,2.5,
4.4,1.1,2.6,
4.4,1.1,2.7,
4.4,1.1,2.8,
4.4,1.1,2.9,
4.4,1.1,3,
4.4,1.1,3.1,
4.4,1.1,3.2,
4.4,1.1,3.3,
4.4,1.1,3.4,
4.4,1.1,3.5,0.972578476
4.4,1.1,3.6,
4.5,1.1,0,
4.5,1.1,0.1,
4.5,1.1,0.2,
4.5,1.1,0.3,
4.5,1.1,0.4,
4.5,1.1,0.5,
4.5,1.1,0.6,
4.5,1.1,0.7,
4.5,1.1,0.8,
4.5,1.1,0.9,
4.5,1.1,1,
4.5,1.1,1.1,
4.5,1.1,1.2,
4.5,1.1,1.3,
4.5,1.1,1.4,
4.5,1.1,1.5,
4.5,1.1,1.6,
4.5,1.1,1.7,
4.5,1.1,1.8,
4.5,1.1,1.9,
4.5,1.1,2,
4.5,1.1,2.1,
4.5,1.1,2.2,
4.5,1.1,2.3,
4.5,1.1,2.4,
4.5,1.1,2.5,
4.5,1.1,2.6,
4.5,1.1,2.7,
4.5,1.1,2.8,
4.5,1.1,2.9,
4.5,1.1,3,
4.5,1.1,3.1,
4.5,1.1,3.2,
4.5,1.1,3.3,
4.5,1.1,3.4,
4.5,1.1,3.5,
4.5,1.1,3.6,
4.6,1.1,0,
4.6,1.1,0.1,
4.6,1.1,0.2,
4.6,1.1,0.3,
4.6,1.1,0.4,
4.6,1.1,0.5,
4.6,1.1,0.6,
4.6,1.1,0.7,
4.6,1.1,0.8,
4.6,1.1,0.9,
4.6,1.1,1,
4.6,1.1,1.1,
4.6,1.1,1.2,
4.6,1.1,1.3,
4.6,1.1,1.4,
4.6,1.1,1.5,
4.6,1.1,1.6,
4.6,1.1,1.7,
4.6,1.1,1.8,
4.6,1.1,1.9,
4.6,1.1,2,
4.6,1.1,2.1,
4.6,1.1,2.2,
4.6,1.1,2.3,
4.6,1.1,2.4,
4.6,1.1,2.5,
4.6,1.1,2.6,
4.6,1.1,2.7,
4.6,1.1,2.8,
4.6,1.1,2.9,
4.6,1.1,3,
4.6,1.1,3.1,
4.6,1.1,3.2,
4.6,1.1,3.3,
4.6,1.1,3.4,
4.6,1.1,3.5,
4.6,1.1,3.6,
4.7,1.1,0,
4.7,1.1,0.1,
4.7,1.1,0.2,
4.7,1.1,0.3,
4.7,1.1,0.4,
4.7,1.1,0.5,
4.7,1.1,0.6,
4.7,1.1,0.7,
4.7,1.1,0.8,
4.7,1.1,0.9,
4.7,1.1,1,
4.7,1.1,1.1,
4.7,1.1,1.2,
4.7,1.1,1.3,
4.7,1.1,1.4,
4.7,1.1,1.5,
4.7,1.1,1.6,
4.7,1.1,1.7,
4.7,1.1,1.8,
4.7,1.1,1.9,
4.7,1.1,2,
4.7,1.1,2.1,
4.7,1.1,2.2,
4.7,1.1,2.3,
4.7,1.1,2.4,
4.7,1.1,2.5,
4.7,1.1,2.6,
4.7,1.1,2.7,
4.7,1.1,2.8,
4.7,1.1,2.9,
4.7,1.1,3,
4.7,1.1,3.1,
4.7,1.1,3.2,
4.7,1.1,3.3,
4.7,1.1,3.4,
4.7,1.1,3.5,
4.7,1.1,3.6,
4.8,1.1,0,
4.8,1.1,0.1,
4.8,1.1,0.2,
4.8,1.1,0.3,
4.8,1.1,0.4,
4.8,1.1,0.5,
4.8,1.1,0.6,
4.8,1.1,0.7,
4.8,1.1,0.8,
4.8,1.1,0.9,
4.8,1.1,1,
4.8,1.1,1.1,
4.8,1.1,1.2,
4.8,1.1,1.3,1.006308749
4.8,1.1,1.4,
4.8,1.1,1.5,
4.8,1.1,1.6,
4.8,1.1,1.7,
4.8,1.1,1.8,
4.8,1.1,1.9,
4.8,1.1,2,
4.8,1.1,2.1,
4.8,1.1,2.2,0.989379934
4.8,1.1,2.3,
4.8,1.1,2.4,
4.8,1.1,2.5,
4.8,1.1,2.6,
4.8,1.1,2.7,
4.8,1.1,2.8,
4.8,1.1,2.9,
4.8,1.1,3,
4.8,1.1,3.1,
4.8,1.1,3.2,
4.8,1.1,3.3,
4.8,1.1,3.4,
4.8,1.1,3.5,
4.8,1.1,3.6,
4.9,1.1,0,
4.9,1.1,0.1,
4.9,1.1,0.2,
4.9,1.1,0.3,
4.9,1.1,0.4,
4.9,1.1,0.5,
4.9,1.1,0.6,
4.9,1.1,0.7,
4.9,1.1,0.8,
4.9,1.1,0.9,
4.9,1.1,1,
4.9,1.1,1.1,
4.9,1.1,1.2,
4.9,1.1,1.3,
4.9,1.1,1.4,
4.9,1.1,1.5,
4.9,1.1,1.6,
4.9,1.1,1.7,
4.9,1.1,1.8,
4.9,1.1,1.9,
4.9,1.1,2,
4.9,1.1,2.1,
4.9,1.1,2.2,
4.9,1.1,2.3,
4.9,1.1,2.4,
4.9,1.1,2.5,
4.9,1.1,2.6,
4.9,1.1,2.7,
4.9,1.1,2.8,
4.9,1.1,2.9,
4.9,1.1,3,
4.9,1.1,3.1,
4.9,1.1,3.2,
4.9,1.1,3.3,
4.9,1.1,3.4,
4.9,1.1,3.5,
4.9,1.1,3.6,
5,1.1,0,
5,1.1,0.1,
5,1.1,0.2,
5,1.1,0.3,
5,1.1,0.4,
5,1.1,0.5,
5,1.1,0.6,
5,1.1,0.7,
5,1.1,0.8,
5,1.1,0.9,
5,1.1,1,
5,1.1,1.1,
5,1.1,1.2,
5,1.1,1.3,
5,1.1,1.4,
5,1.1,1.5,
5,1.1,1.6,
5,1.1,1.7,
5,1.1,1.8,
5,1.1,1.9,
5,1.1,2,
5,1.1,2.1,
5,1.1,2.2,
5,1.1,2.3,
5,1.1,2.4,
5,1.1,2.5,
5,1.1,2.6,
5,1.1,2.7,
5,1.1,2.8,
5,1.1,2.9,
5,1.1,3,
5,1.1,3.1,
5,1.1,3.2,
5,1.1,3.3,
5,1.1,3.4,
5,1.1,3.5,
5,1.1,3.6,
5.1,1.1,0,
5.1,1.1,0.1,
5.1,1.1,0.2,
5.1,1.1,0.3,
5.1,1.1,0.4,
5.1,1.1,0.5,
5.1,1.1,0.6,
5.1,1.1,0.7,
5.1,1.1,0.8,
5.1,1.1,0.9,
5.1,1.1,1,
5.1,1.1,1.1,
5.1,1.1,1.2,
5.1,1.1,1.3,
5.1,1.1,1.4,
5.1,1.1,1.5,
5.1,1.1,1.6,
5.1,1.1,1.7,
5.1,1.1,1.8,
5.1,1.1,1.9,
5.1,1.1,2,
5.1,1.1,2.1,
5.1,1.1,2.2,
5.1,1.1,2.3,
5.1,1.1,2.4,
5.1,1.1,2.5,
5.1,1.1,2.6,
5.1,1.1,2.7,
5.1,1.1,2.8,
5.1,1.1,2.9,
5.1,1.1,3,
5.1,1.1,3.1,
5.1,1.1,3.2,
5.1,1.1,3.3,
5.1,1.1,3.4,
5.1,1.1,3.5,
5.1,1.1,3.6,
5.2,1.1,0,
5.2,1.1,0.1,
5.2,1.1,0.2,
5.2,1.1,0.3,
5.2,1.1,0.4,
5.2,1.1,0.5,1.0148212
5.2,1.1,0.6,
5.2,1.1,0.7,
5.2,1.1,0.8,
5.2,1.1,0.9,1.106357904
5.2,1.1,1,
5.2,1.1,1.1,
5.2,1.1,1.2,
5.2,1.1,1.3,
5.2,1.1,1.4,
5.2,1.1,1.5,
5.2,1.1,1.6,
5.2,1.1,1.7,
5.2,1.1,1.8,
5.2,1.1,1.9,
5.2,1.1,2,
5.2,1.1,2.1,
5.2,1.1,2.2,
5.2,1.1,2.3,
5.2,1.1,2.4,
5.2,1.1,2.5,
5.2,1.1,2.6,
5.2,1.1,2.7,
5.2,1.1,2.8,
5.2,1.1,2.9,
5.2,1.1,3,
5.2,1.1,3.1,
5.2,1.1,3.2,
5.2,1.1,3.3,
5.2,1.1,3.4,
5.2,1.1,3.5,
5.2,1.1,3.6,
5.3,1.1,0,
5.3,1.1,0.1,
5.3,1.1,0.2,
5.3,1.1,0.3,
5.3,1.1,0.4,
5.3,1.1,0.5,
5.3,1.1,0.6,
5.3,1.1,0.7,
5.3,1.1,0.8,
5.3,1.1,0.9,
5.3,1.1,1,
5.3,1.1,1.1,
5.3,1.1,1.2,
5.3,1.1,1.3,
5.3,1.1,1.4,
5.3,1.1,1.5,
5.3,1.1,1.6,
5.3,1.1,1.7,
5.3,1.1,1.8,
5.3,1.1,1.9,
5.3,1.1,2,
5.3,1.1,2.1,
5.3,1.1,2.2,
5.3,1.1,2.3,
5.3,1.1,2.4,
5.3,1.1,2.5,
5.3,1.1,2.6,
5.3,1.1,2.7,
5.3,1.1,2.8,
5.3,1.1,2.9,
5.3,1.1,3,
5.3,1.1,3.1,
5.3,1.1,3.2,
5.3,1.1,3.3,
5.3,1.1,3.4,
5.3,1.1,3.5,
5.3,1.1,3.6,
5.4,1.1,0,
5.4,1.1,0.1,
5.4,1.1,0.2,
5.4,1.1,0.3,
5.4,1.1,0.4,
5.4,1.1,0.5,
5.4,1.1,0.6,
5.4,1.1,0.7,
5.4,1.1,0.8,
5.4,1.1,0.9,
5.4,1.1,1,
5.4,1.1,1.1,
5.4,1.1,1.2,
5.4,1.1,1.3,
5.4,1.1,1.4,
5.4,1.1,1.5,
5.4,1.1,1.6,
5.4,1.1,1.7,
5.4,1.1,1.8,
5.4,1.1,1.9,
5.4,1.1,2,
5.4,1.1,2.1,
5.4,1.1,2.2,
5.4,1.1,2.3,
5.4,1.1,2.4,
5.4,1.1,2.5,
5.4,1.1,2.6,
5.4,1.1,2.7,
5.4,1.1,2.8,
5.4,1.1,2.9,
5.4,1.1,3,
5.4,1.1,3.1,
5.4,1.1,3.2,
5.4,1.1,3.3,
5.4,1.1,3.4,
5.4,1.1,3.5,
5.4,1.1,3.6,
5.5,1.1,0,
5.5,1.1,0.1,
5.5,1.1,0.2,
5.5,1.1,0.3,
5.5,1.1,0.4,
5.5,1.1,0.5,
5.5,1.1,0.6,
5.5,1.1,0.7,
5.5,1.1,0.8,
5.5,1.1,0.9,
5.5,1.1,1,
5.5,1.1,1.1,
5.5,1.1,1.2,
5.5,1.1,1.3,
5.5,1.1,1.4,
5.5,1.1,1.5,
5.5,1.1,1.6,
5.5,1.1,1.7,
5.5,1.1,1.8,
5.5,1.1,1.9,
5.5,1.1,2,
5.5,1.1,2.1,
5.5,1.1,2.2,
5.5,1.1,2.3,
5.5,1.1,2.4,
5.5,1.1,2.5,
5.5,1.1,2.6,
5.5,1.1,2.7,
5.5,1.1,2.8,
5.5,1.1,2.9,1.046873942
5.5,1.1,3,
5.5,1.1,3.1,
5.5,1.1,3.2,
5.5,1.1,3.3,
5.5,1.1,3.4,
5.5,1.1,3.5,
5.5,1.1,3.6,
5.6,1.1,0,
5.6,1.1,0.1,
5.6,1.1,0.2,
5.6,1.1,0.3,
5.6,1.1,0.4,
5.6,1.1,0.5,
5.6,1.1,0.6,
5.6,1.1,0.7,
5.6,1.1,0.8,
5.6,1.1,0.9,
5.6,1.1,1,
5.6,1.1,1.1,1.101425379
5.6,1.1,1.2,
5.6,1.1,1.3,
5.6,1.1,1.4,
5.6,1.1,1.5,
5.6,1.1,1.6,
5.6,1.1,1.7,
5.6,1.1,1.8,
5.6,1.1,1.9,
5.6,1.1,2,
5.6,1.1,2.1,
5.6,1.1,2.2,
5.6,1.1,2.3,
5.6,1.1,2.4,
5.6,1.1,2.5,
5.6,1.1,2.6,
5.6,1.1,2.7,
5.6,1.1,2.8,
5.6,1.1,2.9,
5.6,1.1,3,
5.6,1.1,3.1,
5.6,1.1,3.2,
5.6,1.1,3.3,
5.6,1.1,3.4,0.971345842
5.6,1.1,3.5,
5.6,1.1,3.6,
5.7,1.1,0,
5.7,1.1,0.1,
5.7,1.1,0.2,
5.7,1.1,0.3,
5.7,1.1,0.4,
5.7,1.1,0.5,
5.7,1.1,0.6,
5.7,1.1,0.7,
5.7,1.1,0.8,
5.7,1.1,0.9,
5.7,1.1,1,
5.7,1.1,1.1,1.088106907
5.7,1.1,1.2,
5.7,1.1,1.3,
5.7,1.1,1.4,
5.7,1.1,1.5,
5.7,1.1,1.6,
5.7,1.1,1.7,
5.7,1.1,1.8,
5.7,1.1,1.9,
5.7,1.1,2,
5.7,1.1,2.1,
5.7,1.1,2.2,
5.7,1.1,2.3,
5.7,1.1,2.4,
5.7,1.1,2.5,
5.7,1.1,2.6,
5.7,1.1,2.7,
5.7,1.1,2.8,
5.7,1.1,2.9,
5.7,1.1,3,
5.7,1.1,3.1,
5.7,1.1,3.2,
5.7,1.1,3.3,
5.7,1.1,3.4,
5.7,1.1,3.5,
5.7,1.1,3.6,
5.8,1.1,0,
5.8,1.1,0.1,
5.8,1.1,0.2,
5.8,1.1,0.3,
5.8,1.1,0.4,
5.8,1.1,0.5,
5.8,1.1,0.6,
5.8,1.1,0.7,
5.8,1.1,0.8,
5.8,1.1,0.9,1.094685692
5.8,1.1,1,
5.8,1.1,1.1,
5.8,1.1,1.2,
5.8,1.1,1.3,
5.8,1.1,1.4,
5.8,1.1,1.5,
5.8,1.1,1.6,
5.8,1.1,1.7,
5.8,1.1,1.8,
5.8,1.1,1.9,
5.8,1.1,2,
5.8,1.1,2.1,
5.8,1.1,2.2,
5.8,1.1,2.3,
5.8,1.1,2.4,
5.8,1.1,2.5,
5.8,1.1,2.6,
5.8,1.1,2.7,
5.8,1.1,2.8,
5.8,1.1,2.9,
5.8,1.1,3,
5.8,1.1,3.1,
5.8,1.1,3.2,
5.8,1.1,3.3,
5.8,1.1,3.4,
5.8,1.1,3.5,
5.8,1.1,3.6,
5.9,1.1,0,
5.9,1.1,0.1,
5.9,1.1,0.2,
5.9,1.1,0.3,
5.9,1.1,0.4,
5.9,1.1,0.5,
5.9,1.1,0.6,
5.9,1.1,0.7,
5.9,1.1,0.8,
5.9,1.1,0.9,
5.9,1.1,1,
5.9,1.1,1.1,
5.9,1.1,1.2,
5.9,1.1,1.3,
5.9,1.1,1.4,
5.9,1.1,1.5,
5.9,1.1,1.6,
5.9,1.1,1.7,
5.9,1.1,1.8,
5.9,1.1,1.9,
5.9,1.1,2,
5.9,1.1,2.1,
5.9,1.1,2.2,
5.9,1.1,2.3,
5.9,1.1,2.4,
5.9,1.1,2.5,
5.9,1.1,2.6,
5.9,1.1,2.7,
5.9,1.1,2.8,
5.9,1.1,2.9,
5.9,1.1,3,
5.9,1.1,3.1,
5.9,1.1,3.2,
5.9,1.1,3.3,
5.9,1.1,3.4,
5.9,1.1,3.5,
5.9,1.1,3.6,
6,1.1,0,
6,1.1,0.1,
6,1.1,0.2,
6,1.1,0.3,
6,1.1,0.4,
6,1.1,0.5,
6,1.1,0.6,
6,1.1,0.7,
6,1.1,0.8,
6,1.1,0.9,
6,1.1,1,
6,1.1,1.1,
6,1.1,1.2,
6,1.1,1.3,
6,1.1,1.4,1.00140323
6,1.1,1.5,
6,1.1,1.6,
6,1.1,1.7,
6,1.1,1.8,
6,1.1,1.9,
6,1.1,2,
6,1.1,2.1,
6,1.1,2.2,
6,1.1,2.3,
6,1.1,2.4,
6,1.1,2.5,
6,1.1,2.6,
6,1.1,2.7,
6,1.1,2.8,
6,1.1,2.9,
6,1.1,3,
6,1.1,3.1,
6,1.1,3.2,
6,1.1,3.3,
6,1.1,3.4,
6,1.1,3.5,
6,1.1,3.6,
6.1,1.1,0,
6.1,1.1,0.1,
6.1,1.1,0.2,
6.1,1.1,0.3,
6.1,1.1,0.4,
6.1,1.1,0.5,
6.1,1.1,0.6,
6.1,1.1,0.7,
6.1,1.1,0.8,
6.1,1.1,0.9,
6.1,1.1,1,
6.1,1.1,1.1,
6.1,1.1,1.2,
6.1,1.1,1.3,
6.1,1.1,1.4,
6.1,1.1,1.5,
6.1,1.1,1.6,
6.1,1.1,1.7,
6.1,1.1,1.8,
6.1,1.1,1.9,
6.1,1.1,2,
6.1,1.1,2.1,
6.1,1.1,2.2,
6.1,1.1,2.3,
6.1,1.1,2.4,
6.1,1.1,2.5,
6.1,1.1,2.6,
6.1,1.1,2.7,
6.1,1.1,2.8,
6.1,1.1,2.9,
6.1,1.1,3,
6.1,1.1,3.1,
6.1,1.1,3.2,
6.1,1.1,3.3,
6.1,1.1,3.4,
6.1,1.1,3.5,
6.1,1.1,3.6,
6.2,1.1,0,
6.2,1.1,0.1,
6.2,1.1,0.2,
6.2,1.1,0.3,
6.2,1.1,0.4,
6.2,1.1,0.5,
6.2,1.1,0.6,
6.2,1.1,0.7,
6.2,1.1,0.8,1.089045596
6.2,1.1,0.9,
6.2,1.1,1,
6.2,1.1,1.1,
6.2,1.1,1.2,
6.2,1.1,1.3,
6.2,1.1,1.4,
6.2,1.1,1.5,
6.2,1.1,1.6,
6.2,1.1,1.7,
6.2,1.1,1.8,
6.2,1.1,1.9,
6.2,1.1,2,
6.2,1.1,2.1,
6.2,1.1,2.2,
6.2,1.1,2.3,
6.2,1.1,2.4,1.024582488
6.2,1.1,2.5,
6.2,1.1,2.6,
6.2,1.1,2.7,
6.2,1.1,2.8,
6.2,1.1,2.9,
6.2,1.1,3,
6.2,1.1,3.1,
6.2,1.1,3.2,
6.2,1.1,3.3,
6.2,1.1,3.4,
6.2,1.1,3.5,
6.2,1.1,3.6,
6.3,1.1,0,
6.3,1.1,0.1,
6.3,1.1,0.2,
6.3,1.1,0.3,
6.3,1.1,0.4,1.012374979
6.3,1.1,0.5,
6.3,1.1,0.6,
6.3,1.1,0.7,
6.3,1.1,0.8,
6.3,1.1,0.9,1.097203551
6.3,1.1,1,
6.3,1.1,1.1,
6.3,1.1,1.2,
6.3,1.1,1.3,
6.3,1.1,1.4,
6.3,1.1,1.5,
6.3,1.1,1.6,
6.3,1.1,1.7,
6.3,1.1,1.8,
6.3,1.1,1.9,
6.3,1.1,2,
6.3,1.1,2.1,
6.3,1.1,2.2,
6.3,1.1,2.3,
6.3,1.1,2.4,
6.3,1.1,2.5,
6.3,1.1,2.6,
6.3,1.1,2.7,
6.3,1.1,2.8,
6.3,1.1,2.9,
6.3,1.1,3,
6.3,1.1,3.1,
6.3,1.1,3.2,
6.3,1.1,3.3,
6.3,1.1,3.4,
6.3,1.1,3.5,
6.3,1.1,3.6,
6.4,1.1,0,
6.4,1.1,0.1,
6.4,1.1,0.2,
6.4,1.1,0.3,
6.4,1.1,0.4,
6.4,1.1,0.5,
6.4,1.1,0.6,
6.4,1.1,0.7,
6.4,1.1,0.8,
6.4,1.1,0.9,
6.4,1.1,1,
6.4,1.1,1.1,
6.4,1.1,1.2,
6.4,1.1,1.3,
6.4,1.1,1.4,
6.4,1.1,1.5,
6.4,1.1,1.6,
6.4,1.1,1.7,
6.4,1.1,1.8,
6.4,1.1,1.9,
6.4,1.1,2,
6.4,1.1,2.1,
6.4,1.1,2.2,
6.4,1.1,2.3,
6.4,1.1,2.4,
6.4,1.1,2.5,
6.4,1.1,2.6,
6.4,1.1,2.7,
6.4,1.1,2.8,
6.4,1.1,2.9,
6.4,1.1,3,
6.4,1.1,3.1,
6.4,1.1,3.2,
6.4,1.1,3.3,
6.4,1.1,3.4,
6.4,1.1,3.5,
6.4,1.1,3.6,
6.5,1.1,0,
6.5,1.1,0.1,
6.5,1.1,0.2,
6.5,1.1,0.3,
6.5,1.1,0.4,
6.5,1.1,0.5,
6.5,1.1,0.6,
6.5,1.1,0.7,
6.5,1.1,0.8,
6.5,1.1,0.9,
6.5,1.1,1,
6.5,1.1,1.1,
6.5,1.1,1.2,
6.5,1.1,1.3,
6.5,1.1,1.4,
6.5,1.1,1.5,
6.5,1.1,1.6,
6.5,1.1,1.7,
6.5,1.1,1.8,
6.5,1.1,1.9,
6.5,1.1,2,
6.5,1.1,2.1,
6.5,1.1,2.2,
6.5,1.1,2.3,
6.5,1.1,2.4,
6.5,1.1,2.5,
6.5,1.1,2.6,
6.5,1.1,2.7,
6.5,1.1,2.8,
6.5,1.1,2.9,
6.5,1.1,3,
6.5,1.1,3.1,
6.5,1.1,3.2,
6.5,1.1,3.3,
6.5,1.1,3.4,
6.5,1.1,3.5,
6.5,1.1,3.6,
6.6,1.1,0,
6.6,1.1,0.1,
6.6,1.1,0.2,
6.6,1.1,0.3,
6.6,1.1,0.4,
6.6,1.1,0.5,
6.6,1.1,0.6,
6.6,1.1,0.7,
6.6,1.1,0.8,
6.6,1.1,0.9,
6.6,1.1,1,
6.6,1.1,1.1,
6.6,1.1,1.2,
6.6,1.1,1.3,
6.6,1.1,1.4,
6.6,1.1,1.5,
6.6,1.1,1.6,
6.6,1.1,1.7,
6.6,1.1,1.8,
6.6,1.1,1.9,0.965602838
6.6,1.1,2,
6.6,1.1,2.1,
6.6,1.1,2.2,
6.6,1.1,2.3,
6.6,1.1,2.4,
6.6,1.1,2.5,
6.6,1.1,2.6,
6.6,1.1,2.7,
6.6,1.1,2.8,
6.6,1.1,2.9,
6.6,1.1,3,
6.6,1.1,3.1,
6.6,1.1,3.2,
6.6,1.1,3.3,
6.6,1.1,3.4,
6.6,1.1,3.5,
6.6,1.1,3.6,
6.7,1.1,0,
6.7,1.1,0.1,
6.7,1.1,0.2,
6.7,1.1,0.3,
6.7,1.1,0.4,
6.7,1.1,0.5,
6.7,1.1,0.6,
6.7,1.1,0.7,
6.7,1.1,0.8,
6.7,1.1,0.9,
6.7,1.1,1,
6.7,1.1,1.1,
6.7,1.1,1.2,
6.7,1.1,1.3,
6.7,1.1,1.4,
6.7,1.1,1.5,
6.7,1.1,1.6,
6.7,1.1,1.7,
6.7,1.1,1.8,
6.7,1.1,1.9,
6.7,1.1,2,
6.7,1.1,2.1,
6.7,1.1,2.2,
6.7,1.1,2.3,
6.7,1.1,2.4,
6.7,1.1,2.5,
6.7,1.1,2.6,
6.7,1.1,2.7,
6.7,1.1,2.8,
6.7,1.1,2.9,
6.7,1.1,3,
6.7,1.1,3.1,
6.7,1.1,3.2,
6.7,1.1,3.3,
6.7,1.1,3.4,
6.7,1.1,3.5,
6.7,1.1,3.6,
6.8,1.1,0,
6.8,1.1,0.1,
6.8,1.1,0.2,
6.8,1.1,0.3,
6.8,1.1,0.4,
6.8,1.1,0.5,
6.8,1.1,0.6,
6.8,1.1,0.7,
6.8,1.1,0.8,
6.8,1.1,0.9,
6.8,1.1,1,
6.8,1.1,1.1,
6.8,1.1,1.2,
6.8,1.1,1.3,
6.8,1.1,1.4,
6.8,1.1,1.5,
6.8,1.1,1.6,
6.8,1.1,1.7,
6.8,1.1,1.8,
6.8,1.1,1.9,
6.8,1.1,2,
6.8,1.1,2.1,
6.8,1.1,2.2,
6.8,1.1,2.3,
6.8,1.1,2.4,
6.8,1.1,2.5,
6.8,1.1,2.6,
6.8,1.1,2.7,
6.8,1.1,2.8,
6.8,1.1,2.9,
6.8,1.1,3,
6.8,1.1,3.1,
6.8,1.1,3.2,
6.8,1.1,3.3,
6.8,1.1,3.4,
6.8,1.1,3.5,
6.8,1.1,3.6,
6.9,1.1,0,
6.9,1.1,0.1,
6.9,1.1,0.2,
6.9,1.1,0.3,
6.9,1.1,0.4,
6.9,1.1,0.5,
6.9,1.1,0.6,
6.9,1.1,0.7,
6.9,1.1,0.8,1.135269648
6.9,1.1,0.9,
6.9,1.1,1,
6.9,1.1,1.1,
6.9,1.1,1.2,
6.9,1.1,1.3,
6.9,1.1,1.4,
6.9,1.1,1.5,
6.9,1.1,1.6,
6.9,1.1,1.7,
6.9,1.1,1.8,
6.9,1.1,1.9,
6.9,1.1,2,
6.9,1.1,2.1,
6.9,1.1,2.2,
6.9,1.1,2.3,
6.9,1.1,2.4,
6.9,1.1,2.5,
6.9,1.1,2.6,
6.9,1.1,2.7,
6.9,1.1,2.8,
6.9,1.1,2.9,
6.9,1.1,3,
6.9,1.1,3.1,
6.9,1.1,3.2,
6.9,1.1,3.3,
6.9,1.1,3.4,
6.9,1.1,3.5,
6.9,1.1,3.6,
7,1.1,0,
7,1.1,0.1,
7,1.1,0.2,
7,1.1,0.3,
7,1.1,0.4,
7,1.1,0.5,
7,1.1,0.6,
7,1.1,0.7,
7,1.1,0.8,
7,1.1,0.9,
7,1.1,1,
7,1.1,1.1,
7,1.1,1.2,1.039816716
7,1.1,1.3,
7,1.1,1.4,
7,1.1,1.5,
7,1.1,1.6,
7,1.1,1.7,
7,1.1,1.8,
7,1.1,1.9,
7,1.1,2,
7,1.1,2.1,
7,1.1,2.2,
7,1.1,2.3,
7,1.1,2.4,
7,1.1,2.5,
7,1.1,2.6,
7,1.1,2.7,
7,1.1,2.8,
7,1.1,2.9,
7,1.1,3,
7,1.1,3.1,
7,1.1,3.2,
7,1.1,3.3,
7,1.1,3.4,
7,1.1,3.5,
7,1.1,3.6,
7.1,1.1,0,
7.1,1.1,0.1,
7.1,1.1,0.2,
7.1,1.1,0.3,
7.1,1.1,0.4,
7.1,1.1,0.5,
7.1,1.1,0.6,
7.1,1.1,0.7,
7.1,1.1,0.8,
7.1,1.1,0.9,
7.1,1.1,1,
7.1,1.1,1.1,
7.1,1.1,1.2,
7.1,1.1,1.3,1.028242865
7.1,1.1,1.4,
7.1,1.1,1.5,
7.1,1.1,1.6,
7.1,1.1,1.7,
7.1,1.1,1.8,
7.1,1.1,1.9,
7.1,1.1,2,
7.1,1.1,2.1,
7.1,1.1,2.2,
7.1,1.1,2.3,
7.1,1.1,2.4,
7.1,1.1,2.5,
7.1,1.1,2.6,
7.1,1.1,2.7,
7.1,1.1,2.8,
7.1,1.1,2.9,
7.1,1.1,3,
7.1,1.1,3.1,
7.1,1.1,3.2,
7.1,1.1,3.3,
7.1,1.1,3.4,
7.1,1.1,3.5,
7.1,1.1,3.6,0.964715319
7.2,1.1,0,
7.2,1.1,0.1,
7.2,1.1,0.2,
7.2,1.1,0.3,
7.2,1.1,0.4,
7.2,1.1,0.5,
7.2,1.1,0.6,
7.2,1.1,0.7,
7.2,1.1,0.8,
7.2,1.1,0.9,
7.2,1.1,1,
7.2,1.1,1.1,
7.2,1.1,1.2,
7.2,1.1,1.3,
7.2,1.1,1.4,
7.2,1.1,1.5,
7.2,1.1,1.6,
7.2,1.1,1.7,
7.2,1.1,1.8,
7.2,1.1,1.9,
7.2,1.1,2,
7.2,1.1,2.1,
7.2,1.1,2.2,
7.2,1.1,2.3,
7.2,1.1,2.4,
7.2,1.1,2.5,
7.2,1.1,2.6,
7.2,1.1,2.7,
7.2,1.1,2.8,
7.2,1.1,2.9,
7.2,1.1,3,
7.2,1.1,3.1,
7.2,1.1,3.2,
7.2,1.1,3.3,0.980753487
7.2,1.1,3.4,
7.2,1.1,3.5,
7.2,1.1,3.6,
7.3,1.1,0,
7.3,1.1,0.1,
7.3,1.1,0.2,
7.3,1.1,0.3,
7.3,1.1,0.4,
7.3,1.1,0.5,
7.3,1.1,0.6,
7.3,1.1,0.7,
7.3,1.1,0.8,
7.3,1.1,0.9,
7.3,1.1,1,
7.3,1.1,1.1,
7.3,1.1,1.2,
7.3,1.1,1.3,
7.3,1.1,1.4,
7.3,1.1,1.5,
7.3,1.1,1.6,
7.3,1.1,1.7,
7.3,1.1,1.8,
7.3,1.1,1.9,
7.3,1.1,2,
7.3,1.1,2.1,
7.3,1.1,2.2,
7.3,1.1,2.3,
7.3,1.1,2.4,
7.3,1.1,2.5,
7.3,1.1,2.6,
7.3,1.1,2.7,
7.3,1.1,2.8,
7.3,1.1,2.9,
7.3,1.1,3,
7.3,1.1,3.1,
7.3,1.1,3.2,
7.3,1.1,3.3,
7.3,1.1,3.4,
7.3,1.1,3.5,
7.3,1.1,3.6,
7.4,1.1,0,
7.4,1.1,0.1,
7.4,1.1,0.2,
7.4,1.1,0.3,
7.4,1.1,0.4,
7.4,1.1,0.5,
7.4,1.1,0.6,
7.4,1.1,0.7,
7.4,1.1,0.8,
7.4,1.1,0.9,
7.4,1.1,1,
7.4,1.1,1.1,
7.4,1.1,1.2,
7.4,1.1,1.3,
7.4,1.1,1.4,
7.4,1.1,1.5,
7.4,1.1,1.6,
7.4,1.1,1.7,
7.4,1.1,1.8,
7.4,1.1,1.9,
7.4,1.1,2,
7.4,1.1,2.1,
7.4,1.1,2.2,
7.4,1.1,2.3,
7.4,1.1,2.4,
7.4,1.1,2.5,
7.4,1.1,2.6,
7.4,1.1,2.7,
7.4,1.1,2.8,
7.4,1.1,2.9,
7.4,1.1,3,
7.4,1.1,3.1,
7.4,1.1,3.2,
7.4,1.1,3.3,
7.4,1.1,3.4,
7.4,1.1,3.5,
7.4,1.1,3.6,
7.5,1.1,0,
7.5,1.1,0.1,
7.5,1.1,0.2,
7.5,1.1,0.3,
7.5,1.1,0.4,
7.5,1.1,0.5,
7.5,1.1,0.6,
7.5,1.1,0.7,
7.5,1.1,0.8,
7.5,1.1,0.9,
7.5,1.1,1,
7.5,1.1,1.1,
7.5,1.1,1.2,
7.5,1.1,1.3,
7.5,1.1,1.4,
7.5,1.1,1.5,
7.5,1.1,1.6,
7.5,1.1,1.7,
7.5,1.1,1.8,
7.5,1.1,1.9,
7.5,1.1,2,
7.5,1.1,2.1,
7.5,1.1,2.2,
7.5,1.1,2.3,
7.5,1.1,2.4,
7.5,1.1,2.5,
7.5,1.1,2.6,
7.5,1.1,2.7,
7.5,1.1,2.8,
7.5,1.1,2.9,
7.5,1.1,3,
7.5,1.1,3.1,
7.5,1.1,3.2,
7.5,1.1,3.3,
7.5,1.1,3.4,
7.5,1.1,3.5,
7.5,1.1,3.6,
7.6,1.1,0,
7.6,1.1,0.1,
7.6,1.1,0.2,
7.6,1.1,0.3,
7.6,1.1,0.4,
7.6,1.1,0.5,
7.6,1.1,0.6,
7.6,1.1,0.7,
7.6,1.1,0.8,
7.6,1.1,0.9,
7.6,1.1,1,
7.6,1.1,1.1,
7.6,1.1,1.2,
7.6,1.1,1.3,
7.6,1.1,1.4,
7.6,1.1,1.5,
7.6,1.1,1.6,
7.6,1.1,1.7,
7.6,1.1,1.8,0.976159539
7.6,1.1,1.9,
7.6,1.1,2,
7.6,1.1,2.1,
7.6,1.1,2.2,
7.6,1.1,2.3,
7.6,1.1,2.4,
7.6,1.1,2.5,
7.6,1.1,2.6,
7.6,1.1,2.7,
7.6,1.1,2.8,
7.6,1.1,2.9,
7.6,1.1,3,
7.6,1.1,3.1,
7.6,1.1,3.2,
7.6,1.1,3.3,
7.6,1.1,3.4,
7.6,1.1,3.5,
7.6,1.1,3.6,
7.7,1.1,0,
7.7,1.1,0.1,
7.7,1.1,0.2,
7.7,1.1,0.3,0.985347152
7.7,1.1,0.4,
7.7,1.1,0.5,
7.7,1.1,0.6,
7.7,1.1,0.7,
7.7,1.1,0.8,
7.7,1.1,0.9,
7.7,1.1,1,
7.7,1.1,1.1,
7.7,1.1,1.2,
7.7,1.1,1.3,
7.7,1.1,1.4,
7.7,1.1,1.5,
7.7,1.1,1.6,
7.7,1.1,1.7,
7.7,1.1,1.8,
7.7,1.1,1.9,
7.7,1.1,2,
7.7,1.1,2.1,
7.7,1.1,2.2,
7.7,1.1,2.3,
7.7,1.1,2.4,
7.7,1.1,2.5,
7.7,1.1,2.6,
7.7,1.1,2.7,
7.7,1.1,2.8,
7.7,1.1,2.9,
7.7,1.1,3,1.032306065
7.7,1.1,3.1,
7.7,1.1,3.2,
7.7,1.1,3.3,
7.7,1.1,3.4,
7.7,1.1,3.5,
7.7,1.1,3.6,
7.8,1.1,0,
7.8,1.1,0.1,
7.8,1.1,0.2,
7.8,1.1,0.3,
7.8,1.1,0.4,
7.8,1.1,0.5,
7.8,1.1,0.6,
7.8,1.1,0.7,
7.8,1.1,0.8,
7.8,1.1,0.9,
7.8,1.1,1,
7.8,1.1,1.1,
7.8,1.1,1.2,1.027806496
7.8,1.1,1.3,
7.8,1.1,1.4,
7.8,1.1,1.5,
7.8,1.1,1.6,
7.8,1.1,1.7,
7.8,1.1,1.8,
7.8,1.1,1.9,
7.8,1.1,2,
7.8,1.1,2.1,
7.8,1.1,2.2,
7.8,1.1,2.3,
7.8,1.1,2.4,
7.8,1.1,2.5,
7.8,1.1,2.6,
7.8,1.1,2.7,
7.8,1.1,2.8,1.120853291
7.8,1.1,2.9,
7.8,1.1,3,
7.8,1.1,3.1,
7.8,1.1,3.2,
7.8,1.1,3.3,
7.8,1.1,3.4,
7.8,1.1,3.5,
7.8,1.1,3.6,
7.9,1.1,0,
7.9,1.1,0.1,
7.9,1.1,0.2,
7.9,1.1,0.3,
7.9,1.1,0.4,
7.9,1.1,0.5,
7.9,1.1,0.6,
7.9,1.1,0.7,1.066004214
7.9,1.1,0.8,
7.9,1.1,0.9,
7.9,1.1,1,
7.9,1.1,1.1,
7.9,1.1,1.2,
7.9,1.1,1.3,
7.9,1.1,1.4,
7.9,1.1,1.5,
7.9,1.1,1.6,
7.9,1.1,1.7,
7.9,1.1,1.8,
7.9,1.1,1.9,
7.9,1.1,2,
7.9,1.1,2.1,
7.9,1.1,2.2,
7.9,1.1,2.3,
7.9,1.1,2.4,
7.9,1.1,2.5,1.041795014
7.9,1.1,2.6,
7.9,1.1,2.7,
7.9,1.1,2.8,
7.9,1.1,2.9,
7.9,1.1,3,
7.9,1.1,3.1,1.027513689
7.9,1.1,3.2,
7.9,1.1,3.3,
7.9,1.1,3.4,
7.9,1.1,3.5,
7.9,1.1,3.6,
8,1.1,0,
8,1.1,0.1,
8,1.1,0.2,
8,1.1,0.3,
8,1.1,0.4,
8,1.1,0.5,
8,1.1,0.6,
8,1.1,0.7,
8,1.1,0.8,
8,1.1,0.9,
8,1.1,1,
8,1.1,1.1,
8,1.1,1.2,
8,1.1,1.3,
8,1.1,1.4,
8,1.1,1.5,
8,1.1,1.6,
8,1.1,1.7,
8,1.1,1.8,
8,1.1,1.9,
8,1.1,2,
8,1.1,2.1,
8,1.1,2.2,
8,1.1,2.3,
8,1.1,2.4,
8,1.1,2.5,
8,1.1,2.6,
8,1.1,2.7,
8,1.1,2.8,
8,1.1,2.9,1.145708657
8,1.1,3,
8,1.1,3.1,
8,1.1,3.2,
8,1.1,3.3,
8,1.1,3.4,
8,1.1,3.5,
8,1.1,3.6,
0,1.2,0,
0,1.2,0.1,
0,1.2,0.2,
0,1.2,0.3,
0,1.2,0.4,
0,1.2,0.5,
0,1.2,0.6,
0,1.2,0.7,
0,1.2,0.8,
0,1.2,0.9,
0,1.2,1,
0,1.2,1.1,1.30839528
0,1.2,1.2,1.276673723
0,1.2,1.3,
0,1.2,1.4,
0,1.2,1.5,
0,1.2,1.6,
0,1.2,1.7,
0,1.2,1.8,
0,1.2,1.9,
0,1.2,2,1.195993066
0,1.2,2.1,
0,1.2,2.2,
0,1.2,2.3,
0,1.2,2.4,
0,1.2,2.5,
0,1.2,2.6,
0,1.2,2.7,
0,1.2,2.8,
0,1.2,2.9,1.133582167
0,1.2,3,
0,1.2,3.1,
0,1.2,3.2,
0,1.2,3.3,
0,1.2,3.4,
0,1.2,3.5,
0,1.2,3.6,
0.1,1.2,0,
0.1,1.2,0.1,
0.1,1.2,0.2,
0.1,1.2,0.3,
0.1,1.2,0.4,
0.1,1.2,0.5,
0.1,1.2,0.6,
0.1,1.2,0.7,
0.1,1.2,0.8,
0.1,1.2,0.9,
0.1,1.2,1,
0.1,1.2,1.1,1.034048411
0.1,1.2,1.2,
0.1,1.2,1.3,
0.1,1.2,1.4,
0.1,1.2,1.5,
0.1,1.2,1.6,
0.1,1.2,1.7,
0.1,1.2,1.8,
0.1,1.2,1.9,
0.1,1.2,2,
0.1,1.2,2.1,
0.1,1.2,2.2,
0.1,1.2,2.3,
0.1,1.2,2.4,
0.1,1.2,2.5,
0.1,1.2,2.6,
0.1,1.2,2.7,
0.1,1.2,2.8,
0.1,1.2,2.9,
0.1,1.2,3,
0.1,1.2,3.1,
0.1,1.2,3.2,
0.1,1.2,3.3,
0.1,1.2,3.4,
0.1,1.2,3.5,
0.1,1.2,3.6,
0.2,1.2,0,
0.2,1.2,0.1,
0.2,1.2,0.2,
0.2,1.2,0.3,
0.2,1.2,0.4,
0.2,1.2,0.5,
0.2,1.2,0.6,
0.2,1.2,0.7,
0.2,1.2,0.8,
0.2,1.2,0.9,
0.2,1.2,1,
0.2,1.2,1.1,
0.2,1.2,1.2,
0.2,1.2,1.3,
0.2,1.2,1.4,
0.2,1.2,1.5,
0.2,1.2,1.6,
0.2,1.2,1.7,
0.2,1.2,1.8,
0.2,1.2,1.9,
0.2,1.2,2,
0.2,1.2,2.1,
0.2,1.2,2.2,
0.2,1.2,2.3,
0.2,1.2,2.4,
0.2,1.2,2.5,
0.2,1.2,2.6,
0.2,1.2,2.7,
0.2,1.2,2.8,
0.2,1.2,2.9,
0.2,1.2,3,
0.2,1.2,3.1,
0.2,1.2,3.2,
0.2,1.2,3.3,
0.2,1.2,3.4,0.991121427
0.2,1.2,3.5,
0.2,1.2,3.6,
0.3,1.2,0,
0.3,1.2,0.1,
0.3,1.2,0.2,
0.3,1.2,0.3,
0.3,1.2,0.4,
0.3,1.2,0.5,
0.3,1.2,0.6,
0.3,1.2,0.7,
0.3,1.2,0.8,
0.3,1.2,0.9,
0.3,1.2,1,
0.3,1.2,1.1,
0.3,1.2,1.2,
0.3,1.2,1.3,1.00367462
0.3,1.2,1.4,
0.3,1.2,1.5,
0.3,1.2,1.6,
0.3,1.2,1.7,
0.3,1.2,1.8,
0.3,1.2,1.9,
0.3,1.2,2,
0.3,1.2,2.1,
0.3,1.2,2.2,
0.3,1.2,2.3,
0.3,1.2,2.4,
0.3,1.2,2.5,
0.3,1.2,2.6,
0.3,1.2,2.7,
0.3,1.2,2.8,
0.3,1.2,2.9,
0.3,1.2,3,
0.3,1.2,3.1,
0.3,1.2,3.2,
0.3,1.2,3.3,
0.3,1.2,3.4,
0.3,1.2,3.5,
0.3,1.2,3.6,
0.4,1.2,0,
0.4,1.2,0.1,
0.4,1.2,0.2,0.974487125
0.4,1.2,0.3,
0.4,1.2,0.4,
0.4,1.2,0.5,
0.4,1.2,0.6,
0.4,1.2,0.7,
0.4,1.2,0.8,
0.4,1.2,0.9,
0.4,1.2,1,
0.4,1.2,1.1,
0.4,1.2,1.2,
0.4,1.2,1.3,
0.4,1.2,1.4,
0.4,1.2,1.5,
0.4,1.2,1.6,
0.4,1.2,1.7,
0.4,1.2,1.8,
0.4,1.2,1.9,
0.4,1.2,2,
0.4,1.2,2.1,
0.4,1.2,2.2,
0.4,1.2,2.3,
0.4,1.2,2.4,
0.4,1.2,2.5,
0.4,1.2,2.6,
0.4,1.2,2.7,
0.4,1.2,2.8,
0.4,1.2,2.9,
0.4,1.2,3,
0.4,1.2,3.1,
0.4,1.2,3.2,
0.4,1.2,3.3,
0.4,1.2,3.4,
0.4,1.2,3.5,
0.4,1.2,3.6,
0.5,1.2,0,
0.5,1.2,0.1,
0.5,1.2,0.2,
0.5,1.2,0.3,
0.5,1.2,0.4,
0.5,1.2,0.5,
0.5,1.2,0.6,
0.5,1.2,0.7,
0.5,1.2,0.8,
0.5,1.2,0.9,
0.5,1.2,1,
0.5,1.2,1.1,
0.5,1.2,1.2,
0.5,1.2,1.3,
0.5,1.2,1.4,
0.5,1.2,1.5,
0.5,1.2,1.6,
0.5,1.2,1.7,
0.5,1.2,1.8,
0.5,1.2,1.9,
0.5,1.2,2,
0.5,1.2,2.1,
0.5,1.2,2.2,
0.5,1.2,2.3,
0.5,1.2,2.4,
0.5,1.2,2.5,
0.5,1.2,2.6,1.159745218
0.5,1.2,2.7,
0.5,1.2,2.8,
0.5,1.2,2.9,
0.5,1.2,3,
0.5,1.2,3.1,
0.5,1.2,3.2,
0.5,1.2,3.3,
0.5,1.2,3.4,
0.5,1.2,3.5,
0.5,1.2,3.6,
0.6,1.2,0,
0.6,1.2,0.1,
0.6,1.2,0.2,
0.6,1.2,0.3,
0.6,1.2,0.4,
0.6,1.2,0.5,
0.6,1.2,0.6,
0.6,1.2,0.7,
0.6,1.2,0.8,
0.6,1.2,0.9,
0.6,1.2,1,
0.6,1.2,1.1,
0.6,1.2,1.2,
0.6,1.2,1.3,
0.6,1.2,1.4,
0.6,1.2,1.5,
0.6,1.2,1.6,
0.6,1.2,1.7,
0.6,1.2,1.8,
0.6,1.2,1.9,
0.6,1.2,2,
0.6,1.2,2.1,
0.6,1.2,2.2,
0.6,1.2,2.3,
0.6,1.2,2.4,
0.6,1.2,2.5,
0.6,1.2,2.6,
0.6,1.2,2.7,
0.6,1.2,2.8,
0.6,1.2,2.9,
0.6,1.2,3,
0.6,1.2,3.1,
0.6,1.2,3.2,
0.6,1.2,3.3,
0.6,1.2,3.4,
0.6,1.2,3.5,
0.6,1.2,3.6,
0.7,1.2,0,
0.7,1.2,0.1,
0.7,1.2,0.2,
0.7,1.2,0.3,
0.7,1.2,0.4,
0.7,1.2,0.5,
0.7,1.2,0.6,
0.7,1.2,0.7,
0.7,1.2,0.8,
0.7,1.2,0.9,
0.7,1.2,1,
0.7,1.2,1.1,
0.7,1.2,1.2,
0.7,1.2,1.3,
0.7,1.2,1.4,
0.7,1.2,1.5,
0.7,1.2,1.6,
0.7,1.2,1.7,
0.7,1.2,1.8,
0.7,1.2,1.9,
0.7,1.2,2,
0.7,1.2,2.1,
0.7,1.2,2.2,
0.7,1.2,2.3,
0.7,1.2,2.4,
0.7,1.2,2.5,
0.7,1.2,2.6,
0.7,1.2,2.7,
0.7,1.2,2.8,
0.7,1.2,2.9,1.032755794
0.7,1.2,3,
0.7,1.2,3.1,
0.7,1.2,3.2,
0.7,1.2,3.3,
0.7,1.2,3.4,
0.7,1.2,3.5,
0.7,1.2,3.6,
0.8,1.2,0,
0.8,1.2,0.1,
0.8,1.2,0.2,
0.8,1.2,0.3,
0.8,1.2,0.4,
0.8,1.2,0.5,
0.8,1.2,0.6,
0.8,1.2,0.7,
0.8,1.2,0.8,
0.8,1.2,0.9,
0.8,1.2,1,
0.8,1.2,1.1,
0.8,1.2,1.2,
0.8,1.2,1.3,1.045263218
0.8,1.2,1.4,
0.8,1.2,1.5,
0.8,1.2,1.6,
0.8,1.2,1.7,
0.8,1.2,1.8,
0.8,1.2,1.9,
0.8,1.2,2,
0.8,1.2,2.1,
0.8,1.2,2.2,
0.8,1.2,2.3,
0.8,1.2,2.4,
0.8,1.2,2.5,
0.8,1.2,2.6,
0.8,1.2,2.7,
0.8,1.2,2.8,
0.8,1.2,2.9,
0.8,1.2,3,
0.8,1.2,3.1,
0.8,1.2,3.2,
0.8,1.2,3.3,
0.8,1.2,3.4,
0.8,1.2,3.5,
0.8,1.2,3.6,
0.9,1.2,0,
0.9,1.2,0.1,
0.9,1.2,0.2,
0.9,1.2,0.3,
0.9,1.2,0.4,
0.9,1.2,0.5,
0.9,1.2,0.6,
0.9,1.2,0.7,
0.9,1.2,0.8,1.051369531
0.9,1.2,0.9,
0.9,1.2,1,
0.9,1.2,1.1,
0.9,1.2,1.2,
0.9,1.2,1.3,
0.9,1.2,1.4,
0.9,1.2,1.5,
0.9,1.2,1.6,
0.9,1.2,1.7,0.990599207
0.9,1.2,1.8,
0.9,1.2,1.9,
0.9,1.2,2,
0.9,1.2,2.1,
0.9,1.2,2.2,
0.9,1.2,2.3,
0.9,1.2,2.4,
0.9,1.2,2.5,1.070320422
0.9,1.2,2.6,
0.9,1.2,2.7,
0.9,1.2,2.8,
0.9,1.2,2.9,
0.9,1.2,3,
0.9,1.2,3.1,
0.9,1.2,3.2,
0.9,1.2,3.3,
0.9,1.2,3.4,
0.9,1.2,3.5,
0.9,1.2,3.6,0.957687941
1,1.2,0,
1,1.2,0.1,
1,1.2,0.2,
1,1.2,0.3,
1,1.2,0.4,
1,1.2,0.5,
1,1.2,0.6,
1,1.2,0.7,
1,1.2,0.8,
1,1.2,0.9,
1,1.2,1,
1,1.2,1.1,
1,1.2,1.2,
1,1.2,1.3,
1,1.2,1.4,
1,1.2,1.5,
1,1.2,1.6,
1,1.2,1.7,
1,1.2,1.8,
1,1.2,1.9,
1,1.2,2,
1,1.2,2.1,
1,1.2,2.2,
1,1.2,2.3,
1,1.2,2.4,
1,1.2,2.5,
1,1.2,2.6,
1,1.2,2.7,
1,1.2,2.8,
1,1.2,2.9,
1,1.2,3,
1,1.2,3.1,
1,1.2,3.2,
1,1.2,3.3,
1,1.2,3.4,
1,1.2,3.5,
1,1.2,3.6,
1.1,1.2,0,
1.1,1.2,0.1,
1.1,1.2,0.2,
1.1,1.2,0.3,
1.1,1.2,0.4,
1.1,1.2,0.5,
1.1,1.2,0.6,
1.1,1.2,0.7,
1.1,1.2,0.8,
1.1,1.2,0.9,
1.1,1.2,1,
1.1,1.2,1.1,
1.1,1.2,1.2,
1.1,1.2,1.3,
1.1,1.2,1.4,
1.1,1.2,1.5,
1.1,1.2,1.6,
1.1,1.2,1.7,
1.1,1.2,1.8,
1.1,1.2,1.9,
1.1,1.2,2,
1.1,1.2,2.1,
1.1,1.2,2.2,
1.1,1.2,2.3,
1.1,1.2,2.4,
1.1,1.2,2.5,
1.1,1.2,2.6,
1.1,1.2,2.7,
1.1,1.2,2.8,1.124546359
1.1,1.2,2.9,
1.1,1.2,3,
1.1,1.2,3.1,
1.1,1.2,3.2,
1.1,1.2,3.3,
1.1,1.2,3.4,
1.1,1.2,3.5,
1.1,1.2,3.6,
1.2,1.2,0,
1.2,1.2,0.1,
1.2,1.2,0.2,
1.2,1.2,0.3,
1.2,1.2,0.4,
1.2,1.2,0.5,
1.2,1.2,0.6,
1.2,1.2,0.7,
1.2,1.2,0.8,
1.2,1.2,0.9,
1.2,1.2,1,
1.2,1.2,1.1,
1.2,1.2,1.2,
1.2,1.2,1.3,
1.2,1.2,1.4,
1.2,1.2,1.5,
1.2,1.2,1.6,
1.2,1.2,1.7,
1.2,1.2,1.8,
1.2,1.2,1.9,
1.2,1.2,2,
1.2,1.2,2.1,
1.2,1.2,2.2,
1.2,1.2,2.3,
1.2,1.2,2.4,
1.2,1.2,2.5,
1.2,1.2,2.6,
1.2,1.2,2.7,
1.2,1.2,2.8,
1.2,1.2,2.9,
1.2,1.2,3,
1.2,1.2,3.1,
1.2,1.2,3.2,
1.2,1.2,3.3,
1.2,1.2,3.4,
1.2,1.2,3.5,
1.2,1.2,3.6,
1.3,1.2,0,
1.3,1.2,0.1,
1.3,1.2,0.2,
1.3,1.2,0.3,
1.3,1.2,0.4,
1.3,1.2,0.5,
1.3,1.2,0.6,
1.3,1.2,0.7,
1.3,1.2,0.8,
1.3,1.2,0.9,
1.3,1.2,1,
1.3,1.2,1.1,
1.3,1.2,1.2,
1.3,1.2,1.3,
1.3,1.2,1.4,
1.3,1.2,1.5,
1.3,1.2,1.6,
1.3,1.2,1.7,
1.3,1.2,1.8,
1.3,1.2,1.9,
1.3,1.2,2,
1.3,1.2,2.1,
1.3,1.2,2.2,
1.3,1.2,2.3,
1.3,1.2,2.4,
1.3,1.2,2.5,
1.3,1.2,2.6,
1.3,1.2,2.7,
1.3,1.2,2.8,
1.3,1.2,2.9,
1.3,1.2,3,
1.3,1.2,3.1,
1.3,1.2,3.2,
1.3,1.2,3.3,
1.3,1.2,3.4,
1.3,1.2,3.5,
1.3,1.2,3.6,
1.4,1.2,0,
1.4,1.2,0.1,
1.4,1.2,0.2,
1.4,1.2,0.3,
1.4,1.2,0.4,
1.4,1.2,0.5,
1.4,1.2,0.6,
1.4,1.2,0.7,
1.4,1.2,0.8,
1.4,1.2,0.9,1.085604115
1.4,1.2,1,
1.4,1.2,1.1,
1.4,1.2,1.2,1.017142054
1.4,1.2,1.3,
1.4,1.2,1.4,
1.4,1.2,1.5,
1.4,1.2,1.6,
1.4,1.2,1.7,
1.4,1.2,1.8,
1.4,1.2,1.9,
1.4,1.2,2,
1.4,1.2,2.1,
1.4,1.2,2.2,
1.4,1.2,2.3,
1.4,1.2,2.4,
1.4,1.2,2.5,
1.4,1.2,2.6,
1.4,1.2,2.7,
1.4,1.2,2.8,
1.4,1.2,2.9,
1.4,1.2,3,
1.4,1.2,3.1,
1.4,1.2,3.2,
1.4,1.2,3.3,
1.4,1.2,3.4,
1.4,1.2,3.5,
1.4,1.2,3.6,
1.5,1.2,0,
1.5,1.2,0.1,
1.5,1.2,0.2,
1.5,1.2,0.3,
1.5,1.2,0.4,
1.5,1.2,0.5,
1.5,1.2,0.6,
1.5,1.2,0.7,
1.5,1.2,0.8,
1.5,1.2,0.9,
1.5,1.2,1,
1.5,1.2,1.1,
1.5,1.2,1.2,
1.5,1.2,1.3,
1.5,1.2,1.4,
1.5,1.2,1.5,
1.5,1.2,1.6,
1.5,1.2,1.7,
1.5,1.2,1.8,
1.5,1.2,1.9,
1.5,1.2,2,
1.5,1.2,2.1,
1.5,1.2,2.2,
1.5,1.2,2.3,
1.5,1.2,2.4,
1.5,1.2,2.5,
1.5,1.2,2.6,
1.5,1.2,2.7,
1.5,1.2,2.8,
1.5,1.2,2.9,
1.5,1.2,3,
1.5,1.2,3.1,
1.5,1.2,3.2,
1.5,1.2,3.3,
1.5,1.2,3.4,
1.5,1.2,3.5,
1.5,1.2,3.6,
1.6,1.2,0,
1.6,1.2,0.1,
1.6,1.2,0.2,
1.6,1.2,0.3,
1.6,1.2,0.4,
1.6,1.2,0.5,
1.6,1.2,0.6,
1.6,1.2,0.7,
1.6,1.2,0.8,
1.6,1.2,0.9,
1.6,1.2,1,
1.6,1.2,1.1,
1.6,1.2,1.2,
1.6,1.2,1.3,
1.6,1.2,1.4,
1.6,1.2,1.5,
1.6,1.2,1.6,
1.6,1.2,1.7,
1.6,1.2,1.8,
1.6,1.2,1.9,
1.6,1.2,2,
1.6,1.2,2.1,
1.6,1.2,2.2,
1.6,1.2,2.3,
1.6,1.2,2.4,
1.6,1.2,2.5,
1.6,1.2,2.6,
1.6,1.2,2.7,
1.6,1.2,2.8,
1.6,1.2,2.9,
1.6,1.2,3,
1.6,1.2,3.1,
1.6,1.2,3.2,
1.6,1.2,3.3,
1.6,1.2,3.4,
1.6,1.2,3.5,
1.6,1.2,3.6,
1.7,1.2,0,
1.7,1.2,0.1,
1.7,1.2,0.2,
1.7,1.2,0.3,
1.7,1.2,0.4,
1.7,1.2,0.5,
1.7,1.2,0.6,
1.7,1.2,0.7,
1.7,1.2,0.8,
1.7,1.2,0.9,
1.7,1.2,1,
1.7,1.2,1.1,
1.7,1.2,1.2,
1.7,1.2,1.3,
1.7,1.2,1.4,
1.7,1.2,1.5,
1.7,1.2,1.6,
1.7,1.2,1.7,
1.7,1.2,1.8,
1.7,1.2,1.9,
1.7,1.2,2,
1.7,1.2,2.1,
1.7,1.2,2.2,
1.7,1.2,2.3,
1.7,1.2,2.4,
1.7,1.2,2.5,
1.7,1.2,2.6,
1.7,1.2,2.7,
1.7,1.2,2.8,1.10560627
1.7,1.2,2.9,
1.7,1.2,3,
1.7,1.2,3.1,
1.7,1.2,3.2,
1.7,1.2,3.3,
1.7,1.2,3.4,
1.7,1.2,3.5,
1.7,1.2,3.6,
1.8,1.2,0,
1.8,1.2,0.1,
1.8,1.2,0.2,
1.8,1.2,0.3,
1.8,1.2,0.4,
1.8,1.2,0.5,
1.8,1.2,0.6,
1.8,1.2,0.7,
1.8,1.2,0.8,
1.8,1.2,0.9,
1.8,1.2,1,
1.8,1.2,1.1,
1.8,1.2,1.2,
1.8,1.2,1.3,
1.8,1.2,1.4,
1.8,1.2,1.5,
1.8,1.2,1.6,
1.8,1.2,1.7,
1.8,1.2,1.8,
1.8,1.2,1.9,
1.8,1.2,2,
1.8,1.2,2.1,0.972642154
1.8,1.2,2.2,
1.8,1.2,2.3,
1.8,1.2,2.4,
1.8,1.2,2.5,
1.8,1.2,2.6,
1.8,1.2,2.7,
1.8,1.2,2.8,
1.8,1.2,2.9,
1.8,1.2,3,
1.8,1.2,3.1,
1.8,1.2,3.2,
1.8,1.2,3.3,
1.8,1.2,3.4,
1.8,1.2,3.5,
1.8,1.2,3.6,
1.9,1.2,0,
1.9,1.2,0.1,
1.9,1.2,0.2,
1.9,1.2,0.3,
1.9,1.2,0.4,
1.9,1.2,0.5,
1.9,1.2,0.6,
1.9,1.2,0.7,
1.9,1.2,0.8,
1.9,1.2,0.9,
1.9,1.2,1,
1.9,1.2,1.1,
1.9,1.2,1.2,
1.9,1.2,1.3,
1.9,1.2,1.4,
1.9,1.2,1.5,
1.9,1.2,1.6,
1.9,1.2,1.7,0.963295913
1.9,1.2,1.8,
1.9,1.2,1.9,
1.9,1.2,2,
1.9,1.2,2.1,
1.9,1.2,2.2,
1.9,1.2,2.3,
1.9,1.2,2.4,
1.9,1.2,2.5,
1.9,1.2,2.6,
1.9,1.2,2.7,
1.9,1.2,2.8,
1.9,1.2,2.9,
1.9,1.2,3,
1.9,1.2,3.1,
1.9,1.2,3.2,
1.9,1.2,3.3,
1.9,1.2,3.4,
1.9,1.2,3.5,
1.9,1.2,3.6,
2,1.2,0,
2,1.2,0.1,
2,1.2,0.2,
2,1.2,0.3,
2,1.2,0.4,0.993860455
2,1.2,0.5,
2,1.2,0.6,
2,1.2,0.7,
2,1.2,0.8,
2,1.2,0.9,
2,1.2,1,
2,1.2,1.1,
2,1.2,1.2,
2,1.2,1.3,
2,1.2,1.4,
2,1.2,1.5,
2,1.2,1.6,
2,1.2,1.7,
2,1.2,1.8,
2,1.2,1.9,
2,1.2,2,
2,1.2,2.1,
2,1.2,2.2,
2,1.2,2.3,
2,1.2,2.4,
2,1.2,2.5,
2,1.2,2.6,
2,1.2,2.7,
2,1.2,2.8,
2,1.2,2.9,1.050722796
2,1.2,3,
2,1.2,3.1,
2,1.2,3.2,
2,1.2,3.3,
2,1.2,3.4,
2,1.2,3.5,
2,1.2,3.6,
2.1,1.2,0,
2.1,1.2,0.1,
2.1,1.2,0.2,0.969351056
2.1,1.2,0.3,
2.1,1.2,0.4,
2.1,1.2,0.5,
2.1,1.2,0.6,
2.1,1.2,0.7,
2.1,1.2,0.8,
2.1,1.2,0.9,
2.1,1.2,1,
2.1,1.2,1.1,
2.1,1.2,1.2,
2.1,1.2,1.3,
2.1,1.2,1.4,
2.1,1.2,1.5,
2.1,1.2,1.6,
2.1,1.2,1.7,
2.1,1.2,1.8,
2.1,1.2,1.9,
2.1,1.2,2,
2.1,1.2,2.1,
2.1,1.2,2.2,
2.1,1.2,2.3,
2.1,1.2,2.4,
2.1,1.2,2.5,
2.1,1.2,2.6,
2.1,1.2,2.7,
2.1,1.2,2.8,
2.1,1.2,2.9,
2.1,1.2,3,
2.1,1.2,3.1,
2.1,1.2,3.2,
2.1,1.2,3.3,
2.1,1.2,3.4,
2.1,1.2,3.5,
2.1,1.2,3.6,
2.2,1.2,0,
2.2,1.2,0.1,
2.2,1.2,0.2,
2.2,1.2,0.3,
2.2,1.2,0.4,
2.2,1.2,0.5,
2.2,1.2,0.6,
2.2,1.2,0.7,
2.2,1.2,0.8,
2.2,1.2,0.9,
2.2,1.2,1,
2.2,1.2,1.1,
2.2,1.2,1.2,
2.2,1.2,1.3,
2.2,1.2,1.4,
2.2,1.2,1.5,
2.2,1.2,1.6,
2.2,1.2,1.7,
2.2,1.2,1.8,
2.2,1.2,1.9,
2.2,1.2,2,
2.2,1.2,2.1,
2.2,1.2,2.2,
2.2,1.2,2.3,
2.2,1.2,2.4,
2.2,1.2,2.5,
2.2,1.2,2.6,
2.2,1.2,2.7,
2.2,1.2,2.8,
2.2,1.2,2.9,
2.2,1.2,3,
2.2,1.2,3.1,
2.2,1.2,3.2,
2.2,1.2,3.3,
2.2,1.2,3.4,
2.2,1.2,3.5,
2.2,1.2,3.6,
2.3,1.2,0,
2.3,1.2,0.1,
2.3,1.2,0.2,
2.3,1.2,0.3,
2.3,1.2,0.4,
2.3,1.2,0.5,
2.3,1.2,0.6,
2.3,1.2,0.7,
2.3,1.2,0.8,
2.3,1.2,0.9,
2.3,1.2,1,
2.3,1.2,1.1,
2.3,1.2,1.2,
2.3,1.2,1.3,
2.3,1.2,1.4,
2.3,1.2,1.5,
2.3,1.2,1.6,
2.3,1.2,1.7,
2.3,1.2,1.8,
2.3,1.2,1.9,
2.3,1.2,2,
2.3,1.2,2.1,
2.3,1.2,2.2,
2.3,1.2,2.3,
2.3,1.2,2.4,
2.3,1.2,2.5,
2.3,1.2,2.6,
2.3,1.2,2.7,
2.3,1.2,2.8,
2.3,1.2,2.9,
2.3,1.2,3,
2.3,1.2,3.1,
2.3,1.2,3.2,
2.3,1.2,3.3,
2.3,1.2,3.4,
2.3,1.2,3.5,
2.3,1.2,3.6,
2.4,1.2,0,
2.4,1.2,0.1,
2.4,1.2,0.2,
2.4,1.2,0.3,
2.4,1.2,0.4,
2.4,1.2,0.5,
2.4,1.2,0.6,
2.4,1.2,0.7,
2.4,1.2,0.8,
2.4,1.2,0.9,
2.4,1.2,1,
2.4,1.2,1.1,
2.4,1.2,1.2,
2.4,1.2,1.3,
2.4,1.2,1.4,
2.4,1.2,1.5,
2.4,1.2,1.6,
2.4,1.2,1.7,
2.4,1.2,1.8,
2.4,1.2,1.9,
2.4,1.2,2,
2.4,1.2,2.1,
2.4,1.2,2.2,
2.4,1.2,2.3,
2.4,1.2,2.4,
2.4,1.2,2.5,
2.4,1.2,2.6,
2.4,1.2,2.7,
2.4,1.2,2.8,
2.4,1.2,2.9,
2.4,1.2,3,
2.4,1.2,3.1,
2.4,1.2,3.2,
2.4,1.2,3.3,
2.4,1.2,3.4,
2.4,1.2,3.5,
2.4,1.2,3.6,
2.5,1.2,0,
2.5,1.2,0.1,
2.5,1.2,0.2,
2.5,1.2,0.3,
2.5,1.2,0.4,
2.5,1.2,0.5,
2.5,1.2,0.6,
2.5,1.2,0.7,
2.5,1.2,0.8,
2.5,1.2,0.9,
2.5,1.2,1,
2.5,1.2,1.1,
2.5,1.2,1.2,
2.5,1.2,1.3,
2.5,1.2,1.4,
2.5,1.2,1.5,
2.5,1.2,1.6,
2.5,1.2,1.7,
2.5,1.2,1.8,
2.5,1.2,1.9,
2.5,1.2,2,
2.5,1.2,2.1,
2.5,1.2,2.2,
2.5,1.2,2.3,
2.5,1.2,2.4,
2.5,1.2,2.5,
2.5,1.2,2.6,
2.5,1.2,2.7,
2.5,1.2,2.8,
2.5,1.2,2.9,
2.5,1.2,3,
2.5,1.2,3.1,
2.5,1.2,3.2,
2.5,1.2,3.3,
2.5,1.2,3.4,
2.5,1.2,3.5,
2.5,1.2,3.6,
2.6,1.2,0,
2.6,1.2,0.1,
2.6,1.2,0.2,
2.6,1.2,0.3,
2.6,1.2,0.4,
2.6,1.2,0.5,
2.6,1.2,0.6,
2.6,1.2,0.7,
2.6,1.2,0.8,
2.6,1.2,0.9,
2.6,1.2,1,
2.6,1.2,1.1,
2.6,1.2,1.2,
2.6,1.2,1.3,
2.6,1.2,1.4,
2.6,1.2,1.5,1.042069627
2.6,1.2,1.6,
2.6,1.2,1.7,
2.6,1.2,1.8,
2.6,1.2,1.9,
2.6,1.2,2,
2.6,1.2,2.1,
2.6,1.2,2.2,
2.6,1.2,2.3,
2.6,1.2,2.4,
2.6,1.2,2.5,
2.6,1.2,2.6,
2.6,1.2,2.7,
2.6,1.2,2.8,
2.6,1.2,2.9,
2.6,1.2,3,
2.6,1.2,3.1,
2.6,1.2,3.2,
2.6,1.2,3.3,
2.6,1.2,3.4,
2.6,1.2,3.5,
2.6,1.2,3.6,
2.7,1.2,0,
2.7,1.2,0.1,
2.7,1.2,0.2,
2.7,1.2,0.3,
2.7,1.2,0.4,
2.7,1.2,0.5,
2.7,1.2,0.6,
2.7,1.2,0.7,
2.7,1.2,0.8,
2.7,1.2,0.9,1.085737726
2.7,1.2,1,
2.7,1.2,1.1,
2.7,1.2,1.2,
2.7,1.2,1.3,
2.7,1.2,1.4,
2.7,1.2,1.5,
2.7,1.2,1.6,
2.7,1.2,1.7,
2.7,1.2,1.8,
2.7,1.2,1.9,
2.7,1.2,2,
2.7,1.2,2.1,
2.7,1.2,2.2,
2.7,1.2,2.3,
2.7,1.2,2.4,
2.7,1.2,2.5,
2.7,1.2,2.6,
2.7,1.2,2.7,
2.7,1.2,2.8,
2.7,1.2,2.9,1.040858599
2.7,1.2,3,
2.7,1.2,3.1,
2.7,1.2,3.2,
2.7,1.2,3.3,
2.7,1.2,3.4,
2.7,1.2,3.5,
2.7,1.2,3.6,
2.8,1.2,0,
2.8,1.2,0.1,
2.8,1.2,0.2,
2.8,1.2,0.3,
2.8,1.2,0.4,
2.8,1.2,0.5,
2.8,1.2,0.6,
2.8,1.2,0.7,
2.8,1.2,0.8,
2.8,1.2,0.9,
2.8,1.2,1,
2.8,1.2,1.1,1.049910611
2.8,1.2,1.2,
2.8,1.2,1.3,
2.8,1.2,1.4,
2.8,1.2,1.5,
2.8,1.2,1.6,
2.8,1.2,1.7,
2.8,1.2,1.8,
2.8,1.2,1.9,
2.8,1.2,2,
2.8,1.2,2.1,
2.8,1.2,2.2,
2.8,1.2,2.3,
2.8,1.2,2.4,1.025757698
2.8,1.2,2.5,
2.8,1.2,2.6,
2.8,1.2,2.7,
2.8,1.2,2.8,
2.8,1.2,2.9,
2.8,1.2,3,
2.8,1.2,3.1,
2.8,1.2,3.2,
2.8,1.2,3.3,
2.8,1.2,3.4,
2.8,1.2,3.5,
2.8,1.2,3.6,
2.9,1.2,0,
2.9,1.2,0.1,
2.9,1.2,0.2,
2.9,1.2,0.3,
2.9,1.2,0.4,
2.9,1.2,0.5,
2.9,1.2,0.6,
2.9,1.2,0.7,
2.9,1.2,0.8,
2.9,1.2,0.9,
2.9,1.2,1,
2.9,1.2,1.1,
2.9,1.2,1.2,
2.9,1.2,1.3,
2.9,1.2,1.4,
2.9,1.2,1.5,
2.9,1.2,1.6,
2.9,1.2,1.7,
2.9,1.2,1.8,
2.9,1.2,1.9,
2.9,1.2,2,
2.9,1.2,2.1,
2.9,1.2,2.2,
2.9,1.2,2.3,
2.9,1.2,2.4,
2.9,1.2,2.5,
2.9,1.2,2.6,
2.9,1.2,2.7,
2.9,1.2,2.8,
2.9,1.2,2.9,
2.9,1.2,3,
2.9,1.2,3.1,
2.9,1.2,3.2,
2.9,1.2,3.3,
2.9,1.2,3.4,
2.9,1.2,3.5,
2.9,1.2,3.6,
3,1.2,0,
3,1.2,0.1,
3,1.2,0.2,
3,1.2,0.3,
3,1.2,0.4,
3,1.2,0.5,
3,1.2,0.6,
3,1.2,0.7,
3,1.2,0.8,
3,1.2,0.9,
3,1.2,1,
3,1.2,1.1,
3,1.2,1.2,
3,1.2,1.3,
3,1.2,1.4,
3,1.2,1.5,
3,1.2,1.6,
3,1.2,1.7,
3,1.2,1.8,
3,1.2,1.9,
3,1.2,2,
3,1.2,2.1,
3,1.2,2.2,
3,1.2,2.3,
3,1.2,2.4,
3,1.2,2.5,
3,1.2,2.6,
3,1.2,2.7,1.109747078
3,1.2,2.8,
3,1.2,2.9,
3,1.2,3,
3,1.2,3.1,
3,1.2,3.2,
3,1.2,3.3,
3,1.2,3.4,
3,1.2,3.5,
3,1.2,3.6,
3.1,1.2,0,
3.1,1.2,0.1,
3.1,1.2,0.2,
3.1,1.2,0.3,
3.1,1.2,0.4,
3.1,1.2,0.5,
3.1,1.2,0.6,
3.1,1.2,0.7,
3.1,1.2,0.8,
3.1,1.2,0.9,
3.1,1.2,1,
3.1,1.2,1.1,
3.1,1.2,1.2,
3.1,1.2,1.3,
3.1,1.2,1.4,
3.1,1.2,1.5,
3.1,1.2,1.6,
3.1,1.2,1.7,
3.1,1.2,1.8,
3.1,1.2,1.9,
3.1,1.2,2,
3.1,1.2,2.1,
3.1,1.2,2.2,
3.1,1.2,2.3,
3.1,1.2,2.4,
3.1,1.2,2.5,
3.1,1.2,2.6,
3.1,1.2,2.7,
3.1,1.2,2.8,
3.1,1.2,2.9,
3.1,1.2,3,
3.1,1.2,3.1,
3.1,1.2,3.2,
3.1,1.2,3.3,
3.1,1.2,3.4,
3.1,1.2,3.5,0.986841038
3.1,1.2,3.6,
3.2,1.2,0,
3.2,1.2,0.1,
3.2,1.2,0.2,
3.2,1.2,0.3,1.010746629
3.2,1.2,0.4,
3.2,1.2,0.5,
3.2,1.2,0.6,
3.2,1.2,0.7,
3.2,1.2,0.8,
3.2,1.2,0.9,1.129872895
3.2,1.2,1,
3.2,1.2,1.1,
3.2,1.2,1.2,
3.2,1.2,1.3,
3.2,1.2,1.4,
3.2,1.2,1.5,
3.2,1.2,1.6,
3.2,1.2,1.7,
3.2,1.2,1.8,
3.2,1.2,1.9,
3.2,1.2,2,
3.2,1.2,2.1,
3.2,1.2,2.2,
3.2,1.2,2.3,
3.2,1.2,2.4,
3.2,1.2,2.5,
3.2,1.2,2.6,
3.2,1.2,2.7,
3.2,1.2,2.8,
3.2,1.2,2.9,
3.2,1.2,3,
3.2,1.2,3.1,
3.2,1.2,3.2,
3.2,1.2,3.3,
3.2,1.2,3.4,
3.2,1.2,3.5,
3.2,1.2,3.6,0.994784078
3.3,1.2,0,
3.3,1.2,0.1,
3.3,1.2,0.2,
3.3,1.2,0.3,
3.3,1.2,0.4,
3.3,1.2,0.5,
3.3,1.2,0.6,
3.3,1.2,0.7,
3.3,1.2,0.8,
3.3,1.2,0.9,
3.3,1.2,1,
3.3,1.2,1.1,
3.3,1.2,1.2,
3.3,1.2,1.3,
3.3,1.2,1.4,
3.3,1.2,1.5,
3.3,1.2,1.6,
3.3,1.2,1.7,
3.3,1.2,1.8,
3.3,1.2,1.9,0.959164202
3.3,1.2,2,
3.3,1.2,2.1,
3.3,1.2,2.2,
3.3,1.2,2.3,
3.3,1.2,2.4,
3.3,1.2,2.5,
3.3,1.2,2.6,
3.3,1.2,2.7,
3.3,1.2,2.8,
3.3,1.2,2.9,
3.3,1.2,3,
3.3,1.2,3.1,
3.3,1.2,3.2,
3.3,1.2,3.3,
3.3,1.2,3.4,
3.3,1.2,3.5,
3.3,1.2,3.6,
3.4,1.2,0,
3.4,1.2,0.1,
3.4,1.2,0.2,
3.4,1.2,0.3,
3.4,1.2,0.4,
3.4,1.2,0.5,
3.4,1.2,0.6,
3.4,1.2,0.7,
3.4,1.2,0.8,
3.4,1.2,0.9,
3.4,1.2,1,
3.4,1.2,1.1,
3.4,1.2,1.2,
3.4,1.2,1.3,
3.4,1.2,1.4,
3.4,1.2,1.5,
3.4,1.2,1.6,
3.4,1.2,1.7,
3.4,1.2,1.8,
3.4,1.2,1.9,
3.4,1.2,2,
3.4,1.2,2.1,
3.4,1.2,2.2,
3.4,1.2,2.3,
3.4,1.2,2.4,
3.4,1.2,2.5,
3.4,1.2,2.6,
3.4,1.2,2.7,
3.4,1.2,2.8,
3.4,1.2,2.9,
3.4,1.2,3,
3.4,1.2,3.1,
3.4,1.2,3.2,
3.4,1.2,3.3,
3.4,1.2,3.4,
3.4,1.2,3.5,0.987490047
3.4,1.2,3.6,
3.5,1.2,0,
3.5,1.2,0.1,
3.5,1.2,0.2,
3.5,1.2,0.3,
3.5,1.2,0.4,
3.5,1.2,0.5,
3.5,1.2,0.6,
3.5,1.2,0.7,
3.5,1.2,0.8,
3.5,1.2,0.9,
3.5,1.2,1,
3.5,1.2,1.1,
3.5,1.2,1.2,
3.5,1.2,1.3,
3.5,1.2,1.4,
3.5,1.2,1.5,
3.5,1.2,1.6,
3.5,1.2,1.7,
3.5,1.2,1.8,
3.5,1.2,1.9,
3.5,1.2,2,
3.5,1.2,2.1,
3.5,1.2,2.2,
3.5,1.2,2.3,
3.5,1.2,2.4,
3.5,1.2,2.5,
3.5,1.2,2.6,
3.5,1.2,2.7,
3.5,1.2,2.8,
3.5,1.2,2.9,
3.5,1.2,3,
3.5,1.2,3.1,
3.5,1.2,3.2,
3.5,1.2,3.3,
3.5,1.2,3.4,
3.5,1.2,3.5,
3.5,1.2,3.6,
3.6,1.2,0,
3.6,1.2,0.1,
3.6,1.2,0.2,
3.6,1.2,0.3,
3.6,1.2,0.4,
3.6,1.2,0.5,
3.6,1.2,0.6,
3.6,1.2,0.7,
3.6,1.2,0.8,
3.6,1.2,0.9,
3.6,1.2,1,
3.6,1.2,1.1,
3.6,1.2,1.2,
3.6,1.2,1.3,
3.6,1.2,1.4,
3.6,1.2,1.5,
3.6,1.2,1.6,
3.6,1.2,1.7,
3.6,1.2,1.8,
3.6,1.2,1.9,
3.6,1.2,2,
3.6,1.2,2.1,
3.6,1.2,2.2,
3.6,1.2,2.3,
3.6,1.2,2.4,
3.6,1.2,2.5,
3.6,1.2,2.6,
3.6,1.2,2.7,
3.6,1.2,2.8,
3.6,1.2,2.9,
3.6,1.2,3,
3.6,1.2,3.1,
3.6,1.2,3.2,
3.6,1.2,3.3,
3.6,1.2,3.4,
3.6,1.2,3.5,
3.6,1.2,3.6,
3.7,1.2,0,
3.7,1.2,0.1,
3.7,1.2,0.2,
3.7,1.2,0.3,
3.7,1.2,0.4,
3.7,1.2,0.5,1.00446122
3.7,1.2,0.6,
3.7,1.2,0.7,
3.7,1.2,0.8,
3.7,1.2,0.9,
3.7,1.2,1,
3.7,1.2,1.1,
3.7,1.2,1.2,
3.7,1.2,1.3,
3.7,1.2,1.4,
3.7,1.2,1.5,
3.7,1.2,1.6,
3.7,1.2,1.7,
3.7,1.2,1.8,
3.7,1.2,1.9,
3.7,1.2,2,
3.7,1.2,2.1,
3.7,1.2,2.2,
3.7,1.2,2.3,
3.7,1.2,2.4,
3.7,1.2,2.5,
3.7,1.2,2.6,
3.7,1.2,2.7,
3.7,1.2,2.8,
3.7,1.2,2.9,
3.7,1.2,3,
3.7,1.2,3.1,
3.7,1.2,3.2,
3.7,1.2,3.3,
3.7,1.2,3.4,
3.7,1.2,3.5,
3.7,1.2,3.6,
3.8,1.2,0,
3.8,1.2,0.1,0.963100329
3.8,1.2,0.2,
3.8,1.2,0.3,
3.8,1.2,0.4,
3.8,1.2,0.5,
3.8,1.2,0.6,
3.8,1.2,0.7,
3.8,1.2,0.8,
3.8,1.2,0.9,
3.8,1.2,1,
3.8,1.2,1.1,1.055110642
3.8,1.2,1.2,
3.8,1.2,1.3,
3.8,1.2,1.4,
3.8,1.2,1.5,
3.8,1.2,1.6,
3.8,1.2,1.7,
3.8,1.2,1.8,
3.8,1.2,1.9,
3.8,1.2,2,
3.8,1.2,2.1,
3.8,1.2,2.2,
3.8,1.2,2.3,
3.8,1.2,2.4,
3.8,1.2,2.5,
3.8,1.2,2.6,
3.8,1.2,2.7,
3.8,1.2,2.8,
3.8,1.2,2.9,
3.8,1.2,3,
3.8,1.2,3.1,
3.8,1.2,3.2,
3.8,1.2,3.3,
3.8,1.2,3.4,
3.8,1.2,3.5,
3.8,1.2,3.6,
3.9,1.2,0,
3.9,1.2,0.1,
3.9,1.2,0.2,
3.9,1.2,0.3,
3.9,1.2,0.4,
3.9,1.2,0.5,
3.9,1.2,0.6,
3.9,1.2,0.7,
3.9,1.2,0.8,
3.9,1.2,0.9,
3.9,1.2,1,
3.9,1.2,1.1,
3.9,1.2,1.2,
3.9,1.2,1.3,
3.9,1.2,1.4,
3.9,1.2,1.5,
3.9,1.2,1.6,
3.9,1.2,1.7,
3.9,1.2,1.8,
3.9,1.2,1.9,
3.9,1.2,2,
3.9,1.2,2.1,
3.9,1.2,2.2,
3.9,1.2,2.3,
3.9,1.2,2.4,
3.9,1.2,2.5,
3.9,1.2,2.6,
3.9,1.2,2.7,
3.9,1.2,2.8,
3.9,1.2,2.9,
3.9,1.2,3,
3.9,1.2,3.1,
3.9,1.2,3.2,
3.9,1.2,3.3,
3.9,1.2,3.4,
3.9,1.2,3.5,
3.9,1.2,3.6,
4,1.2,0,
4,1.2,0.1,
4,1.2,0.2,
4,1.2,0.3,
4,1.2,0.4,
4,1.2,0.5,
4,1.2,0.6,
4,1.2,0.7,
4,1.2,0.8,
4,1.2,0.9,
4,1.2,1,
4,1.2,1.1,
4,1.2,1.2,
4,1.2,1.3,
4,1.2,1.4,
4,1.2,1.5,
4,1.2,1.6,
4,1.2,1.7,
4,1.2,1.8,
4,1.2,1.9,
4,1.2,2,
4,1.2,2.1,
4,1.2,2.2,
4,1.2,2.3,
4,1.2,2.4,
4,1.2,2.5,
4,1.2,2.6,
4,1.2,2.7,
4,1.2,2.8,
4,1.2,2.9,
4,1.2,3,
4,1.2,3.1,
4,1.2,3.2,
4,1.2,3.3,
4,1.2,3.4,
4,1.2,3.5,
4,1.2,3.6,
4.1,1.2,0,
4.1,1.2,0.1,
4.1,1.2,0.2,
4.1,1.2,0.3,
4.1,1.2,0.4,
4.1,1.2,0.5,
4.1,1.2,0.6,
4.1,1.2,0.7,
4.1,1.2,0.8,
4.1,1.2,0.9,
4.1,1.2,1,
4.1,1.2,1.1,
4.1,1.2,1.2,
4.1,1.2,1.3,
4.1,1.2,1.4,
4.1,1.2,1.5,1.015676311
4.1,1.2,1.6,
4.1,1.2,1.7,
4.1,1.2,1.8,
4.1,1.2,1.9,
4.1,1.2,2,
4.1,1.2,2.1,
4.1,1.2,2.2,
4.1,1.2,2.3,
4.1,1.2,2.4,
4.1,1.2,2.5,
4.1,1.2,2.6,
4.1,1.2,2.7,
4.1,1.2,2.8,
4.1,1.2,2.9,
4.1,1.2,3,
4.1,1.2,3.1,
4.1,1.2,3.2,
4.1,1.2,3.3,
4.1,1.2,3.4,
4.1,1.2,3.5,
4.1,1.2,3.6,
4.2,1.2,0,
4.2,1.2,0.1,
4.2,1.2,0.2,
4.2,1.2,0.3,
4.2,1.2,0.4,
4.2,1.2,0.5,
4.2,1.2,0.6,
4.2,1.2,0.7,
4.2,1.2,0.8,
4.2,1.2,0.9,
4.2,1.2,1,
4.2,1.2,1.1,
4.2,1.2,1.2,
4.2,1.2,1.3,
4.2,1.2,1.4,
4.2,1.2,1.5,
4.2,1.2,1.6,
4.2,1.2,1.7,
4.2,1.2,1.8,
4.2,1.2,1.9,
4.2,1.2,2,
4.2,1.2,2.1,
4.2,1.2,2.2,
4.2,1.2,2.3,
4.2,1.2,2.4,
4.2,1.2,2.5,
4.2,1.2,2.6,
4.2,1.2,2.7,
4.2,1.2,2.8,
4.2,1.2,2.9,
4.2,1.2,3,1.017102823
4.2,1.2,3.1,
4.2,1.2,3.2,
4.2,1.2,3.3,
4.2,1.2,3.4,
4.2,1.2,3.5,
4.2,1.2,3.6,0.959502494
4.3,1.2,0,
4.3,1.2,0.1,
4.3,1.2,0.2,
4.3,1.2,0.3,
4.3,1.2,0.4,
4.3,1.2,0.5,
4.3,1.2,0.6,
4.3,1.2,0.7,
4.3,1.2,0.8,
4.3,1.2,0.9,
4.3,1.2,1,
4.3,1.2,1.1,
4.3,1.2,1.2,
4.3,1.2,1.3,
4.3,1.2,1.4,
4.3,1.2,1.5,
4.3,1.2,1.6,
4.3,1.2,1.7,
4.3,1.2,1.8,
4.3,1.2,1.9,
4.3,1.2,2,
4.3,1.2,2.1,
4.3,1.2,2.2,
4.3,1.2,2.3,
4.3,1.2,2.4,
4.3,1.2,2.5,
4.3,1.2,2.6,
4.3,1.2,2.7,
4.3,1.2,2.8,
4.3,1.2,2.9,
4.3,1.2,3,
4.3,1.2,3.1,
4.3,1.2,3.2,
4.3,1.2,3.3,
4.3,1.2,3.4,
4.3,1.2,3.5,
4.3,1.2,3.6,
4.4,1.2,0,
4.4,1.2,0.1,
4.4,1.2,0.2,
4.4,1.2,0.3,
4.4,1.2,0.4,
4.4,1.2,0.5,
4.4,1.2,0.6,
4.4,1.2,0.7,
4.4,1.2,0.8,
4.4,1.2,0.9,
4.4,1.2,1,
4.4,1.2,1.1,
4.4,1.2,1.2,
4.4,1.2,1.3,
4.4,1.2,1.4,
4.4,1.2,1.5,
4.4,1.2,1.6,
4.4,1.2,1.7,
4.4,1.2,1.8,
4.4,1.2,1.9,
4.4,1.2,2,
4.4,1.2,2.1,
4.4,1.2,2.2,
4.4,1.2,2.3,
4.4,1.2,2.4,
4.4,1.2,2.5,
4.4,1.2,2.6,
4.4,1.2,2.7,
4.4,1.2,2.8,
4.4,1.2,2.9,
4.4,1.2,3,
4.4,1.2,3.1,
4.4,1.2,3.2,
4.4,1.2,3.3,
4.4,1.2,3.4,
4.4,1.2,3.5,
4.4,1.2,3.6,
4.5,1.2,0,
4.5,1.2,0.1,
4.5,1.2,0.2,
4.5,1.2,0.3,
4.5,1.2,0.4,
4.5,1.2,0.5,
4.5,1.2,0.6,
4.5,1.2,0.7,
4.5,1.2,0.8,
4.5,1.2,0.9,
4.5,1.2,1,
4.5,1.2,1.1,
4.5,1.2,1.2,
4.5,1.2,1.3,
4.5,1.2,1.4,
4.5,1.2,1.5,
4.5,1.2,1.6,
4.5,1.2,1.7,
4.5,1.2,1.8,
4.5,1.2,1.9,
4.5,1.2,2,
4.5,1.2,2.1,
4.5,1.2,2.2,
4.5,1.2,2.3,
4.5,1.2,2.4,
4.5,1.2,2.5,
4.5,1.2,2.6,
4.5,1.2,2.7,
4.5,1.2,2.8,
4.5,1.2,2.9,
4.5,1.2,3,
4.5,1.2,3.1,
4.5,1.2,3.2,
4.5,1.2,3.3,
4.5,1.2,3.4,
4.5,1.2,3.5,
4.5,1.2,3.6,
4.6,1.2,0,
4.6,1.2,0.1,
4.6,1.2,0.2,
4.6,1.2,0.3,
4.6,1.2,0.4,
4.6,1.2,0.5,
4.6,1.2,0.6,
4.6,1.2,0.7,
4.6,1.2,0.8,
4.6,1.2,0.9,
4.6,1.2,1,
4.6,1.2,1.1,
4.6,1.2,1.2,
4.6,1.2,1.3,
4.6,1.2,1.4,
4.6,1.2,1.5,
4.6,1.2,1.6,
4.6,1.2,1.7,
4.6,1.2,1.8,
4.6,1.2,1.9,
4.6,1.2,2,
4.6,1.2,2.1,
4.6,1.2,2.2,
4.6,1.2,2.3,
4.6,1.2,2.4,
4.6,1.2,2.5,
4.6,1.2,2.6,
4.6,1.2,2.7,
4.6,1.2,2.8,
4.6,1.2,2.9,
4.6,1.2,3,
4.6,1.2,3.1,
4.6,1.2,3.2,
4.6,1.2,3.3,
4.6,1.2,3.4,
4.6,1.2,3.5,
4.6,1.2,3.6,
4.7,1.2,0,
4.7,1.2,0.1,
4.7,1.2,0.2,
4.7,1.2,0.3,
4.7,1.2,0.4,
4.7,1.2,0.5,
4.7,1.2,0.6,
4.7,1.2,0.7,
4.7,1.2,0.8,1.132050188
4.7,1.2,0.9,
4.7,1.2,1,1.172692137
4.7,1.2,1.1,
4.7,1.2,1.2,
4.7,1.2,1.3,
4.7,1.2,1.4,
4.7,1.2,1.5,
4.7,1.2,1.6,
4.7,1.2,1.7,
4.7,1.2,1.8,
4.7,1.2,1.9,
4.7,1.2,2,
4.7,1.2,2.1,
4.7,1.2,2.2,
4.7,1.2,2.3,
4.7,1.2,2.4,
4.7,1.2,2.5,
4.7,1.2,2.6,
4.7,1.2,2.7,
4.7,1.2,2.8,
4.7,1.2,2.9,
4.7,1.2,3,
4.7,1.2,3.1,
4.7,1.2,3.2,
4.7,1.2,3.3,
4.7,1.2,3.4,
4.7,1.2,3.5,
4.7,1.2,3.6,
4.8,1.2,0,
4.8,1.2,0.1,
4.8,1.2,0.2,
4.8,1.2,0.3,
4.8,1.2,0.4,
4.8,1.2,0.5,
4.8,1.2,0.6,
4.8,1.2,0.7,
4.8,1.2,0.8,
4.8,1.2,0.9,
4.8,1.2,1,
4.8,1.2,1.1,
4.8,1.2,1.2,
4.8,1.2,1.3,
4.8,1.2,1.4,
4.8,1.2,1.5,
4.8,1.2,1.6,
4.8,1.2,1.7,
4.8,1.2,1.8,
4.8,1.2,1.9,
4.8,1.2,2,
4.8,1.2,2.1,
4.8,1.2,2.2,
4.8,1.2,2.3,
4.8,1.2,2.4,1.012411082
4.8,1.2,2.5,
4.8,1.2,2.6,
4.8,1.2,2.7,
4.8,1.2,2.8,
4.8,1.2,2.9,
4.8,1.2,3,
4.8,1.2,3.1,
4.8,1.2,3.2,
4.8,1.2,3.3,
4.8,1.2,3.4,
4.8,1.2,3.5,
4.8,1.2,3.6,
4.9,1.2,0,
4.9,1.2,0.1,
4.9,1.2,0.2,
4.9,1.2,0.3,
4.9,1.2,0.4,
4.9,1.2,0.5,
4.9,1.2,0.6,1.05538952
4.9,1.2,0.7,
4.9,1.2,0.8,
4.9,1.2,0.9,
4.9,1.2,1,
4.9,1.2,1.1,1.03054922
4.9,1.2,1.2,
4.9,1.2,1.3,
4.9,1.2,1.4,
4.9,1.2,1.5,
4.9,1.2,1.6,
4.9,1.2,1.7,0.959312027
4.9,1.2,1.8,
4.9,1.2,1.9,
4.9,1.2,2,
4.9,1.2,2.1,
4.9,1.2,2.2,
4.9,1.2,2.3,
4.9,1.2,2.4,
4.9,1.2,2.5,
4.9,1.2,2.6,
4.9,1.2,2.7,
4.9,1.2,2.8,
4.9,1.2,2.9,
4.9,1.2,3,
4.9,1.2,3.1,
4.9,1.2,3.2,
4.9,1.2,3.3,
4.9,1.2,3.4,
4.9,1.2,3.5,
4.9,1.2,3.6,
5,1.2,0,
5,1.2,0.1,
5,1.2,0.2,
5,1.2,0.3,
5,1.2,0.4,
5,1.2,0.5,
5,1.2,0.6,
5,1.2,0.7,
5,1.2,0.8,
5,1.2,0.9,
5,1.2,1,
5,1.2,1.1,
5,1.2,1.2,
5,1.2,1.3,
5,1.2,1.4,
5,1.2,1.5,
5,1.2,1.6,
5,1.2,1.7,
5,1.2,1.8,
5,1.2,1.9,
5,1.2,2,
5,1.2,2.1,
5,1.2,2.2,
5,1.2,2.3,
5,1.2,2.4,
5,1.2,2.5,
5,1.2,2.6,
5,1.2,2.7,
5,1.2,2.8,
5,1.2,2.9,
5,1.2,3,
5,1.2,3.1,
5,1.2,3.2,
5,1.2,3.3,
5,1.2,3.4,
5,1.2,3.5,
5,1.2,3.6,
5.1,1.2,0,
5.1,1.2,0.1,
5.1,1.2,0.2,
5.1,1.2,0.3,
5.1,1.2,0.4,
5.1,1.2,0.5,
5.1,1.2,0.6,
5.1,1.2,0.7,
5.1,1.2,0.8,
5.1,1.2,0.9,
5.1,1.2,1,
5.1,1.2,1.1,
5.1,1.2,1.2,
5.1,1.2,1.3,
5.1,1.2,1.4,
5.1,1.2,1.5,
5.1,1.2,1.6,
5.1,1.2,1.7,
5.1,1.2,1.8,
5.1,1.2,1.9,
5.1,1.2,2,
5.1,1.2,2.1,
5.1,1.2,2.2,
5.1,1.2,2.3,
5.1,1.2,2.4,
5.1,1.2,2.5,
5.1,1.2,2.6,
5.1,1.2,2.7,
5.1,1.2,2.8,
5.1,1.2,2.9,
5.1,1.2,3,
5.1,1.2,3.1,
5.1,1.2,3.2,
5.1,1.2,3.3,
5.1,1.2,3.4,
5.1,1.2,3.5,
5.1,1.2,3.6,
5.2,1.2,0,
5.2,1.2,0.1,
5.2,1.2,0.2,
5.2,1.2,0.3,
5.2,1.2,0.4,
5.2,1.2,0.5,
5.2,1.2,0.6,
5.2,1.2,0.7,
5.2,1.2,0.8,
5.2,1.2,0.9,
5.2,1.2,1,
5.2,1.2,1.1,
5.2,1.2,1.2,
5.2,1.2,1.3,
5.2,1.2,1.4,
5.2,1.2,1.5,
5.2,1.2,1.6,
5.2,1.2,1.7,
5.2,1.2,1.8,
5.2,1.2,1.9,
5.2,1.2,2,
5.2,1.2,2.1,
5.2,1.2,2.2,
5.2,1.2,2.3,
5.2,1.2,2.4,
5.2,1.2,2.5,
5.2,1.2,2.6,
5.2,1.2,2.7,1.099753534
5.2,1.2,2.8,
5.2,1.2,2.9,
5.2,1.2,3,
5.2,1.2,3.1,
5.2,1.2,3.2,
5.2,1.2,3.3,
5.2,1.2,3.4,
5.2,1.2,3.5,
5.2,1.2,3.6,
5.3,1.2,0,
5.3,1.2,0.1,
5.3,1.2,0.2,
5.3,1.2,0.3,
5.3,1.2,0.4,
5.3,1.2,0.5,
5.3,1.2,0.6,
5.3,1.2,0.7,
5.3,1.2,0.8,
5.3,1.2,0.9,
5.3,1.2,1,
5.3,1.2,1.1,
5.3,1.2,1.2,
5.3,1.2,1.3,
5.3,1.2,1.4,
5.3,1.2,1.5,
5.3,1.2,1.6,
5.3,1.2,1.7,
5.3,1.2,1.8,
5.3,1.2,1.9,
5.3,1.2,2,
5.3,1.2,2.1,
5.3,1.2,2.2,
5.3,1.2,2.3,
5.3,1.2,2.4,
5.3,1.2,2.5,
5.3,1.2,2.6,
5.3,1.2,2.7,
5.3,1.2,2.8,
5.3,1.2,2.9,
5.3,1.2,3,
5.3,1.2,3.1,
5.3,1.2,3.2,
5.3,1.2,3.3,
5.3,1.2,3.4,
5.3,1.2,3.5,
5.3,1.2,3.6,
5.4,1.2,0,
5.4,1.2,0.1,
5.4,1.2,0.2,
5.4,1.2,0.3,
5.4,1.2,0.4,
5.4,1.2,0.5,
5.4,1.2,0.6,
5.4,1.2,0.7,
5.4,1.2,0.8,
5.4,1.2,0.9,
5.4,1.2,1,
5.4,1.2,1.1,
5.4,1.2,1.2,
5.4,1.2,1.3,
5.4,1.2,1.4,
5.4,1.2,1.5,
5.4,1.2,1.6,
5.4,1.2,1.7,
5.4,1.2,1.8,
5.4,1.2,1.9,
5.4,1.2,2,
5.4,1.2,2.1,
5.4,1.2,2.2,
5.4,1.2,2.3,
5.4,1.2,2.4,
5.4,1.2,2.5,
5.4,1.2,2.6,
5.4,1.2,2.7,
5.4,1.2,2.8,
5.4,1.2,2.9,
5.4,1.2,3,
5.4,1.2,3.1,
5.4,1.2,3.2,
5.4,1.2,3.3,
5.4,1.2,3.4,
5.4,1.2,3.5,
5.4,1.2,3.6,
5.5,1.2,0,
5.5,1.2,0.1,
5.5,1.2,0.2,
5.5,1.2,0.3,
5.5,1.2,0.4,
5.5,1.2,0.5,
5.5,1.2,0.6,1.014445951
5.5,1.2,0.7,
5.5,1.2,0.8,
5.5,1.2,0.9,
5.5,1.2,1,
5.5,1.2,1.1,
5.5,1.2,1.2,
5.5,1.2,1.3,
5.5,1.2,1.4,
5.5,1.2,1.5,
5.5,1.2,1.6,
5.5,1.2,1.7,
5.5,1.2,1.8,
5.5,1.2,1.9,
5.5,1.2,2,
5.5,1.2,2.1,
5.5,1.2,2.2,
5.5,1.2,2.3,
5.5,1.2,2.4,
5.5,1.2,2.5,
5.5,1.2,2.6,
5.5,1.2,2.7,
5.5,1.2,2.8,
5.5,1.2,2.9,
5.5,1.2,3,
5.5,1.2,3.1,
5.5,1.2,3.2,
5.5,1.2,3.3,
5.5,1.2,3.4,
5.5,1.2,3.5,
5.5,1.2,3.6,
5.6,1.2,0,
5.6,1.2,0.1,
5.6,1.2,0.2,
5.6,1.2,0.3,
5.6,1.2,0.4,
5.6,1.2,0.5,
5.6,1.2,0.6,
5.6,1.2,0.7,
5.6,1.2,0.8,
5.6,1.2,0.9,
5.6,1.2,1,
5.6,1.2,1.1,
5.6,1.2,1.2,
5.6,1.2,1.3,
5.6,1.2,1.4,
5.6,1.2,1.5,
5.6,1.2,1.6,
5.6,1.2,1.7,
5.6,1.2,1.8,
5.6,1.2,1.9,
5.6,1.2,2,
5.6,1.2,2.1,
5.6,1.2,2.2,
5.6,1.2,2.3,
5.6,1.2,2.4,
5.6,1.2,2.5,
5.6,1.2,2.6,
5.6,1.2,2.7,
5.6,1.2,2.8,
5.6,1.2,2.9,
5.6,1.2,3,
5.6,1.2,3.1,
5.6,1.2,3.2,
5.6,1.2,3.3,
5.6,1.2,3.4,
5.6,1.2,3.5,
5.6,1.2,3.6,
5.7,1.2,0,
5.7,1.2,0.1,
5.7,1.2,0.2,
5.7,1.2,0.3,
5.7,1.2,0.4,
5.7,1.2,0.5,
5.7,1.2,0.6,
5.7,1.2,0.7,
5.7,1.2,0.8,
5.7,1.2,0.9,
5.7,1.2,1,
5.7,1.2,1.1,
5.7,1.2,1.2,
5.7,1.2,1.3,
5.7,1.2,1.4,
5.7,1.2,1.5,
5.7,1.2,1.6,
5.7,1.2,1.7,
5.7,1.2,1.8,
5.7,1.2,1.9,
5.7,1.2,2,
5.7,1.2,2.1,
5.7,1.2,2.2,
5.7,1.2,2.3,
5.7,1.2,2.4,
5.7,1.2,2.5,
5.7,1.2,2.6,
5.7,1.2,2.7,
5.7,1.2,2.8,
5.7,1.2,2.9,
5.7,1.2,3,
5.7,1.2,3.1,
5.7,1.2,3.2,
5.7,1.2,3.3,
5.7,1.2,3.4,
5.7,1.2,3.5,
5.7,1.2,3.6,
5.8,1.2,0,0.958385846
5.8,1.2,0.1,
5.8,1.2,0.2,
5.8,1.2,0.3,
5.8,1.2,0.4,
5.8,1.2,0.5,
5.8,1.2,0.6,
5.8,1.2,0.7,
5.8,1.2,0.8,
5.8,1.2,0.9,
5.8,1.2,1,
5.8,1.2,1.1,
5.8,1.2,1.2,
5.8,1.2,1.3,
5.8,1.2,1.4,
5.8,1.2,1.5,
5.8,1.2,1.6,
5.8,1.2,1.7,
5.8,1.2,1.8,
5.8,1.2,1.9,
5.8,1.2,2,
5.8,1.2,2.1,
5.8,1.2,2.2,
5.8,1.2,2.3,
5.8,1.2,2.4,
5.8,1.2,2.5,
5.8,1.2,2.6,
5.8,1.2,2.7,
5.8,1.2,2.8,
5.8,1.2,2.9,
5.8,1.2,3,1.01746272
5.8,1.2,3.1,
5.8,1.2,3.2,
5.8,1.2,3.3,
5.8,1.2,3.4,
5.8,1.2,3.5,
5.8,1.2,3.6,
5.9,1.2,0,
5.9,1.2,0.1,
5.9,1.2,0.2,
5.9,1.2,0.3,
5.9,1.2,0.4,
5.9,1.2,0.5,
5.9,1.2,0.6,
5.9,1.2,0.7,
5.9,1.2,0.8,
5.9,1.2,0.9,1.086560998
5.9,1.2,1,
5.9,1.2,1.1,
5.9,1.2,1.2,
5.9,1.2,1.3,
5.9,1.2,1.4,
5.9,1.2,1.5,
5.9,1.2,1.6,
5.9,1.2,1.7,
5.9,1.2,1.8,
5.9,1.2,1.9,
5.9,1.2,2,
5.9,1.2,2.1,
5.9,1.2,2.2,
5.9,1.2,2.3,
5.9,1.2,2.4,
5.9,1.2,2.5,
5.9,1.2,2.6,
5.9,1.2,2.7,
5.9,1.2,2.8,
5.9,1.2,2.9,
5.9,1.2,3,1.020285895
5.9,1.2,3.1,
5.9,1.2,3.2,
5.9,1.2,3.3,
5.9,1.2,3.4,
5.9,1.2,3.5,0.962406973
5.9,1.2,3.6,
6,1.2,0,
6,1.2,0.1,
6,1.2,0.2,
6,1.2,0.3,
6,1.2,0.4,
6,1.2,0.5,
6,1.2,0.6,
6,1.2,0.7,
6,1.2,0.8,
6,1.2,0.9,
6,1.2,1,
6,1.2,1.1,
6,1.2,1.2,
6,1.2,1.3,
6,1.2,1.4,
6,1.2,1.5,
6,1.2,1.6,
6,1.2,1.7,
6,1.2,1.8,
6,1.2,1.9,
6,1.2,2,
6,1.2,2.1,
6,1.2,2.2,
6,1.2,2.3,
6,1.2,2.4,
6,1.2,2.5,
6,1.2,2.6,
6,1.2,2.7,
6,1.2,2.8,
6,1.2,2.9,
6,1.2,3,
6,1.2,3.1,
6,1.2,3.2,
6,1.2,3.3,
6,1.2,3.4,
6,1.2,3.5,
6,1.2,3.6,
6.1,1.2,0,
6.1,1.2,0.1,
6.1,1.2,0.2,
6.1,1.2,0.3,
6.1,1.2,0.4,
6.1,1.2,0.5,
6.1,1.2,0.6,
6.1,1.2,0.7,
6.1,1.2,0.8,
6.1,1.2,0.9,
6.1,1.2,1,
6.1,1.2,1.1,
6.1,1.2,1.2,
6.1,1.2,1.3,
6.1,1.2,1.4,
6.1,1.2,1.5,
6.1,1.2,1.6,
6.1,1.2,1.7,
6.1,1.2,1.8,
6.1,1.2,1.9,
6.1,1.2,2,
6.1,1.2,2.1,
6.1,1.2,2.2,
6.1,1.2,2.3,
6.1,1.2,2.4,
6.1,1.2,2.5,
6.1,1.2,2.6,
6.1,1.2,2.7,
6.1,1.2,2.8,
6.1,1.2,2.9,
6.1,1.2,3,
6.1,1.2,3.1,
6.1,1.2,3.2,
6.1,1.2,3.3,
6.1,1.2,3.4,
6.1,1.2,3.5,
6.1,1.2,3.6,
6.2,1.2,0,
6.2,1.2,0.1,
6.2,1.2,0.2,
6.2,1.2,0.3,
6.2,1.2,0.4,
6.2,1.2,0.5,
6.2,1.2,0.6,
6.2,1.2,0.7,
6.2,1.2,0.8,
6.2,1.2,0.9,
6.2,1.2,1,
6.2,1.2,1.1,
6.2,1.2,1.2,
6.2,1.2,1.3,
6.2,1.2,1.4,
6.2,1.2,1.5,
6.2,1.2,1.6,
6.2,1.2,1.7,
6.2,1.2,1.8,
6.2,1.2,1.9,
6.2,1.2,2,
6.2,1.2,2.1,
6.2,1.2,2.2,
6.2,1.2,2.3,
6.2,1.2,2.4,
6.2,1.2,2.5,
6.2,1.2,2.6,
6.2,1.2,2.7,
6.2,1.2,2.8,1.084569055
6.2,1.2,2.9,
6.2,1.2,3,
6.2,1.2,3.1,
6.2,1.2,3.2,
6.2,1.2,3.3,
6.2,1.2,3.4,
6.2,1.2,3.5,
6.2,1.2,3.6,
6.3,1.2,0,
6.3,1.2,0.1,
6.3,1.2,0.2,
6.3,1.2,0.3,
6.3,1.2,0.4,
6.3,1.2,0.5,
6.3,1.2,0.6,
6.3,1.2,0.7,
6.3,1.2,0.8,
6.3,1.2,0.9,
6.3,1.2,1,
6.3,1.2,1.1,
6.3,1.2,1.2,
6.3,1.2,1.3,
6.3,1.2,1.4,
6.3,1.2,1.5,
6.3,1.2,1.6,
6.3,1.2,1.7,
6.3,1.2,1.8,
6.3,1.2,1.9,
6.3,1.2,2,
6.3,1.2,2.1,
6.3,1.2,2.2,
6.3,1.2,2.3,0.996964214
6.3,1.2,2.4,
6.3,1.2,2.5,
6.3,1.2,2.6,
6.3,1.2,2.7,
6.3,1.2,2.8,
6.3,1.2,2.9,
6.3,1.2,3,
6.3,1.2,3.1,
6.3,1.2,3.2,
6.3,1.2,3.3,
6.3,1.2,3.4,
6.3,1.2,3.5,
6.3,1.2,3.6,
6.4,1.2,0,
6.4,1.2,0.1,
6.4,1.2,0.2,
6.4,1.2,0.3,
6.4,1.2,0.4,
6.4,1.2,0.5,
6.4,1.2,0.6,
6.4,1.2,0.7,
6.4,1.2,0.8,
6.4,1.2,0.9,
6.4,1.2,1,
6.4,1.2,1.1,1.034912619
6.4,1.2,1.2,
6.4,1.2,1.3,
6.4,1.2,1.4,
6.4,1.2,1.5,
6.4,1.2,1.6,0.964379301
6.4,1.2,1.7,
6.4,1.2,1.8,
6.4,1.2,1.9,
6.4,1.2,2,
6.4,1.2,2.1,
6.4,1.2,2.2,
6.4,1.2,2.3,
6.4,1.2,2.4,
6.4,1.2,2.5,
6.4,1.2,2.6,
6.4,1.2,2.7,
6.4,1.2,2.8,
6.4,1.2,2.9,
6.4,1.2,3,
6.4,1.2,3.1,
6.4,1.2,3.2,
6.4,1.2,3.3,
6.4,1.2,3.4,
6.4,1.2,3.5,
6.4,1.2,3.6,
6.5,1.2,0,
6.5,1.2,0.1,
6.5,1.2,0.2,
6.5,1.2,0.3,
6.5,1.2,0.4,
6.5,1.2,0.5,
6.5,1.2,0.6,
6.5,1.2,0.7,
6.5,1.2,0.8,
6.5,1.2,0.9,
6.5,1.2,1,
6.5,1.2,1.1,
6.5,1.2,1.2,
6.5,1.2,1.3,
6.5,1.2,1.4,
6.5,1.2,1.5,
6.5,1.2,1.6,
6.5,1.2,1.7,
6.5,1.2,1.8,
6.5,1.2,1.9,
6.5,1.2,2,
6.5,1.2,2.1,
6.5,1.2,2.2,
6.5,1.2,2.3,
6.5,1.2,2.4,
6.5,1.2,2.5,
6.5,1.2,2.6,
6.5,1.2,2.7,
6.5,1.2,2.8,
6.5,1.2,2.9,
6.5,1.2,3,
6.5,1.2,3.1,
6.5,1.2,3.2,
6.5,1.2,3.3,
6.5,1.2,3.4,
6.5,1.2,3.5,
6.5,1.2,3.6,
6.6,1.2,0,
6.6,1.2,0.1,
6.6,1.2,0.2,
6.6,1.2,0.3,
6.6,1.2,0.4,
6.6,1.2,0.5,
6.6,1.2,0.6,
6.6,1.2,0.7,1.109439488
6.6,1.2,0.8,
6.6,1.2,0.9,
6.6,1.2,1,
6.6,1.2,1.1,
6.6,1.2,1.2,
6.6,1.2,1.3,
6.6,1.2,1.4,
6.6,1.2,1.5,
6.6,1.2,1.6,
6.6,1.2,1.7,
6.6,1.2,1.8,
6.6,1.2,1.9,
6.6,1.2,2,
6.6,1.2,2.1,
6.6,1.2,2.2,
6.6,1.2,2.3,
6.6,1.2,2.4,
6.6,1.2,2.5,
6.6,1.2,2.6,
6.6,1.2,2.7,
6.6,1.2,2.8,
6.6,1.2,2.9,
6.6,1.2,3,
6.6,1.2,3.1,
6.6,1.2,3.2,
6.6,1.2,3.3,
6.6,1.2,3.4,
6.6,1.2,3.5,
6.6,1.2,3.6,
6.7,1.2,0,
6.7,1.2,0.1,
6.7,1.2,0.2,
6.7,1.2,0.3,
6.7,1.2,0.4,
6.7,1.2,0.5,
6.7,1.2,0.6,
6.7,1.2,0.7,
6.7,1.2,0.8,
6.7,1.2,0.9,
6.7,1.2,1,
6.7,1.2,1.1,
6.7,1.2,1.2,
6.7,1.2,1.3,
6.7,1.2,1.4,
6.7,1.2,1.5,
6.7,1.2,1.6,
6.7,1.2,1.7,
6.7,1.2,1.8,
6.7,1.2,1.9,
6.7,1.2,2,
6.7,1.2,2.1,
6.7,1.2,2.2,
6.7,1.2,2.3,
6.7,1.2,2.4,
6.7,1.2,2.5,
6.7,1.2,2.6,
6.7,1.2,2.7,
6.7,1.2,2.8,
6.7,1.2,2.9,
6.7,1.2,3,
6.7,1.2,3.1,
6.7,1.2,3.2,
6.7,1.2,3.3,
6.7,1.2,3.4,
6.7,1.2,3.5,
6.7,1.2,3.6,
6.8,1.2,0,
6.8,1.2,0.1,0.970183994
6.8,1.2,0.2,
6.8,1.2,0.3,
6.8,1.2,0.4,
6.8,1.2,0.5,
6.8,1.2,0.6,
6.8,1.2,0.7,
6.8,1.2,0.8,
6.8,1.2,0.9,
6.8,1.2,1,
6.8,1.2,1.1,
6.8,1.2,1.2,
6.8,1.2,1.3,
6.8,1.2,1.4,
6.8,1.2,1.5,
6.8,1.2,1.6,
6.8,1.2,1.7,
6.8,1.2,1.8,
6.8,1.2,1.9,
6.8,1.2,2,
6.8,1.2,2.1,
6.8,1.2,2.2,
6.8,1.2,2.3,
6.8,1.2,2.4,
6.8,1.2,2.5,
6.8,1.2,2.6,
6.8,1.2,2.7,
6.8,1.2,2.8,
6.8,1.2,2.9,
6.8,1.2,3,
6.8,1.2,3.1,
6.8,1.2,3.2,
6.8,1.2,3.3,
6.8,1.2,3.4,
6.8,1.2,3.5,
6.8,1.2,3.6,
6.9,1.2,0,
6.9,1.2,0.1,
6.9,1.2,0.2,
6.9,1.2,0.3,
6.9,1.2,0.4,
6.9,1.2,0.5,
6.9,1.2,0.6,
6.9,1.2,0.7,
6.9,1.2,0.8,
6.9,1.2,0.9,
6.9,1.2,1,
6.9,1.2,1.1,
6.9,1.2,1.2,
6.9,1.2,1.3,
6.9,1.2,1.4,
6.9,1.2,1.5,
6.9,1.2,1.6,
6.9,1.2,1.7,
6.9,1.2,1.8,
6.9,1.2,1.9,
6.9,1.2,2,0.973380711
6.9,1.2,2.1,
6.9,1.2,2.2,
6.9,1.2,2.3,
6.9,1.2,2.4,
6.9,1.2,2.5,
6.9,1.2,2.6,1.067057184
6.9,1.2,2.7,
6.9,1.2,2.8,
6.9,1.2,2.9,
6.9,1.2,3,
6.9,1.2,3.1,
6.9,1.2,3.2,
6.9,1.2,3.3,
6.9,1.2,3.4,
6.9,1.2,3.5,
6.9,1.2,3.6,
7,1.2,0,
7,1.2,0.1,
7,1.2,0.2,
7,1.2,0.3,
7,1.2,0.4,
7,1.2,0.5,1.001498748
7,1.2,0.6,
7,1.2,0.7,
7,1.2,0.8,
7,1.2,0.9,
7,1.2,1,
7,1.2,1.1,
7,1.2,1.2,
7,1.2,1.3,
7,1.2,1.4,1.000953785
7,1.2,1.5,
7,1.2,1.6,
7,1.2,1.7,
7,1.2,1.8,
7,1.2,1.9,
7,1.2,2,
7,1.2,2.1,
7,1.2,2.2,
7,1.2,2.3,
7,1.2,2.4,
7,1.2,2.5,
7,1.2,2.6,
7,1.2,2.7,
7,1.2,2.8,
7,1.2,2.9,
7,1.2,3,
7,1.2,3.1,
7,1.2,3.2,
7,1.2,3.3,
7,1.2,3.4,
7,1.2,3.5,
7,1.2,3.6,
7.1,1.2,0,
7.1,1.2,0.1,
7.1,1.2,0.2,
7.1,1.2,0.3,
7.1,1.2,0.4,
7.1,1.2,0.5,
7.1,1.2,0.6,
7.1,1.2,0.7,
7.1,1.2,0.8,
7.1,1.2,0.9,
7.1,1.2,1,
7.1,1.2,1.1,
7.1,1.2,1.2,
7.1,1.2,1.3,
7.1,1.2,1.4,
7.1,1.2,1.5,
7.1,1.2,1.6,
7.1,1.2,1.7,
7.1,1.2,1.8,
7.1,1.2,1.9,
7.1,1.2,2,
7.1,1.2,2.1,
7.1,1.2,2.2,
7.1,1.2,2.3,
7.1,1.2,2.4,
7.1,1.2,2.5,
7.1,1.2,2.6,
7.1,1.2,2.7,
7.1,1.2,2.8,
7.1,1.2,2.9,
7.1,1.2,3,
7.1,1.2,3.1,
7.1,1.2,3.2,
7.1,1.2,3.3,
7.1,1.2,3.4,
7.1,1.2,3.5,
7.1,1.2,3.6,
7.2,1.2,0,
7.2,1.2,0.1,
7.2,1.2,0.2,
7.2,1.2,0.3,
7.2,1.2,0.4,
7.2,1.2,0.5,
7.2,1.2,0.6,
7.2,1.2,0.7,
7.2,1.2,0.8,
7.2,1.2,0.9,
7.2,1.2,1,
7.2,1.2,1.1,
7.2,1.2,1.2,
7.2,1.2,1.3,
7.2,1.2,1.4,
7.2,1.2,1.5,
7.2,1.2,1.6,
7.2,1.2,1.7,
7.2,1.2,1.8,
7.2,1.2,1.9,
7.2,1.2,2,
7.2,1.2,2.1,
7.2,1.2,2.2,
7.2,1.2,2.3,
7.2,1.2,2.4,
7.2,1.2,2.5,
7.2,1.2,2.6,
7.2,1.2,2.7,
7.2,1.2,2.8,
7.2,1.2,2.9,
7.2,1.2,3,
7.2,1.2,3.1,
7.2,1.2,3.2,
7.2,1.2,3.3,0.973349725
7.2,1.2,3.4,
7.2,1.2,3.5,
7.2,1.2,3.6,
7.3,1.2,0,
7.3,1.2,0.1,
7.3,1.2,0.2,
7.3,1.2,0.3,
7.3,1.2,0.4,
7.3,1.2,0.5,
7.3,1.2,0.6,
7.3,1.2,0.7,
7.3,1.2,0.8,
7.3,1.2,0.9,
7.3,1.2,1,
7.3,1.2,1.1,
7.3,1.2,1.2,
7.3,1.2,1.3,
7.3,1.2,1.4,
7.3,1.2,1.5,
7.3,1.2,1.6,
7.3,1.2,1.7,
7.3,1.2,1.8,
7.3,1.2,1.9,
7.3,1.2,2,
7.3,1.2,2.1,
7.3,1.2,2.2,
7.3,1.2,2.3,
7.3,1.2,2.4,
7.3,1.2,2.5,
7.3,1.2,2.6,
7.3,1.2,2.7,
7.3,1.2,2.8,
7.3,1.2,2.9,
7.3,1.2,3,
7.3,1.2,3.1,
7.3,1.2,3.2,
7.3,1.2,3.3,
7.3,1.2,3.4,
7.3,1.2,3.5,
7.3,1.2,3.6,
7.4,1.2,0,
7.4,1.2,0.1,
7.4,1.2,0.2,
7.4,1.2,0.3,
7.4,1.2,0.4,
7.4,1.2,0.5,
7.4,1.2,0.6,
7.4,1.2,0.7,
7.4,1.2,0.8,
7.4,1.2,0.9,
7.4,1.2,1,
7.4,1.2,1.1,
7.4,1.2,1.2,
7.4,1.2,1.3,
7.4,1.2,1.4,
7.4,1.2,1.5,
7.4,1.2,1.6,
7.4,1.2,1.7,
7.4,1.2,1.8,
7.4,1.2,1.9,
7.4,1.2,2,
7.4,1.2,2.1,
7.4,1.2,2.2,
7.4,1.2,2.3,
7.4,1.2,2.4,
7.4,1.2,2.5,
7.4,1.2,2.6,
7.4,1.2,2.7,
7.4,1.2,2.8,
7.4,1.2,2.9,
7.4,1.2,3,
7.4,1.2,3.1,
7.4,1.2,3.2,
7.4,1.2,3.3,
7.4,1.2,3.4,
7.4,1.2,3.5,
7.4,1.2,3.6,
7.5,1.2,0,
7.5,1.2,0.1,
7.5,1.2,0.2,
7.5,1.2,0.3,
7.5,1.2,0.4,
7.5,1.2,0.5,
7.5,1.2,0.6,
7.5,1.2,0.7,
7.5,1.2,0.8,
7.5,1.2,0.9,
7.5,1.2,1,
7.5,1.2,1.1,
7.5,1.2,1.2,
7.5,1.2,1.3,
7.5,1.2,1.4,
7.5,1.2,1.5,
7.5,1.2,1.6,
7.5,1.2,1.7,
7.5,1.2,1.8,
7.5,1.2,1.9,
7.5,1.2,2,
7.5,1.2,2.1,
7.5,1.2,2.2,
7.5,1.2,2.3,
7.5,1.2,2.4,
7.5,1.2,2.5,
7.5,1.2,2.6,
7.5,1.2,2.7,
7.5,1.2,2.8,
7.5,1.2,2.9,
7.5,1.2,3,
7.5,1.2,3.1,
7.5,1.2,3.2,
7.5,1.2,3.3,
7.5,1.2,3.4,
7.5,1.2,3.5,
7.5,1.2,3.6,
7.6,1.2,0,
7.6,1.2,0.1,
7.6,1.2,0.2,
7.6,1.2,0.3,
7.6,1.2,0.4,
7.6,1.2,0.5,
7.6,1.2,0.6,
7.6,1.2,0.7,
7.6,1.2,0.8,
7.6,1.2,0.9,
7.6,1.2,1,
7.6,1.2,1.1,
7.6,1.2,1.2,
7.6,1.2,1.3,
7.6,1.2,1.4,
7.6,1.2,1.5,
7.6,1.2,1.6,
7.6,1.2,1.7,0.974673044
7.6,1.2,1.8,
7.6,1.2,1.9,
7.6,1.2,2,
7.6,1.2,2.1,
7.6,1.2,2.2,
7.6,1.2,2.3,
7.6,1.2,2.4,
7.6,1.2,2.5,
7.6,1.2,2.6,
7.6,1.2,2.7,
7.6,1.2,2.8,
7.6,1.2,2.9,
7.6,1.2,3,
7.6,1.2,3.1,
7.6,1.2,3.2,
7.6,1.2,3.3,
7.6,1.2,3.4,
7.6,1.2,3.5,
7.6,1.2,3.6,
7.7,1.2,0,
7.7,1.2,0.1,
7.7,1.2,0.2,
7.7,1.2,0.3,
7.7,1.2,0.4,
7.7,1.2,0.5,
7.7,1.2,0.6,
7.7,1.2,0.7,
7.7,1.2,0.8,
7.7,1.2,0.9,
7.7,1.2,1,
7.7,1.2,1.1,
7.7,1.2,1.2,
7.7,1.2,1.3,
7.7,1.2,1.4,
7.7,1.2,1.5,
7.7,1.2,1.6,
7.7,1.2,1.7,
7.7,1.2,1.8,
7.7,1.2,1.9,
7.7,1.2,2,
7.7,1.2,2.1,
7.7,1.2,2.2,
7.7,1.2,2.3,
7.7,1.2,2.4,
7.7,1.2,2.5,
7.7,1.2,2.6,
7.7,1.2,2.7,
7.7,1.2,2.8,
7.7,1.2,2.9,
7.7,1.2,3,
7.7,1.2,3.1,
7.7,1.2,3.2,
7.7,1.2,3.3,
7.7,1.2,3.4,
7.7,1.2,3.5,
7.7,1.2,3.6,
7.8,1.2,0,
7.8,1.2,0.1,
7.8,1.2,0.2,
7.8,1.2,0.3,
7.8,1.2,0.4,
7.8,1.2,0.5,
7.8,1.2,0.6,
7.8,1.2,0.7,
7.8,1.2,0.8,
7.8,1.2,0.9,
7.8,1.2,1,
7.8,1.2,1.1,
7.8,1.2,1.2,
7.8,1.2,1.3,
7.8,1.2,1.4,
7.8,1.2,1.5,
7.8,1.2,1.6,
7.8,1.2,1.7,
7.8,1.2,1.8,
7.8,1.2,1.9,
7.8,1.2,2,
7.8,1.2,2.1,
7.8,1.2,2.2,
7.8,1.2,2.3,
7.8,1.2,2.4,
7.8,1.2,2.5,
7.8,1.2,2.6,
7.8,1.2,2.7,
7.8,1.2,2.8,
7.8,1.2,2.9,1.052953818
7.8,1.2,3,
7.8,1.2,3.1,
7.8,1.2,3.2,
7.8,1.2,3.3,
7.8,1.2,3.4,
7.8,1.2,3.5,
7.8,1.2,3.6,0.976145893
7.9,1.2,0,0.985293992
7.9,1.2,0.1,
7.9,1.2,0.2,
7.9,1.2,0.3,
7.9,1.2,0.4,
7.9,1.2,0.5,
7.9,1.2,0.6,
7.9,1.2,0.7,
7.9,1.2,0.8,
7.9,1.2,0.9,
7.9,1.2,1,
7.9,1.2,1.1,
7.9,1.2,1.2,
7.9,1.2,1.3,
7.9,1.2,1.4,
7.9,1.2,1.5,
7.9,1.2,1.6,0.966680539
7.9,1.2,1.7,
7.9,1.2,1.8,
7.9,1.2,1.9,
7.9,1.2,2,
7.9,1.2,2.1,
7.9,1.2,2.2,
7.9,1.2,2.3,
7.9,1.2,2.4,
7.9,1.2,2.5,
7.9,1.2,2.6,
7.9,1.2,2.7,
7.9,1.2,2.8,
7.9,1.2,2.9,
7.9,1.2,3,
7.9,1.2,3.1,
7.9,1.2,3.2,
7.9,1.2,3.3,
7.9,1.2,3.4,
7.9,1.2,3.5,
7.9,1.2,3.6,
8,1.2,0,
8,1.2,0.1,
8,1.2,0.2,
8,1.2,0.3,
8,1.2,0.4,
8,1.2,0.5,
8,1.2,0.6,
8,1.2,0.7,
8,1.2,0.8,
8,1.2,0.9,
8,1.2,1,
8,1.2,1.1,1.034997618
8,1.2,1.2,
8,1.2,1.3,
8,1.2,1.4,
8,1.2,1.5,
8,1.2,1.6,
8,1.2,1.7,
8,1.2,1.8,
8,1.2,1.9,
8,1.2,2,
8,1.2,2.1,
8,1.2,2.2,
8,1.2,2.3,
8,1.2,2.4,
8,1.2,2.5,1.03074253
8,1.2,2.6,
8,1.2,2.7,
8,1.2,2.8,
8,1.2,2.9,
8,1.2,3,
8,1.2,3.1,
8,1.2,3.2,
8,1.2,3.3,
8,1.2,3.4,
8,1.2,3.5,
8,1.2,3.6,
0,1.3,0,
0,1.3,0.1,
0,1.3,0.2,
0,1.3,0.3,
0,1.3,0.4,
0,1.3,0.5,
0,1.3,0.6,
0,1.3,0.7,
0,1.3,0.8,
0,1.3,0.9,1.088686836
0,1.3,1,
0,1.3,1.1,
0,1.3,1.2,
0,1.3,1.3,
0,1.3,1.4,
0,1.3,1.5,1.231882722
0,1.3,1.6,
0,1.3,1.7,
0,1.3,1.8,
0,1.3,1.9,
0,1.3,2,
0,1.3,2.1,
0,1.3,2.2,
0,1.3,2.3,
0,1.3,2.4,
0,1.3,2.5,
0,1.3,2.6,
0,1.3,2.7,
0,1.3,2.8,
0,1.3,2.9,
0,1.3,3,
0,1.3,3.1,
0,1.3,3.2,
0,1.3,3.3,
0,1.3,3.4,
0,1.3,3.5,
0,1.3,3.6,
0.1,1.3,0,
0.1,1.3,0.1,
0.1,1.3,0.2,
0.1,1.3,0.3,
0.1,1.3,0.4,
0.1,1.3,0.5,
0.1,1.3,0.6,
0.1,1.3,0.7,
0.1,1.3,0.8,
0.1,1.3,0.9,
0.1,1.3,1,
0.1,1.3,1.1,
0.1,1.3,1.2,
0.1,1.3,1.3,
0.1,1.3,1.4,
0.1,1.3,1.5,
0.1,1.3,1.6,
0.1,1.3,1.7,
0.1,1.3,1.8,
0.1,1.3,1.9,
0.1,1.3,2,
0.1,1.3,2.1,
0.1,1.3,2.2,
0.1,1.3,2.3,
0.1,1.3,2.4,
0.1,1.3,2.5,1.040746308
0.1,1.3,2.6,
0.1,1.3,2.7,
0.1,1.3,2.8,
0.1,1.3,2.9,
0.1,1.3,3,
0.1,1.3,3.1,
0.1,1.3,3.2,
0.1,1.3,3.3,
0.1,1.3,3.4,
0.1,1.3,3.5,
0.1,1.3,3.6,
0.2,1.3,0,
0.2,1.3,0.1,
0.2,1.3,0.2,
0.2,1.3,0.3,
0.2,1.3,0.4,
0.2,1.3,0.5,
0.2,1.3,0.6,
0.2,1.3,0.7,
0.2,1.3,0.8,
0.2,1.3,0.9,
0.2,1.3,1,
0.2,1.3,1.1,
0.2,1.3,1.2,
0.2,1.3,1.3,1.011085489
0.2,1.3,1.4,
0.2,1.3,1.5,
0.2,1.3,1.6,
0.2,1.3,1.7,0.974917808
0.2,1.3,1.8,
0.2,1.3,1.9,
0.2,1.3,2,
0.2,1.3,2.1,
0.2,1.3,2.2,
0.2,1.3,2.3,
0.2,1.3,2.4,
0.2,1.3,2.5,
0.2,1.3,2.6,
0.2,1.3,2.7,
0.2,1.3,2.8,
0.2,1.3,2.9,1.071422288
0.2,1.3,3,
0.2,1.3,3.1,
0.2,1.3,3.2,
0.2,1.3,3.3,
0.2,1.3,3.4,
0.2,1.3,3.5,
0.2,1.3,3.6,1.004126623
0.3,1.3,0,
0.3,1.3,0.1,
0.3,1.3,0.2,
0.3,1.3,0.3,
0.3,1.3,0.4,
0.3,1.3,0.5,
0.3,1.3,0.6,
0.3,1.3,0.7,
0.3,1.3,0.8,
0.3,1.3,0.9,
0.3,1.3,1,
0.3,1.3,1.1,
0.3,1.3,1.2,
0.3,1.3,1.3,
0.3,1.3,1.4,
0.3,1.3,1.5,
0.3,1.3,1.6,
0.3,1.3,1.7,
0.3,1.3,1.8,
0.3,1.3,1.9,
0.3,1.3,2,
0.3,1.3,2.1,
0.3,1.3,2.2,
0.3,1.3,2.3,
0.3,1.3,2.4,
0.3,1.3,2.5,
0.3,1.3,2.6,
0.3,1.3,2.7,
0.3,1.3,2.8,
0.3,1.3,2.9,
0.3,1.3,3,
0.3,1.3,3.1,
0.3,1.3,3.2,
0.3,1.3,3.3,
0.3,1.3,3.4,
0.3,1.3,3.5,
0.3,1.3,3.6,
0.4,1.3,0,
0.4,1.3,0.1,
0.4,1.3,0.2,
0.4,1.3,0.3,
0.4,1.3,0.4,
0.4,1.3,0.5,
0.4,1.3,0.6,
0.4,1.3,0.7,
0.4,1.3,0.8,
0.4,1.3,0.9,
0.4,1.3,1,
0.4,1.3,1.1,
0.4,1.3,1.2,
0.4,1.3,1.3,
0.4,1.3,1.4,1.006732893
0.4,1.3,1.5,
0.4,1.3,1.6,
0.4,1.3,1.7,
0.4,1.3,1.8,
0.4,1.3,1.9,
0.4,1.3,2,0.987290768
0.4,1.3,2.1,
0.4,1.3,2.2,
0.4,1.3,2.3,
0.4,1.3,2.4,
0.4,1.3,2.5,
0.4,1.3,2.6,
0.4,1.3,2.7,
0.4,1.3,2.8,
0.4,1.3,2.9,
0.4,1.3,3,
0.4,1.3,3.1,
0.4,1.3,3.2,
0.4,1.3,3.3,
0.4,1.3,3.4,
0.4,1.3,3.5,
0.4,1.3,3.6,
0.5,1.3,0,
0.5,1.3,0.1,
0.5,1.3,0.2,
0.5,1.3,0.3,
0.5,1.3,0.4,1.003142734
0.5,1.3,0.5,
0.5,1.3,0.6,
0.5,1.3,0.7,
0.5,1.3,0.8,
0.5,1.3,0.9,
0.5,1.3,1,
0.5,1.3,1.1,
0.5,1.3,1.2,
0.5,1.3,1.3,
0.5,1.3,1.4,
0.5,1.3,1.5,
0.5,1.3,1.6,
0.5,1.3,1.7,
0.5,1.3,1.8,
0.5,1.3,1.9,
0.5,1.3,2,
0.5,1.3,2.1,
0.5,1.3,2.2,
0.5,1.3,2.3,
0.5,1.3,2.4,
0.5,1.3,2.5,
0.5,1.3,2.6,
0.5,1.3,2.7,
0.5,1.3,2.8,
0.5,1.3,2.9,
0.5,1.3,3,
0.5,1.3,3.1,
0.5,1.3,3.2,
0.5,1.3,3.3,
0.5,1.3,3.4,
0.5,1.3,3.5,
0.5,1.3,3.6,
0.6,1.3,0,
0.6,1.3,0.1,
0.6,1.3,0.2,
0.6,1.3,0.3,
0.6,1.3,0.4,
0.6,1.3,0.5,
0.6,1.3,0.6,
0.6,1.3,0.7,
0.6,1.3,0.8,
0.6,1.3,0.9,
0.6,1.3,1,
0.6,1.3,1.1,
0.6,1.3,1.2,
0.6,1.3,1.3,
0.6,1.3,1.4,
0.6,1.3,1.5,
0.6,1.3,1.6,
0.6,1.3,1.7,
0.6,1.3,1.8,
0.6,1.3,1.9,
0.6,1.3,2,
0.6,1.3,2.1,
0.6,1.3,2.2,
0.6,1.3,2.3,
0.6,1.3,2.4,
0.6,1.3,2.5,
0.6,1.3,2.6,
0.6,1.3,2.7,
0.6,1.3,2.8,
0.6,1.3,2.9,
0.6,1.3,3,
0.6,1.3,3.1,
0.6,1.3,3.2,
0.6,1.3,3.3,
0.6,1.3,3.4,
0.6,1.3,3.5,
0.6,1.3,3.6,
0.7,1.3,0,
0.7,1.3,0.1,
0.7,1.3,0.2,
0.7,1.3,0.3,
0.7,1.3,0.4,
0.7,1.3,0.5,
0.7,1.3,0.6,
0.7,1.3,0.7,
0.7,1.3,0.8,
0.7,1.3,0.9,
0.7,1.3,1,
0.7,1.3,1.1,
0.7,1.3,1.2,
0.7,1.3,1.3,
0.7,1.3,1.4,
0.7,1.3,1.5,
0.7,1.3,1.6,
0.7,1.3,1.7,
0.7,1.3,1.8,
0.7,1.3,1.9,
0.7,1.3,2,
0.7,1.3,2.1,
0.7,1.3,2.2,
0.7,1.3,2.3,
0.7,1.3,2.4,
0.7,1.3,2.5,
0.7,1.3,2.6,
0.7,1.3,2.7,
0.7,1.3,2.8,
0.7,1.3,2.9,
0.7,1.3,3,
0.7,1.3,3.1,
0.7,1.3,3.2,
0.7,1.3,3.3,
0.7,1.3,3.4,
0.7,1.3,3.5,
0.7,1.3,3.6,
0.8,1.3,0,
0.8,1.3,0.1,
0.8,1.3,0.2,
0.8,1.3,0.3,
0.8,1.3,0.4,
0.8,1.3,0.5,
0.8,1.3,0.6,
0.8,1.3,0.7,
0.8,1.3,0.8,
0.8,1.3,0.9,
0.8,1.3,1,
0.8,1.3,1.1,
0.8,1.3,1.2,
0.8,1.3,1.3,
0.8,1.3,1.4,
0.8,1.3,1.5,
0.8,1.3,1.6,
0.8,1.3,1.7,
0.8,1.3,1.8,
0.8,1.3,1.9,
0.8,1.3,2,
0.8,1.3,2.1,
0.8,1.3,2.2,
0.8,1.3,2.3,
0.8,1.3,2.4,
0.8,1.3,2.5,
0.8,1.3,2.6,
0.8,1.3,2.7,
0.8,1.3,2.8,
0.8,1.3,2.9,
0.8,1.3,3,
0.8,1.3,3.1,
0.8,1.3,3.2,
0.8,1.3,3.3,
0.8,1.3,3.4,
0.8,1.3,3.5,
0.8,1.3,3.6,
0.9,1.3,0,
0.9,1.3,0.1,
0.9,1.3,0.2,
0.9,1.3,0.3,
0.9,1.3,0.4,
0.9,1.3,0.5,
0.9,1.3,0.6,
0.9,1.3,0.7,
0.9,1.3,0.8,
0.9,1.3,0.9,
0.9,1.3,1,
0.9,1.3,1.1,
0.9,1.3,1.2,
0.9,1.3,1.3,
0.9,1.3,1.4,
0.9,1.3,1.5,
0.9,1.3,1.6,
0.9,1.3,1.7,
0.9,1.3,1.8,
0.9,1.3,1.9,
0.9,1.3,2,
0.9,1.3,2.1,
0.9,1.3,2.2,
0.9,1.3,2.3,
0.9,1.3,2.4,
0.9,1.3,2.5,
0.9,1.3,2.6,
0.9,1.3,2.7,
0.9,1.3,2.8,
0.9,1.3,2.9,1.042787147
0.9,1.3,3,
0.9,1.3,3.1,1.009731468
0.9,1.3,3.2,
0.9,1.3,3.3,
0.9,1.3,3.4,
0.9,1.3,3.5,
0.9,1.3,3.6,
1,1.3,0,
1,1.3,0.1,
1,1.3,0.2,
1,1.3,0.3,
1,1.3,0.4,
1,1.3,0.5,
1,1.3,0.6,
1,1.3,0.7,
1,1.3,0.8,
1,1.3,0.9,
1,1.3,1,
1,1.3,1.1,
1,1.3,1.2,
1,1.3,1.3,
1,1.3,1.4,
1,1.3,1.5,
1,1.3,1.6,
1,1.3,1.7,
1,1.3,1.8,
1,1.3,1.9,
1,1.3,2,
1,1.3,2.1,
1,1.3,2.2,
1,1.3,2.3,
1,1.3,2.4,
1,1.3,2.5,
1,1.3,2.6,
1,1.3,2.7,
1,1.3,2.8,
1,1.3,2.9,
1,1.3,3,
1,1.3,3.1,
1,1.3,3.2,
1,1.3,3.3,
1,1.3,3.4,
1,1.3,3.5,
1,1.3,3.6,
1.1,1.3,0,
1.1,1.3,0.1,
1.1,1.3,0.2,
1.1,1.3,0.3,
1.1,1.3,0.4,
1.1,1.3,0.5,
1.1,1.3,0.6,
1.1,1.3,0.7,
1.1,1.3,0.8,
1.1,1.3,0.9,
1.1,1.3,1,
1.1,1.3,1.1,
1.1,1.3,1.2,
1.1,1.3,1.3,
1.1,1.3,1.4,
1.1,1.3,1.5,
1.1,1.3,1.6,
1.1,1.3,1.7,
1.1,1.3,1.8,
1.1,1.3,1.9,
1.1,1.3,2,
1.1,1.3,2.1,
1.1,1.3,2.2,
1.1,1.3,2.3,
1.1,1.3,2.4,
1.1,1.3,2.5,
1.1,1.3,2.6,
1.1,1.3,2.7,
1.1,1.3,2.8,
1.1,1.3,2.9,
1.1,1.3,3,
1.1,1.3,3.1,
1.1,1.3,3.2,
1.1,1.3,3.3,
1.1,1.3,3.4,
1.1,1.3,3.5,
1.1,1.3,3.6,
1.2,1.3,0,
1.2,1.3,0.1,
1.2,1.3,0.2,
1.2,1.3,0.3,
1.2,1.3,0.4,
1.2,1.3,0.5,
1.2,1.3,0.6,
1.2,1.3,0.7,
1.2,1.3,0.8,
1.2,1.3,0.9,
1.2,1.3,1,
1.2,1.3,1.1,
1.2,1.3,1.2,
1.2,1.3,1.3,1.020561646
1.2,1.3,1.4,
1.2,1.3,1.5,
1.2,1.3,1.6,
1.2,1.3,1.7,
1.2,1.3,1.8,
1.2,1.3,1.9,
1.2,1.3,2,
1.2,1.3,2.1,
1.2,1.3,2.2,
1.2,1.3,2.3,
1.2,1.3,2.4,
1.2,1.3,2.5,
1.2,1.3,2.6,
1.2,1.3,2.7,
1.2,1.3,2.8,
1.2,1.3,2.9,
1.2,1.3,3,
1.2,1.3,3.1,
1.2,1.3,3.2,
1.2,1.3,3.3,
1.2,1.3,3.4,
1.2,1.3,3.5,
1.2,1.3,3.6,
1.3,1.3,0,
1.3,1.3,0.1,
1.3,1.3,0.2,
1.3,1.3,0.3,
1.3,1.3,0.4,
1.3,1.3,0.5,
1.3,1.3,0.6,
1.3,1.3,0.7,
1.3,1.3,0.8,
1.3,1.3,0.9,
1.3,1.3,1,
1.3,1.3,1.1,
1.3,1.3,1.2,
1.3,1.3,1.3,
1.3,1.3,1.4,
1.3,1.3,1.5,
1.3,1.3,1.6,
1.3,1.3,1.7,
1.3,1.3,1.8,
1.3,1.3,1.9,
1.3,1.3,2,
1.3,1.3,2.1,
1.3,1.3,2.2,
1.3,1.3,2.3,
1.3,1.3,2.4,
1.3,1.3,2.5,
1.3,1.3,2.6,
1.3,1.3,2.7,
1.3,1.3,2.8,
1.3,1.3,2.9,
1.3,1.3,3,
1.3,1.3,3.1,
1.3,1.3,3.2,
1.3,1.3,3.3,
1.3,1.3,3.4,
1.3,1.3,3.5,
1.3,1.3,3.6,
1.4,1.3,0,
1.4,1.3,0.1,
1.4,1.3,0.2,
1.4,1.3,0.3,
1.4,1.3,0.4,
1.4,1.3,0.5,
1.4,1.3,0.6,
1.4,1.3,0.7,
1.4,1.3,0.8,
1.4,1.3,0.9,
1.4,1.3,1,
1.4,1.3,1.1,
1.4,1.3,1.2,
1.4,1.3,1.3,
1.4,1.3,1.4,
1.4,1.3,1.5,
1.4,1.3,1.6,
1.4,1.3,1.7,
1.4,1.3,1.8,
1.4,1.3,1.9,
1.4,1.3,2,
1.4,1.3,2.1,
1.4,1.3,2.2,
1.4,1.3,2.3,
1.4,1.3,2.4,
1.4,1.3,2.5,
1.4,1.3,2.6,
1.4,1.3,2.7,
1.4,1.3,2.8,
1.4,1.3,2.9,
1.4,1.3,3,
1.4,1.3,3.1,
1.4,1.3,3.2,
1.4,1.3,3.3,
1.4,1.3,3.4,
1.4,1.3,3.5,
1.4,1.3,3.6,
1.5,1.3,0,
1.5,1.3,0.1,
1.5,1.3,0.2,
1.5,1.3,0.3,
1.5,1.3,0.4,
1.5,1.3,0.5,
1.5,1.3,0.6,
1.5,1.3,0.7,
1.5,1.3,0.8,
1.5,1.3,0.9,
1.5,1.3,1,
1.5,1.3,1.1,
1.5,1.3,1.2,
1.5,1.3,1.3,
1.5,1.3,1.4,
1.5,1.3,1.5,
1.5,1.3,1.6,
1.5,1.3,1.7,
1.5,1.3,1.8,
1.5,1.3,1.9,
1.5,1.3,2,
1.5,1.3,2.1,
1.5,1.3,2.2,
1.5,1.3,2.3,
1.5,1.3,2.4,
1.5,1.3,2.5,
1.5,1.3,2.6,
1.5,1.3,2.7,
1.5,1.3,2.8,
1.5,1.3,2.9,
1.5,1.3,3,
1.5,1.3,3.1,
1.5,1.3,3.2,
1.5,1.3,3.3,
1.5,1.3,3.4,
1.5,1.3,3.5,
1.5,1.3,3.6,
1.6,1.3,0,
1.6,1.3,0.1,
1.6,1.3,0.2,
1.6,1.3,0.3,
1.6,1.3,0.4,
1.6,1.3,0.5,
1.6,1.3,0.6,
1.6,1.3,0.7,
1.6,1.3,0.8,
1.6,1.3,0.9,
1.6,1.3,1,
1.6,1.3,1.1,
1.6,1.3,1.2,
1.6,1.3,1.3,
1.6,1.3,1.4,
1.6,1.3,1.5,
1.6,1.3,1.6,
1.6,1.3,1.7,
1.6,1.3,1.8,
1.6,1.3,1.9,
1.6,1.3,2,
1.6,1.3,2.1,
1.6,1.3,2.2,0.993039742
1.6,1.3,2.3,
1.6,1.3,2.4,
1.6,1.3,2.5,
1.6,1.3,2.6,
1.6,1.3,2.7,
1.6,1.3,2.8,
1.6,1.3,2.9,
1.6,1.3,3,
1.6,1.3,3.1,
1.6,1.3,3.2,
1.6,1.3,3.3,
1.6,1.3,3.4,
1.6,1.3,3.5,
1.6,1.3,3.6,
1.7,1.3,0,
1.7,1.3,0.1,
1.7,1.3,0.2,
1.7,1.3,0.3,
1.7,1.3,0.4,
1.7,1.3,0.5,
1.7,1.3,0.6,
1.7,1.3,0.7,
1.7,1.3,0.8,
1.7,1.3,0.9,
1.7,1.3,1,
1.7,1.3,1.1,
1.7,1.3,1.2,
1.7,1.3,1.3,
1.7,1.3,1.4,
1.7,1.3,1.5,
1.7,1.3,1.6,
1.7,1.3,1.7,
1.7,1.3,1.8,
1.7,1.3,1.9,
1.7,1.3,2,
1.7,1.3,2.1,
1.7,1.3,2.2,
1.7,1.3,2.3,
1.7,1.3,2.4,
1.7,1.3,2.5,
1.7,1.3,2.6,
1.7,1.3,2.7,
1.7,1.3,2.8,
1.7,1.3,2.9,
1.7,1.3,3,
1.7,1.3,3.1,
1.7,1.3,3.2,
1.7,1.3,3.3,
1.7,1.3,3.4,
1.7,1.3,3.5,
1.7,1.3,3.6,
1.8,1.3,0,
1.8,1.3,0.1,0.999930665
1.8,1.3,0.2,
1.8,1.3,0.3,
1.8,1.3,0.4,
1.8,1.3,0.5,
1.8,1.3,0.6,
1.8,1.3,0.7,
1.8,1.3,0.8,
1.8,1.3,0.9,
1.8,1.3,1,
1.8,1.3,1.1,
1.8,1.3,1.2,
1.8,1.3,1.3,
1.8,1.3,1.4,
1.8,1.3,1.5,
1.8,1.3,1.6,
1.8,1.3,1.7,
1.8,1.3,1.8,
1.8,1.3,1.9,
1.8,1.3,2,
1.8,1.3,2.1,
1.8,1.3,2.2,
1.8,1.3,2.3,
1.8,1.3,2.4,
1.8,1.3,2.5,
1.8,1.3,2.6,
1.8,1.3,2.7,
1.8,1.3,2.8,
1.8,1.3,2.9,1.080402377
1.8,1.3,3,
1.8,1.3,3.1,
1.8,1.3,3.2,
1.8,1.3,3.3,
1.8,1.3,3.4,
1.8,1.3,3.5,
1.8,1.3,3.6,
1.9,1.3,0,
1.9,1.3,0.1,
1.9,1.3,0.2,
1.9,1.3,0.3,
1.9,1.3,0.4,
1.9,1.3,0.5,
1.9,1.3,0.6,
1.9,1.3,0.7,
1.9,1.3,0.8,
1.9,1.3,0.9,
1.9,1.3,1,
1.9,1.3,1.1,
1.9,1.3,1.2,
1.9,1.3,1.3,
1.9,1.3,1.4,
1.9,1.3,1.5,
1.9,1.3,1.6,
1.9,1.3,1.7,
1.9,1.3,1.8,
1.9,1.3,1.9,
1.9,1.3,2,
1.9,1.3,2.1,
1.9,1.3,2.2,
1.9,1.3,2.3,
1.9,1.3,2.4,
1.9,1.3,2.5,
1.9,1.3,2.6,
1.9,1.3,2.7,
1.9,1.3,2.8,
1.9,1.3,2.9,
1.9,1.3,3,
1.9,1.3,3.1,
1.9,1.3,3.2,
1.9,1.3,3.3,
1.9,1.3,3.4,
1.9,1.3,3.5,
1.9,1.3,3.6,
2,1.3,0,
2,1.3,0.1,
2,1.3,0.2,
2,1.3,0.3,
2,1.3,0.4,
2,1.3,0.5,
2,1.3,0.6,
2,1.3,0.7,
2,1.3,0.8,
2,1.3,0.9,
2,1.3,1,
2,1.3,1.1,
2,1.3,1.2,
2,1.3,1.3,
2,1.3,1.4,
2,1.3,1.5,
2,1.3,1.6,
2,1.3,1.7,
2,1.3,1.8,
2,1.3,1.9,
2,1.3,2,
2,1.3,2.1,
2,1.3,2.2,
2,1.3,2.3,
2,1.3,2.4,
2,1.3,2.5,
2,1.3,2.6,
2,1.3,2.7,1.099964753
2,1.3,2.8,
2,1.3,2.9,
2,1.3,3,
2,1.3,3.1,
2,1.3,3.2,
2,1.3,3.3,
2,1.3,3.4,
2,1.3,3.5,
2,1.3,3.6,
2.1,1.3,0,
2.1,1.3,0.1,
2.1,1.3,0.2,
2.1,1.3,0.3,
2.1,1.3,0.4,
2.1,1.3,0.5,
2.1,1.3,0.6,
2.1,1.3,0.7,
2.1,1.3,0.8,
2.1,1.3,0.9,
2.1,1.3,1,
2.1,1.3,1.1,
2.1,1.3,1.2,
2.1,1.3,1.3,
2.1,1.3,1.4,
2.1,1.3,1.5,
2.1,1.3,1.6,
2.1,1.3,1.7,
2.1,1.3,1.8,
2.1,1.3,1.9,
2.1,1.3,2,
2.1,1.3,2.1,
2.1,1.3,2.2,
2.1,1.3,2.3,
2.1,1.3,2.4,
2.1,1.3,2.5,
2.1,1.3,2.6,
2.1,1.3,2.7,
2.1,1.3,2.8,
2.1,1.3,2.9,
2.1,1.3,3,
2.1,1.3,3.1,
2.1,1.3,3.2,
2.1,1.3,3.3,
2.1,1.3,3.4,
2.1,1.3,3.5,
2.1,1.3,3.6,
2.2,1.3,0,
2.2,1.3,0.1,
2.2,1.3,0.2,
2.2,1.3,0.3,
2.2,1.3,0.4,
2.2,1.3,0.5,
2.2,1.3,0.6,
2.2,1.3,0.7,
2.2,1.3,0.8,
2.2,1.3,0.9,
2.2,1.3,1,1.096862416
2.2,1.3,1.1,
2.2,1.3,1.2,
2.2,1.3,1.3,
2.2,1.3,1.4,
2.2,1.3,1.5,
2.2,1.3,1.6,
2.2,1.3,1.7,
2.2,1.3,1.8,
2.2,1.3,1.9,
2.2,1.3,2,
2.2,1.3,2.1,
2.2,1.3,2.2,
2.2,1.3,2.3,
2.2,1.3,2.4,
2.2,1.3,2.5,
2.2,1.3,2.6,
2.2,1.3,2.7,
2.2,1.3,2.8,
2.2,1.3,2.9,
2.2,1.3,3,
2.2,1.3,3.1,
2.2,1.3,3.2,
2.2,1.3,3.3,
2.2,1.3,3.4,
2.2,1.3,3.5,
2.2,1.3,3.6,
2.3,1.3,0,
2.3,1.3,0.1,
2.3,1.3,0.2,
2.3,1.3,0.3,
2.3,1.3,0.4,
2.3,1.3,0.5,
2.3,1.3,0.6,
2.3,1.3,0.7,
2.3,1.3,0.8,
2.3,1.3,0.9,
2.3,1.3,1,
2.3,1.3,1.1,
2.3,1.3,1.2,
2.3,1.3,1.3,
2.3,1.3,1.4,
2.3,1.3,1.5,
2.3,1.3,1.6,
2.3,1.3,1.7,1.006258716
2.3,1.3,1.8,
2.3,1.3,1.9,
2.3,1.3,2,
2.3,1.3,2.1,
2.3,1.3,2.2,
2.3,1.3,2.3,
2.3,1.3,2.4,
2.3,1.3,2.5,
2.3,1.3,2.6,
2.3,1.3,2.7,
2.3,1.3,2.8,
2.3,1.3,2.9,
2.3,1.3,3,1.027481565
2.3,1.3,3.1,
2.3,1.3,3.2,
2.3,1.3,3.3,
2.3,1.3,3.4,
2.3,1.3,3.5,
2.3,1.3,3.6,
2.4,1.3,0,0.97016779
2.4,1.3,0.1,
2.4,1.3,0.2,
2.4,1.3,0.3,0.983597699
2.4,1.3,0.4,
2.4,1.3,0.5,
2.4,1.3,0.6,
2.4,1.3,0.7,
2.4,1.3,0.8,
2.4,1.3,0.9,
2.4,1.3,1,
2.4,1.3,1.1,
2.4,1.3,1.2,
2.4,1.3,1.3,
2.4,1.3,1.4,
2.4,1.3,1.5,
2.4,1.3,1.6,
2.4,1.3,1.7,
2.4,1.3,1.8,
2.4,1.3,1.9,
2.4,1.3,2,
2.4,1.3,2.1,
2.4,1.3,2.2,
2.4,1.3,2.3,
2.4,1.3,2.4,
2.4,1.3,2.5,
2.4,1.3,2.6,
2.4,1.3,2.7,
2.4,1.3,2.8,
2.4,1.3,2.9,
2.4,1.3,3,
2.4,1.3,3.1,
2.4,1.3,3.2,
2.4,1.3,3.3,
2.4,1.3,3.4,0.977056439
2.4,1.3,3.5,
2.4,1.3,3.6,
2.5,1.3,0,
2.5,1.3,0.1,
2.5,1.3,0.2,
2.5,1.3,0.3,
2.5,1.3,0.4,
2.5,1.3,0.5,
2.5,1.3,0.6,
2.5,1.3,0.7,
2.5,1.3,0.8,1.064334928
2.5,1.3,0.9,
2.5,1.3,1,
2.5,1.3,1.1,
2.5,1.3,1.2,
2.5,1.3,1.3,
2.5,1.3,1.4,
2.5,1.3,1.5,
2.5,1.3,1.6,
2.5,1.3,1.7,
2.5,1.3,1.8,
2.5,1.3,1.9,
2.5,1.3,2,
2.5,1.3,2.1,
2.5,1.3,2.2,
2.5,1.3,2.3,
2.5,1.3,2.4,
2.5,1.3,2.5,
2.5,1.3,2.6,
2.5,1.3,2.7,
2.5,1.3,2.8,
2.5,1.3,2.9,
2.5,1.3,3,
2.5,1.3,3.1,
2.5,1.3,3.2,
2.5,1.3,3.3,
2.5,1.3,3.4,
2.5,1.3,3.5,
2.5,1.3,3.6,
2.6,1.3,0,
2.6,1.3,0.1,
2.6,1.3,0.2,
2.6,1.3,0.3,
2.6,1.3,0.4,
2.6,1.3,0.5,
2.6,1.3,0.6,
2.6,1.3,0.7,
2.6,1.3,0.8,
2.6,1.3,0.9,
2.6,1.3,1,
2.6,1.3,1.1,
2.6,1.3,1.2,
2.6,1.3,1.3,
2.6,1.3,1.4,
2.6,1.3,1.5,
2.6,1.3,1.6,
2.6,1.3,1.7,
2.6,1.3,1.8,
2.6,1.3,1.9,
2.6,1.3,2,
2.6,1.3,2.1,
2.6,1.3,2.2,
2.6,1.3,2.3,
2.6,1.3,2.4,
2.6,1.3,2.5,
2.6,1.3,2.6,
2.6,1.3,2.7,
2.6,1.3,2.8,
2.6,1.3,2.9,
2.6,1.3,3,
2.6,1.3,3.1,
2.6,1.3,3.2,
2.6,1.3,3.3,
2.6,1.3,3.4,
2.6,1.3,3.5,
2.6,1.3,3.6,
2.7,1.3,0,
2.7,1.3,0.1,
2.7,1.3,0.2,
2.7,1.3,0.3,
2.7,1.3,0.4,
2.7,1.3,0.5,
2.7,1.3,0.6,
2.7,1.3,0.7,
2.7,1.3,0.8,
2.7,1.3,0.9,
2.7,1.3,1,
2.7,1.3,1.1,
2.7,1.3,1.2,
2.7,1.3,1.3,
2.7,1.3,1.4,
2.7,1.3,1.5,
2.7,1.3,1.6,
2.7,1.3,1.7,
2.7,1.3,1.8,
2.7,1.3,1.9,
2.7,1.3,2,
2.7,1.3,2.1,
2.7,1.3,2.2,
2.7,1.3,2.3,1.108374011
2.7,1.3,2.4,
2.7,1.3,2.5,
2.7,1.3,2.6,
2.7,1.3,2.7,
2.7,1.3,2.8,
2.7,1.3,2.9,
2.7,1.3,3,
2.7,1.3,3.1,
2.7,1.3,3.2,
2.7,1.3,3.3,
2.7,1.3,3.4,
2.7,1.3,3.5,
2.7,1.3,3.6,
2.8,1.3,0,
2.8,1.3,0.1,
2.8,1.3,0.2,
2.8,1.3,0.3,
2.8,1.3,0.4,
2.8,1.3,0.5,
2.8,1.3,0.6,
2.8,1.3,0.7,
2.8,1.3,0.8,
2.8,1.3,0.9,
2.8,1.3,1,
2.8,1.3,1.1,
2.8,1.3,1.2,
2.8,1.3,1.3,
2.8,1.3,1.4,
2.8,1.3,1.5,
2.8,1.3,1.6,
2.8,1.3,1.7,
2.8,1.3,1.8,
2.8,1.3,1.9,
2.8,1.3,2,
2.8,1.3,2.1,
2.8,1.3,2.2,
2.8,1.3,2.3,
2.8,1.3,2.4,
2.8,1.3,2.5,
2.8,1.3,2.6,
2.8,1.3,2.7,
2.8,1.3,2.8,
2.8,1.3,2.9,
2.8,1.3,3,
2.8,1.3,3.1,1.019224682
2.8,1.3,3.2,
2.8,1.3,3.3,
2.8,1.3,3.4,
2.8,1.3,3.5,
2.8,1.3,3.6,
2.9,1.3,0,
2.9,1.3,0.1,
2.9,1.3,0.2,
2.9,1.3,0.3,
2.9,1.3,0.4,
2.9,1.3,0.5,
2.9,1.3,0.6,
2.9,1.3,0.7,
2.9,1.3,0.8,
2.9,1.3,0.9,
2.9,1.3,1,
2.9,1.3,1.1,
2.9,1.3,1.2,
2.9,1.3,1.3,
2.9,1.3,1.4,
2.9,1.3,1.5,
2.9,1.3,1.6,
2.9,1.3,1.7,
2.9,1.3,1.8,
2.9,1.3,1.9,
2.9,1.3,2,
2.9,1.3,2.1,
2.9,1.3,2.2,
2.9,1.3,2.3,
2.9,1.3,2.4,
2.9,1.3,2.5,
2.9,1.3,2.6,
2.9,1.3,2.7,
2.9,1.3,2.8,
2.9,1.3,2.9,
2.9,1.3,3,
2.9,1.3,3.1,
2.9,1.3,3.2,
2.9,1.3,3.3,
2.9,1.3,3.4,
2.9,1.3,3.5,
2.9,1.3,3.6,
3,1.3,0,
3,1.3,0.1,
3,1.3,0.2,
3,1.3,0.3,
3,1.3,0.4,
3,1.3,0.5,
3,1.3,0.6,
3,1.3,0.7,
3,1.3,0.8,
3,1.3,0.9,
3,1.3,1,
3,1.3,1.1,
3,1.3,1.2,
3,1.3,1.3,
3,1.3,1.4,
3,1.3,1.5,
3,1.3,1.6,
3,1.3,1.7,
3,1.3,1.8,
3,1.3,1.9,
3,1.3,2,
3,1.3,2.1,
3,1.3,2.2,
3,1.3,2.3,
3,1.3,2.4,
3,1.3,2.5,
3,1.3,2.6,
3,1.3,2.7,
3,1.3,2.8,
3,1.3,2.9,
3,1.3,3,
3,1.3,3.1,
3,1.3,3.2,
3,1.3,3.3,
3,1.3,3.4,
3,1.3,3.5,
3,1.3,3.6,
3.1,1.3,0,
3.1,1.3,0.1,
3.1,1.3,0.2,
3.1,1.3,0.3,
3.1,1.3,0.4,
3.1,1.3,0.5,
3.1,1.3,0.6,1.059235531
3.1,1.3,0.7,
3.1,1.3,0.8,
3.1,1.3,0.9,
3.1,1.3,1,
3.1,1.3,1.1,
3.1,1.3,1.2,
3.1,1.3,1.3,
3.1,1.3,1.4,
3.1,1.3,1.5,
3.1,1.3,1.6,
3.1,1.3,1.7,
3.1,1.3,1.8,
3.1,1.3,1.9,
3.1,1.3,2,
3.1,1.3,2.1,
3.1,1.3,2.2,
3.1,1.3,2.3,
3.1,1.3,2.4,
3.1,1.3,2.5,
3.1,1.3,2.6,
3.1,1.3,2.7,
3.1,1.3,2.8,1.106667484
3.1,1.3,2.9,
3.1,1.3,3,
3.1,1.3,3.1,
3.1,1.3,3.2,
3.1,1.3,3.3,
3.1,1.3,3.4,
3.1,1.3,3.5,
3.1,1.3,3.6,
3.2,1.3,0,
3.2,1.3,0.1,
3.2,1.3,0.2,
3.2,1.3,0.3,
3.2,1.3,0.4,
3.2,1.3,0.5,
3.2,1.3,0.6,
3.2,1.3,0.7,
3.2,1.3,0.8,
3.2,1.3,0.9,
3.2,1.3,1,
3.2,1.3,1.1,
3.2,1.3,1.2,
3.2,1.3,1.3,
3.2,1.3,1.4,
3.2,1.3,1.5,
3.2,1.3,1.6,
3.2,1.3,1.7,
3.2,1.3,1.8,
3.2,1.3,1.9,0.971434537
3.2,1.3,2,
3.2,1.3,2.1,
3.2,1.3,2.2,
3.2,1.3,2.3,
3.2,1.3,2.4,
3.2,1.3,2.5,
3.2,1.3,2.6,
3.2,1.3,2.7,
3.2,1.3,2.8,
3.2,1.3,2.9,
3.2,1.3,3,
3.2,1.3,3.1,
3.2,1.3,3.2,
3.2,1.3,3.3,
3.2,1.3,3.4,
3.2,1.3,3.5,
3.2,1.3,3.6,
3.3,1.3,0,
3.3,1.3,0.1,
3.3,1.3,0.2,
3.3,1.3,0.3,
3.3,1.3,0.4,
3.3,1.3,0.5,
3.3,1.3,0.6,
3.3,1.3,0.7,
3.3,1.3,0.8,
3.3,1.3,0.9,
3.3,1.3,1,
3.3,1.3,1.1,
3.3,1.3,1.2,
3.3,1.3,1.3,
3.3,1.3,1.4,
3.3,1.3,1.5,
3.3,1.3,1.6,
3.3,1.3,1.7,
3.3,1.3,1.8,
3.3,1.3,1.9,
3.3,1.3,2,
3.3,1.3,2.1,
3.3,1.3,2.2,
3.3,1.3,2.3,
3.3,1.3,2.4,
3.3,1.3,2.5,
3.3,1.3,2.6,
3.3,1.3,2.7,
3.3,1.3,2.8,
3.3,1.3,2.9,
3.3,1.3,3,
3.3,1.3,3.1,
3.3,1.3,3.2,
3.3,1.3,3.3,
3.3,1.3,3.4,1.03383975
3.3,1.3,3.5,
3.3,1.3,3.6,
3.4,1.3,0,
3.4,1.3,0.1,
3.4,1.3,0.2,
3.4,1.3,0.3,
3.4,1.3,0.4,
3.4,1.3,0.5,
3.4,1.3,0.6,
3.4,1.3,0.7,
3.4,1.3,0.8,
3.4,1.3,0.9,
3.4,1.3,1,
3.4,1.3,1.1,1.042328037
3.4,1.3,1.2,
3.4,1.3,1.3,
3.4,1.3,1.4,
3.4,1.3,1.5,
3.4,1.3,1.6,
3.4,1.3,1.7,
3.4,1.3,1.8,
3.4,1.3,1.9,
3.4,1.3,2,
3.4,1.3,2.1,
3.4,1.3,2.2,
3.4,1.3,2.3,
3.4,1.3,2.4,
3.4,1.3,2.5,
3.4,1.3,2.6,
3.4,1.3,2.7,
3.4,1.3,2.8,
3.4,1.3,2.9,
3.4,1.3,3,
3.4,1.3,3.1,
3.4,1.3,3.2,
3.4,1.3,3.3,
3.4,1.3,3.4,
3.4,1.3,3.5,
3.4,1.3,3.6,
3.5,1.3,0,
3.5,1.3,0.1,
3.5,1.3,0.2,
3.5,1.3,0.3,
3.5,1.3,0.4,
3.5,1.3,0.5,
3.5,1.3,0.6,
3.5,1.3,0.7,
3.5,1.3,0.8,
3.5,1.3,0.9,
3.5,1.3,1,
3.5,1.3,1.1,
3.5,1.3,1.2,
3.5,1.3,1.3,
3.5,1.3,1.4,
3.5,1.3,1.5,
3.5,1.3,1.6,
3.5,1.3,1.7,
3.5,1.3,1.8,
3.5,1.3,1.9,0.978401363
3.5,1.3,2,
3.5,1.3,2.1,
3.5,1.3,2.2,
3.5,1.3,2.3,
3.5,1.3,2.4,
3.5,1.3,2.5,
3.5,1.3,2.6,
3.5,1.3,2.7,
3.5,1.3,2.8,
3.5,1.3,2.9,
3.5,1.3,3,
3.5,1.3,3.1,
3.5,1.3,3.2,
3.5,1.3,3.3,
3.5,1.3,3.4,
3.5,1.3,3.5,
3.5,1.3,3.6,
3.6,1.3,0,
3.6,1.3,0.1,
3.6,1.3,0.2,
3.6,1.3,0.3,
3.6,1.3,0.4,
3.6,1.3,0.5,
3.6,1.3,0.6,1.140690564
3.6,1.3,0.7,
3.6,1.3,0.8,
3.6,1.3,0.9,
3.6,1.3,1,
3.6,1.3,1.1,
3.6,1.3,1.2,
3.6,1.3,1.3,
3.6,1.3,1.4,
3.6,1.3,1.5,
3.6,1.3,1.6,
3.6,1.3,1.7,
3.6,1.3,1.8,
3.6,1.3,1.9,
3.6,1.3,2,
3.6,1.3,2.1,
3.6,1.3,2.2,
3.6,1.3,2.3,
3.6,1.3,2.4,
3.6,1.3,2.5,
3.6,1.3,2.6,
3.6,1.3,2.7,
3.6,1.3,2.8,
3.6,1.3,2.9,
3.6,1.3,3,1.143851462
3.6,1.3,3.1,
3.6,1.3,3.2,
3.6,1.3,3.3,
3.6,1.3,3.4,
3.6,1.3,3.5,
3.6,1.3,3.6,
3.7,1.3,0,
3.7,1.3,0.1,
3.7,1.3,0.2,
3.7,1.3,0.3,0.992124079
3.7,1.3,0.4,
3.7,1.3,0.5,
3.7,1.3,0.6,
3.7,1.3,0.7,
3.7,1.3,0.8,
3.7,1.3,0.9,
3.7,1.3,1,
3.7,1.3,1.1,
3.7,1.3,1.2,
3.7,1.3,1.3,
3.7,1.3,1.4,
3.7,1.3,1.5,
3.7,1.3,1.6,
3.7,1.3,1.7,
3.7,1.3,1.8,
3.7,1.3,1.9,
3.7,1.3,2,
3.7,1.3,2.1,
3.7,1.3,2.2,
3.7,1.3,2.3,
3.7,1.3,2.4,1.035297533
3.7,1.3,2.5,
3.7,1.3,2.6,
3.7,1.3,2.7,
3.7,1.3,2.8,
3.7,1.3,2.9,
3.7,1.3,3,
3.7,1.3,3.1,
3.7,1.3,3.2,
3.7,1.3,3.3,
3.7,1.3,3.4,
3.7,1.3,3.5,
3.7,1.3,3.6,
3.8,1.3,0,
3.8,1.3,0.1,
3.8,1.3,0.2,
3.8,1.3,0.3,
3.8,1.3,0.4,
3.8,1.3,0.5,
3.8,1.3,0.6,
3.8,1.3,0.7,
3.8,1.3,0.8,
3.8,1.3,0.9,
3.8,1.3,1,
3.8,1.3,1.1,
3.8,1.3,1.2,
3.8,1.3,1.3,
3.8,1.3,1.4,
3.8,1.3,1.5,
3.8,1.3,1.6,
3.8,1.3,1.7,
3.8,1.3,1.8,
3.8,1.3,1.9,
3.8,1.3,2,
3.8,1.3,2.1,
3.8,1.3,2.2,
3.8,1.3,2.3,
3.8,1.3,2.4,
3.8,1.3,2.5,
3.8,1.3,2.6,
3.8,1.3,2.7,
3.8,1.3,2.8,
3.8,1.3,2.9,
3.8,1.3,3,
3.8,1.3,3.1,
3.8,1.3,3.2,
3.8,1.3,3.3,
3.8,1.3,3.4,
3.8,1.3,3.5,
3.8,1.3,3.6,
3.9,1.3,0,
3.9,1.3,0.1,
3.9,1.3,0.2,
3.9,1.3,0.3,
3.9,1.3,0.4,
3.9,1.3,0.5,
3.9,1.3,0.6,
3.9,1.3,0.7,
3.9,1.3,0.8,
3.9,1.3,0.9,
3.9,1.3,1,
3.9,1.3,1.1,
3.9,1.3,1.2,
3.9,1.3,1.3,
3.9,1.3,1.4,
3.9,1.3,1.5,
3.9,1.3,1.6,
3.9,1.3,1.7,
3.9,1.3,1.8,
3.9,1.3,1.9,
3.9,1.3,2,
3.9,1.3,2.1,
3.9,1.3,2.2,
3.9,1.3,2.3,
3.9,1.3,2.4,
3.9,1.3,2.5,
3.9,1.3,2.6,
3.9,1.3,2.7,
3.9,1.3,2.8,
3.9,1.3,2.9,
3.9,1.3,3,
3.9,1.3,3.1,
3.9,1.3,3.2,
3.9,1.3,3.3,
3.9,1.3,3.4,
3.9,1.3,3.5,
3.9,1.3,3.6,
4,1.3,0,
4,1.3,0.1,
4,1.3,0.2,
4,1.3,0.3,
4,1.3,0.4,
4,1.3,0.5,
4,1.3,0.6,
4,1.3,0.7,
4,1.3,0.8,
4,1.3,0.9,
4,1.3,1,
4,1.3,1.1,
4,1.3,1.2,
4,1.3,1.3,
4,1.3,1.4,
4,1.3,1.5,
4,1.3,1.6,
4,1.3,1.7,
4,1.3,1.8,
4,1.3,1.9,
4,1.3,2,
4,1.3,2.1,
4,1.3,2.2,
4,1.3,2.3,
4,1.3,2.4,
4,1.3,2.5,
4,1.3,2.6,
4,1.3,2.7,
4,1.3,2.8,1.066346486
4,1.3,2.9,
4,1.3,3,
4,1.3,3.1,
4,1.3,3.2,
4,1.3,3.3,
4,1.3,3.4,
4,1.3,3.5,
4,1.3,3.6,
4.1,1.3,0,
4.1,1.3,0.1,
4.1,1.3,0.2,
4.1,1.3,0.3,
4.1,1.3,0.4,
4.1,1.3,0.5,
4.1,1.3,0.6,
4.1,1.3,0.7,
4.1,1.3,0.8,
4.1,1.3,0.9,
4.1,1.3,1,
4.1,1.3,1.1,
4.1,1.3,1.2,
4.1,1.3,1.3,
4.1,1.3,1.4,
4.1,1.3,1.5,
4.1,1.3,1.6,
4.1,1.3,1.7,
4.1,1.3,1.8,
4.1,1.3,1.9,
4.1,1.3,2,
4.1,1.3,2.1,
4.1,1.3,2.2,
4.1,1.3,2.3,
4.1,1.3,2.4,
4.1,1.3,2.5,
4.1,1.3,2.6,
4.1,1.3,2.7,
4.1,1.3,2.8,
4.1,1.3,2.9,
4.1,1.3,3,
4.1,1.3,3.1,
4.1,1.3,3.2,
4.1,1.3,3.3,
4.1,1.3,3.4,
4.1,1.3,3.5,
4.1,1.3,3.6,0.970567771
4.2,1.3,0,
4.2,1.3,0.1,
4.2,1.3,0.2,
4.2,1.3,0.3,
4.2,1.3,0.4,
4.2,1.3,0.5,
4.2,1.3,0.6,
4.2,1.3,0.7,
4.2,1.3,0.8,1.064607836
4.2,1.3,0.9,1.088628275
4.2,1.3,1,
4.2,1.3,1.1,
4.2,1.3,1.2,
4.2,1.3,1.3,
4.2,1.3,1.4,
4.2,1.3,1.5,
4.2,1.3,1.6,
4.2,1.3,1.7,1.010916912
4.2,1.3,1.8,
4.2,1.3,1.9,
4.2,1.3,2,
4.2,1.3,2.1,
4.2,1.3,2.2,
4.2,1.3,2.3,
4.2,1.3,2.4,
4.2,1.3,2.5,
4.2,1.3,2.6,
4.2,1.3,2.7,
4.2,1.3,2.8,
4.2,1.3,2.9,
4.2,1.3,3,
4.2,1.3,3.1,
4.2,1.3,3.2,
4.2,1.3,3.3,
4.2,1.3,3.4,
4.2,1.3,3.5,
4.2,1.3,3.6,
4.3,1.3,0,0.975071603
4.3,1.3,0.1,
4.3,1.3,0.2,
4.3,1.3,0.3,
4.3,1.3,0.4,
4.3,1.3,0.5,
4.3,1.3,0.6,
4.3,1.3,0.7,
4.3,1.3,0.8,
4.3,1.3,0.9,
4.3,1.3,1,
4.3,1.3,1.1,
4.3,1.3,1.2,
4.3,1.3,1.3,
4.3,1.3,1.4,
4.3,1.3,1.5,
4.3,1.3,1.6,
4.3,1.3,1.7,
4.3,1.3,1.8,
4.3,1.3,1.9,
4.3,1.3,2,
4.3,1.3,2.1,
4.3,1.3,2.2,
4.3,1.3,2.3,
4.3,1.3,2.4,1.042087537
4.3,1.3,2.5,
4.3,1.3,2.6,
4.3,1.3,2.7,
4.3,1.3,2.8,
4.3,1.3,2.9,
4.3,1.3,3,
4.3,1.3,3.1,
4.3,1.3,3.2,
4.3,1.3,3.3,
4.3,1.3,3.4,
4.3,1.3,3.5,
4.3,1.3,3.6,
4.4,1.3,0,
4.4,1.3,0.1,
4.4,1.3,0.2,
4.4,1.3,0.3,
4.4,1.3,0.4,
4.4,1.3,0.5,
4.4,1.3,0.6,
4.4,1.3,0.7,
4.4,1.3,0.8,
4.4,1.3,0.9,
4.4,1.3,1,
4.4,1.3,1.1,
4.4,1.3,1.2,
4.4,1.3,1.3,
4.4,1.3,1.4,
4.4,1.3,1.5,
4.4,1.3,1.6,
4.4,1.3,1.7,
4.4,1.3,1.8,
4.4,1.3,1.9,
4.4,1.3,2,
4.4,1.3,2.1,
4.4,1.3,2.2,
4.4,1.3,2.3,
4.4,1.3,2.4,
4.4,1.3,2.5,1.052783819
4.4,1.3,2.6,
4.4,1.3,2.7,
4.4,1.3,2.8,
4.4,1.3,2.9,
4.4,1.3,3,
4.4,1.3,3.1,
4.4,1.3,3.2,
4.4,1.3,3.3,
4.4,1.3,3.4,
4.4,1.3,3.5,
4.4,1.3,3.6,
4.5,1.3,0,
4.5,1.3,0.1,
4.5,1.3,0.2,
4.5,1.3,0.3,
4.5,1.3,0.4,
4.5,1.3,0.5,
4.5,1.3,0.6,
4.5,1.3,0.7,
4.5,1.3,0.8,
4.5,1.3,0.9,
4.5,1.3,1,
4.5,1.3,1.1,
4.5,1.3,1.2,
4.5,1.3,1.3,
4.5,1.3,1.4,
4.5,1.3,1.5,
4.5,1.3,1.6,
4.5,1.3,1.7,
4.5,1.3,1.8,
4.5,1.3,1.9,
4.5,1.3,2,
4.5,1.3,2.1,
4.5,1.3,2.2,
4.5,1.3,2.3,
4.5,1.3,2.4,
4.5,1.3,2.5,
4.5,1.3,2.6,
4.5,1.3,2.7,
4.5,1.3,2.8,
4.5,1.3,2.9,
4.5,1.3,3,
4.5,1.3,3.1,
4.5,1.3,3.2,
4.5,1.3,3.3,
4.5,1.3,3.4,
4.5,1.3,3.5,
4.5,1.3,3.6,
4.6,1.3,0,
4.6,1.3,0.1,
4.6,1.3,0.2,
4.6,1.3,0.3,
4.6,1.3,0.4,
4.6,1.3,0.5,
4.6,1.3,0.6,
4.6,1.3,0.7,
4.6,1.3,0.8,
4.6,1.3,0.9,
4.6,1.3,1,
4.6,1.3,1.1,
4.6,1.3,1.2,
4.6,1.3,1.3,
4.6,1.3,1.4,
4.6,1.3,1.5,
4.6,1.3,1.6,
4.6,1.3,1.7,
4.6,1.3,1.8,
4.6,1.3,1.9,
4.6,1.3,2,
4.6,1.3,2.1,
4.6,1.3,2.2,
4.6,1.3,2.3,
4.6,1.3,2.4,
4.6,1.3,2.5,
4.6,1.3,2.6,
4.6,1.3,2.7,
4.6,1.3,2.8,
4.6,1.3,2.9,
4.6,1.3,3,
4.6,1.3,3.1,
4.6,1.3,3.2,
4.6,1.3,3.3,
4.6,1.3,3.4,
4.6,1.3,3.5,
4.6,1.3,3.6,
4.7,1.3,0,
4.7,1.3,0.1,
4.7,1.3,0.2,
4.7,1.3,0.3,
4.7,1.3,0.4,
4.7,1.3,0.5,
4.7,1.3,0.6,
4.7,1.3,0.7,
4.7,1.3,0.8,
4.7,1.3,0.9,
4.7,1.3,1,
4.7,1.3,1.1,
4.7,1.3,1.2,
4.7,1.3,1.3,
4.7,1.3,1.4,
4.7,1.3,1.5,
4.7,1.3,1.6,
4.7,1.3,1.7,
4.7,1.3,1.8,
4.7,1.3,1.9,
4.7,1.3,2,
4.7,1.3,2.1,
4.7,1.3,2.2,
4.7,1.3,2.3,
4.7,1.3,2.4,
4.7,1.3,2.5,
4.7,1.3,2.6,
4.7,1.3,2.7,
4.7,1.3,2.8,
4.7,1.3,2.9,
4.7,1.3,3,
4.7,1.3,3.1,
4.7,1.3,3.2,1.068023732
4.7,1.3,3.3,
4.7,1.3,3.4,
4.7,1.3,3.5,
4.7,1.3,3.6,
4.8,1.3,0,
4.8,1.3,0.1,
4.8,1.3,0.2,
4.8,1.3,0.3,
4.8,1.3,0.4,
4.8,1.3,0.5,
4.8,1.3,0.6,
4.8,1.3,0.7,
4.8,1.3,0.8,1.12723308
4.8,1.3,0.9,
4.8,1.3,1,
4.8,1.3,1.1,
4.8,1.3,1.2,
4.8,1.3,1.3,
4.8,1.3,1.4,
4.8,1.3,1.5,
4.8,1.3,1.6,
4.8,1.3,1.7,
4.8,1.3,1.8,
4.8,1.3,1.9,0.972098044
4.8,1.3,2,
4.8,1.3,2.1,
4.8,1.3,2.2,
4.8,1.3,2.3,
4.8,1.3,2.4,
4.8,1.3,2.5,
4.8,1.3,2.6,
4.8,1.3,2.7,
4.8,1.3,2.8,
4.8,1.3,2.9,
4.8,1.3,3,
4.8,1.3,3.1,
4.8,1.3,3.2,
4.8,1.3,3.3,
4.8,1.3,3.4,1.031404616
4.8,1.3,3.5,
4.8,1.3,3.6,
4.9,1.3,0,
4.9,1.3,0.1,
4.9,1.3,0.2,
4.9,1.3,0.3,
4.9,1.3,0.4,
4.9,1.3,0.5,
4.9,1.3,0.6,
4.9,1.3,0.7,
4.9,1.3,0.8,
4.9,1.3,0.9,
4.9,1.3,1,
4.9,1.3,1.1,
4.9,1.3,1.2,
4.9,1.3,1.3,
4.9,1.3,1.4,
4.9,1.3,1.5,
4.9,1.3,1.6,
4.9,1.3,1.7,
4.9,1.3,1.8,
4.9,1.3,1.9,
4.9,1.3,2,
4.9,1.3,2.1,
4.9,1.3,2.2,
4.9,1.3,2.3,
4.9,1.3,2.4,
4.9,1.3,2.5,1.037779004
4.9,1.3,2.6,
4.9,1.3,2.7,
4.9,1.3,2.8,
4.9,1.3,2.9,
4.9,1.3,3,
4.9,1.3,3.1,
4.9,1.3,3.2,
4.9,1.3,3.3,
4.9,1.3,3.4,
4.9,1.3,3.5,
4.9,1.3,3.6,
5,1.3,0,
5,1.3,0.1,
5,1.3,0.2,
5,1.3,0.3,
5,1.3,0.4,
5,1.3,0.5,
5,1.3,0.6,
5,1.3,0.7,
5,1.3,0.8,
5,1.3,0.9,
5,1.3,1,1.063727139
5,1.3,1.1,
5,1.3,1.2,
5,1.3,1.3,
5,1.3,1.4,
5,1.3,1.5,
5,1.3,1.6,
5,1.3,1.7,
5,1.3,1.8,
5,1.3,1.9,
5,1.3,2,
5,1.3,2.1,
5,1.3,2.2,
5,1.3,2.3,
5,1.3,2.4,
5,1.3,2.5,
5,1.3,2.6,
5,1.3,2.7,
5,1.3,2.8,
5,1.3,2.9,
5,1.3,3,
5,1.3,3.1,
5,1.3,3.2,
5,1.3,3.3,
5,1.3,3.4,
5,1.3,3.5,
5,1.3,3.6,
5.1,1.3,0,
5.1,1.3,0.1,
5.1,1.3,0.2,
5.1,1.3,0.3,
5.1,1.3,0.4,
5.1,1.3,0.5,
5.1,1.3,0.6,
5.1,1.3,0.7,
5.1,1.3,0.8,
5.1,1.3,0.9,
5.1,1.3,1,
5.1,1.3,1.1,
5.1,1.3,1.2,
5.1,1.3,1.3,
5.1,1.3,1.4,
5.1,1.3,1.5,
5.1,1.3,1.6,
5.1,1.3,1.7,
5.1,1.3,1.8,
5.1,1.3,1.9,
5.1,1.3,2,
5.1,1.3,2.1,
5.1,1.3,2.2,
5.1,1.3,2.3,
5.1,1.3,2.4,
5.1,1.3,2.5,
5.1,1.3,2.6,
5.1,1.3,2.7,
5.1,1.3,2.8,
5.1,1.3,2.9,
5.1,1.3,3,
5.1,1.3,3.1,
5.1,1.3,3.2,
5.1,1.3,3.3,
5.1,1.3,3.4,
5.1,1.3,3.5,
5.1,1.3,3.6,
5.2,1.3,0,
5.2,1.3,0.1,
5.2,1.3,0.2,
5.2,1.3,0.3,
5.2,1.3,0.4,
5.2,1.3,0.5,
5.2,1.3,0.6,
5.2,1.3,0.7,
5.2,1.3,0.8,
5.2,1.3,0.9,
5.2,1.3,1,
5.2,1.3,1.1,
5.2,1.3,1.2,
5.2,1.3,1.3,
5.2,1.3,1.4,
5.2,1.3,1.5,
5.2,1.3,1.6,
5.2,1.3,1.7,
5.2,1.3,1.8,
5.2,1.3,1.9,
5.2,1.3,2,
5.2,1.3,2.1,
5.2,1.3,2.2,
5.2,1.3,2.3,
5.2,1.3,2.4,
5.2,1.3,2.5,
5.2,1.3,2.6,
5.2,1.3,2.7,
5.2,1.3,2.8,1.083377926
5.2,1.3,2.9,
5.2,1.3,3,
5.2,1.3,3.1,
5.2,1.3,3.2,
5.2,1.3,3.3,
5.2,1.3,3.4,
5.2,1.3,3.5,
5.2,1.3,3.6,
5.3,1.3,0,
5.3,1.3,0.1,
5.3,1.3,0.2,
5.3,1.3,0.3,
5.3,1.3,0.4,
5.3,1.3,0.5,
5.3,1.3,0.6,
5.3,1.3,0.7,
5.3,1.3,0.8,
5.3,1.3,0.9,
5.3,1.3,1,1.122250522
5.3,1.3,1.1,
5.3,1.3,1.2,
5.3,1.3,1.3,
5.3,1.3,1.4,
5.3,1.3,1.5,
5.3,1.3,1.6,
5.3,1.3,1.7,
5.3,1.3,1.8,
5.3,1.3,1.9,
5.3,1.3,2,
5.3,1.3,2.1,
5.3,1.3,2.2,
5.3,1.3,2.3,
5.3,1.3,2.4,
5.3,1.3,2.5,
5.3,1.3,2.6,
5.3,1.3,2.7,
5.3,1.3,2.8,
5.3,1.3,2.9,
5.3,1.3,3,
5.3,1.3,3.1,
5.3,1.3,3.2,
5.3,1.3,3.3,
5.3,1.3,3.4,
5.3,1.3,3.5,
5.3,1.3,3.6,
5.4,1.3,0,
5.4,1.3,0.1,
5.4,1.3,0.2,
5.4,1.3,0.3,
5.4,1.3,0.4,
5.4,1.3,0.5,
5.4,1.3,0.6,
5.4,1.3,0.7,
5.4,1.3,0.8,
5.4,1.3,0.9,
5.4,1.3,1,
5.4,1.3,1.1,
5.4,1.3,1.2,
5.4,1.3,1.3,
5.4,1.3,1.4,
5.4,1.3,1.5,
5.4,1.3,1.6,
5.4,1.3,1.7,
5.4,1.3,1.8,
5.4,1.3,1.9,
5.4,1.3,2,
5.4,1.3,2.1,
5.4,1.3,2.2,
5.4,1.3,2.3,
5.4,1.3,2.4,
5.4,1.3,2.5,
5.4,1.3,2.6,
5.4,1.3,2.7,
5.4,1.3,2.8,
5.4,1.3,2.9,
5.4,1.3,3,
5.4,1.3,3.1,
5.4,1.3,3.2,
5.4,1.3,3.3,
5.4,1.3,3.4,
5.4,1.3,3.5,
5.4,1.3,3.6,
5.5,1.3,0,
5.5,1.3,0.1,
5.5,1.3,0.2,
5.5,1.3,0.3,
5.5,1.3,0.4,
5.5,1.3,0.5,
5.5,1.3,0.6,
5.5,1.3,0.7,
5.5,1.3,0.8,
5.5,1.3,0.9,
5.5,1.3,1,
5.5,1.3,1.1,
5.5,1.3,1.2,
5.5,1.3,1.3,
5.5,1.3,1.4,
5.5,1.3,1.5,
5.5,1.3,1.6,
5.5,1.3,1.7,
5.5,1.3,1.8,
5.5,1.3,1.9,
5.5,1.3,2,
5.5,1.3,2.1,
5.5,1.3,2.2,
5.5,1.3,2.3,
5.5,1.3,2.4,
5.5,1.3,2.5,
5.5,1.3,2.6,
5.5,1.3,2.7,
5.5,1.3,2.8,
5.5,1.3,2.9,
5.5,1.3,3,
5.5,1.3,3.1,
5.5,1.3,3.2,
5.5,1.3,3.3,
5.5,1.3,3.4,
5.5,1.3,3.5,
5.5,1.3,3.6,
5.6,1.3,0,
5.6,1.3,0.1,
5.6,1.3,0.2,
5.6,1.3,0.3,
5.6,1.3,0.4,
5.6,1.3,0.5,
5.6,1.3,0.6,
5.6,1.3,0.7,
5.6,1.3,0.8,
5.6,1.3,0.9,
5.6,1.3,1,
5.6,1.3,1.1,
5.6,1.3,1.2,
5.6,1.3,1.3,
5.6,1.3,1.4,
5.6,1.3,1.5,
5.6,1.3,1.6,
5.6,1.3,1.7,
5.6,1.3,1.8,
5.6,1.3,1.9,
5.6,1.3,2,
5.6,1.3,2.1,
5.6,1.3,2.2,1.054611448
5.6,1.3,2.3,
5.6,1.3,2.4,
5.6,1.3,2.5,
5.6,1.3,2.6,
5.6,1.3,2.7,
5.6,1.3,2.8,
5.6,1.3,2.9,
5.6,1.3,3,
5.6,1.3,3.1,
5.6,1.3,3.2,
5.6,1.3,3.3,
5.6,1.3,3.4,
5.6,1.3,3.5,
5.6,1.3,3.6,
5.7,1.3,0,
5.7,1.3,0.1,
5.7,1.3,0.2,0.976246244
5.7,1.3,0.3,
5.7,1.3,0.4,
5.7,1.3,0.5,
5.7,1.3,0.6,
5.7,1.3,0.7,
5.7,1.3,0.8,
5.7,1.3,0.9,
5.7,1.3,1,
5.7,1.3,1.1,
5.7,1.3,1.2,
5.7,1.3,1.3,
5.7,1.3,1.4,
5.7,1.3,1.5,
5.7,1.3,1.6,
5.7,1.3,1.7,
5.7,1.3,1.8,
5.7,1.3,1.9,
5.7,1.3,2,
5.7,1.3,2.1,
5.7,1.3,2.2,
5.7,1.3,2.3,
5.7,1.3,2.4,
5.7,1.3,2.5,
5.7,1.3,2.6,
5.7,1.3,2.7,
5.7,1.3,2.8,
5.7,1.3,2.9,
5.7,1.3,3,
5.7,1.3,3.1,
5.7,1.3,3.2,
5.7,1.3,3.3,
5.7,1.3,3.4,
5.7,1.3,3.5,
5.7,1.3,3.6,
5.8,1.3,0,
5.8,1.3,0.1,
5.8,1.3,0.2,
5.8,1.3,0.3,
5.8,1.3,0.4,
5.8,1.3,0.5,
5.8,1.3,0.6,
5.8,1.3,0.7,
5.8,1.3,0.8,
5.8,1.3,0.9,
5.8,1.3,1,
5.8,1.3,1.1,
5.8,1.3,1.2,
5.8,1.3,1.3,
5.8,1.3,1.4,
5.8,1.3,1.5,
5.8,1.3,1.6,
5.8,1.3,1.7,
5.8,1.3,1.8,
5.8,1.3,1.9,
5.8,1.3,2,
5.8,1.3,2.1,
5.8,1.3,2.2,
5.8,1.3,2.3,
5.8,1.3,2.4,
5.8,1.3,2.5,
5.8,1.3,2.6,
5.8,1.3,2.7,
5.8,1.3,2.8,1.069677952
5.8,1.3,2.9,
5.8,1.3,3,
5.8,1.3,3.1,1.011153432
5.8,1.3,3.2,
5.8,1.3,3.3,
5.8,1.3,3.4,
5.8,1.3,3.5,
5.8,1.3,3.6,
5.9,1.3,0,
5.9,1.3,0.1,
5.9,1.3,0.2,
5.9,1.3,0.3,
5.9,1.3,0.4,
5.9,1.3,0.5,
5.9,1.3,0.6,
5.9,1.3,0.7,
5.9,1.3,0.8,
5.9,1.3,0.9,
5.9,1.3,1,
5.9,1.3,1.1,
5.9,1.3,1.2,
5.9,1.3,1.3,
5.9,1.3,1.4,
5.9,1.3,1.5,1.00828392
5.9,1.3,1.6,
5.9,1.3,1.7,
5.9,1.3,1.8,
5.9,1.3,1.9,
5.9,1.3,2,
5.9,1.3,2.1,
5.9,1.3,2.2,
5.9,1.3,2.3,
5.9,1.3,2.4,
5.9,1.3,2.5,
5.9,1.3,2.6,
5.9,1.3,2.7,
5.9,1.3,2.8,
5.9,1.3,2.9,
5.9,1.3,3,
5.9,1.3,3.1,
5.9,1.3,3.2,
5.9,1.3,3.3,
5.9,1.3,3.4,
5.9,1.3,3.5,
5.9,1.3,3.6,
6,1.3,0,
6,1.3,0.1,
6,1.3,0.2,
6,1.3,0.3,
6,1.3,0.4,
6,1.3,0.5,
6,1.3,0.6,
6,1.3,0.7,
6,1.3,0.8,
6,1.3,0.9,
6,1.3,1,
6,1.3,1.1,
6,1.3,1.2,
6,1.3,1.3,
6,1.3,1.4,
6,1.3,1.5,
6,1.3,1.6,
6,1.3,1.7,
6,1.3,1.8,
6,1.3,1.9,
6,1.3,2,
6,1.3,2.1,
6,1.3,2.2,
6,1.3,2.3,
6,1.3,2.4,
6,1.3,2.5,
6,1.3,2.6,
6,1.3,2.7,
6,1.3,2.8,
6,1.3,2.9,
6,1.3,3,
6,1.3,3.1,
6,1.3,3.2,
6,1.3,3.3,
6,1.3,3.4,
6,1.3,3.5,
6,1.3,3.6,
6.1,1.3,0,
6.1,1.3,0.1,
6.1,1.3,0.2,
6.1,1.3,0.3,
6.1,1.3,0.4,
6.1,1.3,0.5,
6.1,1.3,0.6,
6.1,1.3,0.7,
6.1,1.3,0.8,
6.1,1.3,0.9,
6.1,1.3,1,
6.1,1.3,1.1,1.055706775
6.1,1.3,1.2,
6.1,1.3,1.3,
6.1,1.3,1.4,
6.1,1.3,1.5,
6.1,1.3,1.6,
6.1,1.3,1.7,
6.1,1.3,1.8,
6.1,1.3,1.9,
6.1,1.3,2,
6.1,1.3,2.1,
6.1,1.3,2.2,
6.1,1.3,2.3,
6.1,1.3,2.4,
6.1,1.3,2.5,
6.1,1.3,2.6,
6.1,1.3,2.7,
6.1,1.3,2.8,
6.1,1.3,2.9,
6.1,1.3,3,
6.1,1.3,3.1,
6.1,1.3,3.2,
6.1,1.3,3.3,
6.1,1.3,3.4,
6.1,1.3,3.5,
6.1,1.3,3.6,
6.2,1.3,0,
6.2,1.3,0.1,
6.2,1.3,0.2,
6.2,1.3,0.3,
6.2,1.3,0.4,
6.2,1.3,0.5,
6.2,1.3,0.6,
6.2,1.3,0.7,
6.2,1.3,0.8,
6.2,1.3,0.9,
6.2,1.3,1,
6.2,1.3,1.1,
6.2,1.3,1.2,
6.2,1.3,1.3,
6.2,1.3,1.4,
6.2,1.3,1.5,
6.2,1.3,1.6,
6.2,1.3,1.7,
6.2,1.3,1.8,
6.2,1.3,1.9,
6.2,1.3,2,
6.2,1.3,2.1,
6.2,1.3,2.2,
6.2,1.3,2.3,
6.2,1.3,2.4,
6.2,1.3,2.5,
6.2,1.3,2.6,
6.2,1.3,2.7,
6.2,1.3,2.8,
6.2,1.3,2.9,
6.2,1.3,3,
6.2,1.3,3.1,
6.2,1.3,3.2,
6.2,1.3,3.3,
6.2,1.3,3.4,
6.2,1.3,3.5,
6.2,1.3,3.6,
6.3,1.3,0,
6.3,1.3,0.1,
6.3,1.3,0.2,
6.3,1.3,0.3,
6.3,1.3,0.4,
6.3,1.3,0.5,
6.3,1.3,0.6,
6.3,1.3,0.7,
6.3,1.3,0.8,
6.3,1.3,0.9,
6.3,1.3,1,
6.3,1.3,1.1,
6.3,1.3,1.2,
6.3,1.3,1.3,
6.3,1.3,1.4,
6.3,1.3,1.5,
6.3,1.3,1.6,
6.3,1.3,1.7,
6.3,1.3,1.8,
6.3,1.3,1.9,
6.3,1.3,2,
6.3,1.3,2.1,0.9848906
6.3,1.3,2.2,
6.3,1.3,2.3,
6.3,1.3,2.4,
6.3,1.3,2.5,
6.3,1.3,2.6,
6.3,1.3,2.7,
6.3,1.3,2.8,
6.3,1.3,2.9,
6.3,1.3,3,
6.3,1.3,3.1,
6.3,1.3,3.2,
6.3,1.3,3.3,1.01648878
6.3,1.3,3.4,
6.3,1.3,3.5,
6.3,1.3,3.6,
6.4,1.3,0,
6.4,1.3,0.1,
6.4,1.3,0.2,
6.4,1.3,0.3,
6.4,1.3,0.4,
6.4,1.3,0.5,
6.4,1.3,0.6,1.071366569
6.4,1.3,0.7,
6.4,1.3,0.8,
6.4,1.3,0.9,
6.4,1.3,1,
6.4,1.3,1.1,
6.4,1.3,1.2,
6.4,1.3,1.3,
6.4,1.3,1.4,
6.4,1.3,1.5,
6.4,1.3,1.6,
6.4,1.3,1.7,
6.4,1.3,1.8,
6.4,1.3,1.9,
6.4,1.3,2,
6.4,1.3,2.1,
6.4,1.3,2.2,
6.4,1.3,2.3,
6.4,1.3,2.4,
6.4,1.3,2.5,
6.4,1.3,2.6,
6.4,1.3,2.7,
6.4,1.3,2.8,
6.4,1.3,2.9,
6.4,1.3,3,
6.4,1.3,3.1,
6.4,1.3,3.2,
6.4,1.3,3.3,1.028022264
6.4,1.3,3.4,
6.4,1.3,3.5,
6.4,1.3,3.6,
6.5,1.3,0,
6.5,1.3,0.1,
6.5,1.3,0.2,
6.5,1.3,0.3,
6.5,1.3,0.4,
6.5,1.3,0.5,
6.5,1.3,0.6,
6.5,1.3,0.7,
6.5,1.3,0.8,
6.5,1.3,0.9,
6.5,1.3,1,
6.5,1.3,1.1,
6.5,1.3,1.2,
6.5,1.3,1.3,
6.5,1.3,1.4,
6.5,1.3,1.5,
6.5,1.3,1.6,
6.5,1.3,1.7,
6.5,1.3,1.8,
6.5,1.3,1.9,
6.5,1.3,2,
6.5,1.3,2.1,
6.5,1.3,2.2,
6.5,1.3,2.3,
6.5,1.3,2.4,
6.5,1.3,2.5,
6.5,1.3,2.6,
6.5,1.3,2.7,
6.5,1.3,2.8,
6.5,1.3,2.9,
6.5,1.3,3,
6.5,1.3,3.1,
6.5,1.3,3.2,
6.5,1.3,3.3,
6.5,1.3,3.4,
6.5,1.3,3.5,
6.5,1.3,3.6,
6.6,1.3,0,
6.6,1.3,0.1,
6.6,1.3,0.2,
6.6,1.3,0.3,
6.6,1.3,0.4,
6.6,1.3,0.5,
6.6,1.3,0.6,
6.6,1.3,0.7,
6.6,1.3,0.8,
6.6,1.3,0.9,
6.6,1.3,1,
6.6,1.3,1.1,
6.6,1.3,1.2,
6.6,1.3,1.3,
6.6,1.3,1.4,
6.6,1.3,1.5,
6.6,1.3,1.6,
6.6,1.3,1.7,
6.6,1.3,1.8,
6.6,1.3,1.9,
6.6,1.3,2,
6.6,1.3,2.1,
6.6,1.3,2.2,
6.6,1.3,2.3,
6.6,1.3,2.4,
6.6,1.3,2.5,
6.6,1.3,2.6,
6.6,1.3,2.7,
6.6,1.3,2.8,
6.6,1.3,2.9,
6.6,1.3,3,
6.6,1.3,3.1,
6.6,1.3,3.2,
6.6,1.3,3.3,
6.6,1.3,3.4,
6.6,1.3,3.5,
6.6,1.3,3.6,
6.7,1.3,0,
6.7,1.3,0.1,1.058251925
6.7,1.3,0.2,
6.7,1.3,0.3,
6.7,1.3,0.4,
6.7,1.3,0.5,
6.7,1.3,0.6,1.121428671
6.7,1.3,0.7,
6.7,1.3,0.8,
6.7,1.3,0.9,
6.7,1.3,1,
6.7,1.3,1.1,1.047493671
6.7,1.3,1.2,
6.7,1.3,1.3,
6.7,1.3,1.4,0.998223285
6.7,1.3,1.5,
6.7,1.3,1.6,
6.7,1.3,1.7,
6.7,1.3,1.8,
6.7,1.3,1.9,
6.7,1.3,2,
6.7,1.3,2.1,
6.7,1.3,2.2,
6.7,1.3,2.3,
6.7,1.3,2.4,1.025694588
6.7,1.3,2.5,
6.7,1.3,2.6,
6.7,1.3,2.7,
6.7,1.3,2.8,
6.7,1.3,2.9,
6.7,1.3,3,
6.7,1.3,3.1,1.104594521
6.7,1.3,3.2,
6.7,1.3,3.3,
6.7,1.3,3.4,
6.7,1.3,3.5,
6.7,1.3,3.6,
6.8,1.3,0,
6.8,1.3,0.1,
6.8,1.3,0.2,
6.8,1.3,0.3,
6.8,1.3,0.4,
6.8,1.3,0.5,
6.8,1.3,0.6,
6.8,1.3,0.7,
6.8,1.3,0.8,
6.8,1.3,0.9,
6.8,1.3,1,
6.8,1.3,1.1,
6.8,1.3,1.2,
6.8,1.3,1.3,
6.8,1.3,1.4,
6.8,1.3,1.5,
6.8,1.3,1.6,
6.8,1.3,1.7,
6.8,1.3,1.8,
6.8,1.3,1.9,
6.8,1.3,2,
6.8,1.3,2.1,
6.8,1.3,2.2,
6.8,1.3,2.3,
6.8,1.3,2.4,
6.8,1.3,2.5,
6.8,1.3,2.6,
6.8,1.3,2.7,
6.8,1.3,2.8,
6.8,1.3,2.9,
6.8,1.3,3,
6.8,1.3,3.1,
6.8,1.3,3.2,
6.8,1.3,3.3,
6.8,1.3,3.4,
6.8,1.3,3.5,
6.8,1.3,3.6,
6.9,1.3,0,
6.9,1.3,0.1,
6.9,1.3,0.2,
6.9,1.3,0.3,
6.9,1.3,0.4,
6.9,1.3,0.5,
6.9,1.3,0.6,
6.9,1.3,0.7,
6.9,1.3,0.8,
6.9,1.3,0.9,
6.9,1.3,1,
6.9,1.3,1.1,
6.9,1.3,1.2,
6.9,1.3,1.3,
6.9,1.3,1.4,
6.9,1.3,1.5,
6.9,1.3,1.6,
6.9,1.3,1.7,
6.9,1.3,1.8,
6.9,1.3,1.9,
6.9,1.3,2,
6.9,1.3,2.1,
6.9,1.3,2.2,
6.9,1.3,2.3,
6.9,1.3,2.4,
6.9,1.3,2.5,
6.9,1.3,2.6,
6.9,1.3,2.7,1.100158063
6.9,1.3,2.8,
6.9,1.3,2.9,
6.9,1.3,3,
6.9,1.3,3.1,
6.9,1.3,3.2,
6.9,1.3,3.3,
6.9,1.3,3.4,
6.9,1.3,3.5,
6.9,1.3,3.6,
7,1.3,0,
7,1.3,0.1,
7,1.3,0.2,
7,1.3,0.3,
7,1.3,0.4,
7,1.3,0.5,
7,1.3,0.6,
7,1.3,0.7,
7,1.3,0.8,
7,1.3,0.9,
7,1.3,1,
7,1.3,1.1,
7,1.3,1.2,
7,1.3,1.3,
7,1.3,1.4,
7,1.3,1.5,
7,1.3,1.6,
7,1.3,1.7,
7,1.3,1.8,
7,1.3,1.9,
7,1.3,2,
7,1.3,2.1,
7,1.3,2.2,
7,1.3,2.3,
7,1.3,2.4,
7,1.3,2.5,
7,1.3,2.6,
7,1.3,2.7,
7,1.3,2.8,
7,1.3,2.9,
7,1.3,3,
7,1.3,3.1,
7,1.3,3.2,
7,1.3,3.3,
7,1.3,3.4,
7,1.3,3.5,
7,1.3,3.6,
7.1,1.3,0,
7.1,1.3,0.1,
7.1,1.3,0.2,
7.1,1.3,0.3,
7.1,1.3,0.4,
7.1,1.3,0.5,
7.1,1.3,0.6,
7.1,1.3,0.7,
7.1,1.3,0.8,
7.1,1.3,0.9,
7.1,1.3,1,
7.1,1.3,1.1,
7.1,1.3,1.2,
7.1,1.3,1.3,
7.1,1.3,1.4,
7.1,1.3,1.5,
7.1,1.3,1.6,
7.1,1.3,1.7,
7.1,1.3,1.8,
7.1,1.3,1.9,
7.1,1.3,2,
7.1,1.3,2.1,
7.1,1.3,2.2,
7.1,1.3,2.3,
7.1,1.3,2.4,
7.1,1.3,2.5,
7.1,1.3,2.6,
7.1,1.3,2.7,
7.1,1.3,2.8,
7.1,1.3,2.9,
7.1,1.3,3,
7.1,1.3,3.1,
7.1,1.3,3.2,
7.1,1.3,3.3,0.986035107
7.1,1.3,3.4,
7.1,1.3,3.5,
7.1,1.3,3.6,
7.2,1.3,0,
7.2,1.3,0.1,
7.2,1.3,0.2,
7.2,1.3,0.3,
7.2,1.3,0.4,
7.2,1.3,0.5,
7.2,1.3,0.6,
7.2,1.3,0.7,
7.2,1.3,0.8,
7.2,1.3,0.9,
7.2,1.3,1,
7.2,1.3,1.1,
7.2,1.3,1.2,
7.2,1.3,1.3,
7.2,1.3,1.4,
7.2,1.3,1.5,
7.2,1.3,1.6,
7.2,1.3,1.7,
7.2,1.3,1.8,
7.2,1.3,1.9,
7.2,1.3,2,
7.2,1.3,2.1,
7.2,1.3,2.2,
7.2,1.3,2.3,
7.2,1.3,2.4,
7.2,1.3,2.5,
7.2,1.3,2.6,
7.2,1.3,2.7,
7.2,1.3,2.8,
7.2,1.3,2.9,
7.2,1.3,3,
7.2,1.3,3.1,
7.2,1.3,3.2,
7.2,1.3,3.3,
7.2,1.3,3.4,
7.2,1.3,3.5,
7.2,1.3,3.6,
7.3,1.3,0,
7.3,1.3,0.1,
7.3,1.3,0.2,
7.3,1.3,0.3,
7.3,1.3,0.4,
7.3,1.3,0.5,
7.3,1.3,0.6,
7.3,1.3,0.7,
7.3,1.3,0.8,
7.3,1.3,0.9,1.148659473
7.3,1.3,1,
7.3,1.3,1.1,
7.3,1.3,1.2,
7.3,1.3,1.3,
7.3,1.3,1.4,
7.3,1.3,1.5,
7.3,1.3,1.6,
7.3,1.3,1.7,
7.3,1.3,1.8,1.020316597
7.3,1.3,1.9,
7.3,1.3,2,
7.3,1.3,2.1,
7.3,1.3,2.2,
7.3,1.3,2.3,
7.3,1.3,2.4,
7.3,1.3,2.5,
7.3,1.3,2.6,
7.3,1.3,2.7,
7.3,1.3,2.8,
7.3,1.3,2.9,
7.3,1.3,3,
7.3,1.3,3.1,
7.3,1.3,3.2,
7.3,1.3,3.3,
7.3,1.3,3.4,
7.3,1.3,3.5,
7.3,1.3,3.6,
7.4,1.3,0,
7.4,1.3,0.1,
7.4,1.3,0.2,
7.4,1.3,0.3,
7.4,1.3,0.4,
7.4,1.3,0.5,
7.4,1.3,0.6,
7.4,1.3,0.7,
7.4,1.3,0.8,
7.4,1.3,0.9,
7.4,1.3,1,
7.4,1.3,1.1,
7.4,1.3,1.2,
7.4,1.3,1.3,
7.4,1.3,1.4,
7.4,1.3,1.5,
7.4,1.3,1.6,
7.4,1.3,1.7,
7.4,1.3,1.8,
7.4,1.3,1.9,
7.4,1.3,2,
7.4,1.3,2.1,
7.4,1.3,2.2,
7.4,1.3,2.3,
7.4,1.3,2.4,
7.4,1.3,2.5,
7.4,1.3,2.6,
7.4,1.3,2.7,
7.4,1.3,2.8,
7.4,1.3,2.9,
7.4,1.3,3,
7.4,1.3,3.1,
7.4,1.3,3.2,
7.4,1.3,3.3,
7.4,1.3,3.4,
7.4,1.3,3.5,
7.4,1.3,3.6,
7.5,1.3,0,
7.5,1.3,0.1,
7.5,1.3,0.2,
7.5,1.3,0.3,
7.5,1.3,0.4,
7.5,1.3,0.5,
7.5,1.3,0.6,
7.5,1.3,0.7,
7.5,1.3,0.8,
7.5,1.3,0.9,1.087356411
7.5,1.3,1,
7.5,1.3,1.1,
7.5,1.3,1.2,
7.5,1.3,1.3,
7.5,1.3,1.4,
7.5,1.3,1.5,
7.5,1.3,1.6,
7.5,1.3,1.7,
7.5,1.3,1.8,
7.5,1.3,1.9,
7.5,1.3,2,
7.5,1.3,2.1,
7.5,1.3,2.2,
7.5,1.3,2.3,
7.5,1.3,2.4,
7.5,1.3,2.5,
7.5,1.3,2.6,
7.5,1.3,2.7,
7.5,1.3,2.8,
7.5,1.3,2.9,
7.5,1.3,3,
7.5,1.3,3.1,
7.5,1.3,3.2,
7.5,1.3,3.3,
7.5,1.3,3.4,
7.5,1.3,3.5,
7.5,1.3,3.6,
7.6,1.3,0,
7.6,1.3,0.1,
7.6,1.3,0.2,
7.6,1.3,0.3,
7.6,1.3,0.4,
7.6,1.3,0.5,
7.6,1.3,0.6,
7.6,1.3,0.7,
7.6,1.3,0.8,
7.6,1.3,0.9,
7.6,1.3,1,
7.6,1.3,1.1,1.156859501
7.6,1.3,1.2,
7.6,1.3,1.3,
7.6,1.3,1.4,
7.6,1.3,1.5,
7.6,1.3,1.6,
7.6,1.3,1.7,
7.6,1.3,1.8,
7.6,1.3,1.9,
7.6,1.3,2,
7.6,1.3,2.1,
7.6,1.3,2.2,
7.6,1.3,2.3,
7.6,1.3,2.4,
7.6,1.3,2.5,
7.6,1.3,2.6,
7.6,1.3,2.7,
7.6,1.3,2.8,1.071215901
7.6,1.3,2.9,
7.6,1.3,3,
7.6,1.3,3.1,
7.6,1.3,3.2,
7.6,1.3,3.3,
7.6,1.3,3.4,
7.6,1.3,3.5,
7.6,1.3,3.6,
7.7,1.3,0,
7.7,1.3,0.1,
7.7,1.3,0.2,
7.7,1.3,0.3,
7.7,1.3,0.4,
7.7,1.3,0.5,
7.7,1.3,0.6,
7.7,1.3,0.7,
7.7,1.3,0.8,1.07405528
7.7,1.3,0.9,
7.7,1.3,1,1.204439279
7.7,1.3,1.1,
7.7,1.3,1.2,
7.7,1.3,1.3,
7.7,1.3,1.4,
7.7,1.3,1.5,
7.7,1.3,1.6,
7.7,1.3,1.7,
7.7,1.3,1.8,0.980660812
7.7,1.3,1.9,
7.7,1.3,2,
7.7,1.3,2.1,
7.7,1.3,2.2,
7.7,1.3,2.3,
7.7,1.3,2.4,
7.7,1.3,2.5,
7.7,1.3,2.6,
7.7,1.3,2.7,
7.7,1.3,2.8,
7.7,1.3,2.9,
7.7,1.3,3,
7.7,1.3,3.1,
7.7,1.3,3.2,
7.7,1.3,3.3,
7.7,1.3,3.4,
7.7,1.3,3.5,
7.7,1.3,3.6,
7.8,1.3,0,
7.8,1.3,0.1,
7.8,1.3,0.2,
7.8,1.3,0.3,
7.8,1.3,0.4,
7.8,1.3,0.5,
7.8,1.3,0.6,
7.8,1.3,0.7,
7.8,1.3,0.8,
7.8,1.3,0.9,
7.8,1.3,1,
7.8,1.3,1.1,
7.8,1.3,1.2,1.030288536
7.8,1.3,1.3,
7.8,1.3,1.4,
7.8,1.3,1.5,
7.8,1.3,1.6,
7.8,1.3,1.7,
7.8,1.3,1.8,
7.8,1.3,1.9,
7.8,1.3,2,
7.8,1.3,2.1,
7.8,1.3,2.2,
7.8,1.3,2.3,
7.8,1.3,2.4,
7.8,1.3,2.5,
7.8,1.3,2.6,
7.8,1.3,2.7,
7.8,1.3,2.8,
7.8,1.3,2.9,
7.8,1.3,3,
7.8,1.3,3.1,
7.8,1.3,3.2,
7.8,1.3,3.3,
7.8,1.3,3.4,
7.8,1.3,3.5,
7.8,1.3,3.6,
7.9,1.3,0,
7.9,1.3,0.1,
7.9,1.3,0.2,
7.9,1.3,0.3,
7.9,1.3,0.4,
7.9,1.3,0.5,
7.9,1.3,0.6,
7.9,1.3,0.7,
7.9,1.3,0.8,
7.9,1.3,0.9,
7.9,1.3,1,
7.9,1.3,1.1,
7.9,1.3,1.2,
7.9,1.3,1.3,
7.9,1.3,1.4,
7.9,1.3,1.5,
7.9,1.3,1.6,
7.9,1.3,1.7,
7.9,1.3,1.8,
7.9,1.3,1.9,
7.9,1.3,2,
7.9,1.3,2.1,
7.9,1.3,2.2,
7.9,1.3,2.3,
7.9,1.3,2.4,
7.9,1.3,2.5,
7.9,1.3,2.6,
7.9,1.3,2.7,
7.9,1.3,2.8,
7.9,1.3,2.9,
7.9,1.3,3,
7.9,1.3,3.1,
7.9,1.3,3.2,
7.9,1.3,3.3,
7.9,1.3,3.4,
7.9,1.3,3.5,
7.9,1.3,3.6,
8,1.3,0,
8,1.3,0.1,
8,1.3,0.2,1.025595374
8,1.3,0.3,
8,1.3,0.4,
8,1.3,0.5,
8,1.3,0.6,
8,1.3,0.7,
8,1.3,0.8,
8,1.3,0.9,
8,1.3,1,
8,1.3,1.1,
8,1.3,1.2,
8,1.3,1.3,
8,1.3,1.4,
8,1.3,1.5,
8,1.3,1.6,
8,1.3,1.7,
8,1.3,1.8,
8,1.3,1.9,
8,1.3,2,
8,1.3,2.1,
8,1.3,2.2,
8,1.3,2.3,
8,1.3,2.4,1.022096184
8,1.3,2.5,
8,1.3,2.6,
8,1.3,2.7,
8,1.3,2.8,
8,1.3,2.9,
8,1.3,3,
8,1.3,3.1,
8,1.3,3.2,
8,1.3,3.3,1.034888455
8,1.3,3.4,
8,1.3,3.5,
8,1.3,3.6,
0,1.4,0,
0,1.4,0.1,
0,1.4,0.2,
0,1.4,0.3,
0,1.4,0.4,
0,1.4,0.5,
0,1.4,0.6,1.102911305
0,1.4,0.7,
0,1.4,0.8,
0,1.4,0.9,
0,1.4,1,
0,1.4,1.1,
0,1.4,1.2,
0,1.4,1.3,
0,1.4,1.4,
0,1.4,1.5,
0,1.4,1.6,
0,1.4,1.7,
0,1.4,1.8,
0,1.4,1.9,
0,1.4,2,
0,1.4,2.1,
0,1.4,2.2,
0,1.4,2.3,
0,1.4,2.4,
0,1.4,2.5,1.355054279
0,1.4,2.6,
0,1.4,2.7,1.426313361
0,1.4,2.8,1.468217508
0,1.4,2.9,
0,1.4,3,1.105539749
0,1.4,3.1,
0,1.4,3.2,
0,1.4,3.3,
0,1.4,3.4,
0,1.4,3.5,
0,1.4,3.6,
0.1,1.4,0,
0.1,1.4,0.1,
0.1,1.4,0.2,
0.1,1.4,0.3,
0.1,1.4,0.4,
0.1,1.4,0.5,
0.1,1.4,0.6,
0.1,1.4,0.7,
0.1,1.4,0.8,
0.1,1.4,0.9,
0.1,1.4,1,1.094208387
0.1,1.4,1.1,
0.1,1.4,1.2,
0.1,1.4,1.3,
0.1,1.4,1.4,
0.1,1.4,1.5,1.014354414
0.1,1.4,1.6,
0.1,1.4,1.7,
0.1,1.4,1.8,
0.1,1.4,1.9,
0.1,1.4,2,
0.1,1.4,2.1,
0.1,1.4,2.2,
0.1,1.4,2.3,
0.1,1.4,2.4,1.050935721
0.1,1.4,2.5,1.0678887
0.1,1.4,2.6,
0.1,1.4,2.7,1.110920013
0.1,1.4,2.8,
0.1,1.4,2.9,
0.1,1.4,3,1.091894925
0.1,1.4,3.1,
0.1,1.4,3.2,
0.1,1.4,3.3,
0.1,1.4,3.4,
0.1,1.4,3.5,
0.1,1.4,3.6,
0.2,1.4,0,1.040910906
0.2,1.4,0.1,
0.2,1.4,0.2,
0.2,1.4,0.3,
0.2,1.4,0.4,
0.2,1.4,0.5,
0.2,1.4,0.6,
0.2,1.4,0.7,
0.2,1.4,0.8,
0.2,1.4,0.9,
0.2,1.4,1,
0.2,1.4,1.1,
0.2,1.4,1.2,
0.2,1.4,1.3,
0.2,1.4,1.4,
0.2,1.4,1.5,
0.2,1.4,1.6,
0.2,1.4,1.7,
0.2,1.4,1.8,
0.2,1.4,1.9,
0.2,1.4,2,
0.2,1.4,2.1,
0.2,1.4,2.2,
0.2,1.4,2.3,
0.2,1.4,2.4,
0.2,1.4,2.5,
0.2,1.4,2.6,1.090138081
0.2,1.4,2.7,
0.2,1.4,2.8,
0.2,1.4,2.9,1.099037151
0.2,1.4,3,
0.2,1.4,3.1,
0.2,1.4,3.2,
0.2,1.4,3.3,
0.2,1.4,3.4,
0.2,1.4,3.5,
0.2,1.4,3.6,
0.3,1.4,0,
0.3,1.4,0.1,
0.3,1.4,0.2,
0.3,1.4,0.3,
0.3,1.4,0.4,
0.3,1.4,0.5,
0.3,1.4,0.6,
0.3,1.4,0.7,
0.3,1.4,0.8,
0.3,1.4,0.9,
0.3,1.4,1,
0.3,1.4,1.1,
0.3,1.4,1.2,
0.3,1.4,1.3,
0.3,1.4,1.4,
0.3,1.4,1.5,
0.3,1.4,1.6,
0.3,1.4,1.7,
0.3,1.4,1.8,
0.3,1.4,1.9,
0.3,1.4,2,
0.3,1.4,2.1,
0.3,1.4,2.2,
0.3,1.4,2.3,
0.3,1.4,2.4,
0.3,1.4,2.5,
0.3,1.4,2.6,
0.3,1.4,2.7,
0.3,1.4,2.8,
0.3,1.4,2.9,
0.3,1.4,3,
0.3,1.4,3.1,
0.3,1.4,3.2,
0.3,1.4,3.3,
0.3,1.4,3.4,
0.3,1.4,3.5,
0.3,1.4,3.6,1.029243242
0.4,1.4,0,
0.4,1.4,0.1,
0.4,1.4,0.2,
0.4,1.4,0.3,
0.4,1.4,0.4,
0.4,1.4,0.5,
0.4,1.4,0.6,
0.4,1.4,0.7,
0.4,1.4,0.8,1.099121297
0.4,1.4,0.9,
0.4,1.4,1,
0.4,1.4,1.1,
0.4,1.4,1.2,
0.4,1.4,1.3,
0.4,1.4,1.4,
0.4,1.4,1.5,
0.4,1.4,1.6,
0.4,1.4,1.7,
0.4,1.4,1.8,
0.4,1.4,1.9,
0.4,1.4,2,
0.4,1.4,2.1,
0.4,1.4,2.2,
0.4,1.4,2.3,
0.4,1.4,2.4,
0.4,1.4,2.5,
0.4,1.4,2.6,
0.4,1.4,2.7,1.125435584
0.4,1.4,2.8,
0.4,1.4,2.9,
0.4,1.4,3,
0.4,1.4,3.1,
0.4,1.4,3.2,
0.4,1.4,3.3,
0.4,1.4,3.4,
0.4,1.4,3.5,
0.4,1.4,3.6,
0.5,1.4,0,
0.5,1.4,0.1,
0.5,1.4,0.2,
0.5,1.4,0.3,
0.5,1.4,0.4,
0.5,1.4,0.5,
0.5,1.4,0.6,
0.5,1.4,0.7,
0.5,1.4,0.8,
0.5,1.4,0.9,
0.5,1.4,1,
0.5,1.4,1.1,
0.5,1.4,1.2,
0.5,1.4,1.3,
0.5,1.4,1.4,
0.5,1.4,1.5,
0.5,1.4,1.6,
0.5,1.4,1.7,
0.5,1.4,1.8,
0.5,1.4,1.9,
0.5,1.4,2,
0.5,1.4,2.1,
0.5,1.4,2.2,
0.5,1.4,2.3,
0.5,1.4,2.4,
0.5,1.4,2.5,
0.5,1.4,2.6,
0.5,1.4,2.7,
0.5,1.4,2.8,
0.5,1.4,2.9,
0.5,1.4,3,
0.5,1.4,3.1,
0.5,1.4,3.2,
0.5,1.4,3.3,
0.5,1.4,3.4,
0.5,1.4,3.5,
0.5,1.4,3.6,
0.6,1.4,0,
0.6,1.4,0.1,
0.6,1.4,0.2,
0.6,1.4,0.3,
0.6,1.4,0.4,
0.6,1.4,0.5,
0.6,1.4,0.6,
0.6,1.4,0.7,
0.6,1.4,0.8,
0.6,1.4,0.9,
0.6,1.4,1,
0.6,1.4,1.1,
0.6,1.4,1.2,
0.6,1.4,1.3,
0.6,1.4,1.4,
0.6,1.4,1.5,
0.6,1.4,1.6,
0.6,1.4,1.7,
0.6,1.4,1.8,
0.6,1.4,1.9,
0.6,1.4,2,
0.6,1.4,2.1,
0.6,1.4,2.2,
0.6,1.4,2.3,
0.6,1.4,2.4,
0.6,1.4,2.5,
0.6,1.4,2.6,
0.6,1.4,2.7,
0.6,1.4,2.8,
0.6,1.4,2.9,
0.6,1.4,3,
0.6,1.4,3.1,
0.6,1.4,3.2,
0.6,1.4,3.3,
0.6,1.4,3.4,
0.6,1.4,3.5,
0.6,1.4,3.6,
0.7,1.4,0,
0.7,1.4,0.1,
0.7,1.4,0.2,
0.7,1.4,0.3,
0.7,1.4,0.4,
0.7,1.4,0.5,
0.7,1.4,0.6,
0.7,1.4,0.7,
0.7,1.4,0.8,
0.7,1.4,0.9,
0.7,1.4,1,
0.7,1.4,1.1,
0.7,1.4,1.2,1.125731518
0.7,1.4,1.3,
0.7,1.4,1.4,
0.7,1.4,1.5,
0.7,1.4,1.6,
0.7,1.4,1.7,
0.7,1.4,1.8,
0.7,1.4,1.9,
0.7,1.4,2,
0.7,1.4,2.1,
0.7,1.4,2.2,
0.7,1.4,2.3,
0.7,1.4,2.4,
0.7,1.4,2.5,
0.7,1.4,2.6,
0.7,1.4,2.7,
0.7,1.4,2.8,
0.7,1.4,2.9,
0.7,1.4,3,
0.7,1.4,3.1,
0.7,1.4,3.2,
0.7,1.4,3.3,
0.7,1.4,3.4,
0.7,1.4,3.5,
0.7,1.4,3.6,
0.8,1.4,0,
0.8,1.4,0.1,
0.8,1.4,0.2,
0.8,1.4,0.3,
0.8,1.4,0.4,
0.8,1.4,0.5,
0.8,1.4,0.6,
0.8,1.4,0.7,
0.8,1.4,0.8,
0.8,1.4,0.9,
0.8,1.4,1,
0.8,1.4,1.1,
0.8,1.4,1.2,
0.8,1.4,1.3,
0.8,1.4,1.4,
0.8,1.4,1.5,
0.8,1.4,1.6,
0.8,1.4,1.7,
0.8,1.4,1.8,
0.8,1.4,1.9,
0.8,1.4,2,
0.8,1.4,2.1,
0.8,1.4,2.2,
0.8,1.4,2.3,
0.8,1.4,2.4,
0.8,1.4,2.5,
0.8,1.4,2.6,
0.8,1.4,2.7,
0.8,1.4,2.8,
0.8,1.4,2.9,
0.8,1.4,3,1.051273444
0.8,1.4,3.1,
0.8,1.4,3.2,
0.8,1.4,3.3,
0.8,1.4,3.4,
0.8,1.4,3.5,
0.8,1.4,3.6,
0.9,1.4,0,
0.9,1.4,0.1,
0.9,1.4,0.2,
0.9,1.4,0.3,
0.9,1.4,0.4,
0.9,1.4,0.5,
0.9,1.4,0.6,
0.9,1.4,0.7,
0.9,1.4,0.8,
0.9,1.4,0.9,
0.9,1.4,1,
0.9,1.4,1.1,
0.9,1.4,1.2,
0.9,1.4,1.3,
0.9,1.4,1.4,
0.9,1.4,1.5,
0.9,1.4,1.6,
0.9,1.4,1.7,
0.9,1.4,1.8,
0.9,1.4,1.9,
0.9,1.4,2,
0.9,1.4,2.1,
0.9,1.4,2.2,
0.9,1.4,2.3,
0.9,1.4,2.4,
0.9,1.4,2.5,
0.9,1.4,2.6,
0.9,1.4,2.7,
0.9,1.4,2.8,
0.9,1.4,2.9,
0.9,1.4,3,
0.9,1.4,3.1,
0.9,1.4,3.2,
0.9,1.4,3.3,
0.9,1.4,3.4,
0.9,1.4,3.5,
0.9,1.4,3.6,
1,1.4,0,
1,1.4,0.1,
1,1.4,0.2,
1,1.4,0.3,
1,1.4,0.4,
1,1.4,0.5,
1,1.4,0.6,
1,1.4,0.7,
1,1.4,0.8,
1,1.4,0.9,
1,1.4,1,
1,1.4,1.1,
1,1.4,1.2,
1,1.4,1.3,
1,1.4,1.4,
1,1.4,1.5,
1,1.4,1.6,
1,1.4,1.7,
1,1.4,1.8,
1,1.4,1.9,
1,1.4,2,
1,1.4,2.1,
1,1.4,2.2,
1,1.4,2.3,
1,1.4,2.4,
1,1.4,2.5,
1,1.4,2.6,
1,1.4,2.7,
1,1.4,2.8,
1,1.4,2.9,
1,1.4,3,
1,1.4,3.1,
1,1.4,3.2,1.025646544
1,1.4,3.3,
1,1.4,3.4,
1,1.4,3.5,
1,1.4,3.6,
1.1,1.4,0,
1.1,1.4,0.1,
1.1,1.4,0.2,
1.1,1.4,0.3,
1.1,1.4,0.4,
1.1,1.4,0.5,
1.1,1.4,0.6,
1.1,1.4,0.7,
1.1,1.4,0.8,
1.1,1.4,0.9,
1.1,1.4,1,
1.1,1.4,1.1,
1.1,1.4,1.2,
1.1,1.4,1.3,
1.1,1.4,1.4,
1.1,1.4,1.5,
1.1,1.4,1.6,
1.1,1.4,1.7,
1.1,1.4,1.8,
1.1,1.4,1.9,
1.1,1.4,2,
1.1,1.4,2.1,
1.1,1.4,2.2,
1.1,1.4,2.3,
1.1,1.4,2.4,
1.1,1.4,2.5,
1.1,1.4,2.6,
1.1,1.4,2.7,
1.1,1.4,2.8,1.098960395
1.1,1.4,2.9,
1.1,1.4,3,
1.1,1.4,3.1,
1.1,1.4,3.2,
1.1,1.4,3.3,
1.1,1.4,3.4,
1.1,1.4,3.5,
1.1,1.4,3.6,
1.2,1.4,0,
1.2,1.4,0.1,
1.2,1.4,0.2,
1.2,1.4,0.3,
1.2,1.4,0.4,
1.2,1.4,0.5,
1.2,1.4,0.6,
1.2,1.4,0.7,
1.2,1.4,0.8,1.10245987
1.2,1.4,0.9,
1.2,1.4,1,
1.2,1.4,1.1,
1.2,1.4,1.2,
1.2,1.4,1.3,
1.2,1.4,1.4,
1.2,1.4,1.5,
1.2,1.4,1.6,
1.2,1.4,1.7,
1.2,1.4,1.8,
1.2,1.4,1.9,
1.2,1.4,2,
1.2,1.4,2.1,
1.2,1.4,2.2,
1.2,1.4,2.3,
1.2,1.4,2.4,
1.2,1.4,2.5,
1.2,1.4,2.6,
1.2,1.4,2.7,
1.2,1.4,2.8,
1.2,1.4,2.9,
1.2,1.4,3,
1.2,1.4,3.1,
1.2,1.4,3.2,
1.2,1.4,3.3,
1.2,1.4,3.4,
1.2,1.4,3.5,
1.2,1.4,3.6,
1.3,1.4,0,
1.3,1.4,0.1,
1.3,1.4,0.2,
1.3,1.4,0.3,
1.3,1.4,0.4,
1.3,1.4,0.5,
1.3,1.4,0.6,
1.3,1.4,0.7,
1.3,1.4,0.8,
1.3,1.4,0.9,
1.3,1.4,1,
1.3,1.4,1.1,
1.3,1.4,1.2,
1.3,1.4,1.3,
1.3,1.4,1.4,
1.3,1.4,1.5,
1.3,1.4,1.6,
1.3,1.4,1.7,
1.3,1.4,1.8,
1.3,1.4,1.9,
1.3,1.4,2,
1.3,1.4,2.1,
1.3,1.4,2.2,
1.3,1.4,2.3,
1.3,1.4,2.4,
1.3,1.4,2.5,
1.3,1.4,2.6,
1.3,1.4,2.7,
1.3,1.4,2.8,
1.3,1.4,2.9,
1.3,1.4,3,
1.3,1.4,3.1,
1.3,1.4,3.2,
1.3,1.4,3.3,
1.3,1.4,3.4,
1.3,1.4,3.5,
1.3,1.4,3.6,
1.4,1.4,0,
1.4,1.4,0.1,1.092807176
1.4,1.4,0.2,
1.4,1.4,0.3,
1.4,1.4,0.4,
1.4,1.4,0.5,
1.4,1.4,0.6,
1.4,1.4,0.7,
1.4,1.4,0.8,
1.4,1.4,0.9,
1.4,1.4,1,
1.4,1.4,1.1,
1.4,1.4,1.2,
1.4,1.4,1.3,
1.4,1.4,1.4,
1.4,1.4,1.5,1.016828778
1.4,1.4,1.6,
1.4,1.4,1.7,
1.4,1.4,1.8,
1.4,1.4,1.9,
1.4,1.4,2,
1.4,1.4,2.1,
1.4,1.4,2.2,
1.4,1.4,2.3,
1.4,1.4,2.4,
1.4,1.4,2.5,
1.4,1.4,2.6,
1.4,1.4,2.7,
1.4,1.4,2.8,
1.4,1.4,2.9,
1.4,1.4,3,
1.4,1.4,3.1,
1.4,1.4,3.2,
1.4,1.4,3.3,
1.4,1.4,3.4,
1.4,1.4,3.5,
1.4,1.4,3.6,
1.5,1.4,0,
1.5,1.4,0.1,
1.5,1.4,0.2,1.080000123
1.5,1.4,0.3,
1.5,1.4,0.4,
1.5,1.4,0.5,
1.5,1.4,0.6,
1.5,1.4,0.7,
1.5,1.4,0.8,
1.5,1.4,0.9,
1.5,1.4,1,
1.5,1.4,1.1,
1.5,1.4,1.2,
1.5,1.4,1.3,
1.5,1.4,1.4,
1.5,1.4,1.5,
1.5,1.4,1.6,
1.5,1.4,1.7,
1.5,1.4,1.8,
1.5,1.4,1.9,
1.5,1.4,2,
1.5,1.4,2.1,
1.5,1.4,2.2,
1.5,1.4,2.3,
1.5,1.4,2.4,1.050704318
1.5,1.4,2.5,
1.5,1.4,2.6,
1.5,1.4,2.7,
1.5,1.4,2.8,
1.5,1.4,2.9,
1.5,1.4,3,
1.5,1.4,3.1,
1.5,1.4,3.2,
1.5,1.4,3.3,
1.5,1.4,3.4,
1.5,1.4,3.5,
1.5,1.4,3.6,
1.6,1.4,0,
1.6,1.4,0.1,
1.6,1.4,0.2,
1.6,1.4,0.3,
1.6,1.4,0.4,
1.6,1.4,0.5,
1.6,1.4,0.6,
1.6,1.4,0.7,
1.6,1.4,0.8,
1.6,1.4,0.9,
1.6,1.4,1,
1.6,1.4,1.1,
1.6,1.4,1.2,
1.6,1.4,1.3,
1.6,1.4,1.4,
1.6,1.4,1.5,
1.6,1.4,1.6,
1.6,1.4,1.7,
1.6,1.4,1.8,
1.6,1.4,1.9,
1.6,1.4,2,
1.6,1.4,2.1,
1.6,1.4,2.2,
1.6,1.4,2.3,
1.6,1.4,2.4,
1.6,1.4,2.5,
1.6,1.4,2.6,
1.6,1.4,2.7,
1.6,1.4,2.8,
1.6,1.4,2.9,
1.6,1.4,3,
1.6,1.4,3.1,
1.6,1.4,3.2,
1.6,1.4,3.3,1.073660701
1.6,1.4,3.4,
1.6,1.4,3.5,
1.6,1.4,3.6,
1.7,1.4,0,
1.7,1.4,0.1,
1.7,1.4,0.2,
1.7,1.4,0.3,
1.7,1.4,0.4,
1.7,1.4,0.5,
1.7,1.4,0.6,
1.7,1.4,0.7,
1.7,1.4,0.8,
1.7,1.4,0.9,
1.7,1.4,1,
1.7,1.4,1.1,
1.7,1.4,1.2,1.053184368
1.7,1.4,1.3,
1.7,1.4,1.4,
1.7,1.4,1.5,
1.7,1.4,1.6,
1.7,1.4,1.7,
1.7,1.4,1.8,
1.7,1.4,1.9,
1.7,1.4,2,
1.7,1.4,2.1,
1.7,1.4,2.2,
1.7,1.4,2.3,
1.7,1.4,2.4,
1.7,1.4,2.5,
1.7,1.4,2.6,
1.7,1.4,2.7,
1.7,1.4,2.8,
1.7,1.4,2.9,
1.7,1.4,3,
1.7,1.4,3.1,
1.7,1.4,3.2,
1.7,1.4,3.3,
1.7,1.4,3.4,
1.7,1.4,3.5,
1.7,1.4,3.6,
1.8,1.4,0,
1.8,1.4,0.1,
1.8,1.4,0.2,
1.8,1.4,0.3,
1.8,1.4,0.4,
1.8,1.4,0.5,
1.8,1.4,0.6,
1.8,1.4,0.7,
1.8,1.4,0.8,
1.8,1.4,0.9,
1.8,1.4,1,
1.8,1.4,1.1,
1.8,1.4,1.2,
1.8,1.4,1.3,
1.8,1.4,1.4,
1.8,1.4,1.5,
1.8,1.4,1.6,
1.8,1.4,1.7,
1.8,1.4,1.8,
1.8,1.4,1.9,
1.8,1.4,2,
1.8,1.4,2.1,
1.8,1.4,2.2,
1.8,1.4,2.3,
1.8,1.4,2.4,
1.8,1.4,2.5,
1.8,1.4,2.6,
1.8,1.4,2.7,
1.8,1.4,2.8,
1.8,1.4,2.9,
1.8,1.4,3,
1.8,1.4,3.1,
1.8,1.4,3.2,
1.8,1.4,3.3,
1.8,1.4,3.4,
1.8,1.4,3.5,
1.8,1.4,3.6,
1.9,1.4,0,
1.9,1.4,0.1,
1.9,1.4,0.2,
1.9,1.4,0.3,1.036109149
1.9,1.4,0.4,
1.9,1.4,0.5,
1.9,1.4,0.6,
1.9,1.4,0.7,
1.9,1.4,0.8,1.11597023
1.9,1.4,0.9,
1.9,1.4,1,
1.9,1.4,1.1,
1.9,1.4,1.2,
1.9,1.4,1.3,
1.9,1.4,1.4,
1.9,1.4,1.5,
1.9,1.4,1.6,
1.9,1.4,1.7,
1.9,1.4,1.8,
1.9,1.4,1.9,
1.9,1.4,2,
1.9,1.4,2.1,
1.9,1.4,2.2,
1.9,1.4,2.3,
1.9,1.4,2.4,
1.9,1.4,2.5,
1.9,1.4,2.6,
1.9,1.4,2.7,
1.9,1.4,2.8,
1.9,1.4,2.9,
1.9,1.4,3,
1.9,1.4,3.1,
1.9,1.4,3.2,
1.9,1.4,3.3,
1.9,1.4,3.4,
1.9,1.4,3.5,
1.9,1.4,3.6,
2,1.4,0,
2,1.4,0.1,
2,1.4,0.2,
2,1.4,0.3,
2,1.4,0.4,
2,1.4,0.5,
2,1.4,0.6,
2,1.4,0.7,
2,1.4,0.8,
2,1.4,0.9,
2,1.4,1,
2,1.4,1.1,
2,1.4,1.2,
2,1.4,1.3,
2,1.4,1.4,
2,1.4,1.5,
2,1.4,1.6,
2,1.4,1.7,
2,1.4,1.8,
2,1.4,1.9,
2,1.4,2,
2,1.4,2.1,
2,1.4,2.2,
2,1.4,2.3,
2,1.4,2.4,
2,1.4,2.5,
2,1.4,2.6,1.102355255
2,1.4,2.7,
2,1.4,2.8,
2,1.4,2.9,
2,1.4,3,
2,1.4,3.1,
2,1.4,3.2,
2,1.4,3.3,
2,1.4,3.4,
2,1.4,3.5,
2,1.4,3.6,
2.1,1.4,0,
2.1,1.4,0.1,
2.1,1.4,0.2,
2.1,1.4,0.3,
2.1,1.4,0.4,
2.1,1.4,0.5,
2.1,1.4,0.6,
2.1,1.4,0.7,
2.1,1.4,0.8,
2.1,1.4,0.9,
2.1,1.4,1,
2.1,1.4,1.1,
2.1,1.4,1.2,
2.1,1.4,1.3,
2.1,1.4,1.4,
2.1,1.4,1.5,
2.1,1.4,1.6,
2.1,1.4,1.7,
2.1,1.4,1.8,
2.1,1.4,1.9,
2.1,1.4,2,
2.1,1.4,2.1,
2.1,1.4,2.2,
2.1,1.4,2.3,
2.1,1.4,2.4,
2.1,1.4,2.5,
2.1,1.4,2.6,
2.1,1.4,2.7,
2.1,1.4,2.8,
2.1,1.4,2.9,
2.1,1.4,3,
2.1,1.4,3.1,
2.1,1.4,3.2,
2.1,1.4,3.3,
2.1,1.4,3.4,
2.1,1.4,3.5,
2.1,1.4,3.6,
2.2,1.4,0,
2.2,1.4,0.1,
2.2,1.4,0.2,
2.2,1.4,0.3,
2.2,1.4,0.4,
2.2,1.4,0.5,
2.2,1.4,0.6,
2.2,1.4,0.7,
2.2,1.4,0.8,
2.2,1.4,0.9,
2.2,1.4,1,
2.2,1.4,1.1,
2.2,1.4,1.2,
2.2,1.4,1.3,
2.2,1.4,1.4,
2.2,1.4,1.5,
2.2,1.4,1.6,
2.2,1.4,1.7,
2.2,1.4,1.8,
2.2,1.4,1.9,
2.2,1.4,2,
2.2,1.4,2.1,
2.2,1.4,2.2,
2.2,1.4,2.3,
2.2,1.4,2.4,
2.2,1.4,2.5,
2.2,1.4,2.6,
2.2,1.4,2.7,
2.2,1.4,2.8,
2.2,1.4,2.9,
2.2,1.4,3,
2.2,1.4,3.1,
2.2,1.4,3.2,
2.2,1.4,3.3,
2.2,1.4,3.4,
2.2,1.4,3.5,1.006204419
2.2,1.4,3.6,
2.3,1.4,0,
2.3,1.4,0.1,
2.3,1.4,0.2,
2.3,1.4,0.3,
2.3,1.4,0.4,
2.3,1.4,0.5,
2.3,1.4,0.6,
2.3,1.4,0.7,
2.3,1.4,0.8,
2.3,1.4,0.9,
2.3,1.4,1,
2.3,1.4,1.1,
2.3,1.4,1.2,
2.3,1.4,1.3,
2.3,1.4,1.4,
2.3,1.4,1.5,
2.3,1.4,1.6,
2.3,1.4,1.7,
2.3,1.4,1.8,
2.3,1.4,1.9,
2.3,1.4,2,
2.3,1.4,2.1,
2.3,1.4,2.2,
2.3,1.4,2.3,
2.3,1.4,2.4,
2.3,1.4,2.5,
2.3,1.4,2.6,
2.3,1.4,2.7,
2.3,1.4,2.8,
2.3,1.4,2.9,
2.3,1.4,3,
2.3,1.4,3.1,
2.3,1.4,3.2,
2.3,1.4,3.3,
2.3,1.4,3.4,
2.3,1.4,3.5,
2.3,1.4,3.6,
2.4,1.4,0,
2.4,1.4,0.1,
2.4,1.4,0.2,
2.4,1.4,0.3,
2.4,1.4,0.4,
2.4,1.4,0.5,
2.4,1.4,0.6,
2.4,1.4,0.7,
2.4,1.4,0.8,
2.4,1.4,0.9,
2.4,1.4,1,1.152763041
2.4,1.4,1.1,
2.4,1.4,1.2,
2.4,1.4,1.3,
2.4,1.4,1.4,
2.4,1.4,1.5,
2.4,1.4,1.6,
2.4,1.4,1.7,
2.4,1.4,1.8,
2.4,1.4,1.9,
2.4,1.4,2,
2.4,1.4,2.1,
2.4,1.4,2.2,
2.4,1.4,2.3,
2.4,1.4,2.4,
2.4,1.4,2.5,
2.4,1.4,2.6,
2.4,1.4,2.7,
2.4,1.4,2.8,
2.4,1.4,2.9,
2.4,1.4,3,
2.4,1.4,3.1,
2.4,1.4,3.2,
2.4,1.4,3.3,
2.4,1.4,3.4,
2.4,1.4,3.5,
2.4,1.4,3.6,
2.5,1.4,0,
2.5,1.4,0.1,
2.5,1.4,0.2,
2.5,1.4,0.3,
2.5,1.4,0.4,
2.5,1.4,0.5,
2.5,1.4,0.6,
2.5,1.4,0.7,
2.5,1.4,0.8,
2.5,1.4,0.9,
2.5,1.4,1,
2.5,1.4,1.1,
2.5,1.4,1.2,
2.5,1.4,1.3,
2.5,1.4,1.4,
2.5,1.4,1.5,
2.5,1.4,1.6,
2.5,1.4,1.7,
2.5,1.4,1.8,
2.5,1.4,1.9,
2.5,1.4,2,
2.5,1.4,2.1,
2.5,1.4,2.2,
2.5,1.4,2.3,
2.5,1.4,2.4,
2.5,1.4,2.5,
2.5,1.4,2.6,
2.5,1.4,2.7,
2.5,1.4,2.8,
2.5,1.4,2.9,
2.5,1.4,3,
2.5,1.4,3.1,
2.5,1.4,3.2,
2.5,1.4,3.3,
2.5,1.4,3.4,
2.5,1.4,3.5,
2.5,1.4,3.6,
2.6,1.4,0,
2.6,1.4,0.1,
2.6,1.4,0.2,
2.6,1.4,0.3,
2.6,1.4,0.4,
2.6,1.4,0.5,
2.6,1.4,0.6,
2.6,1.4,0.7,
2.6,1.4,0.8,
2.6,1.4,0.9,
2.6,1.4,1,
2.6,1.4,1.1,
2.6,1.4,1.2,
2.6,1.4,1.3,
2.6,1.4,1.4,
2.6,1.4,1.5,1.099418937
2.6,1.4,1.6,
2.6,1.4,1.7,
2.6,1.4,1.8,
2.6,1.4,1.9,
2.6,1.4,2,
2.6,1.4,2.1,
2.6,1.4,2.2,
2.6,1.4,2.3,
2.6,1.4,2.4,
2.6,1.4,2.5,
2.6,1.4,2.6,
2.6,1.4,2.7,
2.6,1.4,2.8,
2.6,1.4,2.9,
2.6,1.4,3,
2.6,1.4,3.1,1.040405742
2.6,1.4,3.2,
2.6,1.4,3.3,
2.6,1.4,3.4,
2.6,1.4,3.5,
2.6,1.4,3.6,
2.7,1.4,0,
2.7,1.4,0.1,
2.7,1.4,0.2,
2.7,1.4,0.3,
2.7,1.4,0.4,
2.7,1.4,0.5,
2.7,1.4,0.6,
2.7,1.4,0.7,
2.7,1.4,0.8,
2.7,1.4,0.9,
2.7,1.4,1,
2.7,1.4,1.1,
2.7,1.4,1.2,
2.7,1.4,1.3,
2.7,1.4,1.4,
2.7,1.4,1.5,
2.7,1.4,1.6,
2.7,1.4,1.7,
2.7,1.4,1.8,
2.7,1.4,1.9,
2.7,1.4,2,
2.7,1.4,2.1,
2.7,1.4,2.2,
2.7,1.4,2.3,1.144046762
2.7,1.4,2.4,
2.7,1.4,2.5,
2.7,1.4,2.6,
2.7,1.4,2.7,
2.7,1.4,2.8,
2.7,1.4,2.9,
2.7,1.4,3,
2.7,1.4,3.1,
2.7,1.4,3.2,
2.7,1.4,3.3,
2.7,1.4,3.4,
2.7,1.4,3.5,
2.7,1.4,3.6,
2.8,1.4,0,
2.8,1.4,0.1,
2.8,1.4,0.2,
2.8,1.4,0.3,
2.8,1.4,0.4,1.033324068
2.8,1.4,0.5,
2.8,1.4,0.6,
2.8,1.4,0.7,
2.8,1.4,0.8,
2.8,1.4,0.9,
2.8,1.4,1,
2.8,1.4,1.1,
2.8,1.4,1.2,
2.8,1.4,1.3,
2.8,1.4,1.4,
2.8,1.4,1.5,
2.8,1.4,1.6,
2.8,1.4,1.7,
2.8,1.4,1.8,
2.8,1.4,1.9,
2.8,1.4,2,
2.8,1.4,2.1,
2.8,1.4,2.2,
2.8,1.4,2.3,
2.8,1.4,2.4,
2.8,1.4,2.5,
2.8,1.4,2.6,
2.8,1.4,2.7,
2.8,1.4,2.8,
2.8,1.4,2.9,
2.8,1.4,3,
2.8,1.4,3.1,
2.8,1.4,3.2,
2.8,1.4,3.3,
2.8,1.4,3.4,
2.8,1.4,3.5,
2.8,1.4,3.6,
2.9,1.4,0,
2.9,1.4,0.1,
2.9,1.4,0.2,
2.9,1.4,0.3,
2.9,1.4,0.4,
2.9,1.4,0.5,
2.9,1.4,0.6,
2.9,1.4,0.7,
2.9,1.4,0.8,
2.9,1.4,0.9,
2.9,1.4,1,
2.9,1.4,1.1,
2.9,1.4,1.2,
2.9,1.4,1.3,
2.9,1.4,1.4,
2.9,1.4,1.5,
2.9,1.4,1.6,
2.9,1.4,1.7,
2.9,1.4,1.8,
2.9,1.4,1.9,
2.9,1.4,2,
2.9,1.4,2.1,
2.9,1.4,2.2,
2.9,1.4,2.3,
2.9,1.4,2.4,
2.9,1.4,2.5,
2.9,1.4,2.6,
2.9,1.4,2.7,
2.9,1.4,2.8,
2.9,1.4,2.9,
2.9,1.4,3,
2.9,1.4,3.1,
2.9,1.4,3.2,
2.9,1.4,3.3,
2.9,1.4,3.4,
2.9,1.4,3.5,
2.9,1.4,3.6,
3,1.4,0,
3,1.4,0.1,
3,1.4,0.2,
3,1.4,0.3,
3,1.4,0.4,
3,1.4,0.5,
3,1.4,0.6,
3,1.4,0.7,
3,1.4,0.8,
3,1.4,0.9,
3,1.4,1,
3,1.4,1.1,
3,1.4,1.2,
3,1.4,1.3,
3,1.4,1.4,
3,1.4,1.5,
3,1.4,1.6,
3,1.4,1.7,
3,1.4,1.8,
3,1.4,1.9,
3,1.4,2,
3,1.4,2.1,
3,1.4,2.2,
3,1.4,2.3,
3,1.4,2.4,
3,1.4,2.5,1.071040501
3,1.4,2.6,
3,1.4,2.7,
3,1.4,2.8,
3,1.4,2.9,
3,1.4,3,
3,1.4,3.1,
3,1.4,3.2,
3,1.4,3.3,
3,1.4,3.4,
3,1.4,3.5,
3,1.4,3.6,
3.1,1.4,0,
3.1,1.4,0.1,
3.1,1.4,0.2,
3.1,1.4,0.3,
3.1,1.4,0.4,
3.1,1.4,0.5,
3.1,1.4,0.6,
3.1,1.4,0.7,
3.1,1.4,0.8,
3.1,1.4,0.9,
3.1,1.4,1,
3.1,1.4,1.1,
3.1,1.4,1.2,
3.1,1.4,1.3,
3.1,1.4,1.4,
3.1,1.4,1.5,
3.1,1.4,1.6,
3.1,1.4,1.7,
3.1,1.4,1.8,
3.1,1.4,1.9,
3.1,1.4,2,
3.1,1.4,2.1,
3.1,1.4,2.2,
3.1,1.4,2.3,
3.1,1.4,2.4,
3.1,1.4,2.5,
3.1,1.4,2.6,
3.1,1.4,2.7,
3.1,1.4,2.8,
3.1,1.4,2.9,
3.1,1.4,3,
3.1,1.4,3.1,
3.1,1.4,3.2,
3.1,1.4,3.3,
3.1,1.4,3.4,
3.1,1.4,3.5,
3.1,1.4,3.6,
3.2,1.4,0,
3.2,1.4,0.1,
3.2,1.4,0.2,
3.2,1.4,0.3,
3.2,1.4,0.4,
3.2,1.4,0.5,
3.2,1.4,0.6,
3.2,1.4,0.7,
3.2,1.4,0.8,
3.2,1.4,0.9,
3.2,1.4,1,
3.2,1.4,1.1,
3.2,1.4,1.2,
3.2,1.4,1.3,1.036612892
3.2,1.4,1.4,
3.2,1.4,1.5,
3.2,1.4,1.6,
3.2,1.4,1.7,
3.2,1.4,1.8,
3.2,1.4,1.9,1.001664199
3.2,1.4,2,
3.2,1.4,2.1,
3.2,1.4,2.2,
3.2,1.4,2.3,
3.2,1.4,2.4,
3.2,1.4,2.5,
3.2,1.4,2.6,
3.2,1.4,2.7,
3.2,1.4,2.8,
3.2,1.4,2.9,
3.2,1.4,3,
3.2,1.4,3.1,
3.2,1.4,3.2,
3.2,1.4,3.3,
3.2,1.4,3.4,
3.2,1.4,3.5,
3.2,1.4,3.6,
3.3,1.4,0,
3.3,1.4,0.1,
3.3,1.4,0.2,
3.3,1.4,0.3,
3.3,1.4,0.4,
3.3,1.4,0.5,
3.3,1.4,0.6,
3.3,1.4,0.7,
3.3,1.4,0.8,
3.3,1.4,0.9,
3.3,1.4,1,
3.3,1.4,1.1,
3.3,1.4,1.2,
3.3,1.4,1.3,
3.3,1.4,1.4,
3.3,1.4,1.5,
3.3,1.4,1.6,
3.3,1.4,1.7,
3.3,1.4,1.8,
3.3,1.4,1.9,
3.3,1.4,2,1.007198258
3.3,1.4,2.1,
3.3,1.4,2.2,
3.3,1.4,2.3,
3.3,1.4,2.4,
3.3,1.4,2.5,
3.3,1.4,2.6,
3.3,1.4,2.7,
3.3,1.4,2.8,
3.3,1.4,2.9,
3.3,1.4,3,
3.3,1.4,3.1,
3.3,1.4,3.2,
3.3,1.4,3.3,
3.3,1.4,3.4,
3.3,1.4,3.5,
3.3,1.4,3.6,
3.4,1.4,0,
3.4,1.4,0.1,
3.4,1.4,0.2,
3.4,1.4,0.3,
3.4,1.4,0.4,
3.4,1.4,0.5,
3.4,1.4,0.6,
3.4,1.4,0.7,
3.4,1.4,0.8,
3.4,1.4,0.9,
3.4,1.4,1,
3.4,1.4,1.1,
3.4,1.4,1.2,
3.4,1.4,1.3,
3.4,1.4,1.4,
3.4,1.4,1.5,
3.4,1.4,1.6,
3.4,1.4,1.7,
3.4,1.4,1.8,
3.4,1.4,1.9,
3.4,1.4,2,
3.4,1.4,2.1,
3.4,1.4,2.2,
3.4,1.4,2.3,
3.4,1.4,2.4,
3.4,1.4,2.5,
3.4,1.4,2.6,
3.4,1.4,2.7,
3.4,1.4,2.8,
3.4,1.4,2.9,
3.4,1.4,3,
3.4,1.4,3.1,
3.4,1.4,3.2,
3.4,1.4,3.3,
3.4,1.4,3.4,
3.4,1.4,3.5,
3.4,1.4,3.6,
3.5,1.4,0,
3.5,1.4,0.1,
3.5,1.4,0.2,
3.5,1.4,0.3,
3.5,1.4,0.4,
3.5,1.4,0.5,
3.5,1.4,0.6,
3.5,1.4,0.7,
3.5,1.4,0.8,
3.5,1.4,0.9,
3.5,1.4,1,
3.5,1.4,1.1,
3.5,1.4,1.2,
3.5,1.4,1.3,
3.5,1.4,1.4,
3.5,1.4,1.5,
3.5,1.4,1.6,
3.5,1.4,1.7,
3.5,1.4,1.8,
3.5,1.4,1.9,
3.5,1.4,2,
3.5,1.4,2.1,
3.5,1.4,2.2,
3.5,1.4,2.3,
3.5,1.4,2.4,
3.5,1.4,2.5,
3.5,1.4,2.6,
3.5,1.4,2.7,
3.5,1.4,2.8,1.199188077
3.5,1.4,2.9,
3.5,1.4,3,
3.5,1.4,3.1,
3.5,1.4,3.2,
3.5,1.4,3.3,
3.5,1.4,3.4,
3.5,1.4,3.5,
3.5,1.4,3.6,
3.6,1.4,0,
3.6,1.4,0.1,
3.6,1.4,0.2,
3.6,1.4,0.3,
3.6,1.4,0.4,
3.6,1.4,0.5,
3.6,1.4,0.6,
3.6,1.4,0.7,
3.6,1.4,0.8,
3.6,1.4,0.9,
3.6,1.4,1,
3.6,1.4,1.1,
3.6,1.4,1.2,
3.6,1.4,1.3,
3.6,1.4,1.4,
3.6,1.4,1.5,
3.6,1.4,1.6,
3.6,1.4,1.7,1.018084154
3.6,1.4,1.8,
3.6,1.4,1.9,
3.6,1.4,2,
3.6,1.4,2.1,
3.6,1.4,2.2,
3.6,1.4,2.3,
3.6,1.4,2.4,
3.6,1.4,2.5,
3.6,1.4,2.6,
3.6,1.4,2.7,
3.6,1.4,2.8,
3.6,1.4,2.9,
3.6,1.4,3,
3.6,1.4,3.1,1.052562934
3.6,1.4,3.2,
3.6,1.4,3.3,
3.6,1.4,3.4,
3.6,1.4,3.5,
3.6,1.4,3.6,
3.7,1.4,0,
3.7,1.4,0.1,
3.7,1.4,0.2,
3.7,1.4,0.3,
3.7,1.4,0.4,
3.7,1.4,0.5,
3.7,1.4,0.6,
3.7,1.4,0.7,
3.7,1.4,0.8,
3.7,1.4,0.9,
3.7,1.4,1,
3.7,1.4,1.1,
3.7,1.4,1.2,
3.7,1.4,1.3,
3.7,1.4,1.4,
3.7,1.4,1.5,
3.7,1.4,1.6,
3.7,1.4,1.7,
3.7,1.4,1.8,
3.7,1.4,1.9,
3.7,1.4,2,
3.7,1.4,2.1,
3.7,1.4,2.2,
3.7,1.4,2.3,
3.7,1.4,2.4,
3.7,1.4,2.5,
3.7,1.4,2.6,
3.7,1.4,2.7,
3.7,1.4,2.8,
3.7,1.4,2.9,
3.7,1.4,3,
3.7,1.4,3.1,
3.7,1.4,3.2,
3.7,1.4,3.3,
3.7,1.4,3.4,
3.7,1.4,3.5,
3.7,1.4,3.6,
3.8,1.4,0,
3.8,1.4,0.1,
3.8,1.4,0.2,
3.8,1.4,0.3,
3.8,1.4,0.4,
3.8,1.4,0.5,
3.8,1.4,0.6,
3.8,1.4,0.7,
3.8,1.4,0.8,
3.8,1.4,0.9,
3.8,1.4,1,
3.8,1.4,1.1,
3.8,1.4,1.2,
3.8,1.4,1.3,
3.8,1.4,1.4,
3.8,1.4,1.5,
3.8,1.4,1.6,
3.8,1.4,1.7,
3.8,1.4,1.8,
3.8,1.4,1.9,
3.8,1.4,2,
3.8,1.4,2.1,
3.8,1.4,2.2,
3.8,1.4,2.3,
3.8,1.4,2.4,
3.8,1.4,2.5,
3.8,1.4,2.6,
3.8,1.4,2.7,
3.8,1.4,2.8,
3.8,1.4,2.9,
3.8,1.4,3,
3.8,1.4,3.1,
3.8,1.4,3.2,
3.8,1.4,3.3,
3.8,1.4,3.4,
3.8,1.4,3.5,
3.8,1.4,3.6,
3.9,1.4,0,
3.9,1.4,0.1,
3.9,1.4,0.2,
3.9,1.4,0.3,
3.9,1.4,0.4,
3.9,1.4,0.5,
3.9,1.4,0.6,
3.9,1.4,0.7,
3.9,1.4,0.8,
3.9,1.4,0.9,
3.9,1.4,1,
3.9,1.4,1.1,
3.9,1.4,1.2,
3.9,1.4,1.3,
3.9,1.4,1.4,
3.9,1.4,1.5,
3.9,1.4,1.6,
3.9,1.4,1.7,
3.9,1.4,1.8,
3.9,1.4,1.9,
3.9,1.4,2,
3.9,1.4,2.1,
3.9,1.4,2.2,
3.9,1.4,2.3,
3.9,1.4,2.4,
3.9,1.4,2.5,
3.9,1.4,2.6,
3.9,1.4,2.7,
3.9,1.4,2.8,
3.9,1.4,2.9,
3.9,1.4,3,
3.9,1.4,3.1,
3.9,1.4,3.2,
3.9,1.4,3.3,
3.9,1.4,3.4,
3.9,1.4,3.5,
3.9,1.4,3.6,
4,1.4,0,
4,1.4,0.1,
4,1.4,0.2,
4,1.4,0.3,
4,1.4,0.4,
4,1.4,0.5,
4,1.4,0.6,
4,1.4,0.7,
4,1.4,0.8,
4,1.4,0.9,
4,1.4,1,
4,1.4,1.1,
4,1.4,1.2,
4,1.4,1.3,
4,1.4,1.4,
4,1.4,1.5,
4,1.4,1.6,
4,1.4,1.7,
4,1.4,1.8,
4,1.4,1.9,
4,1.4,2,
4,1.4,2.1,
4,1.4,2.2,
4,1.4,2.3,
4,1.4,2.4,
4,1.4,2.5,
4,1.4,2.6,
4,1.4,2.7,
4,1.4,2.8,
4,1.4,2.9,
4,1.4,3,
4,1.4,3.1,
4,1.4,3.2,
4,1.4,3.3,
4,1.4,3.4,
4,1.4,3.5,
4,1.4,3.6,
4.1,1.4,0,
4.1,1.4,0.1,
4.1,1.4,0.2,
4.1,1.4,0.3,
4.1,1.4,0.4,
4.1,1.4,0.5,
4.1,1.4,0.6,
4.1,1.4,0.7,
4.1,1.4,0.8,
4.1,1.4,0.9,
4.1,1.4,1,
4.1,1.4,1.1,
4.1,1.4,1.2,
4.1,1.4,1.3,
4.1,1.4,1.4,
4.1,1.4,1.5,
4.1,1.4,1.6,
4.1,1.4,1.7,
4.1,1.4,1.8,
4.1,1.4,1.9,
4.1,1.4,2,
4.1,1.4,2.1,
4.1,1.4,2.2,
4.1,1.4,2.3,
4.1,1.4,2.4,
4.1,1.4,2.5,
4.1,1.4,2.6,
4.1,1.4,2.7,
4.1,1.4,2.8,
4.1,1.4,2.9,
4.1,1.4,3,
4.1,1.4,3.1,
4.1,1.4,3.2,
4.1,1.4,3.3,
4.1,1.4,3.4,
4.1,1.4,3.5,
4.1,1.4,3.6,1.000543002
4.2,1.4,0,
4.2,1.4,0.1,
4.2,1.4,0.2,
4.2,1.4,0.3,
4.2,1.4,0.4,
4.2,1.4,0.5,
4.2,1.4,0.6,
4.2,1.4,0.7,1.070354251
4.2,1.4,0.8,
4.2,1.4,0.9,
4.2,1.4,1,
4.2,1.4,1.1,
4.2,1.4,1.2,
4.2,1.4,1.3,
4.2,1.4,1.4,
4.2,1.4,1.5,
4.2,1.4,1.6,
4.2,1.4,1.7,
4.2,1.4,1.8,
4.2,1.4,1.9,
4.2,1.4,2,
4.2,1.4,2.1,
4.2,1.4,2.2,
4.2,1.4,2.3,
4.2,1.4,2.4,
4.2,1.4,2.5,
4.2,1.4,2.6,
4.2,1.4,2.7,
4.2,1.4,2.8,
4.2,1.4,2.9,
4.2,1.4,3,
4.2,1.4,3.1,
4.2,1.4,3.2,
4.2,1.4,3.3,
4.2,1.4,3.4,
4.2,1.4,3.5,
4.2,1.4,3.6,
4.3,1.4,0,
4.3,1.4,0.1,
4.3,1.4,0.2,
4.3,1.4,0.3,
4.3,1.4,0.4,
4.3,1.4,0.5,
4.3,1.4,0.6,
4.3,1.4,0.7,1.073437257
4.3,1.4,0.8,
4.3,1.4,0.9,
4.3,1.4,1,
4.3,1.4,1.1,
4.3,1.4,1.2,
4.3,1.4,1.3,
4.3,1.4,1.4,
4.3,1.4,1.5,
4.3,1.4,1.6,
4.3,1.4,1.7,
4.3,1.4,1.8,
4.3,1.4,1.9,
4.3,1.4,2,
4.3,1.4,2.1,
4.3,1.4,2.2,
4.3,1.4,2.3,
4.3,1.4,2.4,
4.3,1.4,2.5,
4.3,1.4,2.6,
4.3,1.4,2.7,
4.3,1.4,2.8,
4.3,1.4,2.9,
4.3,1.4,3,
4.3,1.4,3.1,
4.3,1.4,3.2,
4.3,1.4,3.3,
4.3,1.4,3.4,
4.3,1.4,3.5,
4.3,1.4,3.6,
4.4,1.4,0,
4.4,1.4,0.1,
4.4,1.4,0.2,
4.4,1.4,0.3,
4.4,1.4,0.4,
4.4,1.4,0.5,
4.4,1.4,0.6,
4.4,1.4,0.7,
4.4,1.4,0.8,
4.4,1.4,0.9,
4.4,1.4,1,
4.4,1.4,1.1,
4.4,1.4,1.2,
4.4,1.4,1.3,
4.4,1.4,1.4,
4.4,1.4,1.5,
4.4,1.4,1.6,
4.4,1.4,1.7,
4.4,1.4,1.8,
4.4,1.4,1.9,
4.4,1.4,2,
4.4,1.4,2.1,
4.4,1.4,2.2,
4.4,1.4,2.3,1.047418621
4.4,1.4,2.4,
4.4,1.4,2.5,
4.4,1.4,2.6,
4.4,1.4,2.7,
4.4,1.4,2.8,
4.4,1.4,2.9,
4.4,1.4,3,
4.4,1.4,3.1,
4.4,1.4,3.2,
4.4,1.4,3.3,
4.4,1.4,3.4,
4.4,1.4,3.5,
4.4,1.4,3.6,
4.5,1.4,0,
4.5,1.4,0.1,
4.5,1.4,0.2,
4.5,1.4,0.3,
4.5,1.4,0.4,
4.5,1.4,0.5,
4.5,1.4,0.6,
4.5,1.4,0.7,
4.5,1.4,0.8,
4.5,1.4,0.9,
4.5,1.4,1,1.097058853
4.5,1.4,1.1,
4.5,1.4,1.2,
4.5,1.4,1.3,
4.5,1.4,1.4,
4.5,1.4,1.5,
4.5,1.4,1.6,
4.5,1.4,1.7,
4.5,1.4,1.8,
4.5,1.4,1.9,
4.5,1.4,2,
4.5,1.4,2.1,
4.5,1.4,2.2,
4.5,1.4,2.3,
4.5,1.4,2.4,
4.5,1.4,2.5,
4.5,1.4,2.6,
4.5,1.4,2.7,
4.5,1.4,2.8,
4.5,1.4,2.9,
4.5,1.4,3,
4.5,1.4,3.1,
4.5,1.4,3.2,
4.5,1.4,3.3,
4.5,1.4,3.4,
4.5,1.4,3.5,
4.5,1.4,3.6,
4.6,1.4,0,
4.6,1.4,0.1,
4.6,1.4,0.2,
4.6,1.4,0.3,
4.6,1.4,0.4,
4.6,1.4,0.5,
4.6,1.4,0.6,
4.6,1.4,0.7,
4.6,1.4,0.8,
4.6,1.4,0.9,
4.6,1.4,1,
4.6,1.4,1.1,
4.6,1.4,1.2,
4.6,1.4,1.3,
4.6,1.4,1.4,
4.6,1.4,1.5,
4.6,1.4,1.6,
4.6,1.4,1.7,
4.6,1.4,1.8,
4.6,1.4,1.9,
4.6,1.4,2,
4.6,1.4,2.1,
4.6,1.4,2.2,
4.6,1.4,2.3,
4.6,1.4,2.4,
4.6,1.4,2.5,
4.6,1.4,2.6,
4.6,1.4,2.7,1.111694674
4.6,1.4,2.8,
4.6,1.4,2.9,
4.6,1.4,3,
4.6,1.4,3.1,
4.6,1.4,3.2,
4.6,1.4,3.3,
4.6,1.4,3.4,
4.6,1.4,3.5,
4.6,1.4,3.6,
4.7,1.4,0,
4.7,1.4,0.1,
4.7,1.4,0.2,
4.7,1.4,0.3,
4.7,1.4,0.4,
4.7,1.4,0.5,
4.7,1.4,0.6,
4.7,1.4,0.7,
4.7,1.4,0.8,
4.7,1.4,0.9,
4.7,1.4,1,
4.7,1.4,1.1,
4.7,1.4,1.2,
4.7,1.4,1.3,
4.7,1.4,1.4,
4.7,1.4,1.5,
4.7,1.4,1.6,
4.7,1.4,1.7,
4.7,1.4,1.8,
4.7,1.4,1.9,
4.7,1.4,2,
4.7,1.4,2.1,
4.7,1.4,2.2,
4.7,1.4,2.3,
4.7,1.4,2.4,
4.7,1.4,2.5,
4.7,1.4,2.6,
4.7,1.4,2.7,
4.7,1.4,2.8,
4.7,1.4,2.9,
4.7,1.4,3,
4.7,1.4,3.1,
4.7,1.4,3.2,
4.7,1.4,3.3,
4.7,1.4,3.4,
4.7,1.4,3.5,
4.7,1.4,3.6,
4.8,1.4,0,
4.8,1.4,0.1,1.05986066
4.8,1.4,0.2,
4.8,1.4,0.3,
4.8,1.4,0.4,
4.8,1.4,0.5,
4.8,1.4,0.6,
4.8,1.4,0.7,
4.8,1.4,0.8,1.154638145
4.8,1.4,0.9,
4.8,1.4,1,
4.8,1.4,1.1,
4.8,1.4,1.2,
4.8,1.4,1.3,
4.8,1.4,1.4,
4.8,1.4,1.5,
4.8,1.4,1.6,
4.8,1.4,1.7,
4.8,1.4,1.8,1.001591992
4.8,1.4,1.9,
4.8,1.4,2,
4.8,1.4,2.1,
4.8,1.4,2.2,
4.8,1.4,2.3,
4.8,1.4,2.4,
4.8,1.4,2.5,
4.8,1.4,2.6,1.084849922
4.8,1.4,2.7,
4.8,1.4,2.8,
4.8,1.4,2.9,
4.8,1.4,3,
4.8,1.4,3.1,
4.8,1.4,3.2,
4.8,1.4,3.3,
4.8,1.4,3.4,
4.8,1.4,3.5,
4.8,1.4,3.6,
4.9,1.4,0,
4.9,1.4,0.1,
4.9,1.4,0.2,
4.9,1.4,0.3,
4.9,1.4,0.4,
4.9,1.4,0.5,
4.9,1.4,0.6,
4.9,1.4,0.7,
4.9,1.4,0.8,
4.9,1.4,0.9,
4.9,1.4,1,
4.9,1.4,1.1,
4.9,1.4,1.2,
4.9,1.4,1.3,
4.9,1.4,1.4,
4.9,1.4,1.5,1.013706826
4.9,1.4,1.6,
4.9,1.4,1.7,
4.9,1.4,1.8,
4.9,1.4,1.9,
4.9,1.4,2,
4.9,1.4,2.1,
4.9,1.4,2.2,
4.9,1.4,2.3,
4.9,1.4,2.4,
4.9,1.4,2.5,
4.9,1.4,2.6,
4.9,1.4,2.7,
4.9,1.4,2.8,
4.9,1.4,2.9,
4.9,1.4,3,1.102378566
4.9,1.4,3.1,
4.9,1.4,3.2,
4.9,1.4,3.3,
4.9,1.4,3.4,
4.9,1.4,3.5,
4.9,1.4,3.6,
5,1.4,0,
5,1.4,0.1,
5,1.4,0.2,
5,1.4,0.3,
5,1.4,0.4,
5,1.4,0.5,
5,1.4,0.6,
5,1.4,0.7,
5,1.4,0.8,
5,1.4,0.9,1.146386947
5,1.4,1,
5,1.4,1.1,
5,1.4,1.2,
5,1.4,1.3,
5,1.4,1.4,
5,1.4,1.5,
5,1.4,1.6,
5,1.4,1.7,
5,1.4,1.8,
5,1.4,1.9,
5,1.4,2,
5,1.4,2.1,
5,1.4,2.2,
5,1.4,2.3,
5,1.4,2.4,
5,1.4,2.5,
5,1.4,2.6,
5,1.4,2.7,
5,1.4,2.8,
5,1.4,2.9,
5,1.4,3,
5,1.4,3.1,
5,1.4,3.2,1.059144562
5,1.4,3.3,
5,1.4,3.4,
5,1.4,3.5,
5,1.4,3.6,
5.1,1.4,0,
5.1,1.4,0.1,
5.1,1.4,0.2,
5.1,1.4,0.3,
5.1,1.4,0.4,
5.1,1.4,0.5,
5.1,1.4,0.6,
5.1,1.4,0.7,
5.1,1.4,0.8,
5.1,1.4,0.9,
5.1,1.4,1,
5.1,1.4,1.1,
5.1,1.4,1.2,
5.1,1.4,1.3,
5.1,1.4,1.4,
5.1,1.4,1.5,
5.1,1.4,1.6,
5.1,1.4,1.7,
5.1,1.4,1.8,
5.1,1.4,1.9,
5.1,1.4,2,
5.1,1.4,2.1,
5.1,1.4,2.2,
5.1,1.4,2.3,
5.1,1.4,2.4,
5.1,1.4,2.5,1.071887937
5.1,1.4,2.6,
5.1,1.4,2.7,
5.1,1.4,2.8,
5.1,1.4,2.9,
5.1,1.4,3,
5.1,1.4,3.1,
5.1,1.4,3.2,
5.1,1.4,3.3,
5.1,1.4,3.4,
5.1,1.4,3.5,
5.1,1.4,3.6,
5.2,1.4,0,
5.2,1.4,0.1,
5.2,1.4,0.2,
5.2,1.4,0.3,
5.2,1.4,0.4,
5.2,1.4,0.5,
5.2,1.4,0.6,
5.2,1.4,0.7,
5.2,1.4,0.8,
5.2,1.4,0.9,
5.2,1.4,1,
5.2,1.4,1.1,
5.2,1.4,1.2,
5.2,1.4,1.3,
5.2,1.4,1.4,
5.2,1.4,1.5,
5.2,1.4,1.6,
5.2,1.4,1.7,1.133657501
5.2,1.4,1.8,
5.2,1.4,1.9,
5.2,1.4,2,
5.2,1.4,2.1,
5.2,1.4,2.2,
5.2,1.4,2.3,
5.2,1.4,2.4,
5.2,1.4,2.5,
5.2,1.4,2.6,
5.2,1.4,2.7,
5.2,1.4,2.8,
5.2,1.4,2.9,
5.2,1.4,3,
5.2,1.4,3.1,
5.2,1.4,3.2,
5.2,1.4,3.3,
5.2,1.4,3.4,
5.2,1.4,3.5,
5.2,1.4,3.6,1.01523909
5.3,1.4,0,
5.3,1.4,0.1,
5.3,1.4,0.2,
5.3,1.4,0.3,
5.3,1.4,0.4,1.032332787
5.3,1.4,0.5,
5.3,1.4,0.6,
5.3,1.4,0.7,
5.3,1.4,0.8,
5.3,1.4,0.9,
5.3,1.4,1,
5.3,1.4,1.1,
5.3,1.4,1.2,
5.3,1.4,1.3,
5.3,1.4,1.4,
5.3,1.4,1.5,
5.3,1.4,1.6,
5.3,1.4,1.7,
5.3,1.4,1.8,
5.3,1.4,1.9,
5.3,1.4,2,
5.3,1.4,2.1,
5.3,1.4,2.2,1.146686293
5.3,1.4,2.3,
5.3,1.4,2.4,
5.3,1.4,2.5,
5.3,1.4,2.6,
5.3,1.4,2.7,
5.3,1.4,2.8,
5.3,1.4,2.9,
5.3,1.4,3,
5.3,1.4,3.1,
5.3,1.4,3.2,
5.3,1.4,3.3,
5.3,1.4,3.4,
5.3,1.4,3.5,
5.3,1.4,3.6,
5.4,1.4,0,
5.4,1.4,0.1,
5.4,1.4,0.2,
5.4,1.4,0.3,
5.4,1.4,0.4,
5.4,1.4,0.5,
5.4,1.4,0.6,
5.4,1.4,0.7,
5.4,1.4,0.8,
5.4,1.4,0.9,
5.4,1.4,1,
5.4,1.4,1.1,
5.4,1.4,1.2,
5.4,1.4,1.3,
5.4,1.4,1.4,
5.4,1.4,1.5,
5.4,1.4,1.6,
5.4,1.4,1.7,
5.4,1.4,1.8,
5.4,1.4,1.9,
5.4,1.4,2,
5.4,1.4,2.1,
5.4,1.4,2.2,
5.4,1.4,2.3,
5.4,1.4,2.4,
5.4,1.4,2.5,
5.4,1.4,2.6,
5.4,1.4,2.7,
5.4,1.4,2.8,
5.4,1.4,2.9,
5.4,1.4,3,
5.4,1.4,3.1,
5.4,1.4,3.2,
5.4,1.4,3.3,
5.4,1.4,3.4,
5.4,1.4,3.5,
5.4,1.4,3.6,
5.5,1.4,0,
5.5,1.4,0.1,
5.5,1.4,0.2,
5.5,1.4,0.3,
5.5,1.4,0.4,
5.5,1.4,0.5,
5.5,1.4,0.6,
5.5,1.4,0.7,
5.5,1.4,0.8,
5.5,1.4,0.9,
5.5,1.4,1,
5.5,1.4,1.1,
5.5,1.4,1.2,1.141039374
5.5,1.4,1.3,
5.5,1.4,1.4,
5.5,1.4,1.5,
5.5,1.4,1.6,
5.5,1.4,1.7,
5.5,1.4,1.8,
5.5,1.4,1.9,
5.5,1.4,2,
5.5,1.4,2.1,
5.5,1.4,2.2,
5.5,1.4,2.3,1.120775967
5.5,1.4,2.4,1.138256567
5.5,1.4,2.5,
5.5,1.4,2.6,
5.5,1.4,2.7,
5.5,1.4,2.8,
5.5,1.4,2.9,
5.5,1.4,3,
5.5,1.4,3.1,
5.5,1.4,3.2,
5.5,1.4,3.3,
5.5,1.4,3.4,
5.5,1.4,3.5,
5.5,1.4,3.6,
5.6,1.4,0,
5.6,1.4,0.1,
5.6,1.4,0.2,
5.6,1.4,0.3,
5.6,1.4,0.4,
5.6,1.4,0.5,
5.6,1.4,0.6,
5.6,1.4,0.7,
5.6,1.4,0.8,
5.6,1.4,0.9,1.113601333
5.6,1.4,1,
5.6,1.4,1.1,
5.6,1.4,1.2,
5.6,1.4,1.3,
5.6,1.4,1.4,
5.6,1.4,1.5,
5.6,1.4,1.6,
5.6,1.4,1.7,
5.6,1.4,1.8,
5.6,1.4,1.9,
5.6,1.4,2,
5.6,1.4,2.1,
5.6,1.4,2.2,
5.6,1.4,2.3,
5.6,1.4,2.4,
5.6,1.4,2.5,
5.6,1.4,2.6,
5.6,1.4,2.7,
5.6,1.4,2.8,
5.6,1.4,2.9,
5.6,1.4,3,
5.6,1.4,3.1,1.037926545
5.6,1.4,3.2,
5.6,1.4,3.3,
5.6,1.4,3.4,
5.6,1.4,3.5,
5.6,1.4,3.6,
5.7,1.4,0,
5.7,1.4,0.1,
5.7,1.4,0.2,
5.7,1.4,0.3,
5.7,1.4,0.4,
5.7,1.4,0.5,
5.7,1.4,0.6,
5.7,1.4,0.7,
5.7,1.4,0.8,
5.7,1.4,0.9,
5.7,1.4,1,
5.7,1.4,1.1,
5.7,1.4,1.2,
5.7,1.4,1.3,
5.7,1.4,1.4,
5.7,1.4,1.5,
5.7,1.4,1.6,
5.7,1.4,1.7,
5.7,1.4,1.8,
5.7,1.4,1.9,
5.7,1.4,2,
5.7,1.4,2.1,
5.7,1.4,2.2,
5.7,1.4,2.3,
5.7,1.4,2.4,
5.7,1.4,2.5,
5.7,1.4,2.6,
5.7,1.4,2.7,
5.7,1.4,2.8,
5.7,1.4,2.9,
5.7,1.4,3,
5.7,1.4,3.1,
5.7,1.4,3.2,
5.7,1.4,3.3,
5.7,1.4,3.4,
5.7,1.4,3.5,
5.7,1.4,3.6,
5.8,1.4,0,
5.8,1.4,0.1,
5.8,1.4,0.2,
5.8,1.4,0.3,
5.8,1.4,0.4,
5.8,1.4,0.5,
5.8,1.4,0.6,
5.8,1.4,0.7,
5.8,1.4,0.8,
5.8,1.4,0.9,
5.8,1.4,1,
5.8,1.4,1.1,
5.8,1.4,1.2,
5.8,1.4,1.3,
5.8,1.4,1.4,
5.8,1.4,1.5,
5.8,1.4,1.6,
5.8,1.4,1.7,
5.8,1.4,1.8,
5.8,1.4,1.9,
5.8,1.4,2,
5.8,1.4,2.1,
5.8,1.4,2.2,
5.8,1.4,2.3,
5.8,1.4,2.4,
5.8,1.4,2.5,
5.8,1.4,2.6,
5.8,1.4,2.7,
5.8,1.4,2.8,
5.8,1.4,2.9,
5.8,1.4,3,
5.8,1.4,3.1,
5.8,1.4,3.2,
5.8,1.4,3.3,
5.8,1.4,3.4,
5.8,1.4,3.5,
5.8,1.4,3.6,
5.9,1.4,0,
5.9,1.4,0.1,
5.9,1.4,0.2,
5.9,1.4,0.3,
5.9,1.4,0.4,
5.9,1.4,0.5,
5.9,1.4,0.6,
5.9,1.4,0.7,
5.9,1.4,0.8,
5.9,1.4,0.9,1.119118336
5.9,1.4,1,
5.9,1.4,1.1,
5.9,1.4,1.2,
5.9,1.4,1.3,
5.9,1.4,1.4,
5.9,1.4,1.5,
5.9,1.4,1.6,
5.9,1.4,1.7,
5.9,1.4,1.8,
5.9,1.4,1.9,
5.9,1.4,2,
5.9,1.4,2.1,
5.9,1.4,2.2,
5.9,1.4,2.3,
5.9,1.4,2.4,
5.9,1.4,2.5,
5.9,1.4,2.6,
5.9,1.4,2.7,
5.9,1.4,2.8,
5.9,1.4,2.9,
5.9,1.4,3,
5.9,1.4,3.1,
5.9,1.4,3.2,
5.9,1.4,3.3,
5.9,1.4,3.4,
5.9,1.4,3.5,
5.9,1.4,3.6,
6,1.4,0,
6,1.4,0.1,
6,1.4,0.2,
6,1.4,0.3,
6,1.4,0.4,
6,1.4,0.5,
6,1.4,0.6,
6,1.4,0.7,
6,1.4,0.8,
6,1.4,0.9,
6,1.4,1,
6,1.4,1.1,
6,1.4,1.2,
6,1.4,1.3,
6,1.4,1.4,
6,1.4,1.5,
6,1.4,1.6,
6,1.4,1.7,
6,1.4,1.8,
6,1.4,1.9,
6,1.4,2,
6,1.4,2.1,
6,1.4,2.2,
6,1.4,2.3,
6,1.4,2.4,
6,1.4,2.5,1.088138462
6,1.4,2.6,
6,1.4,2.7,
6,1.4,2.8,
6,1.4,2.9,
6,1.4,3,
6,1.4,3.1,
6,1.4,3.2,
6,1.4,3.3,
6,1.4,3.4,
6,1.4,3.5,
6,1.4,3.6,
6.1,1.4,0,
6.1,1.4,0.1,
6.1,1.4,0.2,
6.1,1.4,0.3,
6.1,1.4,0.4,
6.1,1.4,0.5,
6.1,1.4,0.6,
6.1,1.4,0.7,
6.1,1.4,0.8,
6.1,1.4,0.9,
6.1,1.4,1,
6.1,1.4,1.1,
6.1,1.4,1.2,
6.1,1.4,1.3,
6.1,1.4,1.4,
6.1,1.4,1.5,
6.1,1.4,1.6,
6.1,1.4,1.7,
6.1,1.4,1.8,
6.1,1.4,1.9,
6.1,1.4,2,
6.1,1.4,2.1,
6.1,1.4,2.2,
6.1,1.4,2.3,
6.1,1.4,2.4,
6.1,1.4,2.5,
6.1,1.4,2.6,
6.1,1.4,2.7,
6.1,1.4,2.8,1.111712015
6.1,1.4,2.9,
6.1,1.4,3,
6.1,1.4,3.1,
6.1,1.4,3.2,
6.1,1.4,3.3,
6.1,1.4,3.4,
6.1,1.4,3.5,
6.1,1.4,3.6,
6.2,1.4,0,
6.2,1.4,0.1,
6.2,1.4,0.2,
6.2,1.4,0.3,
6.2,1.4,0.4,
6.2,1.4,0.5,
6.2,1.4,0.6,
6.2,1.4,0.7,1.096806413
6.2,1.4,0.8,
6.2,1.4,0.9,
6.2,1.4,1,
6.2,1.4,1.1,
6.2,1.4,1.2,
6.2,1.4,1.3,
6.2,1.4,1.4,
6.2,1.4,1.5,
6.2,1.4,1.6,
6.2,1.4,1.7,
6.2,1.4,1.8,
6.2,1.4,1.9,
6.2,1.4,2,
6.2,1.4,2.1,
6.2,1.4,2.2,
6.2,1.4,2.3,
6.2,1.4,2.4,
6.2,1.4,2.5,
6.2,1.4,2.6,
6.2,1.4,2.7,
6.2,1.4,2.8,
6.2,1.4,2.9,
6.2,1.4,3,
6.2,1.4,3.1,
6.2,1.4,3.2,
6.2,1.4,3.3,
6.2,1.4,3.4,
6.2,1.4,3.5,
6.2,1.4,3.6,
6.3,1.4,0,
6.3,1.4,0.1,
6.3,1.4,0.2,
6.3,1.4,0.3,
6.3,1.4,0.4,
6.3,1.4,0.5,
6.3,1.4,0.6,
6.3,1.4,0.7,
6.3,1.4,0.8,
6.3,1.4,0.9,
6.3,1.4,1,
6.3,1.4,1.1,
6.3,1.4,1.2,
6.3,1.4,1.3,
6.3,1.4,1.4,
6.3,1.4,1.5,
6.3,1.4,1.6,
6.3,1.4,1.7,
6.3,1.4,1.8,
6.3,1.4,1.9,
6.3,1.4,2,
6.3,1.4,2.1,
6.3,1.4,2.2,
6.3,1.4,2.3,
6.3,1.4,2.4,
6.3,1.4,2.5,
6.3,1.4,2.6,
6.3,1.4,2.7,
6.3,1.4,2.8,
6.3,1.4,2.9,
6.3,1.4,3,
6.3,1.4,3.1,
6.3,1.4,3.2,
6.3,1.4,3.3,
6.3,1.4,3.4,
6.3,1.4,3.5,
6.3,1.4,3.6,
6.4,1.4,0,
6.4,1.4,0.1,
6.4,1.4,0.2,
6.4,1.4,0.3,
6.4,1.4,0.4,
6.4,1.4,0.5,
6.4,1.4,0.6,
6.4,1.4,0.7,
6.4,1.4,0.8,
6.4,1.4,0.9,
6.4,1.4,1,
6.4,1.4,1.1,
6.4,1.4,1.2,
6.4,1.4,1.3,
6.4,1.4,1.4,
6.4,1.4,1.5,
6.4,1.4,1.6,
6.4,1.4,1.7,
6.4,1.4,1.8,1.000678888
6.4,1.4,1.9,
6.4,1.4,2,
6.4,1.4,2.1,
6.4,1.4,2.2,
6.4,1.4,2.3,
6.4,1.4,2.4,
6.4,1.4,2.5,
6.4,1.4,2.6,
6.4,1.4,2.7,
6.4,1.4,2.8,
6.4,1.4,2.9,
6.4,1.4,3,1.105015538
6.4,1.4,3.1,
6.4,1.4,3.2,
6.4,1.4,3.3,
6.4,1.4,3.4,1.053387627
6.4,1.4,3.5,
6.4,1.4,3.6,
6.5,1.4,0,
6.5,1.4,0.1,
6.5,1.4,0.2,
6.5,1.4,0.3,
6.5,1.4,0.4,
6.5,1.4,0.5,
6.5,1.4,0.6,
6.5,1.4,0.7,
6.5,1.4,0.8,
6.5,1.4,0.9,
6.5,1.4,1,
6.5,1.4,1.1,
6.5,1.4,1.2,
6.5,1.4,1.3,
6.5,1.4,1.4,
6.5,1.4,1.5,
6.5,1.4,1.6,
6.5,1.4,1.7,
6.5,1.4,1.8,
6.5,1.4,1.9,
6.5,1.4,2,
6.5,1.4,2.1,
6.5,1.4,2.2,
6.5,1.4,2.3,
6.5,1.4,2.4,
6.5,1.4,2.5,
6.5,1.4,2.6,
6.5,1.4,2.7,
6.5,1.4,2.8,
6.5,1.4,2.9,
6.5,1.4,3,
6.5,1.4,3.1,
6.5,1.4,3.2,1.088101222
6.5,1.4,3.3,
6.5,1.4,3.4,
6.5,1.4,3.5,
6.5,1.4,3.6,
6.6,1.4,0,
6.6,1.4,0.1,
6.6,1.4,0.2,
6.6,1.4,0.3,
6.6,1.4,0.4,
6.6,1.4,0.5,
6.6,1.4,0.6,
6.6,1.4,0.7,
6.6,1.4,0.8,
6.6,1.4,0.9,
6.6,1.4,1,
6.6,1.4,1.1,
6.6,1.4,1.2,
6.6,1.4,1.3,
6.6,1.4,1.4,
6.6,1.4,1.5,
6.6,1.4,1.6,
6.6,1.4,1.7,
6.6,1.4,1.8,
6.6,1.4,1.9,
6.6,1.4,2,
6.6,1.4,2.1,
6.6,1.4,2.2,
6.6,1.4,2.3,
6.6,1.4,2.4,1.051011339
6.6,1.4,2.5,
6.6,1.4,2.6,
6.6,1.4,2.7,
6.6,1.4,2.8,
6.6,1.4,2.9,
6.6,1.4,3,
6.6,1.4,3.1,
6.6,1.4,3.2,
6.6,1.4,3.3,
6.6,1.4,3.4,
6.6,1.4,3.5,
6.6,1.4,3.6,
6.7,1.4,0,
6.7,1.4,0.1,
6.7,1.4,0.2,
6.7,1.4,0.3,
6.7,1.4,0.4,
6.7,1.4,0.5,
6.7,1.4,0.6,
6.7,1.4,0.7,
6.7,1.4,0.8,
6.7,1.4,0.9,
6.7,1.4,1,
6.7,1.4,1.1,
6.7,1.4,1.2,
6.7,1.4,1.3,
6.7,1.4,1.4,
6.7,1.4,1.5,
6.7,1.4,1.6,
6.7,1.4,1.7,
6.7,1.4,1.8,
6.7,1.4,1.9,
6.7,1.4,2,
6.7,1.4,2.1,
6.7,1.4,2.2,
6.7,1.4,2.3,
6.7,1.4,2.4,
6.7,1.4,2.5,
6.7,1.4,2.6,
6.7,1.4,2.7,
6.7,1.4,2.8,
6.7,1.4,2.9,
6.7,1.4,3,
6.7,1.4,3.1,
6.7,1.4,3.2,
6.7,1.4,3.3,
6.7,1.4,3.4,
6.7,1.4,3.5,
6.7,1.4,3.6,
6.8,1.4,0,
6.8,1.4,0.1,
6.8,1.4,0.2,
6.8,1.4,0.3,
6.8,1.4,0.4,
6.8,1.4,0.5,
6.8,1.4,0.6,
6.8,1.4,0.7,
6.8,1.4,0.8,
6.8,1.4,0.9,1.122576021
6.8,1.4,1,
6.8,1.4,1.1,
6.8,1.4,1.2,
6.8,1.4,1.3,
6.8,1.4,1.4,
6.8,1.4,1.5,
6.8,1.4,1.6,
6.8,1.4,1.7,
6.8,1.4,1.8,
6.8,1.4,1.9,
6.8,1.4,2,
6.8,1.4,2.1,
6.8,1.4,2.2,
6.8,1.4,2.3,
6.8,1.4,2.4,
6.8,1.4,2.5,
6.8,1.4,2.6,
6.8,1.4,2.7,
6.8,1.4,2.8,
6.8,1.4,2.9,
6.8,1.4,3,
6.8,1.4,3.1,
6.8,1.4,3.2,
6.8,1.4,3.3,
6.8,1.4,3.4,
6.8,1.4,3.5,
6.8,1.4,3.6,
6.9,1.4,0,
6.9,1.4,0.1,
6.9,1.4,0.2,
6.9,1.4,0.3,
6.9,1.4,0.4,
6.9,1.4,0.5,
6.9,1.4,0.6,
6.9,1.4,0.7,
6.9,1.4,0.8,
6.9,1.4,0.9,
6.9,1.4,1,1.10617227
6.9,1.4,1.1,
6.9,1.4,1.2,
6.9,1.4,1.3,
6.9,1.4,1.4,
6.9,1.4,1.5,
6.9,1.4,1.6,
6.9,1.4,1.7,
6.9,1.4,1.8,
6.9,1.4,1.9,
6.9,1.4,2,
6.9,1.4,2.1,
6.9,1.4,2.2,
6.9,1.4,2.3,
6.9,1.4,2.4,
6.9,1.4,2.5,1.082651593
6.9,1.4,2.6,
6.9,1.4,2.7,
6.9,1.4,2.8,
6.9,1.4,2.9,
6.9,1.4,3,
6.9,1.4,3.1,
6.9,1.4,3.2,
6.9,1.4,3.3,
6.9,1.4,3.4,
6.9,1.4,3.5,
6.9,1.4,3.6,
7,1.4,0,
7,1.4,0.1,
7,1.4,0.2,
7,1.4,0.3,
7,1.4,0.4,
7,1.4,0.5,
7,1.4,0.6,
7,1.4,0.7,
7,1.4,0.8,
7,1.4,0.9,1.135988021
7,1.4,1,
7,1.4,1.1,
7,1.4,1.2,
7,1.4,1.3,
7,1.4,1.4,
7,1.4,1.5,
7,1.4,1.6,
7,1.4,1.7,
7,1.4,1.8,
7,1.4,1.9,
7,1.4,2,
7,1.4,2.1,
7,1.4,2.2,
7,1.4,2.3,
7,1.4,2.4,
7,1.4,2.5,1.090998025
7,1.4,2.6,
7,1.4,2.7,
7,1.4,2.8,
7,1.4,2.9,
7,1.4,3,
7,1.4,3.1,
7,1.4,3.2,
7,1.4,3.3,
7,1.4,3.4,
7,1.4,3.5,
7,1.4,3.6,
7.1,1.4,0,
7.1,1.4,0.1,
7.1,1.4,0.2,
7.1,1.4,0.3,
7.1,1.4,0.4,
7.1,1.4,0.5,
7.1,1.4,0.6,
7.1,1.4,0.7,
7.1,1.4,0.8,
7.1,1.4,0.9,
7.1,1.4,1,
7.1,1.4,1.1,
7.1,1.4,1.2,
7.1,1.4,1.3,
7.1,1.4,1.4,
7.1,1.4,1.5,
7.1,1.4,1.6,
7.1,1.4,1.7,
7.1,1.4,1.8,
7.1,1.4,1.9,
7.1,1.4,2,
7.1,1.4,2.1,
7.1,1.4,2.2,
7.1,1.4,2.3,
7.1,1.4,2.4,
7.1,1.4,2.5,
7.1,1.4,2.6,
7.1,1.4,2.7,
7.1,1.4,2.8,
7.1,1.4,2.9,
7.1,1.4,3,
7.1,1.4,3.1,
7.1,1.4,3.2,
7.1,1.4,3.3,
7.1,1.4,3.4,
7.1,1.4,3.5,
7.1,1.4,3.6,
7.2,1.4,0,
7.2,1.4,0.1,
7.2,1.4,0.2,
7.2,1.4,0.3,
7.2,1.4,0.4,
7.2,1.4,0.5,
7.2,1.4,0.6,
7.2,1.4,0.7,
7.2,1.4,0.8,
7.2,1.4,0.9,
7.2,1.4,1,
7.2,1.4,1.1,
7.2,1.4,1.2,
7.2,1.4,1.3,
7.2,1.4,1.4,
7.2,1.4,1.5,
7.2,1.4,1.6,
7.2,1.4,1.7,
7.2,1.4,1.8,
7.2,1.4,1.9,
7.2,1.4,2,
7.2,1.4,2.1,
7.2,1.4,2.2,
7.2,1.4,2.3,
7.2,1.4,2.4,
7.2,1.4,2.5,
7.2,1.4,2.6,
7.2,1.4,2.7,
7.2,1.4,2.8,1.090558529
7.2,1.4,2.9,
7.2,1.4,3,
7.2,1.4,3.1,
7.2,1.4,3.2,
7.2,1.4,3.3,
7.2,1.4,3.4,
7.2,1.4,3.5,
7.2,1.4,3.6,
7.3,1.4,0,
7.3,1.4,0.1,
7.3,1.4,0.2,
7.3,1.4,0.3,
7.3,1.4,0.4,
7.3,1.4,0.5,
7.3,1.4,0.6,
7.3,1.4,0.7,
7.3,1.4,0.8,
7.3,1.4,0.9,
7.3,1.4,1,
7.3,1.4,1.1,
7.3,1.4,1.2,
7.3,1.4,1.3,
7.3,1.4,1.4,1.081174479
7.3,1.4,1.5,
7.3,1.4,1.6,
7.3,1.4,1.7,
7.3,1.4,1.8,
7.3,1.4,1.9,
7.3,1.4,2,
7.3,1.4,2.1,
7.3,1.4,2.2,
7.3,1.4,2.3,
7.3,1.4,2.4,
7.3,1.4,2.5,
7.3,1.4,2.6,
7.3,1.4,2.7,
7.3,1.4,2.8,
7.3,1.4,2.9,
7.3,1.4,3,
7.3,1.4,3.1,
7.3,1.4,3.2,
7.3,1.4,3.3,
7.3,1.4,3.4,
7.3,1.4,3.5,
7.3,1.4,3.6,
7.4,1.4,0,
7.4,1.4,0.1,
7.4,1.4,0.2,1.009214649
7.4,1.4,0.3,
7.4,1.4,0.4,1.026065856
7.4,1.4,0.5,
7.4,1.4,0.6,
7.4,1.4,0.7,
7.4,1.4,0.8,
7.4,1.4,0.9,
7.4,1.4,1,
7.4,1.4,1.1,
7.4,1.4,1.2,
7.4,1.4,1.3,
7.4,1.4,1.4,
7.4,1.4,1.5,
7.4,1.4,1.6,
7.4,1.4,1.7,
7.4,1.4,1.8,
7.4,1.4,1.9,
7.4,1.4,2,
7.4,1.4,2.1,
7.4,1.4,2.2,
7.4,1.4,2.3,
7.4,1.4,2.4,
7.4,1.4,2.5,
7.4,1.4,2.6,
7.4,1.4,2.7,
7.4,1.4,2.8,
7.4,1.4,2.9,
7.4,1.4,3,
7.4,1.4,3.1,
7.4,1.4,3.2,
7.4,1.4,3.3,
7.4,1.4,3.4,
7.4,1.4,3.5,
7.4,1.4,3.6,
7.5,1.4,0,
7.5,1.4,0.1,
7.5,1.4,0.2,
7.5,1.4,0.3,
7.5,1.4,0.4,
7.5,1.4,0.5,
7.5,1.4,0.6,
7.5,1.4,0.7,1.069527284
7.5,1.4,0.8,
7.5,1.4,0.9,
7.5,1.4,1,1.189128012
7.5,1.4,1.1,
7.5,1.4,1.2,
7.5,1.4,1.3,
7.5,1.4,1.4,
7.5,1.4,1.5,
7.5,1.4,1.6,
7.5,1.4,1.7,
7.5,1.4,1.8,
7.5,1.4,1.9,
7.5,1.4,2,
7.5,1.4,2.1,
7.5,1.4,2.2,1.112724048
7.5,1.4,2.3,
7.5,1.4,2.4,
7.5,1.4,2.5,
7.5,1.4,2.6,
7.5,1.4,2.7,
7.5,1.4,2.8,
7.5,1.4,2.9,
7.5,1.4,3,
7.5,1.4,3.1,
7.5,1.4,3.2,
7.5,1.4,3.3,
7.5,1.4,3.4,
7.5,1.4,3.5,
7.5,1.4,3.6,1.00764486
7.6,1.4,0,
7.6,1.4,0.1,
7.6,1.4,0.2,
7.6,1.4,0.3,
7.6,1.4,0.4,
7.6,1.4,0.5,
7.6,1.4,0.6,
7.6,1.4,0.7,
7.6,1.4,0.8,
7.6,1.4,0.9,
7.6,1.4,1,
7.6,1.4,1.1,
7.6,1.4,1.2,
7.6,1.4,1.3,1.054629927
7.6,1.4,1.4,
7.6,1.4,1.5,
7.6,1.4,1.6,
7.6,1.4,1.7,
7.6,1.4,1.8,
7.6,1.4,1.9,
7.6,1.4,2,
7.6,1.4,2.1,
7.6,1.4,2.2,
7.6,1.4,2.3,
7.6,1.4,2.4,
7.6,1.4,2.5,
7.6,1.4,2.6,
7.6,1.4,2.7,
7.6,1.4,2.8,
7.6,1.4,2.9,
7.6,1.4,3,
7.6,1.4,3.1,
7.6,1.4,3.2,
7.6,1.4,3.3,
7.6,1.4,3.4,
7.6,1.4,3.5,
7.6,1.4,3.6,
7.7,1.4,0,
7.7,1.4,0.1,
7.7,1.4,0.2,
7.7,1.4,0.3,
7.7,1.4,0.4,
7.7,1.4,0.5,
7.7,1.4,0.6,
7.7,1.4,0.7,
7.7,1.4,0.8,
7.7,1.4,0.9,
7.7,1.4,1,
7.7,1.4,1.1,
7.7,1.4,1.2,
7.7,1.4,1.3,
7.7,1.4,1.4,
7.7,1.4,1.5,
7.7,1.4,1.6,1.133109696
7.7,1.4,1.7,
7.7,1.4,1.8,
7.7,1.4,1.9,
7.7,1.4,2,
7.7,1.4,2.1,
7.7,1.4,2.2,
7.7,1.4,2.3,
7.7,1.4,2.4,
7.7,1.4,2.5,
7.7,1.4,2.6,
7.7,1.4,2.7,
7.7,1.4,2.8,
7.7,1.4,2.9,
7.7,1.4,3,
7.7,1.4,3.1,
7.7,1.4,3.2,
7.7,1.4,3.3,1.035445073
7.7,1.4,3.4,
7.7,1.4,3.5,
7.7,1.4,3.6,
7.8,1.4,0,
7.8,1.4,0.1,
7.8,1.4,0.2,
7.8,1.4,0.3,
7.8,1.4,0.4,
7.8,1.4,0.5,
7.8,1.4,0.6,
7.8,1.4,0.7,
7.8,1.4,0.8,
7.8,1.4,0.9,
7.8,1.4,1,
7.8,1.4,1.1,
7.8,1.4,1.2,
7.8,1.4,1.3,
7.8,1.4,1.4,
7.8,1.4,1.5,
7.8,1.4,1.6,
7.8,1.4,1.7,
7.8,1.4,1.8,
7.8,1.4,1.9,
7.8,1.4,2,
7.8,1.4,2.1,
7.8,1.4,2.2,
7.8,1.4,2.3,
7.8,1.4,2.4,1.055435289
7.8,1.4,2.5,
7.8,1.4,2.6,
7.8,1.4,2.7,
7.8,1.4,2.8,
7.8,1.4,2.9,
7.8,1.4,3,
7.8,1.4,3.1,
7.8,1.4,3.2,
7.8,1.4,3.3,
7.8,1.4,3.4,
7.8,1.4,3.5,
7.8,1.4,3.6,
7.9,1.4,0,
7.9,1.4,0.1,
7.9,1.4,0.2,
7.9,1.4,0.3,
7.9,1.4,0.4,
7.9,1.4,0.5,
7.9,1.4,0.6,
7.9,1.4,0.7,
7.9,1.4,0.8,
7.9,1.4,0.9,1.142043164
7.9,1.4,1,
7.9,1.4,1.1,
7.9,1.4,1.2,
7.9,1.4,1.3,
7.9,1.4,1.4,
7.9,1.4,1.5,
7.9,1.4,1.6,
7.9,1.4,1.7,
7.9,1.4,1.8,
7.9,1.4,1.9,
7.9,1.4,2,
7.9,1.4,2.1,
7.9,1.4,2.2,
7.9,1.4,2.3,
7.9,1.4,2.4,
7.9,1.4,2.5,
7.9,1.4,2.6,
7.9,1.4,2.7,
7.9,1.4,2.8,
7.9,1.4,2.9,
7.9,1.4,3,
7.9,1.4,3.1,
7.9,1.4,3.2,
7.9,1.4,3.3,
7.9,1.4,3.4,
7.9,1.4,3.5,
7.9,1.4,3.6,
8,1.4,0,
8,1.4,0.1,
8,1.4,0.2,
8,1.4,0.3,
8,1.4,0.4,
8,1.4,0.5,
8,1.4,0.6,1.091519392
8,1.4,0.7,
8,1.4,0.8,1.139917041
8,1.4,0.9,
8,1.4,1,
8,1.4,1.1,
8,1.4,1.2,
8,1.4,1.3,
8,1.4,1.4,
8,1.4,1.5,
8,1.4,1.6,
8,1.4,1.7,
8,1.4,1.8,1.000767298
8,1.4,1.9,
8,1.4,2,
8,1.4,2.1,
8,1.4,2.2,
8,1.4,2.3,
8,1.4,2.4,
8,1.4,2.5,
8,1.4,2.6,
8,1.4,2.7,
8,1.4,2.8,
8,1.4,2.9,
8,1.4,3,
8,1.4,3.1,
8,1.4,3.2,
8,1.4,3.3,
8,1.4,3.4,
8,1.4,3.5,
8,1.4,3.6,
0,1.5,0,
0,1.5,0.1,
0,1.5,0.2,
0,1.5,0.3,
0,1.5,0.4,
0,1.5,0.5,
0,1.5,0.6,
0,1.5,0.7,
0,1.5,0.8,1.5158314
0,1.5,0.9,1.474650174
0,1.5,1,1.437453687
0,1.5,1.1,
0,1.5,1.2,1.375496782
0,1.5,1.3,
0,1.5,1.4,
0,1.5,1.5,
0,1.5,1.6,
0,1.5,1.7,
0,1.5,1.8,
0,1.5,1.9,
0,1.5,2,
0,1.5,2.1,
0,1.5,2.2,1.32802304
0,1.5,2.3,
0,1.5,2.4,1.371616658
0,1.5,2.5,1.399864326
0,1.5,2.6,1.43233837
0,1.5,2.7,1.46892451
0,1.5,2.8,
0,1.5,2.9,
0,1.5,3,1.602238289
0,1.5,3.1,1.653813893
0,1.5,3.2,1.294207199
0,1.5,3.3,1.111205998
0,1.5,3.4,1.770352367
0,1.5,3.5,
0,1.5,3.6,1.124811023
0.1,1.5,0,
0.1,1.5,0.1,
0.1,1.5,0.2,
0.1,1.5,0.3,
0.1,1.5,0.4,
0.1,1.5,0.5,
0.1,1.5,0.6,
0.1,1.5,0.7,1.15136581
0.1,1.5,0.8,1.180336968
0.1,1.5,0.9,
0.1,1.5,1,
0.1,1.5,1.1,1.115569112
0.1,1.5,1.2,1.096377721
0.1,1.5,1.3,
0.1,1.5,1.4,1.069504542
0.1,1.5,1.5,
0.1,1.5,1.6,
0.1,1.5,1.7,
0.1,1.5,1.8,
0.1,1.5,1.9,
0.1,1.5,2,
0.1,1.5,2.1,
0.1,1.5,2.2,
0.1,1.5,2.3,1.079596731
0.1,1.5,2.4,
0.1,1.5,2.5,
0.1,1.5,2.6,1.130496319
0.1,1.5,2.7,1.1526607
0.1,1.5,2.8,
0.1,1.5,2.9,
0.1,1.5,3,1.136389991
0.1,1.5,3.1,1.120999694
0.1,1.5,3.2,
0.1,1.5,3.3,1.121364708
0.1,1.5,3.4,1.113957819
0.1,1.5,3.5,
0.1,1.5,3.6,1.10748706
0.2,1.5,0,
0.2,1.5,0.1,
0.2,1.5,0.2,
0.2,1.5,0.3,
0.2,1.5,0.4,
0.2,1.5,0.5,
0.2,1.5,0.6,1.122237445
0.2,1.5,0.7,1.139455088
0.2,1.5,0.8,1.158818184
0.2,1.5,0.9,
0.2,1.5,1,1.328092689
0.2,1.5,1.1,1.115628811
0.2,1.5,1.2,1.098362557
0.2,1.5,1.3,
0.2,1.5,1.4,
0.2,1.5,1.5,1.061772152
0.2,1.5,1.6,
0.2,1.5,1.7,
0.2,1.5,1.8,
0.2,1.5,1.9,
0.2,1.5,2,
0.2,1.5,2.1,
0.2,1.5,2.2,1.070297396
0.2,1.5,2.3,1.081642687
0.2,1.5,2.4,
0.2,1.5,2.5,
0.2,1.5,2.6,1.324898814
0.2,1.5,2.7,1.179343981
0.2,1.5,2.8,
0.2,1.5,2.9,1.142187293
0.2,1.5,3,
0.2,1.5,3.1,
0.2,1.5,3.2,
0.2,1.5,3.3,1.106225714
0.2,1.5,3.4,
0.2,1.5,3.5,
0.2,1.5,3.6,
0.3,1.5,0,
0.3,1.5,0.1,
0.3,1.5,0.2,
0.3,1.5,0.3,
0.3,1.5,0.4,
0.3,1.5,0.5,
0.3,1.5,0.6,
0.3,1.5,0.7,
0.3,1.5,0.8,
0.3,1.5,0.9,1.169983526
0.3,1.5,1,1.297281108
0.3,1.5,1.1,
0.3,1.5,1.2,1.258476455
0.3,1.5,1.3,
0.3,1.5,1.4,
0.3,1.5,1.5,
0.3,1.5,1.6,
0.3,1.5,1.7,
0.3,1.5,1.8,
0.3,1.5,1.9,
0.3,1.5,2,
0.3,1.5,2.1,
0.3,1.5,2.2,
0.3,1.5,2.3,
0.3,1.5,2.4,
0.3,1.5,2.5,
0.3,1.5,2.6,
0.3,1.5,2.7,
0.3,1.5,2.8,
0.3,1.5,2.9,
0.3,1.5,3,1.114942277
0.3,1.5,3.1,
0.3,1.5,3.2,
0.3,1.5,3.3,
0.3,1.5,3.4,1.086177505
0.3,1.5,3.5,1.081652068
0.3,1.5,3.6,
0.4,1.5,0,
0.4,1.5,0.1,
0.4,1.5,0.2,
0.4,1.5,0.3,
0.4,1.5,0.4,
0.4,1.5,0.5,
0.4,1.5,0.6,
0.4,1.5,0.7,1.121909387
0.4,1.5,0.8,
0.4,1.5,0.9,
0.4,1.5,1,1.149535053
0.4,1.5,1.1,
0.4,1.5,1.2,1.233971604
0.4,1.5,1.3,
0.4,1.5,1.4,
0.4,1.5,1.5,
0.4,1.5,1.6,
0.4,1.5,1.7,
0.4,1.5,1.8,
0.4,1.5,1.9,
0.4,1.5,2,
0.4,1.5,2.1,
0.4,1.5,2.2,
0.4,1.5,2.3,
0.4,1.5,2.4,
0.4,1.5,2.5,
0.4,1.5,2.6,
0.4,1.5,2.7,
0.4,1.5,2.8,
0.4,1.5,2.9,
0.4,1.5,3,
0.4,1.5,3.1,1.092423115
0.4,1.5,3.2,
0.4,1.5,3.3,
0.4,1.5,3.4,
0.4,1.5,3.5,
0.4,1.5,3.6,
0.5,1.5,0,
0.5,1.5,0.1,1.062420593
0.5,1.5,0.2,
0.5,1.5,0.3,
0.5,1.5,0.4,
0.5,1.5,0.5,
0.5,1.5,0.6,
0.5,1.5,0.7,
0.5,1.5,0.8,1.135478308
0.5,1.5,0.9,1.157132125
0.5,1.5,1,1.246378393
0.5,1.5,1.1,1.229977768
0.5,1.5,1.2,1.211202277
0.5,1.5,1.3,
0.5,1.5,1.4,
0.5,1.5,1.5,
0.5,1.5,1.6,
0.5,1.5,1.7,
0.5,1.5,1.8,
0.5,1.5,1.9,
0.5,1.5,2,
0.5,1.5,2.1,
0.5,1.5,2.2,
0.5,1.5,2.3,
0.5,1.5,2.4,
0.5,1.5,2.5,
0.5,1.5,2.6,
0.5,1.5,2.7,
0.5,1.5,2.8,
0.5,1.5,2.9,
0.5,1.5,3,
0.5,1.5,3.1,
0.5,1.5,3.2,
0.5,1.5,3.3,
0.5,1.5,3.4,
0.5,1.5,3.5,
0.5,1.5,3.6,
0.6,1.5,0,1.054716063
0.6,1.5,0.1,
0.6,1.5,0.2,
0.6,1.5,0.3,
0.6,1.5,0.4,
0.6,1.5,0.5,
0.6,1.5,0.6,1.095384734
0.6,1.5,0.7,
0.6,1.5,0.8,
0.6,1.5,0.9,
0.6,1.5,1,
0.6,1.5,1.1,
0.6,1.5,1.2,1.190410394
0.6,1.5,1.3,
0.6,1.5,1.4,
0.6,1.5,1.5,
0.6,1.5,1.6,
0.6,1.5,1.7,
0.6,1.5,1.8,
0.6,1.5,1.9,
0.6,1.5,2,
0.6,1.5,2.1,
0.6,1.5,2.2,
0.6,1.5,2.3,
0.6,1.5,2.4,
0.6,1.5,2.5,
0.6,1.5,2.6,
0.6,1.5,2.7,
0.6,1.5,2.8,
0.6,1.5,2.9,
0.6,1.5,3,
0.6,1.5,3.1,
0.6,1.5,3.2,
0.6,1.5,3.3,
0.6,1.5,3.4,
0.6,1.5,3.5,
0.6,1.5,3.6,
0.7,1.5,0,
0.7,1.5,0.1,
0.7,1.5,0.2,
0.7,1.5,0.3,
0.7,1.5,0.4,
0.7,1.5,0.5,
0.7,1.5,0.6,
0.7,1.5,0.7,
0.7,1.5,0.8,
0.7,1.5,0.9,
0.7,1.5,1,
0.7,1.5,1.1,
0.7,1.5,1.2,
0.7,1.5,1.3,
0.7,1.5,1.4,
0.7,1.5,1.5,
0.7,1.5,1.6,1.123653439
0.7,1.5,1.7,
0.7,1.5,1.8,
0.7,1.5,1.9,
0.7,1.5,2,
0.7,1.5,2.1,
0.7,1.5,2.2,
0.7,1.5,2.3,
0.7,1.5,2.4,
0.7,1.5,2.5,
0.7,1.5,2.6,
0.7,1.5,2.7,
0.7,1.5,2.8,
0.7,1.5,2.9,
0.7,1.5,3,
0.7,1.5,3.1,
0.7,1.5,3.2,
0.7,1.5,3.3,
0.7,1.5,3.4,
0.7,1.5,3.5,
0.7,1.5,3.6,
0.8,1.5,0,
0.8,1.5,0.1,
0.8,1.5,0.2,
0.8,1.5,0.3,1.059480579
0.8,1.5,0.4,
0.8,1.5,0.5,
0.8,1.5,0.6,
0.8,1.5,0.7,
0.8,1.5,0.8,
0.8,1.5,0.9,1.150995963
0.8,1.5,1,1.191050022
0.8,1.5,1.1,
0.8,1.5,1.2,
0.8,1.5,1.3,
0.8,1.5,1.4,
0.8,1.5,1.5,
0.8,1.5,1.6,
0.8,1.5,1.7,
0.8,1.5,1.8,
0.8,1.5,1.9,
0.8,1.5,2,
0.8,1.5,2.1,
0.8,1.5,2.2,
0.8,1.5,2.3,
0.8,1.5,2.4,
0.8,1.5,2.5,
0.8,1.5,2.6,
0.8,1.5,2.7,
0.8,1.5,2.8,
0.8,1.5,2.9,
0.8,1.5,3,
0.8,1.5,3.1,
0.8,1.5,3.2,
0.8,1.5,3.3,
0.8,1.5,3.4,
0.8,1.5,3.5,
0.8,1.5,3.6,
0.9,1.5,0,
0.9,1.5,0.1,
0.9,1.5,0.2,
0.9,1.5,0.3,
0.9,1.5,0.4,
0.9,1.5,0.5,1.079693101
0.9,1.5,0.6,
0.9,1.5,0.7,
0.9,1.5,0.8,1.130584161
0.9,1.5,0.9,1.152281472
0.9,1.5,1,
0.9,1.5,1.1,
0.9,1.5,1.2,
0.9,1.5,1.3,
0.9,1.5,1.4,
0.9,1.5,1.5,
0.9,1.5,1.6,1.094453436
0.9,1.5,1.7,1.089830491
0.9,1.5,1.8,
0.9,1.5,1.9,
0.9,1.5,2,
0.9,1.5,2.1,
0.9,1.5,2.2,
0.9,1.5,2.3,
0.9,1.5,2.4,
0.9,1.5,2.5,
0.9,1.5,2.6,
0.9,1.5,2.7,
0.9,1.5,2.8,
0.9,1.5,2.9,
0.9,1.5,3,
0.9,1.5,3.1,
0.9,1.5,3.2,
0.9,1.5,3.3,
0.9,1.5,3.4,
0.9,1.5,3.5,
0.9,1.5,3.6,
1,1.5,0,1.235570389
1,1.5,0.1,
1,1.5,0.2,
1,1.5,0.3,
1,1.5,0.4,1.264399408
1,1.5,0.5,1.280286341
1,1.5,0.6,
1,1.5,0.7,
1,1.5,0.8,
1,1.5,0.9,
1,1.5,1,
1,1.5,1.1,
1,1.5,1.2,
1,1.5,1.3,
1,1.5,1.4,
1,1.5,1.5,
1,1.5,1.6,
1,1.5,1.7,
1,1.5,1.8,
1,1.5,1.9,
1,1.5,2,
1,1.5,2.1,
1,1.5,2.2,
1,1.5,2.3,
1,1.5,2.4,
1,1.5,2.5,
1,1.5,2.6,
1,1.5,2.7,
1,1.5,2.8,
1,1.5,2.9,
1,1.5,3,
1,1.5,3.1,
1,1.5,3.2,
1,1.5,3.3,
1,1.5,3.4,
1,1.5,3.5,
1,1.5,3.6,
1.1,1.5,0,1.210197635
1.1,1.5,0.1,
1.1,1.5,0.2,
1.1,1.5,0.3,1.225979384
1.1,1.5,0.4,
1.1,1.5,0.5,
1.1,1.5,0.6,
1.1,1.5,0.7,
1.1,1.5,0.8,
1.1,1.5,0.9,
1.1,1.5,1,
1.1,1.5,1.1,
1.1,1.5,1.2,
1.1,1.5,1.3,
1.1,1.5,1.4,1.090497125
1.1,1.5,1.5,1.080506992
1.1,1.5,1.6,
1.1,1.5,1.7,
1.1,1.5,1.8,
1.1,1.5,1.9,
1.1,1.5,2,
1.1,1.5,2.1,
1.1,1.5,2.2,
1.1,1.5,2.3,
1.1,1.5,2.4,
1.1,1.5,2.5,
1.1,1.5,2.6,
1.1,1.5,2.7,
1.1,1.5,2.8,
1.1,1.5,2.9,
1.1,1.5,3,
1.1,1.5,3.1,
1.1,1.5,3.2,
1.1,1.5,3.3,
1.1,1.5,3.4,
1.1,1.5,3.5,
1.1,1.5,3.6,
1.2,1.5,0,1.186016862
1.2,1.5,0.1,
1.2,1.5,0.2,
1.2,1.5,0.3,
1.2,1.5,0.4,
1.2,1.5,0.5,
1.2,1.5,0.6,
1.2,1.5,0.7,
1.2,1.5,0.8,
1.2,1.5,0.9,1.167180819
1.2,1.5,1,
1.2,1.5,1.1,
1.2,1.5,1.2,
1.2,1.5,1.3,
1.2,1.5,1.4,
1.2,1.5,1.5,
1.2,1.5,1.6,
1.2,1.5,1.7,
1.2,1.5,1.8,
1.2,1.5,1.9,
1.2,1.5,2,
1.2,1.5,2.1,
1.2,1.5,2.2,
1.2,1.5,2.3,1.093047961
1.2,1.5,2.4,
1.2,1.5,2.5,
1.2,1.5,2.6,
1.2,1.5,2.7,
1.2,1.5,2.8,
1.2,1.5,2.9,
1.2,1.5,3,
1.2,1.5,3.1,
1.2,1.5,3.2,
1.2,1.5,3.3,
1.2,1.5,3.4,
1.2,1.5,3.5,
1.2,1.5,3.6,
1.3,1.5,0,
1.3,1.5,0.1,
1.3,1.5,0.2,1.170144712
1.3,1.5,0.3,
1.3,1.5,0.4,
1.3,1.5,0.5,
1.3,1.5,0.6,
1.3,1.5,0.7,
1.3,1.5,0.8,
1.3,1.5,0.9,
1.3,1.5,1,
1.3,1.5,1.1,
1.3,1.5,1.2,
1.3,1.5,1.3,
1.3,1.5,1.4,
1.3,1.5,1.5,
1.3,1.5,1.6,
1.3,1.5,1.7,
1.3,1.5,1.8,
1.3,1.5,1.9,
1.3,1.5,2,
1.3,1.5,2.1,
1.3,1.5,2.2,
1.3,1.5,2.3,
1.3,1.5,2.4,
1.3,1.5,2.5,
1.3,1.5,2.6,
1.3,1.5,2.7,
1.3,1.5,2.8,
1.3,1.5,2.9,
1.3,1.5,3,
1.3,1.5,3.1,
1.3,1.5,3.2,
1.3,1.5,3.3,
1.3,1.5,3.4,
1.3,1.5,3.5,
1.3,1.5,3.6,
1.4,1.5,0,
1.4,1.5,0.1,
1.4,1.5,0.2,
1.4,1.5,0.3,
1.4,1.5,0.4,
1.4,1.5,0.5,
1.4,1.5,0.6,
1.4,1.5,0.7,
1.4,1.5,0.8,
1.4,1.5,0.9,
1.4,1.5,1,
1.4,1.5,1.1,
1.4,1.5,1.2,
1.4,1.5,1.3,
1.4,1.5,1.4,
1.4,1.5,1.5,
1.4,1.5,1.6,
1.4,1.5,1.7,
1.4,1.5,1.8,
1.4,1.5,1.9,
1.4,1.5,2,
1.4,1.5,2.1,
1.4,1.5,2.2,
1.4,1.5,2.3,
1.4,1.5,2.4,
1.4,1.5,2.5,
1.4,1.5,2.6,
1.4,1.5,2.7,
1.4,1.5,2.8,
1.4,1.5,2.9,
1.4,1.5,3,
1.4,1.5,3.1,
1.4,1.5,3.2,
1.4,1.5,3.3,
1.4,1.5,3.4,
1.4,1.5,3.5,
1.4,1.5,3.6,
1.5,1.5,0,
1.5,1.5,0.1,
1.5,1.5,0.2,
1.5,1.5,0.3,
1.5,1.5,0.4,
1.5,1.5,0.5,
1.5,1.5,0.6,1.178958214
1.5,1.5,0.7,
1.5,1.5,0.8,
1.5,1.5,0.9,
1.5,1.5,1,
1.5,1.5,1.1,
1.5,1.5,1.2,
1.5,1.5,1.3,
1.5,1.5,1.4,
1.5,1.5,1.5,
1.5,1.5,1.6,
1.5,1.5,1.7,
1.5,1.5,1.8,
1.5,1.5,1.9,
1.5,1.5,2,
1.5,1.5,2.1,
1.5,1.5,2.2,
1.5,1.5,2.3,
1.5,1.5,2.4,
1.5,1.5,2.5,
1.5,1.5,2.6,
1.5,1.5,2.7,
1.5,1.5,2.8,
1.5,1.5,2.9,
1.5,1.5,3,
1.5,1.5,3.1,
1.5,1.5,3.2,
1.5,1.5,3.3,
1.5,1.5,3.4,
1.5,1.5,3.5,
1.5,1.5,3.6,
1.6,1.5,0,1.107730403
1.6,1.5,0.1,
1.6,1.5,0.2,
1.6,1.5,0.3,
1.6,1.5,0.4,
1.6,1.5,0.5,1.145385432
1.6,1.5,0.6,1.161241094
1.6,1.5,0.7,
1.6,1.5,0.8,
1.6,1.5,0.9,
1.6,1.5,1,
1.6,1.5,1.1,
1.6,1.5,1.2,
1.6,1.5,1.3,
1.6,1.5,1.4,
1.6,1.5,1.5,
1.6,1.5,1.6,
1.6,1.5,1.7,
1.6,1.5,1.8,
1.6,1.5,1.9,
1.6,1.5,2,
1.6,1.5,2.1,
1.6,1.5,2.2,
1.6,1.5,2.3,
1.6,1.5,2.4,
1.6,1.5,2.5,
1.6,1.5,2.6,1.130599796
1.6,1.5,2.7,
1.6,1.5,2.8,
1.6,1.5,2.9,
1.6,1.5,3,1.16376407
1.6,1.5,3.1,
1.6,1.5,3.2,
1.6,1.5,3.3,1.122881621
1.6,1.5,3.4,
1.6,1.5,3.5,
1.6,1.5,3.6,
1.7,1.5,0,
1.7,1.5,0.1,
1.7,1.5,0.2,
1.7,1.5,0.3,
1.7,1.5,0.4,
1.7,1.5,0.5,
1.7,1.5,0.6,
1.7,1.5,0.7,
1.7,1.5,0.8,
1.7,1.5,0.9,
1.7,1.5,1,
1.7,1.5,1.1,
1.7,1.5,1.2,
1.7,1.5,1.3,
1.7,1.5,1.4,
1.7,1.5,1.5,
1.7,1.5,1.6,
1.7,1.5,1.7,
1.7,1.5,1.8,
1.7,1.5,1.9,
1.7,1.5,2,
1.7,1.5,2.1,
1.7,1.5,2.2,
1.7,1.5,2.3,
1.7,1.5,2.4,
1.7,1.5,2.5,
1.7,1.5,2.6,
1.7,1.5,2.7,1.153715376
1.7,1.5,2.8,
1.7,1.5,2.9,
1.7,1.5,3,
1.7,1.5,3.1,
1.7,1.5,3.2,
1.7,1.5,3.3,
1.7,1.5,3.4,
1.7,1.5,3.5,
1.7,1.5,3.6,
1.8,1.5,0,
1.8,1.5,0.1,
1.8,1.5,0.2,
1.8,1.5,0.3,
1.8,1.5,0.4,
1.8,1.5,0.5,
1.8,1.5,0.6,
1.8,1.5,0.7,
1.8,1.5,0.8,
1.8,1.5,0.9,
1.8,1.5,1,
1.8,1.5,1.1,
1.8,1.5,1.2,
1.8,1.5,1.3,
1.8,1.5,1.4,
1.8,1.5,1.5,
1.8,1.5,1.6,
1.8,1.5,1.7,
1.8,1.5,1.8,
1.8,1.5,1.9,
1.8,1.5,2,
1.8,1.5,2.1,
1.8,1.5,2.2,
1.8,1.5,2.3,
1.8,1.5,2.4,
1.8,1.5,2.5,
1.8,1.5,2.6,
1.8,1.5,2.7,
1.8,1.5,2.8,
1.8,1.5,2.9,
1.8,1.5,3,
1.8,1.5,3.1,
1.8,1.5,3.2,
1.8,1.5,3.3,
1.8,1.5,3.4,
1.8,1.5,3.5,
1.8,1.5,3.6,
1.9,1.5,0,
1.9,1.5,0.1,
1.9,1.5,0.2,
1.9,1.5,0.3,
1.9,1.5,0.4,1.093502238
1.9,1.5,0.5,
1.9,1.5,0.6,
1.9,1.5,0.7,
1.9,1.5,0.8,
1.9,1.5,0.9,
1.9,1.5,1,1.141544254
1.9,1.5,1.1,
1.9,1.5,1.2,
1.9,1.5,1.3,
1.9,1.5,1.4,
1.9,1.5,1.5,
1.9,1.5,1.6,
1.9,1.5,1.7,1.055120024
1.9,1.5,1.8,
1.9,1.5,1.9,
1.9,1.5,2,
1.9,1.5,2.1,
1.9,1.5,2.2,
1.9,1.5,2.3,
1.9,1.5,2.4,
1.9,1.5,2.5,
1.9,1.5,2.6,
1.9,1.5,2.7,
1.9,1.5,2.8,
1.9,1.5,2.9,
1.9,1.5,3,
1.9,1.5,3.1,
1.9,1.5,3.2,
1.9,1.5,3.3,
1.9,1.5,3.4,
1.9,1.5,3.5,
1.9,1.5,3.6,
2,1.5,0,
2,1.5,0.1,
2,1.5,0.2,
2,1.5,0.3,
2,1.5,0.4,
2,1.5,0.5,
2,1.5,0.6,
2,1.5,0.7,
2,1.5,0.8,
2,1.5,0.9,1.168473152
2,1.5,1,
2,1.5,1.1,1.1279506
2,1.5,1.2,1.110345485
2,1.5,1.3,
2,1.5,1.4,
2,1.5,1.5,
2,1.5,1.6,
2,1.5,1.7,
2,1.5,1.8,
2,1.5,1.9,
2,1.5,2,
2,1.5,2.1,
2,1.5,2.2,
2,1.5,2.3,
2,1.5,2.4,1.107950435
2,1.5,2.5,
2,1.5,2.6,
2,1.5,2.7,
2,1.5,2.8,
2,1.5,2.9,
2,1.5,3,
2,1.5,3.1,
2,1.5,3.2,
2,1.5,3.3,
2,1.5,3.4,
2,1.5,3.5,
2,1.5,3.6,
2.1,1.5,0,
2.1,1.5,0.1,
2.1,1.5,0.2,
2.1,1.5,0.3,
2.1,1.5,0.4,
2.1,1.5,0.5,
2.1,1.5,0.6,
2.1,1.5,0.7,
2.1,1.5,0.8,
2.1,1.5,0.9,
2.1,1.5,1,1.156746358
2.1,1.5,1.1,
2.1,1.5,1.2,
2.1,1.5,1.3,
2.1,1.5,1.4,
2.1,1.5,1.5,
2.1,1.5,1.6,
2.1,1.5,1.7,
2.1,1.5,1.8,
2.1,1.5,1.9,
2.1,1.5,2,
2.1,1.5,2.1,
2.1,1.5,2.2,
2.1,1.5,2.3,
2.1,1.5,2.4,
2.1,1.5,2.5,
2.1,1.5,2.6,
2.1,1.5,2.7,1.16908293
2.1,1.5,2.8,
2.1,1.5,2.9,
2.1,1.5,3,
2.1,1.5,3.1,
2.1,1.5,3.2,
2.1,1.5,3.3,
2.1,1.5,3.4,
2.1,1.5,3.5,
2.1,1.5,3.6,
2.2,1.5,0,
2.2,1.5,0.1,
2.2,1.5,0.2,
2.2,1.5,0.3,1.063347058
2.2,1.5,0.4,
2.2,1.5,0.5,
2.2,1.5,0.6,
2.2,1.5,0.7,
2.2,1.5,0.8,
2.2,1.5,0.9,1.159225271
2.2,1.5,1,
2.2,1.5,1.1,
2.2,1.5,1.2,
2.2,1.5,1.3,
2.2,1.5,1.4,
2.2,1.5,1.5,
2.2,1.5,1.6,
2.2,1.5,1.7,
2.2,1.5,1.8,
2.2,1.5,1.9,
2.2,1.5,2,
2.2,1.5,2.1,
2.2,1.5,2.2,1.098723875
2.2,1.5,2.3,
2.2,1.5,2.4,
2.2,1.5,2.5,
2.2,1.5,2.6,1.16287314
2.2,1.5,2.7,
2.2,1.5,2.8,
2.2,1.5,2.9,
2.2,1.5,3,1.102466124
2.2,1.5,3.1,
2.2,1.5,3.2,
2.2,1.5,3.3,
2.2,1.5,3.4,
2.2,1.5,3.5,
2.2,1.5,3.6,
2.3,1.5,0,
2.3,1.5,0.1,1.049279511
2.3,1.5,0.2,
2.3,1.5,0.3,
2.3,1.5,0.4,
2.3,1.5,0.5,
2.3,1.5,0.6,
2.3,1.5,0.7,
2.3,1.5,0.8,
2.3,1.5,0.9,
2.3,1.5,1,
2.3,1.5,1.1,1.160642118
2.3,1.5,1.2,
2.3,1.5,1.3,
2.3,1.5,1.4,
2.3,1.5,1.5,
2.3,1.5,1.6,
2.3,1.5,1.7,
2.3,1.5,1.8,
2.3,1.5,1.9,
2.3,1.5,2,
2.3,1.5,2.1,
2.3,1.5,2.2,
2.3,1.5,2.3,
2.3,1.5,2.4,
2.3,1.5,2.5,
2.3,1.5,2.6,
2.3,1.5,2.7,
2.3,1.5,2.8,
2.3,1.5,2.9,
2.3,1.5,3,
2.3,1.5,3.1,
2.3,1.5,3.2,
2.3,1.5,3.3,
2.3,1.5,3.4,
2.3,1.5,3.5,
2.3,1.5,3.6,
2.4,1.5,0,
2.4,1.5,0.1,
2.4,1.5,0.2,
2.4,1.5,0.3,
2.4,1.5,0.4,
2.4,1.5,0.5,
2.4,1.5,0.6,
2.4,1.5,0.7,
2.4,1.5,0.8,
2.4,1.5,0.9,
2.4,1.5,1,1.179671471
2.4,1.5,1.1,1.173726059
2.4,1.5,1.2,
2.4,1.5,1.3,
2.4,1.5,1.4,
2.4,1.5,1.5,
2.4,1.5,1.6,
2.4,1.5,1.7,
2.4,1.5,1.8,
2.4,1.5,1.9,
2.4,1.5,2,
2.4,1.5,2.1,
2.4,1.5,2.2,
2.4,1.5,2.3,
2.4,1.5,2.4,1.153298054
2.4,1.5,2.5,
2.4,1.5,2.6,
2.4,1.5,2.7,
2.4,1.5,2.8,
2.4,1.5,2.9,
2.4,1.5,3,
2.4,1.5,3.1,
2.4,1.5,3.2,
2.4,1.5,3.3,
2.4,1.5,3.4,
2.4,1.5,3.5,
2.4,1.5,3.6,
2.5,1.5,0,
2.5,1.5,0.1,
2.5,1.5,0.2,
2.5,1.5,0.3,
2.5,1.5,0.4,
2.5,1.5,0.5,
2.5,1.5,0.6,
2.5,1.5,0.7,
2.5,1.5,0.8,
2.5,1.5,0.9,
2.5,1.5,1,
2.5,1.5,1.1,
2.5,1.5,1.2,1.172564495
2.5,1.5,1.3,
2.5,1.5,1.4,
2.5,1.5,1.5,
2.5,1.5,1.6,
2.5,1.5,1.7,
2.5,1.5,1.8,
2.5,1.5,1.9,
2.5,1.5,2,
2.5,1.5,2.1,
2.5,1.5,2.2,
2.5,1.5,2.3,
2.5,1.5,2.4,
2.5,1.5,2.5,
2.5,1.5,2.6,
2.5,1.5,2.7,
2.5,1.5,2.8,
2.5,1.5,2.9,
2.5,1.5,3,
2.5,1.5,3.1,
2.5,1.5,3.2,
2.5,1.5,3.3,
2.5,1.5,3.4,
2.5,1.5,3.5,
2.5,1.5,3.6,
2.6,1.5,0,
2.6,1.5,0.1,
2.6,1.5,0.2,
2.6,1.5,0.3,
2.6,1.5,0.4,
2.6,1.5,0.5,
2.6,1.5,0.6,
2.6,1.5,0.7,1.114335341
2.6,1.5,0.8,1.134091595
2.6,1.5,0.9,
2.6,1.5,1,
2.6,1.5,1.1,1.210106666
2.6,1.5,1.2,
2.6,1.5,1.3,
2.6,1.5,1.4,
2.6,1.5,1.5,
2.6,1.5,1.6,
2.6,1.5,1.7,
2.6,1.5,1.8,
2.6,1.5,1.9,
2.6,1.5,2,
2.6,1.5,2.1,
2.6,1.5,2.2,
2.6,1.5,2.3,
2.6,1.5,2.4,
2.6,1.5,2.5,
2.6,1.5,2.6,
2.6,1.5,2.7,
2.6,1.5,2.8,
2.6,1.5,2.9,
2.6,1.5,3,
2.6,1.5,3.1,
2.6,1.5,3.2,
2.6,1.5,3.3,
2.6,1.5,3.4,
2.6,1.5,3.5,
2.6,1.5,3.6,
2.7,1.5,0,
2.7,1.5,0.1,
2.7,1.5,0.2,
2.7,1.5,0.3,
2.7,1.5,0.4,
2.7,1.5,0.5,
2.7,1.5,0.6,
2.7,1.5,0.7,
2.7,1.5,0.8,
2.7,1.5,0.9,
2.7,1.5,1,1.181023786
2.7,1.5,1.1,
2.7,1.5,1.2,1.212898854
2.7,1.5,1.3,
2.7,1.5,1.4,
2.7,1.5,1.5,
2.7,1.5,1.6,
2.7,1.5,1.7,
2.7,1.5,1.8,
2.7,1.5,1.9,
2.7,1.5,2,
2.7,1.5,2.1,
2.7,1.5,2.2,
2.7,1.5,2.3,
2.7,1.5,2.4,
2.7,1.5,2.5,
2.7,1.5,2.6,
2.7,1.5,2.7,
2.7,1.5,2.8,
2.7,1.5,2.9,
2.7,1.5,3,1.103041221
2.7,1.5,3.1,
2.7,1.5,3.2,
2.7,1.5,3.3,
2.7,1.5,3.4,
2.7,1.5,3.5,
2.7,1.5,3.6,
2.8,1.5,0,
2.8,1.5,0.1,
2.8,1.5,0.2,
2.8,1.5,0.3,
2.8,1.5,0.4,
2.8,1.5,0.5,
2.8,1.5,0.6,
2.8,1.5,0.7,
2.8,1.5,0.8,
2.8,1.5,0.9,
2.8,1.5,1,1.150937685
2.8,1.5,1.1,
2.8,1.5,1.2,
2.8,1.5,1.3,
2.8,1.5,1.4,
2.8,1.5,1.5,
2.8,1.5,1.6,
2.8,1.5,1.7,
2.8,1.5,1.8,
2.8,1.5,1.9,
2.8,1.5,2,
2.8,1.5,2.1,
2.8,1.5,2.2,
2.8,1.5,2.3,
2.8,1.5,2.4,
2.8,1.5,2.5,
2.8,1.5,2.6,
2.8,1.5,2.7,1.166487179
2.8,1.5,2.8,
2.8,1.5,2.9,
2.8,1.5,3,
2.8,1.5,3.1,
2.8,1.5,3.2,
2.8,1.5,3.3,
2.8,1.5,3.4,
2.8,1.5,3.5,
2.8,1.5,3.6,
2.9,1.5,0,
2.9,1.5,0.1,
2.9,1.5,0.2,
2.9,1.5,0.3,
2.9,1.5,0.4,
2.9,1.5,0.5,
2.9,1.5,0.6,
2.9,1.5,0.7,
2.9,1.5,0.8,
2.9,1.5,0.9,
2.9,1.5,1,
2.9,1.5,1.1,
2.9,1.5,1.2,
2.9,1.5,1.3,
2.9,1.5,1.4,
2.9,1.5,1.5,
2.9,1.5,1.6,
2.9,1.5,1.7,
2.9,1.5,1.8,
2.9,1.5,1.9,
2.9,1.5,2,
2.9,1.5,2.1,
2.9,1.5,2.2,
2.9,1.5,2.3,
2.9,1.5,2.4,
2.9,1.5,2.5,
2.9,1.5,2.6,
2.9,1.5,2.7,
2.9,1.5,2.8,
2.9,1.5,2.9,
2.9,1.5,3,
2.9,1.5,3.1,
2.9,1.5,3.2,
2.9,1.5,3.3,
2.9,1.5,3.4,
2.9,1.5,3.5,
2.9,1.5,3.6,1.063771771
3,1.5,0,
3,1.5,0.1,
3,1.5,0.2,
3,1.5,0.3,
3,1.5,0.4,
3,1.5,0.5,
3,1.5,0.6,
3,1.5,0.7,
3,1.5,0.8,
3,1.5,0.9,
3,1.5,1,
3,1.5,1.1,
3,1.5,1.2,
3,1.5,1.3,
3,1.5,1.4,
3,1.5,1.5,
3,1.5,1.6,
3,1.5,1.7,
3,1.5,1.8,
3,1.5,1.9,
3,1.5,2,
3,1.5,2.1,
3,1.5,2.2,
3,1.5,2.3,
3,1.5,2.4,
3,1.5,2.5,
3,1.5,2.6,
3,1.5,2.7,
3,1.5,2.8,
3,1.5,2.9,
3,1.5,3,
3,1.5,3.1,
3,1.5,3.2,
3,1.5,3.3,
3,1.5,3.4,
3,1.5,3.5,
3,1.5,3.6,
3.1,1.5,0,
3.1,1.5,0.1,
3.1,1.5,0.2,
3.1,1.5,0.3,
3.1,1.5,0.4,
3.1,1.5,0.5,
3.1,1.5,0.6,
3.1,1.5,0.7,
3.1,1.5,0.8,1.170159495
3.1,1.5,0.9,
3.1,1.5,1,
3.1,1.5,1.1,
3.1,1.5,1.2,
3.1,1.5,1.3,
3.1,1.5,1.4,
3.1,1.5,1.5,
3.1,1.5,1.6,
3.1,1.5,1.7,
3.1,1.5,1.8,
3.1,1.5,1.9,
3.1,1.5,2,
3.1,1.5,2.1,
3.1,1.5,2.2,
3.1,1.5,2.3,
3.1,1.5,2.4,1.093184699
3.1,1.5,2.5,
3.1,1.5,2.6,1.130137559
3.1,1.5,2.7,
3.1,1.5,2.8,
3.1,1.5,2.9,
3.1,1.5,3,
3.1,1.5,3.1,
3.1,1.5,3.2,
3.1,1.5,3.3,
3.1,1.5,3.4,
3.1,1.5,3.5,
3.1,1.5,3.6,
3.2,1.5,0,
3.2,1.5,0.1,
3.2,1.5,0.2,
3.2,1.5,0.3,
3.2,1.5,0.4,
3.2,1.5,0.5,
3.2,1.5,0.6,
3.2,1.5,0.7,
3.2,1.5,0.8,
3.2,1.5,0.9,1.152957488
3.2,1.5,1,1.130986984
3.2,1.5,1.1,
3.2,1.5,1.2,
3.2,1.5,1.3,
3.2,1.5,1.4,
3.2,1.5,1.5,1.05944476
3.2,1.5,1.6,
3.2,1.5,1.7,
3.2,1.5,1.8,
3.2,1.5,1.9,
3.2,1.5,2,1.051801066
3.2,1.5,2.1,
3.2,1.5,2.2,
3.2,1.5,2.3,
3.2,1.5,2.4,
3.2,1.5,2.5,
3.2,1.5,2.6,
3.2,1.5,2.7,
3.2,1.5,2.8,
3.2,1.5,2.9,
3.2,1.5,3,
3.2,1.5,3.1,
3.2,1.5,3.2,
3.2,1.5,3.3,
3.2,1.5,3.4,
3.2,1.5,3.5,
3.2,1.5,3.6,
3.3,1.5,0,
3.3,1.5,0.1,
3.3,1.5,0.2,
3.3,1.5,0.3,
3.3,1.5,0.4,
3.3,1.5,0.5,
3.3,1.5,0.6,
3.3,1.5,0.7,
3.3,1.5,0.8,
3.3,1.5,0.9,
3.3,1.5,1,
3.3,1.5,1.1,
3.3,1.5,1.2,
3.3,1.5,1.3,1.083006089
3.3,1.5,1.4,
3.3,1.5,1.5,
3.3,1.5,1.6,1.054617987
3.3,1.5,1.7,
3.3,1.5,1.8,
3.3,1.5,1.9,
3.3,1.5,2,
3.3,1.5,2.1,
3.3,1.5,2.2,
3.3,1.5,2.3,
3.3,1.5,2.4,
3.3,1.5,2.5,
3.3,1.5,2.6,
3.3,1.5,2.7,
3.3,1.5,2.8,
3.3,1.5,2.9,
3.3,1.5,3,
3.3,1.5,3.1,
3.3,1.5,3.2,
3.3,1.5,3.3,
3.3,1.5,3.4,
3.3,1.5,3.5,
3.3,1.5,3.6,
3.4,1.5,0,
3.4,1.5,0.1,
3.4,1.5,0.2,
3.4,1.5,0.3,
3.4,1.5,0.4,
3.4,1.5,0.5,
3.4,1.5,0.6,
3.4,1.5,0.7,
3.4,1.5,0.8,
3.4,1.5,0.9,
3.4,1.5,1,1.131985088
3.4,1.5,1.1,
3.4,1.5,1.2,
3.4,1.5,1.3,
3.4,1.5,1.4,
3.4,1.5,1.5,
3.4,1.5,1.6,
3.4,1.5,1.7,
3.4,1.5,1.8,
3.4,1.5,1.9,
3.4,1.5,2,
3.4,1.5,2.1,
3.4,1.5,2.2,
3.4,1.5,2.3,
3.4,1.5,2.4,
3.4,1.5,2.5,
3.4,1.5,2.6,
3.4,1.5,2.7,1.150623557
3.4,1.5,2.8,
3.4,1.5,2.9,
3.4,1.5,3,
3.4,1.5,3.1,
3.4,1.5,3.2,
3.4,1.5,3.3,
3.4,1.5,3.4,
3.4,1.5,3.5,
3.4,1.5,3.6,
3.5,1.5,0,1.145411586
3.5,1.5,0.1,
3.5,1.5,0.2,
3.5,1.5,0.3,
3.5,1.5,0.4,
3.5,1.5,0.5,
3.5,1.5,0.6,
3.5,1.5,0.7,
3.5,1.5,0.8,
3.5,1.5,0.9,
3.5,1.5,1,
3.5,1.5,1.1,
3.5,1.5,1.2,
3.5,1.5,1.3,
3.5,1.5,1.4,
3.5,1.5,1.5,
3.5,1.5,1.6,
3.5,1.5,1.7,
3.5,1.5,1.8,
3.5,1.5,1.9,
3.5,1.5,2,
3.5,1.5,2.1,
3.5,1.5,2.2,
3.5,1.5,2.3,1.090531523
3.5,1.5,2.4,
3.5,1.5,2.5,
3.5,1.5,2.6,
3.5,1.5,2.7,
3.5,1.5,2.8,
3.5,1.5,2.9,
3.5,1.5,3,
3.5,1.5,3.1,
3.5,1.5,3.2,
3.5,1.5,3.3,
3.5,1.5,3.4,
3.5,1.5,3.5,
3.5,1.5,3.6,
3.6,1.5,0,1.165723889
3.6,1.5,0.1,
3.6,1.5,0.2,
3.6,1.5,0.3,
3.6,1.5,0.4,
3.6,1.5,0.5,
3.6,1.5,0.6,
3.6,1.5,0.7,
3.6,1.5,0.8,
3.6,1.5,0.9,
3.6,1.5,1,
3.6,1.5,1.1,
3.6,1.5,1.2,
3.6,1.5,1.3,
3.6,1.5,1.4,
3.6,1.5,1.5,
3.6,1.5,1.6,
3.6,1.5,1.7,
3.6,1.5,1.8,
3.6,1.5,1.9,
3.6,1.5,2,
3.6,1.5,2.1,1.077291228
3.6,1.5,2.2,
3.6,1.5,2.3,
3.6,1.5,2.4,1.101255664
3.6,1.5,2.5,
3.6,1.5,2.6,1.137176307
3.6,1.5,2.7,
3.6,1.5,2.8,1.261177105
3.6,1.5,2.9,
3.6,1.5,3,
3.6,1.5,3.1,
3.6,1.5,3.2,
3.6,1.5,3.3,
3.6,1.5,3.4,
3.6,1.5,3.5,
3.6,1.5,3.6,
3.7,1.5,0,
3.7,1.5,0.1,
3.7,1.5,0.2,
3.7,1.5,0.3,
3.7,1.5,0.4,
3.7,1.5,0.5,
3.7,1.5,0.6,
3.7,1.5,0.7,
3.7,1.5,0.8,
3.7,1.5,0.9,
3.7,1.5,1,
3.7,1.5,1.1,
3.7,1.5,1.2,
3.7,1.5,1.3,
3.7,1.5,1.4,
3.7,1.5,1.5,
3.7,1.5,1.6,
3.7,1.5,1.7,
3.7,1.5,1.8,
3.7,1.5,1.9,
3.7,1.5,2,
3.7,1.5,2.1,
3.7,1.5,2.2,
3.7,1.5,2.3,
3.7,1.5,2.4,
3.7,1.5,2.5,
3.7,1.5,2.6,
3.7,1.5,2.7,1.165235782
3.7,1.5,2.8,
3.7,1.5,2.9,
3.7,1.5,3,
3.7,1.5,3.1,
3.7,1.5,3.2,
3.7,1.5,3.3,
3.7,1.5,3.4,
3.7,1.5,3.5,
3.7,1.5,3.6,
3.8,1.5,0,
3.8,1.5,0.1,
3.8,1.5,0.2,1.055738615
3.8,1.5,0.3,
3.8,1.5,0.4,
3.8,1.5,0.5,
3.8,1.5,0.6,
3.8,1.5,0.7,
3.8,1.5,0.8,
3.8,1.5,0.9,
3.8,1.5,1,
3.8,1.5,1.1,
3.8,1.5,1.2,
3.8,1.5,1.3,
3.8,1.5,1.4,
3.8,1.5,1.5,
3.8,1.5,1.6,
3.8,1.5,1.7,
3.8,1.5,1.8,
3.8,1.5,1.9,
3.8,1.5,2,
3.8,1.5,2.1,
3.8,1.5,2.2,
3.8,1.5,2.3,
3.8,1.5,2.4,
3.8,1.5,2.5,
3.8,1.5,2.6,
3.8,1.5,2.7,
3.8,1.5,2.8,
3.8,1.5,2.9,
3.8,1.5,3,
3.8,1.5,3.1,
3.8,1.5,3.2,
3.8,1.5,3.3,
3.8,1.5,3.4,1.056563024
3.8,1.5,3.5,
3.8,1.5,3.6,
3.9,1.5,0,
3.9,1.5,0.1,
3.9,1.5,0.2,
3.9,1.5,0.3,
3.9,1.5,0.4,
3.9,1.5,0.5,
3.9,1.5,0.6,
3.9,1.5,0.7,
3.9,1.5,0.8,
3.9,1.5,0.9,
3.9,1.5,1,
3.9,1.5,1.1,
3.9,1.5,1.2,
3.9,1.5,1.3,
3.9,1.5,1.4,
3.9,1.5,1.5,
3.9,1.5,1.6,
3.9,1.5,1.7,
3.9,1.5,1.8,
3.9,1.5,1.9,
3.9,1.5,2,
3.9,1.5,2.1,
3.9,1.5,2.2,
3.9,1.5,2.3,
3.9,1.5,2.4,
3.9,1.5,2.5,
3.9,1.5,2.6,
3.9,1.5,2.7,
3.9,1.5,2.8,
3.9,1.5,2.9,1.115691068
3.9,1.5,3,
3.9,1.5,3.1,
3.9,1.5,3.2,
3.9,1.5,3.3,
3.9,1.5,3.4,
3.9,1.5,3.5,
3.9,1.5,3.6,
4,1.5,0,
4,1.5,0.1,
4,1.5,0.2,
4,1.5,0.3,
4,1.5,0.4,
4,1.5,0.5,
4,1.5,0.6,1.094836076
4,1.5,0.7,
4,1.5,0.8,
4,1.5,0.9,
4,1.5,1,
4,1.5,1.1,
4,1.5,1.2,
4,1.5,1.3,
4,1.5,1.4,
4,1.5,1.5,
4,1.5,1.6,
4,1.5,1.7,
4,1.5,1.8,
4,1.5,1.9,
4,1.5,2,
4,1.5,2.1,
4,1.5,2.2,1.113573474
4,1.5,2.3,
4,1.5,2.4,
4,1.5,2.5,
4,1.5,2.6,1.18253814
4,1.5,2.7,1.157484347
4,1.5,2.8,
4,1.5,2.9,
4,1.5,3,
4,1.5,3.1,
4,1.5,3.2,
4,1.5,3.3,
4,1.5,3.4,
4,1.5,3.5,
4,1.5,3.6,
4.1,1.5,0,
4.1,1.5,0.1,
4.1,1.5,0.2,
4.1,1.5,0.3,
4.1,1.5,0.4,
4.1,1.5,0.5,
4.1,1.5,0.6,1.09489151
4.1,1.5,0.7,
4.1,1.5,0.8,
4.1,1.5,0.9,
4.1,1.5,1,
4.1,1.5,1.1,
4.1,1.5,1.2,
4.1,1.5,1.3,
4.1,1.5,1.4,
4.1,1.5,1.5,1.127726588
4.1,1.5,1.6,
4.1,1.5,1.7,
4.1,1.5,1.8,
4.1,1.5,1.9,
4.1,1.5,2,
4.1,1.5,2.1,
4.1,1.5,2.2,
4.1,1.5,2.3,
4.1,1.5,2.4,
4.1,1.5,2.5,
4.1,1.5,2.6,
4.1,1.5,2.7,
4.1,1.5,2.8,1.13494159
4.1,1.5,2.9,
4.1,1.5,3,
4.1,1.5,3.1,
4.1,1.5,3.2,
4.1,1.5,3.3,
4.1,1.5,3.4,
4.1,1.5,3.5,
4.1,1.5,3.6,
4.2,1.5,0,
4.2,1.5,0.1,
4.2,1.5,0.2,
4.2,1.5,0.3,
4.2,1.5,0.4,
4.2,1.5,0.5,
4.2,1.5,0.6,
4.2,1.5,0.7,
4.2,1.5,0.8,
4.2,1.5,0.9,
4.2,1.5,1,
4.2,1.5,1.1,
4.2,1.5,1.2,
4.2,1.5,1.3,
4.2,1.5,1.4,
4.2,1.5,1.5,
4.2,1.5,1.6,
4.2,1.5,1.7,
4.2,1.5,1.8,
4.2,1.5,1.9,
4.2,1.5,2,
4.2,1.5,2.1,
4.2,1.5,2.2,
4.2,1.5,2.3,
4.2,1.5,2.4,
4.2,1.5,2.5,
4.2,1.5,2.6,
4.2,1.5,2.7,
4.2,1.5,2.8,
4.2,1.5,2.9,1.116014009
4.2,1.5,3,
4.2,1.5,3.1,
4.2,1.5,3.2,
4.2,1.5,3.3,
4.2,1.5,3.4,
4.2,1.5,3.5,
4.2,1.5,3.6,
4.3,1.5,0,
4.3,1.5,0.1,
4.3,1.5,0.2,
4.3,1.5,0.3,
4.3,1.5,0.4,
4.3,1.5,0.5,
4.3,1.5,0.6,
4.3,1.5,0.7,
4.3,1.5,0.8,
4.3,1.5,0.9,
4.3,1.5,1,
4.3,1.5,1.1,
4.3,1.5,1.2,
4.3,1.5,1.3,
4.3,1.5,1.4,
4.3,1.5,1.5,
4.3,1.5,1.6,1.090778846
4.3,1.5,1.7,
4.3,1.5,1.8,
4.3,1.5,1.9,
4.3,1.5,2,
4.3,1.5,2.1,
4.3,1.5,2.2,
4.3,1.5,2.3,
4.3,1.5,2.4,
4.3,1.5,2.5,
4.3,1.5,2.6,
4.3,1.5,2.7,
4.3,1.5,2.8,
4.3,1.5,2.9,
4.3,1.5,3,
4.3,1.5,3.1,
4.3,1.5,3.2,
4.3,1.5,3.3,
4.3,1.5,3.4,
4.3,1.5,3.5,
4.3,1.5,3.6,
4.4,1.5,0,
4.4,1.5,0.1,
4.4,1.5,0.2,
4.4,1.5,0.3,
4.4,1.5,0.4,
4.4,1.5,0.5,
4.4,1.5,0.6,
4.4,1.5,0.7,
4.4,1.5,0.8,
4.4,1.5,0.9,
4.4,1.5,1,
4.4,1.5,1.1,
4.4,1.5,1.2,
4.4,1.5,1.3,
4.4,1.5,1.4,
4.4,1.5,1.5,
4.4,1.5,1.6,
4.4,1.5,1.7,
4.4,1.5,1.8,
4.4,1.5,1.9,
4.4,1.5,2,
4.4,1.5,2.1,
4.4,1.5,2.2,
4.4,1.5,2.3,
4.4,1.5,2.4,
4.4,1.5,2.5,
4.4,1.5,2.6,
4.4,1.5,2.7,
4.4,1.5,2.8,1.282863614
4.4,1.5,2.9,
4.4,1.5,3,
4.4,1.5,3.1,
4.4,1.5,3.2,
4.4,1.5,3.3,
4.4,1.5,3.4,
4.4,1.5,3.5,
4.4,1.5,3.6,
4.5,1.5,0,
4.5,1.5,0.1,1.163729672
4.5,1.5,0.2,
4.5,1.5,0.3,
4.5,1.5,0.4,
4.5,1.5,0.5,
4.5,1.5,0.6,
4.5,1.5,0.7,
4.5,1.5,0.8,
4.5,1.5,0.9,
4.5,1.5,1,
4.5,1.5,1.1,
4.5,1.5,1.2,
4.5,1.5,1.3,
4.5,1.5,1.4,
4.5,1.5,1.5,
4.5,1.5,1.6,
4.5,1.5,1.7,
4.5,1.5,1.8,
4.5,1.5,1.9,
4.5,1.5,2,
4.5,1.5,2.1,
4.5,1.5,2.2,
4.5,1.5,2.3,
4.5,1.5,2.4,
4.5,1.5,2.5,
4.5,1.5,2.6,
4.5,1.5,2.7,1.157567356
4.5,1.5,2.8,1.155892953
4.5,1.5,2.9,
4.5,1.5,3,
4.5,1.5,3.1,
4.5,1.5,3.2,
4.5,1.5,3.3,
4.5,1.5,3.4,
4.5,1.5,3.5,
4.5,1.5,3.6,
4.6,1.5,0,
4.6,1.5,0.1,
4.6,1.5,0.2,
4.6,1.5,0.3,
4.6,1.5,0.4,
4.6,1.5,0.5,
4.6,1.5,0.6,
4.6,1.5,0.7,
4.6,1.5,0.8,
4.6,1.5,0.9,
4.6,1.5,1,
4.6,1.5,1.1,
4.6,1.5,1.2,
4.6,1.5,1.3,
4.6,1.5,1.4,
4.6,1.5,1.5,
4.6,1.5,1.6,
4.6,1.5,1.7,
4.6,1.5,1.8,
4.6,1.5,1.9,
4.6,1.5,2,
4.6,1.5,2.1,
4.6,1.5,2.2,
4.6,1.5,2.3,1.089411179
4.6,1.5,2.4,
4.6,1.5,2.5,1.112289954
4.6,1.5,2.6,
4.6,1.5,2.7,
4.6,1.5,2.8,
4.6,1.5,2.9,
4.6,1.5,3,1.199821167
4.6,1.5,3.1,
4.6,1.5,3.2,
4.6,1.5,3.3,
4.6,1.5,3.4,
4.6,1.5,3.5,
4.6,1.5,3.6,
4.7,1.5,0,
4.7,1.5,0.1,
4.7,1.5,0.2,
4.7,1.5,0.3,
4.7,1.5,0.4,
4.7,1.5,0.5,
4.7,1.5,0.6,
4.7,1.5,0.7,
4.7,1.5,0.8,1.213784383
4.7,1.5,0.9,1.153661647
4.7,1.5,1,
4.7,1.5,1.1,
4.7,1.5,1.2,
4.7,1.5,1.3,
4.7,1.5,1.4,
4.7,1.5,1.5,
4.7,1.5,1.6,
4.7,1.5,1.7,
4.7,1.5,1.8,1.051872704
4.7,1.5,1.9,
4.7,1.5,2,
4.7,1.5,2.1,
4.7,1.5,2.2,
4.7,1.5,2.3,
4.7,1.5,2.4,
4.7,1.5,2.5,
4.7,1.5,2.6,
4.7,1.5,2.7,
4.7,1.5,2.8,
4.7,1.5,2.9,
4.7,1.5,3,
4.7,1.5,3.1,
4.7,1.5,3.2,1.15021249
4.7,1.5,3.3,
4.7,1.5,3.4,
4.7,1.5,3.5,1.125943306
4.7,1.5,3.6,
4.8,1.5,0,
4.8,1.5,0.1,
4.8,1.5,0.2,
4.8,1.5,0.3,
4.8,1.5,0.4,
4.8,1.5,0.5,
4.8,1.5,0.6,
4.8,1.5,0.7,
4.8,1.5,0.8,1.196312311
4.8,1.5,0.9,
4.8,1.5,1,
4.8,1.5,1.1,
4.8,1.5,1.2,1.094092402
4.8,1.5,1.3,
4.8,1.5,1.4,
4.8,1.5,1.5,
4.8,1.5,1.6,
4.8,1.5,1.7,
4.8,1.5,1.8,
4.8,1.5,1.9,
4.8,1.5,2,
4.8,1.5,2.1,
4.8,1.5,2.2,
4.8,1.5,2.3,
4.8,1.5,2.4,
4.8,1.5,2.5,1.108394194
4.8,1.5,2.6,1.127522476
4.8,1.5,2.7,1.149195055
4.8,1.5,2.8,
4.8,1.5,2.9,
4.8,1.5,3,
4.8,1.5,3.1,1.146891258
4.8,1.5,3.2,1.133386584
4.8,1.5,3.3,
4.8,1.5,3.4,
4.8,1.5,3.5,
4.8,1.5,3.6,
4.9,1.5,0,
4.9,1.5,0.1,
4.9,1.5,0.2,
4.9,1.5,0.3,
4.9,1.5,0.4,
4.9,1.5,0.5,
4.9,1.5,0.6,
4.9,1.5,0.7,
4.9,1.5,0.8,1.181090023
4.9,1.5,0.9,
4.9,1.5,1,
4.9,1.5,1.1,
4.9,1.5,1.2,
4.9,1.5,1.3,
4.9,1.5,1.4,
4.9,1.5,1.5,
4.9,1.5,1.6,
4.9,1.5,1.7,
4.9,1.5,1.8,
4.9,1.5,1.9,
4.9,1.5,2,
4.9,1.5,2.1,
4.9,1.5,2.2,
4.9,1.5,2.3,
4.9,1.5,2.4,
4.9,1.5,2.5,
4.9,1.5,2.6,
4.9,1.5,2.7,
4.9,1.5,2.8,
4.9,1.5,2.9,1.165258525
4.9,1.5,3,
4.9,1.5,3.1,
4.9,1.5,3.2,
4.9,1.5,3.3,
4.9,1.5,3.4,
4.9,1.5,3.5,
4.9,1.5,3.6,
5,1.5,0,
5,1.5,0.1,
5,1.5,0.2,
5,1.5,0.3,
5,1.5,0.4,
5,1.5,0.5,
5,1.5,0.6,
5,1.5,0.7,
5,1.5,0.8,
5,1.5,0.9,
5,1.5,1,
5,1.5,1.1,
5,1.5,1.2,
5,1.5,1.3,
5,1.5,1.4,
5,1.5,1.5,
5,1.5,1.6,
5,1.5,1.7,
5,1.5,1.8,
5,1.5,1.9,
5,1.5,2,
5,1.5,2.1,
5,1.5,2.2,
5,1.5,2.3,1.078993491
5,1.5,2.4,1.093337925
5,1.5,2.5,
5,1.5,2.6,
5,1.5,2.7,
5,1.5,2.8,1.170799975
5,1.5,2.9,
5,1.5,3,
5,1.5,3.1,
5,1.5,3.2,
5,1.5,3.3,
5,1.5,3.4,
5,1.5,3.5,
5,1.5,3.6,
5.1,1.5,0,
5.1,1.5,0.1,
5.1,1.5,0.2,
5.1,1.5,0.3,
5.1,1.5,0.4,
5.1,1.5,0.5,
5.1,1.5,0.6,1.120982922
5.1,1.5,0.7,
5.1,1.5,0.8,
5.1,1.5,0.9,
5.1,1.5,1,
5.1,1.5,1.1,
5.1,1.5,1.2,
5.1,1.5,1.3,
5.1,1.5,1.4,
5.1,1.5,1.5,
5.1,1.5,1.6,
5.1,1.5,1.7,
5.1,1.5,1.8,
5.1,1.5,1.9,
5.1,1.5,2,
5.1,1.5,2.1,
5.1,1.5,2.2,1.247694889
5.1,1.5,2.3,
5.1,1.5,2.4,
5.1,1.5,2.5,
5.1,1.5,2.6,1.135036823
5.1,1.5,2.7,
5.1,1.5,2.8,
5.1,1.5,2.9,
5.1,1.5,3,
5.1,1.5,3.1,
5.1,1.5,3.2,
5.1,1.5,3.3,
5.1,1.5,3.4,
5.1,1.5,3.5,
5.1,1.5,3.6,
5.2,1.5,0,
5.2,1.5,0.1,
5.2,1.5,0.2,
5.2,1.5,0.3,
5.2,1.5,0.4,
5.2,1.5,0.5,
5.2,1.5,0.6,
5.2,1.5,0.7,
5.2,1.5,0.8,
5.2,1.5,0.9,
5.2,1.5,1,
5.2,1.5,1.1,
5.2,1.5,1.2,
5.2,1.5,1.3,
5.2,1.5,1.4,
5.2,1.5,1.5,
5.2,1.5,1.6,
5.2,1.5,1.7,
5.2,1.5,1.8,
5.2,1.5,1.9,
5.2,1.5,2,
5.2,1.5,2.1,
5.2,1.5,2.2,
5.2,1.5,2.3,
5.2,1.5,2.4,1.254480061
5.2,1.5,2.5,
5.2,1.5,2.6,
5.2,1.5,2.7,
5.2,1.5,2.8,
5.2,1.5,2.9,
5.2,1.5,3,
5.2,1.5,3.1,
5.2,1.5,3.2,
5.2,1.5,3.3,
5.2,1.5,3.4,
5.2,1.5,3.5,
5.2,1.5,3.6,
5.3,1.5,0,
5.3,1.5,0.1,
5.3,1.5,0.2,
5.3,1.5,0.3,
5.3,1.5,0.4,
5.3,1.5,0.5,
5.3,1.5,0.6,
5.3,1.5,0.7,
5.3,1.5,0.8,
5.3,1.5,0.9,
5.3,1.5,1,
5.3,1.5,1.1,
5.3,1.5,1.2,
5.3,1.5,1.3,
5.3,1.5,1.4,
5.3,1.5,1.5,
5.3,1.5,1.6,1.179786319
5.3,1.5,1.7,
5.3,1.5,1.8,
5.3,1.5,1.9,
5.3,1.5,2,
5.3,1.5,2.1,
5.3,1.5,2.2,
5.3,1.5,2.3,
5.3,1.5,2.4,
5.3,1.5,2.5,1.130879527
5.3,1.5,2.6,1.149614082
5.3,1.5,2.7,
5.3,1.5,2.8,
5.3,1.5,2.9,
5.3,1.5,3,
5.3,1.5,3.1,
5.3,1.5,3.2,
5.3,1.5,3.3,
5.3,1.5,3.4,
5.3,1.5,3.5,
5.3,1.5,3.6,
5.4,1.5,0,
5.4,1.5,0.1,
5.4,1.5,0.2,
5.4,1.5,0.3,
5.4,1.5,0.4,
5.4,1.5,0.5,
5.4,1.5,0.6,1.099903917
5.4,1.5,0.7,
5.4,1.5,0.8,
5.4,1.5,0.9,
5.4,1.5,1,
5.4,1.5,1.1,
5.4,1.5,1.2,
5.4,1.5,1.3,
5.4,1.5,1.4,
5.4,1.5,1.5,
5.4,1.5,1.6,
5.4,1.5,1.7,
5.4,1.5,1.8,
5.4,1.5,1.9,
5.4,1.5,2,
5.4,1.5,2.1,
5.4,1.5,2.2,
5.4,1.5,2.3,
5.4,1.5,2.4,
5.4,1.5,2.5,1.225076514
5.4,1.5,2.6,
5.4,1.5,2.7,
5.4,1.5,2.8,
5.4,1.5,2.9,1.11990721
5.4,1.5,3,
5.4,1.5,3.1,
5.4,1.5,3.2,
5.4,1.5,3.3,1.064948686
5.4,1.5,3.4,
5.4,1.5,3.5,
5.4,1.5,3.6,
5.5,1.5,0,
5.5,1.5,0.1,
5.5,1.5,0.2,
5.5,1.5,0.3,
5.5,1.5,0.4,
5.5,1.5,0.5,
5.5,1.5,0.6,
5.5,1.5,0.7,
5.5,1.5,0.8,
5.5,1.5,0.9,1.155785211
5.5,1.5,1,
5.5,1.5,1.1,
5.5,1.5,1.2,
5.5,1.5,1.3,
5.5,1.5,1.4,
5.5,1.5,1.5,
5.5,1.5,1.6,
5.5,1.5,1.7,
5.5,1.5,1.8,
5.5,1.5,1.9,
5.5,1.5,2,
5.5,1.5,2.1,
5.5,1.5,2.2,1.155902618
5.5,1.5,2.3,1.169440838
5.5,1.5,2.4,1.185588738
5.5,1.5,2.5,
5.5,1.5,2.6,1.183200226
5.5,1.5,2.7,
5.5,1.5,2.8,
5.5,1.5,2.9,
5.5,1.5,3,
5.5,1.5,3.1,
5.5,1.5,3.2,
5.5,1.5,3.3,
5.5,1.5,3.4,
5.5,1.5,3.5,
5.5,1.5,3.6,
5.6,1.5,0,
5.6,1.5,0.1,
5.6,1.5,0.2,1.051959978
5.6,1.5,0.3,
5.6,1.5,0.4,
5.6,1.5,0.5,
5.6,1.5,0.6,
5.6,1.5,0.7,
5.6,1.5,0.8,
5.6,1.5,0.9,
5.6,1.5,1,
5.6,1.5,1.1,
5.6,1.5,1.2,
5.6,1.5,1.3,1.153354057
5.6,1.5,1.4,
5.6,1.5,1.5,
5.6,1.5,1.6,
5.6,1.5,1.7,1.116076835
5.6,1.5,1.8,
5.6,1.5,1.9,
5.6,1.5,2,
5.6,1.5,2.1,
5.6,1.5,2.2,
5.6,1.5,2.3,
5.6,1.5,2.4,1.166988363
5.6,1.5,2.5,1.184880031
5.6,1.5,2.6,1.183233202
5.6,1.5,2.7,
5.6,1.5,2.8,
5.6,1.5,2.9,
5.6,1.5,3,
5.6,1.5,3.1,
5.6,1.5,3.2,
5.6,1.5,3.3,
5.6,1.5,3.4,
5.6,1.5,3.5,
5.6,1.5,3.6,
5.7,1.5,0,
5.7,1.5,0.1,
5.7,1.5,0.2,
5.7,1.5,0.3,
5.7,1.5,0.4,
5.7,1.5,0.5,
5.7,1.5,0.6,
5.7,1.5,0.7,
5.7,1.5,0.8,1.132520101
5.7,1.5,0.9,
5.7,1.5,1,
5.7,1.5,1.1,
5.7,1.5,1.2,
5.7,1.5,1.3,
5.7,1.5,1.4,
5.7,1.5,1.5,
5.7,1.5,1.6,
5.7,1.5,1.7,
5.7,1.5,1.8,
5.7,1.5,1.9,
5.7,1.5,2,
5.7,1.5,2.1,
5.7,1.5,2.2,
5.7,1.5,2.3,
5.7,1.5,2.4,
5.7,1.5,2.5,
5.7,1.5,2.6,
5.7,1.5,2.7,
5.7,1.5,2.8,1.13566309
5.7,1.5,2.9,
5.7,1.5,3,
5.7,1.5,3.1,
5.7,1.5,3.2,
5.7,1.5,3.3,
5.7,1.5,3.4,
5.7,1.5,3.5,
5.7,1.5,3.6,
5.8,1.5,0,
5.8,1.5,0.1,
5.8,1.5,0.2,
5.8,1.5,0.3,
5.8,1.5,0.4,
5.8,1.5,0.5,
5.8,1.5,0.6,
5.8,1.5,0.7,
5.8,1.5,0.8,
5.8,1.5,0.9,
5.8,1.5,1,
5.8,1.5,1.1,
5.8,1.5,1.2,
5.8,1.5,1.3,
5.8,1.5,1.4,
5.8,1.5,1.5,
5.8,1.5,1.6,
5.8,1.5,1.7,
5.8,1.5,1.8,
5.8,1.5,1.9,
5.8,1.5,2,
5.8,1.5,2.1,
5.8,1.5,2.2,
5.8,1.5,2.3,
5.8,1.5,2.4,
5.8,1.5,2.5,
5.8,1.5,2.6,
5.8,1.5,2.7,
5.8,1.5,2.8,
5.8,1.5,2.9,
5.8,1.5,3,
5.8,1.5,3.1,1.084354708
5.8,1.5,3.2,
5.8,1.5,3.3,
5.8,1.5,3.4,
5.8,1.5,3.5,
5.8,1.5,3.6,
5.9,1.5,0,
5.9,1.5,0.1,
5.9,1.5,0.2,
5.9,1.5,0.3,
5.9,1.5,0.4,
5.9,1.5,0.5,
5.9,1.5,0.6,
5.9,1.5,0.7,
5.9,1.5,0.8,
5.9,1.5,0.9,
5.9,1.5,1,1.163826896
5.9,1.5,1.1,
5.9,1.5,1.2,
5.9,1.5,1.3,
5.9,1.5,1.4,
5.9,1.5,1.5,
5.9,1.5,1.6,
5.9,1.5,1.7,1.076291134
5.9,1.5,1.8,
5.9,1.5,1.9,
5.9,1.5,2,
5.9,1.5,2.1,1.087034322
5.9,1.5,2.2,
5.9,1.5,2.3,
5.9,1.5,2.4,1.124496895
5.9,1.5,2.5,
5.9,1.5,2.6,
5.9,1.5,2.7,
5.9,1.5,2.8,
5.9,1.5,2.9,1.12099543
5.9,1.5,3,
5.9,1.5,3.1,
5.9,1.5,3.2,
5.9,1.5,3.3,
5.9,1.5,3.4,
5.9,1.5,3.5,
5.9,1.5,3.6,
6,1.5,0,
6,1.5,0.1,
6,1.5,0.2,
6,1.5,0.3,
6,1.5,0.4,
6,1.5,0.5,
6,1.5,0.6,
6,1.5,0.7,1.123752368
6,1.5,0.8,
6,1.5,0.9,
6,1.5,1,
6,1.5,1.1,
6,1.5,1.2,
6,1.5,1.3,
6,1.5,1.4,
6,1.5,1.5,
6,1.5,1.6,
6,1.5,1.7,
6,1.5,1.8,
6,1.5,1.9,
6,1.5,2,
6,1.5,2.1,
6,1.5,2.2,
6,1.5,2.3,
6,1.5,2.4,
6,1.5,2.5,
6,1.5,2.6,
6,1.5,2.7,
6,1.5,2.8,
6,1.5,2.9,
6,1.5,3,
6,1.5,3.1,
6,1.5,3.2,
6,1.5,3.3,
6,1.5,3.4,
6,1.5,3.5,
6,1.5,3.6,
6.1,1.5,0,1.06350398
6.1,1.5,0.1,
6.1,1.5,0.2,
6.1,1.5,0.3,
6.1,1.5,0.4,
6.1,1.5,0.5,
6.1,1.5,0.6,
6.1,1.5,0.7,
6.1,1.5,0.8,
6.1,1.5,0.9,
6.1,1.5,1,
6.1,1.5,1.1,
6.1,1.5,1.2,
6.1,1.5,1.3,
6.1,1.5,1.4,
6.1,1.5,1.5,
6.1,1.5,1.6,
6.1,1.5,1.7,
6.1,1.5,1.8,
6.1,1.5,1.9,
6.1,1.5,2,
6.1,1.5,2.1,
6.1,1.5,2.2,
6.1,1.5,2.3,
6.1,1.5,2.4,1.106731162
6.1,1.5,2.5,
6.1,1.5,2.6,
6.1,1.5,2.7,
6.1,1.5,2.8,
6.1,1.5,2.9,1.133949172
6.1,1.5,3,1.116156717
6.1,1.5,3.1,
6.1,1.5,3.2,
6.1,1.5,3.3,
6.1,1.5,3.4,
6.1,1.5,3.5,
6.1,1.5,3.6,
6.2,1.5,0,
6.2,1.5,0.1,
6.2,1.5,0.2,
6.2,1.5,0.3,1.085220907
6.2,1.5,0.4,
6.2,1.5,0.5,
6.2,1.5,0.6,
6.2,1.5,0.7,
6.2,1.5,0.8,
6.2,1.5,0.9,
6.2,1.5,1,
6.2,1.5,1.1,
6.2,1.5,1.2,
6.2,1.5,1.3,
6.2,1.5,1.4,1.075592377
6.2,1.5,1.5,
6.2,1.5,1.6,
6.2,1.5,1.7,
6.2,1.5,1.8,
6.2,1.5,1.9,
6.2,1.5,2,
6.2,1.5,2.1,
6.2,1.5,2.2,1.073981083
6.2,1.5,2.3,
6.2,1.5,2.4,
6.2,1.5,2.5,
6.2,1.5,2.6,
6.2,1.5,2.7,
6.2,1.5,2.8,
6.2,1.5,2.9,
6.2,1.5,3,
6.2,1.5,3.1,
6.2,1.5,3.2,
6.2,1.5,3.3,
6.2,1.5,3.4,
6.2,1.5,3.5,
6.2,1.5,3.6,
6.3,1.5,0,
6.3,1.5,0.1,
6.3,1.5,0.2,
6.3,1.5,0.3,
6.3,1.5,0.4,
6.3,1.5,0.5,
6.3,1.5,0.6,
6.3,1.5,0.7,
6.3,1.5,0.8,
6.3,1.5,0.9,1.158988183
6.3,1.5,1,
6.3,1.5,1.1,
6.3,1.5,1.2,
6.3,1.5,1.3,
6.3,1.5,1.4,
6.3,1.5,1.5,
6.3,1.5,1.6,
6.3,1.5,1.7,
6.3,1.5,1.8,
6.3,1.5,1.9,
6.3,1.5,2,
6.3,1.5,2.1,
6.3,1.5,2.2,
6.3,1.5,2.3,
6.3,1.5,2.4,
6.3,1.5,2.5,
6.3,1.5,2.6,
6.3,1.5,2.7,
6.3,1.5,2.8,
6.3,1.5,2.9,
6.3,1.5,3,
6.3,1.5,3.1,
6.3,1.5,3.2,
6.3,1.5,3.3,
6.3,1.5,3.4,
6.3,1.5,3.5,
6.3,1.5,3.6,
6.4,1.5,0,
6.4,1.5,0.1,
6.4,1.5,0.2,
6.4,1.5,0.3,
6.4,1.5,0.4,
6.4,1.5,0.5,
6.4,1.5,0.6,
6.4,1.5,0.7,
6.4,1.5,0.8,
6.4,1.5,0.9,
6.4,1.5,1,
6.4,1.5,1.1,
6.4,1.5,1.2,
6.4,1.5,1.3,
6.4,1.5,1.4,
6.4,1.5,1.5,
6.4,1.5,1.6,
6.4,1.5,1.7,
6.4,1.5,1.8,
6.4,1.5,1.9,
6.4,1.5,2,
6.4,1.5,2.1,
6.4,1.5,2.2,
6.4,1.5,2.3,
6.4,1.5,2.4,
6.4,1.5,2.5,
6.4,1.5,2.6,
6.4,1.5,2.7,
6.4,1.5,2.8,
6.4,1.5,2.9,
6.4,1.5,3,
6.4,1.5,3.1,
6.4,1.5,3.2,
6.4,1.5,3.3,
6.4,1.5,3.4,
6.4,1.5,3.5,
6.4,1.5,3.6,
6.5,1.5,0,
6.5,1.5,0.1,
6.5,1.5,0.2,
6.5,1.5,0.3,
6.5,1.5,0.4,
6.5,1.5,0.5,
6.5,1.5,0.6,1.164144435
6.5,1.5,0.7,
6.5,1.5,0.8,1.181293851
6.5,1.5,0.9,
6.5,1.5,1,
6.5,1.5,1.1,
6.5,1.5,1.2,
6.5,1.5,1.3,
6.5,1.5,1.4,
6.5,1.5,1.5,
6.5,1.5,1.6,
6.5,1.5,1.7,
6.5,1.5,1.8,
6.5,1.5,1.9,
6.5,1.5,2,
6.5,1.5,2.1,
6.5,1.5,2.2,
6.5,1.5,2.3,
6.5,1.5,2.4,
6.5,1.5,2.5,
6.5,1.5,2.6,
6.5,1.5,2.7,
6.5,1.5,2.8,
6.5,1.5,2.9,1.184830566
6.5,1.5,3,
6.5,1.5,3.1,
6.5,1.5,3.2,
6.5,1.5,3.3,
6.5,1.5,3.4,
6.5,1.5,3.5,
6.5,1.5,3.6,
6.6,1.5,0,
6.6,1.5,0.1,
6.6,1.5,0.2,
6.6,1.5,0.3,1.141505023
6.6,1.5,0.4,1.152346856
6.6,1.5,0.5,
6.6,1.5,0.6,1.182255282
6.6,1.5,0.7,1.20047444
6.6,1.5,0.8,
6.6,1.5,0.9,
6.6,1.5,1,
6.6,1.5,1.1,
6.6,1.5,1.2,
6.6,1.5,1.3,
6.6,1.5,1.4,
6.6,1.5,1.5,
6.6,1.5,1.6,
6.6,1.5,1.7,
6.6,1.5,1.8,
6.6,1.5,1.9,
6.6,1.5,2,
6.6,1.5,2.1,
6.6,1.5,2.2,
6.6,1.5,2.3,
6.6,1.5,2.4,
6.6,1.5,2.5,
6.6,1.5,2.6,1.131627181
6.6,1.5,2.7,
6.6,1.5,2.8,1.177727286
6.6,1.5,2.9,
6.6,1.5,3,
6.6,1.5,3.1,
6.6,1.5,3.2,1.1541887
6.6,1.5,3.3,
6.6,1.5,3.4,
6.6,1.5,3.5,
6.6,1.5,3.6,
6.7,1.5,0,
6.7,1.5,0.1,
6.7,1.5,0.2,1.152799429
6.7,1.5,0.3,
6.7,1.5,0.4,
6.7,1.5,0.5,1.185976495
6.7,1.5,0.6,1.202609944
6.7,1.5,0.7,1.221225386
6.7,1.5,0.8,1.164202997
6.7,1.5,0.9,
6.7,1.5,1,
6.7,1.5,1.1,
6.7,1.5,1.2,
6.7,1.5,1.3,
6.7,1.5,1.4,1.072831743
6.7,1.5,1.5,
6.7,1.5,1.6,
6.7,1.5,1.7,
6.7,1.5,1.8,
6.7,1.5,1.9,
6.7,1.5,2,
6.7,1.5,2.1,
6.7,1.5,2.2,
6.7,1.5,2.3,
6.7,1.5,2.4,
6.7,1.5,2.5,
6.7,1.5,2.6,
6.7,1.5,2.7,
6.7,1.5,2.8,
6.7,1.5,2.9,
6.7,1.5,3,
6.7,1.5,3.1,
6.7,1.5,3.2,
6.7,1.5,3.3,
6.7,1.5,3.4,
6.7,1.5,3.5,
6.7,1.5,3.6,1.146342315
6.8,1.5,0,
6.8,1.5,0.1,
6.8,1.5,0.2,
6.8,1.5,0.3,1.182207239
6.8,1.5,0.4,
6.8,1.5,0.5,1.208053034
6.8,1.5,0.6,1.225168336
6.8,1.5,0.7,
6.8,1.5,0.8,
6.8,1.5,0.9,1.163017838
6.8,1.5,1,
6.8,1.5,1.1,
6.8,1.5,1.2,
6.8,1.5,1.3,
6.8,1.5,1.4,
6.8,1.5,1.5,
6.8,1.5,1.6,
6.8,1.5,1.7,
6.8,1.5,1.8,
6.8,1.5,1.9,
6.8,1.5,2,
6.8,1.5,2.1,
6.8,1.5,2.2,
6.8,1.5,2.3,
6.8,1.5,2.4,1.102445372
6.8,1.5,2.5,
6.8,1.5,2.6,
6.8,1.5,2.7,
6.8,1.5,2.8,1.156213051
6.8,1.5,2.9,
6.8,1.5,3,
6.8,1.5,3.1,
6.8,1.5,3.2,
6.8,1.5,3.3,
6.8,1.5,3.4,
6.8,1.5,3.5,
6.8,1.5,3.6,
6.9,1.5,0,1.190107353
6.9,1.5,0.1,
6.9,1.5,0.2,
6.9,1.5,0.3,
6.9,1.5,0.4,1.217268507
6.9,1.5,0.5,
6.9,1.5,0.6,1.249838069
6.9,1.5,0.7,
6.9,1.5,0.8,
6.9,1.5,0.9,
6.9,1.5,1,
6.9,1.5,1.1,
6.9,1.5,1.2,
6.9,1.5,1.3,
6.9,1.5,1.4,
6.9,1.5,1.5,
6.9,1.5,1.6,
6.9,1.5,1.7,
6.9,1.5,1.8,
6.9,1.5,1.9,
6.9,1.5,2,
6.9,1.5,2.1,
6.9,1.5,2.2,
6.9,1.5,2.3,
6.9,1.5,2.4,
6.9,1.5,2.5,
6.9,1.5,2.6,
6.9,1.5,2.7,
6.9,1.5,2.8,
6.9,1.5,2.9,
6.9,1.5,3,
6.9,1.5,3.1,
6.9,1.5,3.2,
6.9,1.5,3.3,1.20701968
6.9,1.5,3.4,
6.9,1.5,3.5,
6.9,1.5,3.6,
7,1.5,0,1.21451896
7,1.5,0.1,
7,1.5,0.2,
7,1.5,0.3,
7,1.5,0.4,
7,1.5,0.5,
7,1.5,0.6,
7,1.5,0.7,
7,1.5,0.8,
7,1.5,0.9,1.159004102
7,1.5,1,
7,1.5,1.1,
7,1.5,1.2,
7,1.5,1.3,
7,1.5,1.4,
7,1.5,1.5,
7,1.5,1.6,
7,1.5,1.7,
7,1.5,1.8,
7,1.5,1.9,
7,1.5,2,
7,1.5,2.1,
7,1.5,2.2,
7,1.5,2.3,
7,1.5,2.4,
7,1.5,2.5,
7,1.5,2.6,
7,1.5,2.7,
7,1.5,2.8,
7,1.5,2.9,
7,1.5,3,
7,1.5,3.1,
7,1.5,3.2,
7,1.5,3.3,
7,1.5,3.4,
7,1.5,3.5,
7,1.5,3.6,
7.1,1.5,0,
7.1,1.5,0.1,1.241849828
7.1,1.5,0.2,
7.1,1.5,0.3,
7.1,1.5,0.4,1.268937638
7.1,1.5,0.5,1.285010773
7.1,1.5,0.6,1.304199891
7.1,1.5,0.7,
7.1,1.5,0.8,
7.1,1.5,0.9,
7.1,1.5,1,
7.1,1.5,1.1,
7.1,1.5,1.2,1.130408761
7.1,1.5,1.3,
7.1,1.5,1.4,
7.1,1.5,1.5,
7.1,1.5,1.6,
7.1,1.5,1.7,
7.1,1.5,1.8,
7.1,1.5,1.9,
7.1,1.5,2,
7.1,1.5,2.1,
7.1,1.5,2.2,
7.1,1.5,2.3,1.113075701
7.1,1.5,2.4,
7.1,1.5,2.5,
7.1,1.5,2.6,
7.1,1.5,2.7,
7.1,1.5,2.8,1.136119073
7.1,1.5,2.9,
7.1,1.5,3,
7.1,1.5,3.1,
7.1,1.5,3.2,
7.1,1.5,3.3,
7.1,1.5,3.4,
7.1,1.5,3.5,
7.1,1.5,3.6,
7.2,1.5,0,1.046463728
7.2,1.5,0.1,
7.2,1.5,0.2,1.051832905
7.2,1.5,0.3,
7.2,1.5,0.4,
7.2,1.5,0.5,1.07973688
7.2,1.5,0.6,1.363284725
7.2,1.5,0.7,
7.2,1.5,0.8,
7.2,1.5,0.9,
7.2,1.5,1,
7.2,1.5,1.1,
7.2,1.5,1.2,
7.2,1.5,1.3,
7.2,1.5,1.4,
7.2,1.5,1.5,
7.2,1.5,1.6,
7.2,1.5,1.7,
7.2,1.5,1.8,
7.2,1.5,1.9,
7.2,1.5,2,
7.2,1.5,2.1,
7.2,1.5,2.2,
7.2,1.5,2.3,
7.2,1.5,2.4,
7.2,1.5,2.5,1.157911618
7.2,1.5,2.6,
7.2,1.5,2.7,
7.2,1.5,2.8,
7.2,1.5,2.9,
7.2,1.5,3,
7.2,1.5,3.1,
7.2,1.5,3.2,
7.2,1.5,3.3,
7.2,1.5,3.4,
7.2,1.5,3.5,
7.2,1.5,3.6,
7.3,1.5,0,
7.3,1.5,0.1,
7.3,1.5,0.2,
7.3,1.5,0.3,
7.3,1.5,0.4,1.069127303
7.3,1.5,0.5,
7.3,1.5,0.6,1.092987409
7.3,1.5,0.7,1.10990599
7.3,1.5,0.8,1.129076345
7.3,1.5,0.9,
7.3,1.5,1,
7.3,1.5,1.1,
7.3,1.5,1.2,
7.3,1.5,1.3,
7.3,1.5,1.4,
7.3,1.5,1.5,
7.3,1.5,1.6,
7.3,1.5,1.7,1.105858141
7.3,1.5,1.8,
7.3,1.5,1.9,
7.3,1.5,2,
7.3,1.5,2.1,
7.3,1.5,2.2,
7.3,1.5,2.3,
7.3,1.5,2.4,
7.3,1.5,2.5,1.172847353
7.3,1.5,2.6,
7.3,1.5,2.7,
7.3,1.5,2.8,
7.3,1.5,2.9,
7.3,1.5,3,1.095292343
7.3,1.5,3.1,
7.3,1.5,3.2,
7.3,1.5,3.3,
7.3,1.5,3.4,
7.3,1.5,3.5,
7.3,1.5,3.6,
7.4,1.5,0,
7.4,1.5,0.1,
7.4,1.5,0.2,
7.4,1.5,0.3,
7.4,1.5,0.4,
7.4,1.5,0.5,
7.4,1.5,0.6,
7.4,1.5,0.7,
7.4,1.5,0.8,
7.4,1.5,0.9,1.151599203
7.4,1.5,1,
7.4,1.5,1.1,
7.4,1.5,1.2,
7.4,1.5,1.3,
7.4,1.5,1.4,
7.4,1.5,1.5,
7.4,1.5,1.6,
7.4,1.5,1.7,1.121705843
7.4,1.5,1.8,
7.4,1.5,1.9,
7.4,1.5,2,
7.4,1.5,2.1,
7.4,1.5,2.2,
7.4,1.5,2.3,
7.4,1.5,2.4,
7.4,1.5,2.5,1.190033156
7.4,1.5,2.6,1.208342146
7.4,1.5,2.7,
7.4,1.5,2.8,
7.4,1.5,2.9,
7.4,1.5,3,
7.4,1.5,3.1,
7.4,1.5,3.2,
7.4,1.5,3.3,
7.4,1.5,3.4,1.057029241
7.4,1.5,3.5,
7.4,1.5,3.6,
7.5,1.5,0,
7.5,1.5,0.1,1.057020997
7.5,1.5,0.2,
7.5,1.5,0.3,
7.5,1.5,0.4,
7.5,1.5,0.5,
7.5,1.5,0.6,
7.5,1.5,0.7,1.112764416
7.5,1.5,0.8,
7.5,1.5,0.9,
7.5,1.5,1,
7.5,1.5,1.1,
7.5,1.5,1.2,
7.5,1.5,1.3,
7.5,1.5,1.4,
7.5,1.5,1.5,
7.5,1.5,1.6,
7.5,1.5,1.7,
7.5,1.5,1.8,
7.5,1.5,1.9,
7.5,1.5,2,1.143555528
7.5,1.5,2.1,1.151164256
7.5,1.5,2.2,
7.5,1.5,2.3,
7.5,1.5,2.4,1.191307579
7.5,1.5,2.5,1.209434346
7.5,1.5,2.6,
7.5,1.5,2.7,
7.5,1.5,2.8,
7.5,1.5,2.9,
7.5,1.5,3,
7.5,1.5,3.1,
7.5,1.5,3.2,
7.5,1.5,3.3,1.068926318
7.5,1.5,3.4,
7.5,1.5,3.5,
7.5,1.5,3.6,
7.6,1.5,0,
7.6,1.5,0.1,
7.6,1.5,0.2,
7.6,1.5,0.3,
7.6,1.5,0.4,1.083833056
7.6,1.5,0.5,
7.6,1.5,0.6,
7.6,1.5,0.7,
7.6,1.5,0.8,1.137668394
7.6,1.5,0.9,1.157962788
7.6,1.5,1,1.156425976
7.6,1.5,1.1,
7.6,1.5,1.2,
7.6,1.5,1.3,
7.6,1.5,1.4,
7.6,1.5,1.5,
7.6,1.5,1.6,1.164289702
7.6,1.5,1.7,
7.6,1.5,1.8,
7.6,1.5,1.9,
7.6,1.5,2,
7.6,1.5,2.1,
7.6,1.5,2.2,
7.6,1.5,2.3,1.195896411
7.6,1.5,2.4,
7.6,1.5,2.5,1.231025905
7.6,1.5,2.6,1.153518086
7.6,1.5,2.7,
7.6,1.5,2.8,
7.6,1.5,2.9,
7.6,1.5,3,
7.6,1.5,3.1,
7.6,1.5,3.2,
7.6,1.5,3.3,
7.6,1.5,3.4,1.06858433
7.6,1.5,3.5,
7.6,1.5,3.6,
7.7,1.5,0,
7.7,1.5,0.1,
7.7,1.5,0.2,
7.7,1.5,0.3,
7.7,1.5,0.4,
7.7,1.5,0.5,
7.7,1.5,0.6,
7.7,1.5,0.7,
7.7,1.5,0.8,
7.7,1.5,0.9,
7.7,1.5,1,
7.7,1.5,1.1,
7.7,1.5,1.2,
7.7,1.5,1.3,
7.7,1.5,1.4,
7.7,1.5,1.5,
7.7,1.5,1.6,1.185822131
7.7,1.5,1.7,
7.7,1.5,1.8,
7.7,1.5,1.9,
7.7,1.5,2,
7.7,1.5,2.1,
7.7,1.5,2.2,
7.7,1.5,2.3,
7.7,1.5,2.4,1.235386177
7.7,1.5,2.5,1.25467337
7.7,1.5,2.6,
7.7,1.5,2.7,
7.7,1.5,2.8,
7.7,1.5,2.9,
7.7,1.5,3,
7.7,1.5,3.1,
7.7,1.5,3.2,
7.7,1.5,3.3,
7.7,1.5,3.4,
7.7,1.5,3.5,1.07285278
7.7,1.5,3.6,
7.8,1.5,0,1.081869826
7.8,1.5,0.1,
7.8,1.5,0.2,
7.8,1.5,0.3,
7.8,1.5,0.4,1.103726333
7.8,1.5,0.5,
7.8,1.5,0.6,
7.8,1.5,0.7,
7.8,1.5,0.8,
7.8,1.5,0.9,
7.8,1.5,1,
7.8,1.5,1.1,
7.8,1.5,1.2,
7.8,1.5,1.3,
7.8,1.5,1.4,
7.8,1.5,1.5,
7.8,1.5,1.6,
7.8,1.5,1.7,
7.8,1.5,1.8,
7.8,1.5,1.9,
7.8,1.5,2,
7.8,1.5,2.1,
7.8,1.5,2.2,
7.8,1.5,2.3,
7.8,1.5,2.4,
7.8,1.5,2.5,
7.8,1.5,2.6,
7.8,1.5,2.7,
7.8,1.5,2.8,
7.8,1.5,2.9,
7.8,1.5,3,
7.8,1.5,3.1,
7.8,1.5,3.2,
7.8,1.5,3.3,
7.8,1.5,3.4,
7.8,1.5,3.5,
7.8,1.5,3.6,
7.9,1.5,0,
7.9,1.5,0.1,
7.9,1.5,0.2,
7.9,1.5,0.3,
7.9,1.5,0.4,
7.9,1.5,0.5,
7.9,1.5,0.6,
7.9,1.5,0.7,
7.9,1.5,0.8,
7.9,1.5,0.9,
7.9,1.5,1,
7.9,1.5,1.1,
7.9,1.5,1.2,
7.9,1.5,1.3,
7.9,1.5,1.4,
7.9,1.5,1.5,1.061301671
7.9,1.5,1.6,
7.9,1.5,1.7,
7.9,1.5,1.8,
7.9,1.5,1.9,
7.9,1.5,2,
7.9,1.5,2.1,
7.9,1.5,2.2,
7.9,1.5,2.3,
7.9,1.5,2.4,1.095569515
7.9,1.5,2.5,
7.9,1.5,2.6,1.133772919
7.9,1.5,2.7,
7.9,1.5,2.8,
7.9,1.5,2.9,1.144091394
7.9,1.5,3,
7.9,1.5,3.1,1.111302084
7.9,1.5,3.2,1.09863916
7.9,1.5,3.3,
7.9,1.5,3.4,
7.9,1.5,3.5,1.09676036
7.9,1.5,3.6,
8,1.5,0,
8,1.5,0.1,
8,1.5,0.2,
8,1.5,0.3,
8,1.5,0.4,
8,1.5,0.5,
8,1.5,0.6,
8,1.5,0.7,
8,1.5,0.8,
8,1.5,0.9,
8,1.5,1,
8,1.5,1.1,
8,1.5,1.2,
8,1.5,1.3,
8,1.5,1.4,
8,1.5,1.5,
8,1.5,1.6,
8,1.5,1.7,
8,1.5,1.8,1.046714746
8,1.5,1.9,
8,1.5,2,1.051755013
8,1.5,2.1,
8,1.5,2.2,
8,1.5,2.3,
8,1.5,2.4,
8,1.5,2.5,1.110862873
8,1.5,2.6,1.130372373
8,1.5,2.7,
8,1.5,2.8,
8,1.5,2.9,
8,1.5,3,
8,1.5,3.1,1.123209395
8,1.5,3.2,
8,1.5,3.3,
8,1.5,3.4,
8,1.5,3.5,2.488763519
8,1.5,3.6,2.497145201
