dx,gb,dz,gb_energy
0,1,0,
0,1,0.1,
0,1,0.2,
0,1,0.3,
0,1,0.4,
0,1,0.5,
0,1,0.6,
0,1,0.7,
0,1,0.8,
0,1,0.9,
0,1,1,
0,1,1.1,
0,1,1.2,
0,1,1.3,
0,1,1.4,
0,1,1.5,
0,1,1.6,
0,1,1.7,
0,1,1.8,
0,1,1.9,
0,1,2,1.197391434
0,1,2.1,
0,1,2.2,
0,1,2.3,
0,1,2.4,1.047972965
0,1,2.5,
0,1,2.6,
0,1,2.7,
0,1,2.8,
0,1,2.9,
0,1,3,
0,1,3.1,
0,1,3.2,
0,1,3.3,
0,1,3.4,
0,1,3.5,
0,1,3.6,
0.1,1,0,1.004321354
0.1,1,0.1,
0.1,1,0.2,
0.1,1,0.3,
0.1,1,0.4,
0.1,1,0.5,
0.1,1,0.6,
0.1,1,0.7,
0.1,1,0.8,
0.1,1,0.9,
0.1,1,1,
0.1,1,1.1,
0.1,1,1.2,
0.1,1,1.3,
0.1,1,1.4,
0.1,1,1.5,
0.1,1,1.6,
0.1,1,1.7,
0.1,1,1.8,
0.1,1,1.9,
0.1,1,2,
0.1,1,2.1,
0.1,1,2.2,
0.1,1,2.3,
0.1,1,2.4,
0.1,1,2.5,
0.1,1,2.6,
0.1,1,2.7,
0.1,1,2.8,
0.1,1,2.9,
0.1,1,3,
0.1,1,3.1,
0.1,1,3.2,
0.1,1,3.3,
0.1,1,3.4,
0.1,1,3.5,
0.1,1,3.6,
0.2,1,0,
0.2,1,0.1,
0.2,1,0.2,
0.2,1,0.3,
0.2,1,0.4,
0.2,1,0.5,
0.2,1,0.6,
0.2,1,0.7,
0.2,1,0.8,
0.2,1,0.9,
0.2,1,1,
0.2,1,1.1,
0.2,1,1.2,
0.2,1,1.3,
0.2,1,1.4,
0.2,1,1.5,
0.2,1,1.6,
0.2,1,1.7,
0.2,1,1.8,
0.2,1,1.9,
0.2,1,2,
0.2,1,2.1,
0.2,1,2.2,
0.2,1,2.3,
0.2,1,2.4,
0.2,1,2.5,
0.2,1,2.6,
0.2,1,2.7,
0.2,1,2.8,
0.2,1,2.9,
0.2,1,3,
0.2,1,3.1,
0.2,1,3.2,
0.2,1,3.3,
0.2,1,3.4,1.006364752
0.2,1,3.5,
0.2,1,3.6,
0.3,1,0,
0.3,1,0.1,
0.3,1,0.2,
0.3,1,0.3,
0.3,1,0.4,
0.3,1,0.5,
0.3,1,0.6,
0.3,1,0.7,
0.3,1,0.8,
0.3,1,0.9,
0.3,1,1,
0.3,1,1.1,1.077455257
0.3,1,1.2,
0.3,1,1.3,
0.3,1,1.4,
0.3,1,1.5,
0.3,1,1.6,
0.3,1,1.7,
0.3,1,1.8,
0.3,1,1.9,
0.3,1,2,
0.3,1,2.1,
0.3,1,2.2,
0.3,1,2.3,
0.3,1,2.4,
0.3,1,2.5,
0.3,1,2.6,
0.3,1,2.7,
0.3,1,2.8,
0.3,1,2.9,
0.3,1,3,
0.3,1,3.1,
0.3,1,3.2,
0.3,1,3.3,
0.3,1,3.4,
0.3,1,3.5,
0.3,1,3.6,
0.4,1,0,
0.4,1,0.1,
0.4,1,0.2,
0.4,1,0.3,
0.4,1,0.4,
0.4,1,0.5,
0.4,1,0.6,
0.4,1,0.7,
0.4,1,0.8,
0.4,1,0.9,
0.4,1,1,
0.4,1,1.1,
0.4,1,1.2,
0.4,1,1.3,
0.4,1,1.4,
0.4,1,1.5,
0.4,1,1.6,
0.4,1,1.7,
0.4,1,1.8,0.99471244
0.4,1,1.9,
0.4,1,2,
0.4,1,2.1,
0.4,1,2.2,
0.4,1,2.3,
0.4,1,2.4,
0.4,1,2.5,
0.4,1,2.6,
0.4,1,2.7,
0.4,1,2.8,
0.4,1,2.9,1.08102239
0.4,1,3,
0.4,1,3.1,
0.4,1,3.2,
0.4,1,3.3,
0.4,1,3.4,
0.4,1,3.5,
0.4,1,3.6,
0.5,1,0,
0.5,1,0.1,
0.5,1,0.2,
0.5,1,0.3,
0.5,1,0.4,
0.5,1,0.5,1.034189982
0.5,1,0.6,
0.5,1,0.7,
0.5,1,0.8,
0.5,1,0.9,
0.5,1,1,
0.5,1,1.1,
0.5,1,1.2,
0.5,1,1.3,
0.5,1,1.4,
0.5,1,1.5,
0.5,1,1.6,
0.5,1,1.7,
0.5,1,1.8,
0.5,1,1.9,
0.5,1,2,
0.5,1,2.1,
0.5,1,2.2,
0.5,1,2.3,
0.5,1,2.4,
0.5,1,2.5,
0.5,1,2.6,
0.5,1,2.7,
0.5,1,2.8,
0.5,1,2.9,
0.5,1,3,
0.5,1,3.1,
0.5,1,3.2,
0.5,1,3.3,
0.5,1,3.4,
0.5,1,3.5,
0.5,1,3.6,
0.6,1,0,
0.6,1,0.1,
0.6,1,0.2,
0.6,1,0.3,
0.6,1,0.4,
0.6,1,0.5,
0.6,1,0.6,
0.6,1,0.7,
0.6,1,0.8,
0.6,1,0.9,
0.6,1,1,
0.6,1,1.1,
0.6,1,1.2,
0.6,1,1.3,
0.6,1,1.4,
0.6,1,1.5,
0.6,1,1.6,
0.6,1,1.7,
0.6,1,1.8,
0.6,1,1.9,
0.6,1,2,
0.6,1,2.1,
0.6,1,2.2,1.033262948
0.6,1,2.3,
0.6,1,2.4,
0.6,1,2.5,
0.6,1,2.6,
0.6,1,2.7,
0.6,1,2.8,
0.6,1,2.9,
0.6,1,3,
0.6,1,3.1,
0.6,1,3.2,
0.6,1,3.3,
0.6,1,3.4,
0.6,1,3.5,
0.6,1,3.6,
0.7,1,0,
0.7,1,0.1,
0.7,1,0.2,
0.7,1,0.3,
0.7,1,0.4,
0.7,1,0.5,
0.7,1,0.6,
0.7,1,0.7,
0.7,1,0.8,
0.7,1,0.9,1.187273091
0.7,1,1,
0.7,1,1.1,1.124855655
0.7,1,1.2,
0.7,1,1.3,
0.7,1,1.4,
0.7,1,1.5,
0.7,1,1.6,
0.7,1,1.7,
0.7,1,1.8,
0.7,1,1.9,
0.7,1,2,
0.7,1,2.1,
0.7,1,2.2,
0.7,1,2.3,
0.7,1,2.4,
0.7,1,2.5,
0.7,1,2.6,
0.7,1,2.7,
0.7,1,2.8,
0.7,1,2.9,
0.7,1,3,
0.7,1,3.1,
0.7,1,3.2,
0.7,1,3.3,
0.7,1,3.4,
0.7,1,3.5,
0.7,1,3.6,
0.8,1,0,
0.8,1,0.1,
0.8,1,0.2,
0.8,1,0.3,
0.8,1,0.4,
0.8,1,0.5,
0.8,1,0.6,
0.8,1,0.7,
0.8,1,0.8,
0.8,1,0.9,
0.8,1,1,
0.8,1,1.1,
0.8,1,1.2,
0.8,1,1.3,
0.8,1,1.4,
0.8,1,1.5,
0.8,1,1.6,
0.8,1,1.7,
0.8,1,1.8,
0.8,1,1.9,
0.8,1,2,
0.8,1,2.1,
0.8,1,2.2,
0.8,1,2.3,
0.8,1,2.4,
0.8,1,2.5,
0.8,1,2.6,
0.8,1,2.7,
0.8,1,2.8,
0.8,1,2.9,
0.8,1,3,
0.8,1,3.1,
0.8,1,3.2,
0.8,1,3.3,
0.8,1,3.4,
0.8,1,3.5,
0.8,1,3.6,
0.9,1,0,
0.9,1,0.1,
0.9,1,0.2,
0.9,1,0.3,
0.9,1,0.4,
0.9,1,0.5,
0.9,1,0.6,
0.9,1,0.7,
0.9,1,0.8,
0.9,1,0.9,
0.9,1,1,1.130784293
0.9,1,1.1,
0.9,1,1.2,
0.9,1,1.3,
0.9,1,1.4,
0.9,1,1.5,
0.9,1,1.6,
0.9,1,1.7,
0.9,1,1.8,
0.9,1,1.9,
0.9,1,2,
0.9,1,2.1,
0.9,1,2.2,
0.9,1,2.3,
0.9,1,2.4,
0.9,1,2.5,
0.9,1,2.6,
0.9,1,2.7,
0.9,1,2.8,
0.9,1,2.9,
0.9,1,3,
0.9,1,3.1,
0.9,1,3.2,
0.9,1,3.3,
0.9,1,3.4,
0.9,1,3.5,
0.9,1,3.6,0.990463321
1,1,0,
1,1,0.1,
1,1,0.2,
1,1,0.3,
1,1,0.4,
1,1,0.5,
1,1,0.6,
1,1,0.7,
1,1,0.8,
1,1,0.9,
1,1,1,
1,1,1.1,
1,1,1.2,
1,1,1.3,
1,1,1.4,
1,1,1.5,
1,1,1.6,
1,1,1.7,
1,1,1.8,
1,1,1.9,
1,1,2,
1,1,2.1,
1,1,2.2,
1,1,2.3,
1,1,2.4,
1,1,2.5,
1,1,2.6,
1,1,2.7,
1,1,2.8,
1,1,2.9,
1,1,3,
1,1,3.1,
1,1,3.2,
1,1,3.3,
1,1,3.4,
1,1,3.5,
1,1,3.6,
1.1,1,0,
1.1,1,0.1,
1.1,1,0.2,
1.1,1,0.3,
1.1,1,0.4,
1.1,1,0.5,
1.1,1,0.6,
1.1,1,0.7,
1.1,1,0.8,
1.1,1,0.9,
1.1,1,1,
1.1,1,1.1,
1.1,1,1.2,
1.1,1,1.3,
1.1,1,1.4,
1.1,1,1.5,
1.1,1,1.6,
1.1,1,1.7,
1.1,1,1.8,
1.1,1,1.9,
1.1,1,2,
1.1,1,2.1,
1.1,1,2.2,
1.1,1,2.3,
1.1,1,2.4,
1.1,1,2.5,
1.1,1,2.6,
1.1,1,2.7,
1.1,1,2.8,
1.1,1,2.9,
1.1,1,3,
1.1,1,3.1,
1.1,1,3.2,
1.1,1,3.3,
1.1,1,3.4,
1.1,1,3.5,
1.1,1,3.6,
1.2,1,0,
1.2,1,0.1,
1.2,1,0.2,
1.2,1,0.3,
1.2,1,0.4,
1.2,1,0.5,1.042871294
1.2,1,0.6,
1.2,1,0.7,
1.2,1,0.8,1.16650452
1.2,1,0.9,
1.2,1,1,
1.2,1,1.1,
1.2,1,1.2,
1.2,1,1.3,
1.2,1,1.4,
1.2,1,1.5,
1.2,1,1.6,
1.2,1,1.7,
1.2,1,1.8,
1.2,1,1.9,
1.2,1,2,
1.2,1,2.1,
1.2,1,2.2,
1.2,1,2.3,
1.2,1,2.4,
1.2,1,2.5,
1.2,1,2.6,1.103669477
1.2,1,2.7,
1.2,1,2.8,1.161935303
1.2,1,2.9,
1.2,1,3,
1.2,1,3.1,
1.2,1,3.2,
1.2,1,3.3,
1.2,1,3.4,
1.2,1,3.5,
1.2,1,3.6,
1.3,1,0,
1.3,1,0.1,
1.3,1,0.2,
1.3,1,0.3,
1.3,1,0.4,
1.3,1,0.5,
1.3,1,0.6,
1.3,1,0.7,
1.3,1,0.8,
1.3,1,0.9,
1.3,1,1,
1.3,1,1.1,
1.3,1,1.2,
1.3,1,1.3,
1.3,1,1.4,
1.3,1,1.5,
1.3,1,1.6,
1.3,1,1.7,
1.3,1,1.8,
1.3,1,1.9,
1.3,1,2,
1.3,1,2.1,
1.3,1,2.2,
1.3,1,2.3,
1.3,1,2.4,
1.3,1,2.5,
1.3,1,2.6,
1.3,1,2.7,
1.3,1,2.8,
1.3,1,2.9,
1.3,1,3,
1.3,1,3.1,
1.3,1,3.2,
1.3,1,3.3,
1.3,1,3.4,
1.3,1,3.5,
1.3,1,3.6,
1.4,1,0,
1.4,1,0.1,
1.4,1,0.2,
1.4,1,0.3,
1.4,1,0.4,
1.4,1,0.5,
1.4,1,0.6,
1.4,1,0.7,
1.4,1,0.8,
1.4,1,0.9,
1.4,1,1,1.100575953
1.4,1,1.1,
1.4,1,1.2,
1.4,1,1.3,
1.4,1,1.4,
1.4,1,1.5,
1.4,1,1.6,
1.4,1,1.7,
1.4,1,1.8,
1.4,1,1.9,
1.4,1,2,
1.4,1,2.1,
1.4,1,2.2,
1.4,1,2.3,
1.4,1,2.4,
1.4,1,2.5,
1.4,1,2.6,
1.4,1,2.7,
1.4,1,2.8,
1.4,1,2.9,
1.4,1,3,
1.4,1,3.1,
1.4,1,3.2,
1.4,1,3.3,
1.4,1,3.4,
1.4,1,3.5,
1.4,1,3.6,
1.5,1,0,
1.5,1,0.1,
1.5,1,0.2,
1.5,1,0.3,
1.5,1,0.4,
1.5,1,0.5,
1.5,1,0.6,
1.5,1,0.7,
1.5,1,0.8,
1.5,1,0.9,
1.5,1,1,
1.5,1,1.1,
1.5,1,1.2,
1.5,1,1.3,
1.5,1,1.4,
1.5,1,1.5,
1.5,1,1.6,
1.5,1,1.7,
1.5,1,1.8,
1.5,1,1.9,
1.5,1,2,
1.5,1,2.1,
1.5,1,2.2,
1.5,1,2.3,
1.5,1,2.4,
1.5,1,2.5,
1.5,1,2.6,
1.5,1,2.7,
1.5,1,2.8,
1.5,1,2.9,
1.5,1,3,1.105160521
1.5,1,3.1,
1.5,1,3.2,
1.5,1,3.3,
1.5,1,3.4,
1.5,1,3.5,
1.5,1,3.6,
1.6,1,0,
1.6,1,0.1,
1.6,1,0.2,
1.6,1,0.3,
1.6,1,0.4,
1.6,1,0.5,
1.6,1,0.6,1.089759421
1.6,1,0.7,
1.6,1,0.8,1.146172885
1.6,1,0.9,
1.6,1,1,
1.6,1,1.1,
1.6,1,1.2,
1.6,1,1.3,
1.6,1,1.4,
1.6,1,1.5,
1.6,1,1.6,
1.6,1,1.7,
1.6,1,1.8,
1.6,1,1.9,
1.6,1,2,
1.6,1,2.1,
1.6,1,2.2,
1.6,1,2.3,
1.6,1,2.4,
1.6,1,2.5,
1.6,1,2.6,
1.6,1,2.7,
1.6,1,2.8,
1.6,1,2.9,
1.6,1,3,
1.6,1,3.1,
1.6,1,3.2,
1.6,1,3.3,
1.6,1,3.4,
1.6,1,3.5,
1.6,1,3.6,
1.7,1,0,
1.7,1,0.1,
1.7,1,0.2,
1.7,1,0.3,
1.7,1,0.4,
1.7,1,0.5,
1.7,1,0.6,
1.7,1,0.7,
1.7,1,0.8,
1.7,1,0.9,
1.7,1,1,
1.7,1,1.1,
1.7,1,1.2,
1.7,1,1.3,
1.7,1,1.4,
1.7,1,1.5,
1.7,1,1.6,
1.7,1,1.7,
1.7,1,1.8,0.990575896
1.7,1,1.9,
1.7,1,2,
1.7,1,2.1,
1.7,1,2.2,
1.7,1,2.3,
1.7,1,2.4,
1.7,1,2.5,
1.7,1,2.6,
1.7,1,2.7,
1.7,1,2.8,
1.7,1,2.9,
1.7,1,3,
1.7,1,3.1,
1.7,1,3.2,
1.7,1,3.3,
1.7,1,3.4,
1.7,1,3.5,
1.7,1,3.6,
1.8,1,0,
1.8,1,0.1,
1.8,1,0.2,
1.8,1,0.3,
1.8,1,0.4,
1.8,1,0.5,
1.8,1,0.6,
1.8,1,0.7,
1.8,1,0.8,
1.8,1,0.9,
1.8,1,1,
1.8,1,1.1,
1.8,1,1.2,
1.8,1,1.3,
1.8,1,1.4,
1.8,1,1.5,
1.8,1,1.6,
1.8,1,1.7,
1.8,1,1.8,
1.8,1,1.9,
1.8,1,2,
1.8,1,2.1,
1.8,1,2.2,
1.8,1,2.3,
1.8,1,2.4,
1.8,1,2.5,
1.8,1,2.6,
1.8,1,2.7,
1.8,1,2.8,
1.8,1,2.9,
1.8,1,3,
1.8,1,3.1,
1.8,1,3.2,
1.8,1,3.3,
1.8,1,3.4,
1.8,1,3.5,
1.8,1,3.6,
1.9,1,0,
1.9,1,0.1,
1.9,1,0.2,
1.9,1,0.3,
1.9,1,0.4,
1.9,1,0.5,
1.9,1,0.6,
1.9,1,0.7,
1.9,1,0.8,
1.9,1,0.9,
1.9,1,1,1.104248838
1.9,1,1.1,
1.9,1,1.2,
1.9,1,1.3,
1.9,1,1.4,
1.9,1,1.5,
1.9,1,1.6,
1.9,1,1.7,
1.9,1,1.8,
1.9,1,1.9,
1.9,1,2,
1.9,1,2.1,
1.9,1,2.2,
1.9,1,2.3,
1.9,1,2.4,
1.9,1,2.5,
1.9,1,2.6,
1.9,1,2.7,
1.9,1,2.8,
1.9,1,2.9,
1.9,1,3,
1.9,1,3.1,
1.9,1,3.2,
1.9,1,3.3,
1.9,1,3.4,
1.9,1,3.5,
1.9,1,3.6,
2,1,0,
2,1,0.1,0.994303646
2,1,0.2,
2,1,0.3,
2,1,0.4,
2,1,0.5,
2,1,0.6,
2,1,0.7,
2,1,0.8,
2,1,0.9,
2,1,1,
2,1,1.1,1.082301077
2,1,1.2,
2,1,1.3,
2,1,1.4,
2,1,1.5,
2,1,1.6,
2,1,1.7,
2,1,1.8,
2,1,1.9,
2,1,2,
2,1,2.1,
2,1,2.2,
2,1,2.3,
2,1,2.4,1.05589639
2,1,2.5,
2,1,2.6,
2,1,2.7,
2,1,2.8,1.113161838
2,1,2.9,
2,1,3,
2,1,3.1,
2,1,3.2,
2,1,3.3,
2,1,3.4,
2,1,3.5,
2,1,3.6,
2.1,1,0,
2.1,1,0.1,
2.1,1,0.2,
2.1,1,0.3,
2.1,1,0.4,
2.1,1,0.5,
2.1,1,0.6,
2.1,1,0.7,
2.1,1,0.8,
2.1,1,0.9,
2.1,1,1,
2.1,1,1.1,
2.1,1,1.2,
2.1,1,1.3,
2.1,1,1.4,
2.1,1,1.5,
2.1,1,1.6,
2.1,1,1.7,
2.1,1,1.8,
2.1,1,1.9,
2.1,1,2,
2.1,1,2.1,
2.1,1,2.2,
2.1,1,2.3,
2.1,1,2.4,
2.1,1,2.5,
2.1,1,2.6,
2.1,1,2.7,
2.1,1,2.8,
2.1,1,2.9,
2.1,1,3,
2.1,1,3.1,
2.1,1,3.2,
2.1,1,3.3,
2.1,1,3.4,
2.1,1,3.5,
2.1,1,3.6,
2.2,1,0,
2.2,1,0.1,
2.2,1,0.2,
2.2,1,0.3,
2.2,1,0.4,
2.2,1,0.5,
2.2,1,0.6,
2.2,1,0.7,
2.2,1,0.8,
2.2,1,0.9,
2.2,1,1,
2.2,1,1.1,
2.2,1,1.2,
2.2,1,1.3,
2.2,1,1.4,
2.2,1,1.5,
2.2,1,1.6,
2.2,1,1.7,
2.2,1,1.8,
2.2,1,1.9,
2.2,1,2,
2.2,1,2.1,
2.2,1,2.2,
2.2,1,2.3,
2.2,1,2.4,
2.2,1,2.5,
2.2,1,2.6,
2.2,1,2.7,
2.2,1,2.8,
2.2,1,2.9,
2.2,1,3,
2.2,1,3.1,
2.2,1,3.2,
2.2,1,3.3,
2.2,1,3.4,
2.2,1,3.5,
2.2,1,3.6,
2.3,1,0,
2.3,1,0.1,
2.3,1,0.2,
2.3,1,0.3,
2.3,1,0.4,
2.3,1,0.5,
2.3,1,0.6,
2.3,1,0.7,
2.3,1,0.8,
2.3,1,0.9,
2.3,1,1,
2.3,1,1.1,
2.3,1,1.2,
2.3,1,1.3,
2.3,1,1.4,
2.3,1,1.5,
2.3,1,1.6,
2.3,1,1.7,
2.3,1,1.8,
2.3,1,1.9,
2.3,1,2,
2.3,1,2.1,
2.3,1,2.2,
2.3,1,2.3,
2.3,1,2.4,
2.3,1,2.5,
2.3,1,2.6,
2.3,1,2.7,
2.3,1,2.8,
2.3,1,2.9,
2.3,1,3,
2.3,1,3.1,1.035757212
2.3,1,3.2,
2.3,1,3.3,
2.3,1,3.4,
2.3,1,3.5,
2.3,1,3.6,
2.4,1,0,
2.4,1,0.1,
2.4,1,0.2,
2.4,1,0.3,
2.4,1,0.4,1.017674508
2.4,1,0.5,
2.4,1,0.6,
2.4,1,0.7,
2.4,1,0.8,
2.4,1,0.9,
2.4,1,1,
2.4,1,1.1,
2.4,1,1.2,
2.4,1,1.3,
2.4,1,1.4,
2.4,1,1.5,
2.4,1,1.6,
2.4,1,1.7,
2.4,1,1.8,
2.4,1,1.9,
2.4,1,2,
2.4,1,2.1,
2.4,1,2.2,
2.4,1,2.3,
2.4,1,2.4,
2.4,1,2.5,
2.4,1,2.6,
2.4,1,2.7,
2.4,1,2.8,
2.4,1,2.9,
2.4,1,3,
2.4,1,3.1,
2.4,1,3.2,
2.4,1,3.3,
2.4,1,3.4,
2.4,1,3.5,
2.4,1,3.6,
2.5,1,0,
2.5,1,0.1,
2.5,1,0.2,
2.5,1,0.3,
2.5,1,0.4,
2.5,1,0.5,
2.5,1,0.6,
2.5,1,0.7,
2.5,1,0.8,
2.5,1,0.9,1.124650121
2.5,1,1,
2.5,1,1.1,
2.5,1,1.2,
2.5,1,1.3,
2.5,1,1.4,
2.5,1,1.5,
2.5,1,1.6,1.028147631
2.5,1,1.7,
2.5,1,1.8,
2.5,1,1.9,
2.5,1,2,
2.5,1,2.1,
2.5,1,2.2,
2.5,1,2.3,
2.5,1,2.4,
2.5,1,2.5,
2.5,1,2.6,
2.5,1,2.7,
2.5,1,2.8,
2.5,1,2.9,
2.5,1,3,
2.5,1,3.1,
2.5,1,3.2,
2.5,1,3.3,
2.5,1,3.4,
2.5,1,3.5,
2.5,1,3.6,
2.6,1,0,
2.6,1,0.1,
2.6,1,0.2,
2.6,1,0.3,
2.6,1,0.4,
2.6,1,0.5,
2.6,1,0.6,
2.6,1,0.7,
2.6,1,0.8,
2.6,1,0.9,
2.6,1,1,
2.6,1,1.1,
2.6,1,1.2,
2.6,1,1.3,
2.6,1,1.4,
2.6,1,1.5,
2.6,1,1.6,
2.6,1,1.7,
2.6,1,1.8,
2.6,1,1.9,
2.6,1,2,
2.6,1,2.1,
2.6,1,2.2,
2.6,1,2.3,
2.6,1,2.4,
2.6,1,2.5,1.133613722
2.6,1,2.6,
2.6,1,2.7,
2.6,1,2.8,
2.6,1,2.9,
2.6,1,3,
2.6,1,3.1,
2.6,1,3.2,
2.6,1,3.3,
2.6,1,3.4,
2.6,1,3.5,
2.6,1,3.6,
2.7,1,0,
2.7,1,0.1,
2.7,1,0.2,
2.7,1,0.3,
2.7,1,0.4,
2.7,1,0.5,
2.7,1,0.6,
2.7,1,0.7,
2.7,1,0.8,
2.7,1,0.9,
2.7,1,1,
2.7,1,1.1,
2.7,1,1.2,
2.7,1,1.3,
2.7,1,1.4,
2.7,1,1.5,
2.7,1,1.6,
2.7,1,1.7,
2.7,1,1.8,
2.7,1,1.9,
2.7,1,2,
2.7,1,2.1,
2.7,1,2.2,
2.7,1,2.3,
2.7,1,2.4,
2.7,1,2.5,
2.7,1,2.6,
2.7,1,2.7,
2.7,1,2.8,
2.7,1,2.9,
2.7,1,3,
2.7,1,3.1,
2.7,1,3.2,
2.7,1,3.3,
2.7,1,3.4,
2.7,1,3.5,
2.7,1,3.6,
2.8,1,0,
2.8,1,0.1,
2.8,1,0.2,
2.8,1,0.3,
2.8,1,0.4,
2.8,1,0.5,
2.8,1,0.6,
2.8,1,0.7,
2.8,1,0.8,
2.8,1,0.9,
2.8,1,1,
2.8,1,1.1,
2.8,1,1.2,
2.8,1,1.3,
2.8,1,1.4,
2.8,1,1.5,
2.8,1,1.6,
2.8,1,1.7,
2.8,1,1.8,
2.8,1,1.9,
2.8,1,2,
2.8,1,2.1,
2.8,1,2.2,
2.8,1,2.3,
2.8,1,2.4,
2.8,1,2.5,
2.8,1,2.6,
2.8,1,2.7,
2.8,1,2.8,
2.8,1,2.9,1.081971598
2.8,1,3,
2.8,1,3.1,
2.8,1,3.2,
2.8,1,3.3,
2.8,1,3.4,
2.8,1,3.5,
2.8,1,3.6,
2.9,1,0,
2.9,1,0.1,
2.9,1,0.2,
2.9,1,0.3,
2.9,1,0.4,
2.9,1,0.5,
2.9,1,0.6,
2.9,1,0.7,
2.9,1,0.8,
2.9,1,0.9,
2.9,1,1,
2.9,1,1.1,
2.9,1,1.2,1.06290472
2.9,1,1.3,
2.9,1,1.4,
2.9,1,1.5,
2.9,1,1.6,
2.9,1,1.7,
2.9,1,1.8,
2.9,1,1.9,
2.9,1,2,
2.9,1,2.1,
2.9,1,2.2,
2.9,1,2.3,
2.9,1,2.4,
2.9,1,2.5,
2.9,1,2.6,
2.9,1,2.7,
2.9,1,2.8,
2.9,1,2.9,
2.9,1,3,
2.9,1,3.1,
2.9,1,3.2,
2.9,1,3.3,
2.9,1,3.4,
2.9,1,3.5,
2.9,1,3.6,
3,1,0,
3,1,0.1,
3,1,0.2,
3,1,0.3,
3,1,0.4,
3,1,0.5,
3,1,0.6,
3,1,0.7,
3,1,0.8,
3,1,0.9,
3,1,1,
3,1,1.1,
3,1,1.2,
3,1,1.3,
3,1,1.4,
3,1,1.5,
3,1,1.6,
3,1,1.7,
3,1,1.8,
3,1,1.9,
3,1,2,
3,1,2.1,
3,1,2.2,
3,1,2.3,
3,1,2.4,
3,1,2.5,
3,1,2.6,
3,1,2.7,
3,1,2.8,
3,1,2.9,
3,1,3,
3,1,3.1,
3,1,3.2,
3,1,3.3,
3,1,3.4,
3,1,3.5,
3,1,3.6,
3.1,1,0,
3.1,1,0.1,
3.1,1,0.2,
3.1,1,0.3,
3.1,1,0.4,
3.1,1,0.5,
3.1,1,0.6,
3.1,1,0.7,
3.1,1,0.8,
3.1,1,0.9,
3.1,1,1,
3.1,1,1.1,
3.1,1,1.2,
3.1,1,1.3,
3.1,1,1.4,
3.1,1,1.5,
3.1,1,1.6,
3.1,1,1.7,
3.1,1,1.8,
3.1,1,1.9,
3.1,1,2,
3.1,1,2.1,
3.1,1,2.2,
3.1,1,2.3,
3.1,1,2.4,
3.1,1,2.5,
3.1,1,2.6,
3.1,1,2.7,
3.1,1,2.8,
3.1,1,2.9,
3.1,1,3,
3.1,1,3.1,
3.1,1,3.2,
3.1,1,3.3,
3.1,1,3.4,
3.1,1,3.5,
3.1,1,3.6,
3.2,1,0,
3.2,1,0.1,1.012647318
3.2,1,0.2,
3.2,1,0.3,
3.2,1,0.4,
3.2,1,0.5,
3.2,1,0.6,
3.2,1,0.7,1.106846579
3.2,1,0.8,
3.2,1,0.9,
3.2,1,1,
3.2,1,1.1,
3.2,1,1.2,
3.2,1,1.3,
3.2,1,1.4,
3.2,1,1.5,
3.2,1,1.6,
3.2,1,1.7,
3.2,1,1.8,
3.2,1,1.9,
3.2,1,2,
3.2,1,2.1,
3.2,1,2.2,1.018110024
3.2,1,2.3,
3.2,1,2.4,
3.2,1,2.5,
3.2,1,2.6,
3.2,1,2.7,
3.2,1,2.8,
3.2,1,2.9,
3.2,1,3,
3.2,1,3.1,
3.2,1,3.2,
3.2,1,3.3,
3.2,1,3.4,
3.2,1,3.5,
3.2,1,3.6,
3.3,1,0,
3.3,1,0.1,
3.3,1,0.2,
3.3,1,0.3,
3.3,1,0.4,
3.3,1,0.5,
3.3,1,0.6,
3.3,1,0.7,
3.3,1,0.8,
3.3,1,0.9,
3.3,1,1,1.212968787
3.3,1,1.1,
3.3,1,1.2,
3.3,1,1.3,
3.3,1,1.4,
3.3,1,1.5,
3.3,1,1.6,
3.3,1,1.7,
3.3,1,1.8,
3.3,1,1.9,
3.3,1,2,
3.3,1,2.1,
3.3,1,2.2,
3.3,1,2.3,
3.3,1,2.4,
3.3,1,2.5,1.066372924
3.3,1,2.6,
3.3,1,2.7,
3.3,1,2.8,
3.3,1,2.9,
3.3,1,3,1.095715919
3.3,1,3.1,
3.3,1,3.2,
3.3,1,3.3,
3.3,1,3.4,
3.3,1,3.5,
3.3,1,3.6,
3.4,1,0,
3.4,1,0.1,
3.4,1,0.2,
3.4,1,0.3,
3.4,1,0.4,
3.4,1,0.5,
3.4,1,0.6,
3.4,1,0.7,
3.4,1,0.8,
3.4,1,0.9,1.19326882
3.4,1,1,
3.4,1,1.1,
3.4,1,1.2,
3.4,1,1.3,
3.4,1,1.4,
3.4,1,1.5,
3.4,1,1.6,
3.4,1,1.7,
3.4,1,1.8,
3.4,1,1.9,
3.4,1,2,
3.4,1,2.1,
3.4,1,2.2,
3.4,1,2.3,
3.4,1,2.4,
3.4,1,2.5,
3.4,1,2.6,
3.4,1,2.7,
3.4,1,2.8,
3.4,1,2.9,
3.4,1,3,
3.4,1,3.1,
3.4,1,3.2,
3.4,1,3.3,
3.4,1,3.4,
3.4,1,3.5,1.009297374
3.4,1,3.6,
3.5,1,0,
3.5,1,0.1,
3.5,1,0.2,
3.5,1,0.3,
3.5,1,0.4,
3.5,1,0.5,
3.5,1,0.6,
3.5,1,0.7,
3.5,1,0.8,
3.5,1,0.9,
3.5,1,1,1.245590087
3.5,1,1.1,
3.5,1,1.2,
3.5,1,1.3,
3.5,1,1.4,
3.5,1,1.5,
3.5,1,1.6,
3.5,1,1.7,
3.5,1,1.8,
3.5,1,1.9,
3.5,1,2,
3.5,1,2.1,
3.5,1,2.2,
3.5,1,2.3,
3.5,1,2.4,
3.5,1,2.5,
3.5,1,2.6,
3.5,1,2.7,
3.5,1,2.8,
3.5,1,2.9,
3.5,1,3,
3.5,1,3.1,
3.5,1,3.2,
3.5,1,3.3,
3.5,1,3.4,
3.5,1,3.5,
3.5,1,3.6,
3.6,1,0,
3.6,1,0.1,
3.6,1,0.2,
3.6,1,0.3,
3.6,1,0.4,
3.6,1,0.5,1.041297241
3.6,1,0.6,
3.6,1,0.7,
3.6,1,0.8,
3.6,1,0.9,
3.6,1,1,
3.6,1,1.1,
3.6,1,1.2,
3.6,1,1.3,
3.6,1,1.4,
3.6,1,1.5,
3.6,1,1.6,
3.6,1,1.7,
3.6,1,1.8,
3.6,1,1.9,
3.6,1,2,
3.6,1,2.1,
3.6,1,2.2,
3.6,1,2.3,
3.6,1,2.4,
3.6,1,2.5,
3.6,1,2.6,
3.6,1,2.7,1.13934166
3.6,1,2.8,
3.6,1,2.9,
3.6,1,3,
3.6,1,3.1,
3.6,1,3.2,
3.6,1,3.3,
3.6,1,3.4,
3.6,1,3.5,
3.6,1,3.6,
3.7,1,0,
3.7,1,0.1,
3.7,1,0.2,
3.7,1,0.3,
3.7,1,0.4,
3.7,1,0.5,
3.7,1,0.6,
3.7,1,0.7,
3.7,1,0.8,
3.7,1,0.9,
3.7,1,1,
3.7,1,1.1,
3.7,1,1.2,
3.7,1,1.3,
3.7,1,1.4,
3.7,1,1.5,
3.7,1,1.6,
3.7,1,1.7,
3.7,1,1.8,
3.7,1,1.9,
3.7,1,2,
3.7,1,2.1,
3.7,1,2.2,
3.7,1,2.3,
3.7,1,2.4,
3.7,1,2.5,
3.7,1,2.6,
3.7,1,2.7,
3.7,1,2.8,
3.7,1,2.9,
3.7,1,3,
3.7,1,3.1,
3.7,1,3.2,
3.7,1,3.3,
3.7,1,3.4,
3.7,1,3.5,
3.7,1,3.6,
3.8,1,0,
3.8,1,0.1,
3.8,1,0.2,
3.8,1,0.3,
3.8,1,0.4,
3.8,1,0.5,
3.8,1,0.6,
3.8,1,0.7,
3.8,1,0.8,
3.8,1,0.9,1.124595255
3.8,1,1,
3.8,1,1.1,1.089011483
3.8,1,1.2,
3.8,1,1.3,
3.8,1,1.4,
3.8,1,1.5,
3.8,1,1.6,
3.8,1,1.7,
3.8,1,1.8,
3.8,1,1.9,
3.8,1,2,
3.8,1,2.1,
3.8,1,2.2,
3.8,1,2.3,
3.8,1,2.4,
3.8,1,2.5,
3.8,1,2.6,
3.8,1,2.7,
3.8,1,2.8,
3.8,1,2.9,
3.8,1,3,
3.8,1,3.1,
3.8,1,3.2,
3.8,1,3.3,
3.8,1,3.4,
3.8,1,3.5,
3.8,1,3.6,
3.9,1,0,
3.9,1,0.1,
3.9,1,0.2,
3.9,1,0.3,
3.9,1,0.4,
3.9,1,0.5,
3.9,1,0.6,
3.9,1,0.7,
3.9,1,0.8,
3.9,1,0.9,
3.9,1,1,
3.9,1,1.1,1.181591775
3.9,1,1.2,
3.9,1,1.3,
3.9,1,1.4,
3.9,1,1.5,
3.9,1,1.6,
3.9,1,1.7,
3.9,1,1.8,
3.9,1,1.9,1.003001731
3.9,1,2,
3.9,1,2.1,
3.9,1,2.2,
3.9,1,2.3,
3.9,1,2.4,
3.9,1,2.5,
3.9,1,2.6,
3.9,1,2.7,
3.9,1,2.8,
3.9,1,2.9,
3.9,1,3,
3.9,1,3.1,
3.9,1,3.2,
3.9,1,3.3,
3.9,1,3.4,
3.9,1,3.5,
3.9,1,3.6,
4,1,0,
4,1,0.1,
4,1,0.2,
4,1,0.3,
4,1,0.4,
4,1,0.5,
4,1,0.6,
4,1,0.7,
4,1,0.8,
4,1,0.9,
4,1,1,
4,1,1.1,
4,1,1.2,
4,1,1.3,
4,1,1.4,
4,1,1.5,
4,1,1.6,
4,1,1.7,
4,1,1.8,
4,1,1.9,
4,1,2,
4,1,2.1,
4,1,2.2,
4,1,2.3,
4,1,2.4,
4,1,2.5,
4,1,2.6,
4,1,2.7,
4,1,2.8,
4,1,2.9,
4,1,3,
4,1,3.1,
4,1,3.2,
4,1,3.3,
4,1,3.4,
4,1,3.5,
4,1,3.6,
4.1,1,0,
4.1,1,0.1,
4.1,1,0.2,
4.1,1,0.3,
4.1,1,0.4,
4.1,1,0.5,
4.1,1,0.6,1.049601884
4.1,1,0.7,
4.1,1,0.8,
4.1,1,0.9,1.120415217
4.1,1,1,
4.1,1,1.1,
4.1,1,1.2,
4.1,1,1.3,
4.1,1,1.4,
4.1,1,1.5,
4.1,1,1.6,
4.1,1,1.7,
4.1,1,1.8,
4.1,1,1.9,
4.1,1,2,
4.1,1,2.1,
4.1,1,2.2,
4.1,1,2.3,
4.1,1,2.4,
4.1,1,2.5,
4.1,1,2.6,
4.1,1,2.7,
4.1,1,2.8,
4.1,1,2.9,
4.1,1,3,
4.1,1,3.1,
4.1,1,3.2,
4.1,1,3.3,
4.1,1,3.4,
4.1,1,3.5,
4.1,1,3.6,
4.2,1,0,
4.2,1,0.1,
4.2,1,0.2,
4.2,1,0.3,1.005905641
4.2,1,0.4,
4.2,1,0.5,
4.2,1,0.6,
4.2,1,0.7,
4.2,1,0.8,
4.2,1,0.9,
4.2,1,1,
4.2,1,1.1,
4.2,1,1.2,
4.2,1,1.3,
4.2,1,1.4,
4.2,1,1.5,
4.2,1,1.6,
4.2,1,1.7,
4.2,1,1.8,
4.2,1,1.9,
4.2,1,2,
4.2,1,2.1,
4.2,1,2.2,
4.2,1,2.3,
4.2,1,2.4,
4.2,1,2.5,
4.2,1,2.6,
4.2,1,2.7,
4.2,1,2.8,
4.2,1,2.9,
4.2,1,3,
4.2,1,3.1,
4.2,1,3.2,
4.2,1,3.3,
4.2,1,3.4,
4.2,1,3.5,
4.2,1,3.6,
4.3,1,0,
4.3,1,0.1,
4.3,1,0.2,
4.3,1,0.3,
4.3,1,0.4,
4.3,1,0.5,
4.3,1,0.6,
4.3,1,0.7,
4.3,1,0.8,
4.3,1,0.9,
4.3,1,1,
4.3,1,1.1,
4.3,1,1.2,
4.3,1,1.3,1.044368591
4.3,1,1.4,
4.3,1,1.5,
4.3,1,1.6,
4.3,1,1.7,
4.3,1,1.8,
4.3,1,1.9,
4.3,1,2,
4.3,1,2.1,
4.3,1,2.2,
4.3,1,2.3,
4.3,1,2.4,
4.3,1,2.5,
4.3,1,2.6,
4.3,1,2.7,
4.3,1,2.8,
4.3,1,2.9,
4.3,1,3,
4.3,1,3.1,
4.3,1,3.2,
4.3,1,3.3,
4.3,1,3.4,
4.3,1,3.5,
4.3,1,3.6,
4.4,1,0,
4.4,1,0.1,
4.4,1,0.2,
4.4,1,0.3,
4.4,1,0.4,
4.4,1,0.5,
4.4,1,0.6,
4.4,1,0.7,
4.4,1,0.8,
4.4,1,0.9,
4.4,1,1,
4.4,1,1.1,
4.4,1,1.2,
4.4,1,1.3,
4.4,1,1.4,
4.4,1,1.5,
4.4,1,1.6,
4.4,1,1.7,
4.4,1,1.8,
4.4,1,1.9,
4.4,1,2,
4.4,1,2.1,
4.4,1,2.2,
4.4,1,2.3,
4.4,1,2.4,
4.4,1,2.5,
4.4,1,2.6,
4.4,1,2.7,
4.4,1,2.8,
4.4,1,2.9,
4.4,1,3,
4.4,1,3.1,
4.4,1,3.2,
4.4,1,3.3,
4.4,1,3.4,
4.4,1,3.5,
4.4,1,3.6,
4.5,1,0,
4.5,1,0.1,
4.5,1,0.2,
4.5,1,0.3,
4.5,1,0.4,
4.5,1,0.5,
4.5,1,0.6,
4.5,1,0.7,
4.5,1,0.8,
4.5,1,0.9,
4.5,1,1,
4.5,1,1.1,
4.5,1,1.2,
4.5,1,1.3,
4.5,1,1.4,
4.5,1,1.5,
4.5,1,1.6,
4.5,1,1.7,
4.5,1,1.8,
4.5,1,1.9,
4.5,1,2,
4.5,1,2.1,
4.5,1,2.2,
4.5,1,2.3,
4.5,1,2.4,1.051439748
4.5,1,2.5,
4.5,1,2.6,
4.5,1,2.7,
4.5,1,2.8,
4.5,1,2.9,1.087345892
4.5,1,3,
4.5,1,3.1,
4.5,1,3.2,
4.5,1,3.3,
4.5,1,3.4,
4.5,1,3.5,
4.5,1,3.6,
4.6,1,0,
4.6,1,0.1,
4.6,1,0.2,
4.6,1,0.3,
4.6,1,0.4,
4.6,1,0.5,
4.6,1,0.6,
4.6,1,0.7,
4.6,1,0.8,
4.6,1,0.9,
4.6,1,1,
4.6,1,1.1,
4.6,1,1.2,
4.6,1,1.3,
4.6,1,1.4,
4.6,1,1.5,
4.6,1,1.6,
4.6,1,1.7,
4.6,1,1.8,
4.6,1,1.9,
4.6,1,2,
4.6,1,2.1,
4.6,1,2.2,
4.6,1,2.3,
4.6,1,2.4,
4.6,1,2.5,
4.6,1,2.6,
4.6,1,2.7,
4.6,1,2.8,
4.6,1,2.9,
4.6,1,3,
4.6,1,3.1,
4.6,1,3.2,
4.6,1,3.3,
4.6,1,3.4,
4.6,1,3.5,
4.6,1,3.6,
4.7,1,0,
4.7,1,0.1,
4.7,1,0.2,
4.7,1,0.3,
4.7,1,0.4,
4.7,1,0.5,
4.7,1,0.6,
4.7,1,0.7,
4.7,1,0.8,
4.7,1,0.9,
4.7,1,1,1.226099634
4.7,1,1.1,
4.7,1,1.2,
4.7,1,1.3,
4.7,1,1.4,
4.7,1,1.5,
4.7,1,1.6,
4.7,1,1.7,
4.7,1,1.8,
4.7,1,1.9,
4.7,1,2,
4.7,1,2.1,
4.7,1,2.2,
4.7,1,2.3,
4.7,1,2.4,
4.7,1,2.5,
4.7,1,2.6,
4.7,1,2.7,
4.7,1,2.8,
4.7,1,2.9,
4.7,1,3,
4.7,1,3.1,
4.7,1,3.2,
4.7,1,3.3,
4.7,1,3.4,
4.7,1,3.5,
4.7,1,3.6,
4.8,1,0,
4.8,1,0.1,
4.8,1,0.2,
4.8,1,0.3,
4.8,1,0.4,
4.8,1,0.5,
4.8,1,0.6,
4.8,1,0.7,
4.8,1,0.8,
4.8,1,0.9,
4.8,1,1,
4.8,1,1.1,
4.8,1,1.2,
4.8,1,1.3,
4.8,1,1.4,
4.8,1,1.5,
4.8,1,1.6,
4.8,1,1.7,
4.8,1,1.8,
4.8,1,1.9,
4.8,1,2,
4.8,1,2.1,
4.8,1,2.2,
4.8,1,2.3,
4.8,1,2.4,
4.8,1,2.5,
4.8,1,2.6,
4.8,1,2.7,
4.8,1,2.8,
4.8,1,2.9,
4.8,1,3,
4.8,1,3.1,
4.8,1,3.2,
4.8,1,3.3,
4.8,1,3.4,
4.8,1,3.5,
4.8,1,3.6,
4.9,1,0,
4.9,1,0.1,
4.9,1,0.2,
4.9,1,0.3,
4.9,1,0.4,
4.9,1,0.5,
4.9,1,0.6,
4.9,1,0.7,
4.9,1,0.8,
4.9,1,0.9,
4.9,1,1,
4.9,1,1.1,
4.9,1,1.2,
4.9,1,1.3,
4.9,1,1.4,
4.9,1,1.5,
4.9,1,1.6,
4.9,1,1.7,
4.9,1,1.8,
4.9,1,1.9,
4.9,1,2,
4.9,1,2.1,
4.9,1,2.2,
4.9,1,2.3,
4.9,1,2.4,
4.9,1,2.5,
4.9,1,2.6,
4.9,1,2.7,
4.9,1,2.8,
4.9,1,2.9,
4.9,1,3,
4.9,1,3.1,
4.9,1,3.2,
4.9,1,3.3,
4.9,1,3.4,
4.9,1,3.5,
4.9,1,3.6,1.009357926
5,1,0,
5,1,0.1,
5,1,0.2,
5,1,0.3,
5,1,0.4,
5,1,0.5,
5,1,0.6,
5,1,0.7,
5,1,0.8,
5,1,0.9,
5,1,1,
5,1,1.1,
5,1,1.2,
5,1,1.3,
5,1,1.4,
5,1,1.5,
5,1,1.6,
5,1,1.7,
5,1,1.8,
5,1,1.9,
5,1,2,
5,1,2.1,
5,1,2.2,
5,1,2.3,
5,1,2.4,
5,1,2.5,1.07682302
5,1,2.6,
5,1,2.7,
5,1,2.8,
5,1,2.9,
5,1,3,
5,1,3.1,1.053683846
5,1,3.2,
5,1,3.3,
5,1,3.4,
5,1,3.5,
5,1,3.6,
5.1,1,0,
5.1,1,0.1,
5.1,1,0.2,
5.1,1,0.3,
5.1,1,0.4,
5.1,1,0.5,
5.1,1,0.6,
5.1,1,0.7,
5.1,1,0.8,1.114604838
5.1,1,0.9,
5.1,1,1,
5.1,1,1.1,
5.1,1,1.2,
5.1,1,1.3,
5.1,1,1.4,
5.1,1,1.5,
5.1,1,1.6,
5.1,1,1.7,
5.1,1,1.8,
5.1,1,1.9,
5.1,1,2,
5.1,1,2.1,
5.1,1,2.2,
5.1,1,2.3,
5.1,1,2.4,
5.1,1,2.5,
5.1,1,2.6,
5.1,1,2.7,
5.1,1,2.8,
5.1,1,2.9,
5.1,1,3,
5.1,1,3.1,
5.1,1,3.2,
5.1,1,3.3,
5.1,1,3.4,
5.1,1,3.5,
5.1,1,3.6,
5.2,1,0,0.993706092
5.2,1,0.1,
5.2,1,0.2,
5.2,1,0.3,
5.2,1,0.4,
5.2,1,0.5,
5.2,1,0.6,
5.2,1,0.7,
5.2,1,0.8,
5.2,1,0.9,
5.2,1,1,
5.2,1,1.1,
5.2,1,1.2,
5.2,1,1.3,
5.2,1,1.4,
5.2,1,1.5,
5.2,1,1.6,
5.2,1,1.7,
5.2,1,1.8,
5.2,1,1.9,
5.2,1,2,
5.2,1,2.1,
5.2,1,2.2,
5.2,1,2.3,
5.2,1,2.4,
5.2,1,2.5,
5.2,1,2.6,
5.2,1,2.7,
5.2,1,2.8,
5.2,1,2.9,
5.2,1,3,
5.2,1,3.1,
5.2,1,3.2,
5.2,1,3.3,
5.2,1,3.4,
5.2,1,3.5,
5.2,1,3.6,
5.3,1,0,
5.3,1,0.1,
5.3,1,0.2,
5.3,1,0.3,
5.3,1,0.4,
5.3,1,0.5,
5.3,1,0.6,
5.3,1,0.7,
5.3,1,0.8,
5.3,1,0.9,
5.3,1,1,
5.3,1,1.1,
5.3,1,1.2,
5.3,1,1.3,
5.3,1,1.4,
5.3,1,1.5,
5.3,1,1.6,1.003902896
5.3,1,1.7,
5.3,1,1.8,
5.3,1,1.9,
5.3,1,2,
5.3,1,2.1,
5.3,1,2.2,
5.3,1,2.3,
5.3,1,2.4,
5.3,1,2.5,
5.3,1,2.6,
5.3,1,2.7,
5.3,1,2.8,
5.3,1,2.9,
5.3,1,3,
5.3,1,3.1,
5.3,1,3.2,
5.3,1,3.3,
5.3,1,3.4,
5.3,1,3.5,
5.3,1,3.6,
5.4,1,0,
5.4,1,0.1,
5.4,1,0.2,
5.4,1,0.3,
5.4,1,0.4,
5.4,1,0.5,
5.4,1,0.6,
5.4,1,0.7,
5.4,1,0.8,
5.4,1,0.9,
5.4,1,1,
5.4,1,1.1,
5.4,1,1.2,
5.4,1,1.3,
5.4,1,1.4,
5.4,1,1.5,
5.4,1,1.6,
5.4,1,1.7,
5.4,1,1.8,
5.4,1,1.9,
5.4,1,2,
5.4,1,2.1,
5.4,1,2.2,
5.4,1,2.3,
5.4,1,2.4,
5.4,1,2.5,
5.4,1,2.6,
5.4,1,2.7,
5.4,1,2.8,
5.4,1,2.9,
5.4,1,3,
5.4,1,3.1,
5.4,1,3.2,
5.4,1,3.3,
5.4,1,3.4,
5.4,1,3.5,
5.4,1,3.6,
5.5,1,0,
5.5,1,0.1,
5.5,1,0.2,
5.5,1,0.3,
5.5,1,0.4,
5.5,1,0.5,
5.5,1,0.6,
5.5,1,0.7,
5.5,1,0.8,
5.5,1,0.9,
5.5,1,1,
5.5,1,1.1,
5.5,1,1.2,
5.5,1,1.3,
5.5,1,1.4,
5.5,1,1.5,
5.5,1,1.6,
5.5,1,1.7,
5.5,1,1.8,
5.5,1,1.9,
5.5,1,2,
5.5,1,2.1,
5.5,1,2.2,
5.5,1,2.3,
5.5,1,2.4,
5.5,1,2.5,
5.5,1,2.6,
5.5,1,2.7,
5.5,1,2.8,
5.5,1,2.9,
5.5,1,3,
5.5,1,3.1,
5.5,1,3.2,
5.5,1,3.3,
5.5,1,3.4,
5.5,1,3.5,
5.5,1,3.6,
5.6,1,0,
5.6,1,0.1,
5.6,1,0.2,
5.6,1,0.3,
5.6,1,0.4,
5.6,1,0.5,
5.6,1,0.6,1.051012476
5.6,1,0.7,
5.6,1,0.8,
5.6,1,0.9,
5.6,1,1,
5.6,1,1.1,
5.6,1,1.2,
5.6,1,1.3,
5.6,1,1.4,
5.6,1,1.5,
5.6,1,1.6,
5.6,1,1.7,
5.6,1,1.8,
5.6,1,1.9,
5.6,1,2,
5.6,1,2.1,
5.6,1,2.2,
5.6,1,2.3,
5.6,1,2.4,
5.6,1,2.5,
5.6,1,2.6,
5.6,1,2.7,
5.6,1,2.8,
5.6,1,2.9,
5.6,1,3,
5.6,1,3.1,
5.6,1,3.2,
5.6,1,3.3,
5.6,1,3.4,
5.6,1,3.5,
5.6,1,3.6,
5.7,1,0,
5.7,1,0.1,
5.7,1,0.2,
5.7,1,0.3,
5.7,1,0.4,
5.7,1,0.5,
5.7,1,0.6,
5.7,1,0.7,
5.7,1,0.8,
5.7,1,0.9,
5.7,1,1,
5.7,1,1.1,
5.7,1,1.2,
5.7,1,1.3,
5.7,1,1.4,
5.7,1,1.5,
5.7,1,1.6,
5.7,1,1.7,
5.7,1,1.8,
5.7,1,1.9,
5.7,1,2,
5.7,1,2.1,
5.7,1,2.2,
5.7,1,2.3,
5.7,1,2.4,
5.7,1,2.5,
5.7,1,2.6,
5.7,1,2.7,1.129314571
5.7,1,2.8,
5.7,1,2.9,
5.7,1,3,
5.7,1,3.1,
5.7,1,3.2,
5.7,1,3.3,
5.7,1,3.4,
5.7,1,3.5,
5.7,1,3.6,
5.8,1,0,
5.8,1,0.1,
5.8,1,0.2,
5.8,1,0.3,
5.8,1,0.4,
5.8,1,0.5,
5.8,1,0.6,
5.8,1,0.7,
5.8,1,0.8,
5.8,1,0.9,
5.8,1,1,
5.8,1,1.1,
5.8,1,1.2,1.075924414
5.8,1,1.3,
5.8,1,1.4,
5.8,1,1.5,
5.8,1,1.6,
5.8,1,1.7,
5.8,1,1.8,
5.8,1,1.9,
5.8,1,2,
5.8,1,2.1,
5.8,1,2.2,
5.8,1,2.3,
5.8,1,2.4,
5.8,1,2.5,
5.8,1,2.6,
5.8,1,2.7,
5.8,1,2.8,
5.8,1,2.9,
5.8,1,3,
5.8,1,3.1,
5.8,1,3.2,
5.8,1,3.3,
5.8,1,3.4,
5.8,1,3.5,
5.8,1,3.6,
5.9,1,0,
5.9,1,0.1,
5.9,1,0.2,
5.9,1,0.3,
5.9,1,0.4,
5.9,1,0.5,
5.9,1,0.6,
5.9,1,0.7,
5.9,1,0.8,
5.9,1,0.9,
5.9,1,1,
5.9,1,1.1,
5.9,1,1.2,
5.9,1,1.3,
5.9,1,1.4,
5.9,1,1.5,
5.9,1,1.6,1.005458186
5.9,1,1.7,
5.9,1,1.8,
5.9,1,1.9,
5.9,1,2,
5.9,1,2.1,
5.9,1,2.2,
5.9,1,2.3,
5.9,1,2.4,
5.9,1,2.5,
5.9,1,2.6,
5.9,1,2.7,
5.9,1,2.8,
5.9,1,2.9,
5.9,1,3,
5.9,1,3.1,
5.9,1,3.2,
5.9,1,3.3,
5.9,1,3.4,
5.9,1,3.5,
5.9,1,3.6,
6,1,0,
6,1,0.1,
6,1,0.2,
6,1,0.3,
6,1,0.4,
6,1,0.5,
6,1,0.6,
6,1,0.7,
6,1,0.8,
6,1,0.9,
6,1,1,
6,1,1.1,
6,1,1.2,
6,1,1.3,
6,1,1.4,
6,1,1.5,
6,1,1.6,
6,1,1.7,
6,1,1.8,
6,1,1.9,
6,1,2,
6,1,2.1,
6,1,2.2,
6,1,2.3,
6,1,2.4,
6,1,2.5,1.082796575
6,1,2.6,
6,1,2.7,
6,1,2.8,
6,1,2.9,
6,1,3,
6,1,3.1,
6,1,3.2,
6,1,3.3,
6,1,3.4,
6,1,3.5,
6,1,3.6,
6.1,1,0,
6.1,1,0.1,
6.1,1,0.2,
6.1,1,0.3,
6.1,1,0.4,
6.1,1,0.5,
6.1,1,0.6,
6.1,1,0.7,
6.1,1,0.8,
6.1,1,0.9,
6.1,1,1,
6.1,1,1.1,
6.1,1,1.2,
6.1,1,1.3,
6.1,1,1.4,1.021923342
6.1,1,1.5,
6.1,1,1.6,
6.1,1,1.7,
6.1,1,1.8,
6.1,1,1.9,
6.1,1,2,
6.1,1,2.1,
6.1,1,2.2,
6.1,1,2.3,
6.1,1,2.4,
6.1,1,2.5,
6.1,1,2.6,
6.1,1,2.7,
6.1,1,2.8,
6.1,1,2.9,
6.1,1,3,
6.1,1,3.1,
6.1,1,3.2,
6.1,1,3.3,
6.1,1,3.4,
6.1,1,3.5,
6.1,1,3.6,
6.2,1,0,
6.2,1,0.1,
6.2,1,0.2,
6.2,1,0.3,
6.2,1,0.4,
6.2,1,0.5,
6.2,1,0.6,
6.2,1,0.7,
6.2,1,0.8,
6.2,1,0.9,
6.2,1,1,1.103639344
6.2,1,1.1,
6.2,1,1.2,
6.2,1,1.3,
6.2,1,1.4,
6.2,1,1.5,
6.2,1,1.6,
6.2,1,1.7,
6.2,1,1.8,
6.2,1,1.9,
6.2,1,2,
6.2,1,2.1,
6.2,1,2.2,
6.2,1,2.3,
6.2,1,2.4,
6.2,1,2.5,
6.2,1,2.6,
6.2,1,2.7,
6.2,1,2.8,
6.2,1,2.9,
6.2,1,3,
6.2,1,3.1,1.047434256
6.2,1,3.2,
6.2,1,3.3,
6.2,1,3.4,
6.2,1,3.5,
6.2,1,3.6,
6.3,1,0,1.00071556
6.3,1,0.1,
6.3,1,0.2,
6.3,1,0.3,
6.3,1,0.4,
6.3,1,0.5,
6.3,1,0.6,
6.3,1,0.7,
6.3,1,0.8,
6.3,1,0.9,
6.3,1,1,
6.3,1,1.1,
6.3,1,1.2,
6.3,1,1.3,
6.3,1,1.4,
6.3,1,1.5,
6.3,1,1.6,
6.3,1,1.7,
6.3,1,1.8,
6.3,1,1.9,
6.3,1,2,
6.3,1,2.1,1.005291599
6.3,1,2.2,
6.3,1,2.3,
6.3,1,2.4,
6.3,1,2.5,
6.3,1,2.6,
6.3,1,2.7,
6.3,1,2.8,
6.3,1,2.9,
6.3,1,3,
6.3,1,3.1,
6.3,1,3.2,
6.3,1,3.3,
6.3,1,3.4,
6.3,1,3.5,
6.3,1,3.6,
6.4,1,0,
6.4,1,0.1,
6.4,1,0.2,
6.4,1,0.3,
6.4,1,0.4,
6.4,1,0.5,
6.4,1,0.6,
6.4,1,0.7,
6.4,1,0.8,
6.4,1,0.9,
6.4,1,1,
6.4,1,1.1,
6.4,1,1.2,
6.4,1,1.3,
6.4,1,1.4,
6.4,1,1.5,
6.4,1,1.6,
6.4,1,1.7,
6.4,1,1.8,
6.4,1,1.9,
6.4,1,2,
6.4,1,2.1,
6.4,1,2.2,
6.4,1,2.3,
6.4,1,2.4,
6.4,1,2.5,
6.4,1,2.6,
6.4,1,2.7,
6.4,1,2.8,
6.4,1,2.9,
6.4,1,3,
6.4,1,3.1,
6.4,1,3.2,
6.4,1,3.3,
6.4,1,3.4,
6.4,1,3.5,
6.4,1,3.6,
6.5,1,0,
6.5,1,0.1,
6.5,1,0.2,
6.5,1,0.3,
6.5,1,0.4,
6.5,1,0.5,
6.5,1,0.6,
6.5,1,0.7,
6.5,1,0.8,
6.5,1,0.9,
6.5,1,1,
6.5,1,1.1,
6.5,1,1.2,
6.5,1,1.3,
6.5,1,1.4,
6.5,1,1.5,
6.5,1,1.6,
6.5,1,1.7,
6.5,1,1.8,
6.5,1,1.9,
6.5,1,2,
6.5,1,2.1,
6.5,1,2.2,
6.5,1,2.3,
6.5,1,2.4,
6.5,1,2.5,
6.5,1,2.6,
6.5,1,2.7,
6.5,1,2.8,
6.5,1,2.9,
6.5,1,3,
6.5,1,3.1,
6.5,1,3.2,
6.5,1,3.3,
6.5,1,3.4,
6.5,1,3.5,
6.5,1,3.6,
6.6,1,0,
6.6,1,0.1,
6.6,1,0.2,1.033298483
6.6,1,0.3,
6.6,1,0.4,
6.6,1,0.5,
6.6,1,0.6,
6.6,1,0.7,
6.6,1,0.8,
6.6,1,0.9,
6.6,1,1,
6.6,1,1.1,
6.6,1,1.2,
6.6,1,1.3,
6.6,1,1.4,
6.6,1,1.5,
6.6,1,1.6,
6.6,1,1.7,
6.6,1,1.8,
6.6,1,1.9,
6.6,1,2,
6.6,1,2.1,
6.6,1,2.2,
6.6,1,2.3,
6.6,1,2.4,
6.6,1,2.5,
6.6,1,2.6,
6.6,1,2.7,
6.6,1,2.8,
6.6,1,2.9,
6.6,1,3,
6.6,1,3.1,
6.6,1,3.2,
6.6,1,3.3,
6.6,1,3.4,
6.6,1,3.5,
6.6,1,3.6,
6.7,1,0,
6.7,1,0.1,
6.7,1,0.2,
6.7,1,0.3,
6.7,1,0.4,
6.7,1,0.5,
6.7,1,0.6,
6.7,1,0.7,
6.7,1,0.8,
6.7,1,0.9,
6.7,1,1,
6.7,1,1.1,
6.7,1,1.2,
6.7,1,1.3,
6.7,1,1.4,
6.7,1,1.5,
6.7,1,1.6,
6.7,1,1.7,
6.7,1,1.8,
6.7,1,1.9,
6.7,1,2,
6.7,1,2.1,
6.7,1,2.2,
6.7,1,2.3,
6.7,1,2.4,
6.7,1,2.5,
6.7,1,2.6,
6.7,1,2.7,
6.7,1,2.8,
6.7,1,2.9,
6.7,1,3,
6.7,1,3.1,
6.7,1,3.2,
6.7,1,3.3,
6.7,1,3.4,
6.7,1,3.5,
6.7,1,3.6,
6.8,1,0,
6.8,1,0.1,
6.8,1,0.2,
6.8,1,0.3,
6.8,1,0.4,
6.8,1,0.5,
6.8,1,0.6,
6.8,1,0.7,
6.8,1,0.8,
6.8,1,0.9,
6.8,1,1,1.103978773
6.8,1,1.1,
6.8,1,1.2,
6.8,1,1.3,
6.8,1,1.4,
6.8,1,1.5,
6.8,1,1.6,
6.8,1,1.7,
6.8,1,1.8,
6.8,1,1.9,
6.8,1,2,
6.8,1,2.1,
6.8,1,2.2,
6.8,1,2.3,
6.8,1,2.4,
6.8,1,2.5,
6.8,1,2.6,
6.8,1,2.7,
6.8,1,2.8,
6.8,1,2.9,
6.8,1,3,
6.8,1,3.1,
6.8,1,3.2,
6.8,1,3.3,
6.8,1,3.4,
6.8,1,3.5,
6.8,1,3.6,
6.9,1,0,
6.9,1,0.1,
6.9,1,0.2,
6.9,1,0.3,
6.9,1,0.4,
6.9,1,0.5,
6.9,1,0.6,
6.9,1,0.7,
6.9,1,0.8,
6.9,1,0.9,
6.9,1,1,
6.9,1,1.1,
6.9,1,1.2,
6.9,1,1.3,
6.9,1,1.4,
6.9,1,1.5,
6.9,1,1.6,
6.9,1,1.7,
6.9,1,1.8,
6.9,1,1.9,
6.9,1,2,
6.9,1,2.1,
6.9,1,2.2,
6.9,1,2.3,
6.9,1,2.4,
6.9,1,2.5,1.079079343
6.9,1,2.6,
6.9,1,2.7,
6.9,1,2.8,
6.9,1,2.9,
6.9,1,3,
6.9,1,3.1,
6.9,1,3.2,
6.9,1,3.3,
6.9,1,3.4,
6.9,1,3.5,
6.9,1,3.6,
7,1,0,
7,1,0.1,
7,1,0.2,
7,1,0.3,
7,1,0.4,
7,1,0.5,
7,1,0.6,
7,1,0.7,
7,1,0.8,
7,1,0.9,
7,1,1,
7,1,1.1,
7,1,1.2,1.064741162
7,1,1.3,
7,1,1.4,
7,1,1.5,
7,1,1.6,
7,1,1.7,
7,1,1.8,
7,1,1.9,
7,1,2,
7,1,2.1,
7,1,2.2,
7,1,2.3,
7,1,2.4,
7,1,2.5,
7,1,2.6,
7,1,2.7,
7,1,2.8,
7,1,2.9,1.086287237
7,1,3,
7,1,3.1,1.04165259
7,1,3.2,
7,1,3.3,
7,1,3.4,
7,1,3.5,
7,1,3.6,
7.1,1,0,
7.1,1,0.1,
7.1,1,0.2,
7.1,1,0.3,
7.1,1,0.4,
7.1,1,0.5,
7.1,1,0.6,
7.1,1,0.7,
7.1,1,0.8,
7.1,1,0.9,
7.1,1,1,
7.1,1,1.1,
7.1,1,1.2,
7.1,1,1.3,
7.1,1,1.4,
7.1,1,1.5,
7.1,1,1.6,
7.1,1,1.7,
7.1,1,1.8,
7.1,1,1.9,
7.1,1,2,
7.1,1,2.1,
7.1,1,2.2,
7.1,1,2.3,
7.1,1,2.4,
7.1,1,2.5,
7.1,1,2.6,
7.1,1,2.7,
7.1,1,2.8,
7.1,1,2.9,
7.1,1,3,
7.1,1,3.1,
7.1,1,3.2,
7.1,1,3.3,
7.1,1,3.4,
7.1,1,3.5,
7.1,1,3.6,
7.2,1,0,
7.2,1,0.1,
7.2,1,0.2,
7.2,1,0.3,
7.2,1,0.4,
7.2,1,0.5,
7.2,1,0.6,
7.2,1,0.7,
7.2,1,0.8,
7.2,1,0.9,
7.2,1,1,
7.2,1,1.1,
7.2,1,1.2,
7.2,1,1.3,
7.2,1,1.4,
7.2,1,1.5,
7.2,1,1.6,
7.2,1,1.7,
7.2,1,1.8,
7.2,1,1.9,
7.2,1,2,
7.2,1,2.1,
7.2,1,2.2,
7.2,1,2.3,
7.2,1,2.4,
7.2,1,2.5,
7.2,1,2.6,
7.2,1,2.7,
7.2,1,2.8,
7.2,1,2.9,
7.2,1,3,
7.2,1,3.1,
7.2,1,3.2,
7.2,1,3.3,
7.2,1,3.4,
7.2,1,3.5,
7.2,1,3.6,
7.3,1,0,
7.3,1,0.1,
7.3,1,0.2,
7.3,1,0.3,
7.3,1,0.4,
7.3,1,0.5,
7.3,1,0.6,
7.3,1,0.7,
7.3,1,0.8,
7.3,1,0.9,
7.3,1,1,
7.3,1,1.1,
7.3,1,1.2,
7.3,1,1.3,
7.3,1,1.4,
7.3,1,1.5,
7.3,1,1.6,
7.3,1,1.7,
7.3,1,1.8,
7.3,1,1.9,
7.3,1,2,
7.3,1,2.1,
7.3,1,2.2,
7.3,1,2.3,
7.3,1,2.4,
7.3,1,2.5,
7.3,1,2.6,
7.3,1,2.7,
7.3,1,2.8,
7.3,1,2.9,
7.3,1,3,
7.3,1,3.1,
7.3,1,3.2,
7.3,1,3.3,
7.3,1,3.4,
7.3,1,3.5,
7.3,1,3.6,
7.4,1,0,
7.4,1,0.1,
7.4,1,0.2,
7.4,1,0.3,
7.4,1,0.4,
7.4,1,0.5,
7.4,1,0.6,
7.4,1,0.7,
7.4,1,0.8,
7.4,1,0.9,
7.4,1,1,
7.4,1,1.1,
7.4,1,1.2,
7.4,1,1.3,
7.4,1,1.4,
7.4,1,1.5,
7.4,1,1.6,
7.4,1,1.7,
7.4,1,1.8,
7.4,1,1.9,
7.4,1,2,
7.4,1,2.1,
7.4,1,2.2,
7.4,1,2.3,
7.4,1,2.4,
7.4,1,2.5,1.122817658
7.4,1,2.6,
7.4,1,2.7,
7.4,1,2.8,
7.4,1,2.9,
7.4,1,3,
7.4,1,3.1,
7.4,1,3.2,
7.4,1,3.3,
7.4,1,3.4,
7.4,1,3.5,
7.4,1,3.6,
7.5,1,0,
7.5,1,0.1,
7.5,1,0.2,
7.5,1,0.3,
7.5,1,0.4,
7.5,1,0.5,
7.5,1,0.6,
7.5,1,0.7,
7.5,1,0.8,
7.5,1,0.9,
7.5,1,1,
7.5,1,1.1,
7.5,1,1.2,
7.5,1,1.3,
7.5,1,1.4,
7.5,1,1.5,
7.5,1,1.6,
7.5,1,1.7,
7.5,1,1.8,
7.5,1,1.9,
7.5,1,2,
7.5,1,2.1,
7.5,1,2.2,
7.5,1,2.3,
7.5,1,2.4,
7.5,1,2.5,
7.5,1,2.6,
7.5,1,2.7,
7.5,1,2.8,
7.5,1,2.9,
7.5,1,3,
7.5,1,3.1,
7.5,1,3.2,
7.5,1,3.3,
7.5,1,3.4,
7.5,1,3.5,
7.5,1,3.6,
7.6,1,0,
7.6,1,0.1,
7.6,1,0.2,
7.6,1,0.3,
7.6,1,0.4,
7.6,1,0.5,1.034345198
7.6,1,0.6,
7.6,1,0.7,
7.6,1,0.8,
7.6,1,0.9,
7.6,1,1,
7.6,1,1.1,1.087039439
7.6,1,1.2,
7.6,1,1.3,
7.6,1,1.4,
7.6,1,1.5,
7.6,1,1.6,
7.6,1,1.7,
7.6,1,1.8,
7.6,1,1.9,
7.6,1,2,
7.6,1,2.1,
7.6,1,2.2,
7.6,1,2.3,
7.6,1,2.4,
7.6,1,2.5,
7.6,1,2.6,
7.6,1,2.7,
7.6,1,2.8,
7.6,1,2.9,
7.6,1,3,
7.6,1,3.1,
7.6,1,3.2,
7.6,1,3.3,
7.6,1,3.4,
7.6,1,3.5,
7.6,1,3.6,
7.7,1,0,
7.7,1,0.1,
7.7,1,0.2,0.998843298
7.7,1,0.3,
7.7,1,0.4,
7.7,1,0.5,
7.7,1,0.6,
7.7,1,0.7,
7.7,1,0.8,
7.7,1,0.9,
7.7,1,1,
7.7,1,1.1,
7.7,1,1.2,
7.7,1,1.3,
7.7,1,1.4,1.02387577
7.7,1,1.5,
7.7,1,1.6,
7.7,1,1.7,
7.7,1,1.8,
7.7,1,1.9,
7.7,1,2,
7.7,1,2.1,
7.7,1,2.2,
7.7,1,2.3,1.03733496
7.7,1,2.4,
7.7,1,2.5,
7.7,1,2.6,
7.7,1,2.7,
7.7,1,2.8,
7.7,1,2.9,
7.7,1,3,
7.7,1,3.1,
7.7,1,3.2,
7.7,1,3.3,
7.7,1,3.4,
7.7,1,3.5,
7.7,1,3.6,
7.8,1,0,
7.8,1,0.1,
7.8,1,0.2,
7.8,1,0.3,
7.8,1,0.4,
7.8,1,0.5,
7.8,1,0.6,
7.8,1,0.7,
7.8,1,0.8,
7.8,1,0.9,
7.8,1,1,
7.8,1,1.1,
7.8,1,1.2,
7.8,1,1.3,
7.8,1,1.4,
7.8,1,1.5,
7.8,1,1.6,
7.8,1,1.7,
7.8,1,1.8,
7.8,1,1.9,
7.8,1,2,
7.8,1,2.1,
7.8,1,2.2,
7.8,1,2.3,
7.8,1,2.4,
7.8,1,2.5,
7.8,1,2.6,1.097425289
7.8,1,2.7,
7.8,1,2.8,
7.8,1,2.9,
7.8,1,3,
7.8,1,3.1,
7.8,1,3.2,
7.8,1,3.3,
7.8,1,3.4,
7.8,1,3.5,
7.8,1,3.6,
7.9,1,0,
7.9,1,0.1,
7.9,1,0.2,
7.9,1,0.3,
7.9,1,0.4,
7.9,1,0.5,
7.9,1,0.6,
7.9,1,0.7,
7.9,1,0.8,
7.9,1,0.9,
7.9,1,1,
7.9,1,1.1,
7.9,1,1.2,
7.9,1,1.3,
7.9,1,1.4,
7.9,1,1.5,
7.9,1,1.6,
7.9,1,1.7,
7.9,1,1.8,
7.9,1,1.9,
7.9,1,2,
7.9,1,2.1,
7.9,1,2.2,
7.9,1,2.3,
7.9,1,2.4,
7.9,1,2.5,
7.9,1,2.6,
7.9,1,2.7,
7.9,1,2.8,
7.9,1,2.9,
7.9,1,3,
7.9,1,3.1,
7.9,1,3.2,
7.9,1,3.3,
7.9,1,3.4,
7.9,1,3.5,
7.9,1,3.6,
8,1,0,
8,1,0.1,
8,1,0.2,
8,1,0.3,
8,1,0.4,
8,1,0.5,
8,1,0.6,
8,1,0.7,
8,1,0.8,
8,1,0.9,
8,1,1,
8,1,1.1,
8,1,1.2,
8,1,1.3,
8,1,1.4,
8,1,1.5,
8,1,1.6,
8,1,1.7,
8,1,1.8,
8,1,1.9,
8,1,2,
8,1,2.1,
8,1,2.2,
8,1,2.3,
8,1,2.4,
8,1,2.5,
8,1,2.6,
8,1,2.7,
8,1,2.8,
8,1,2.9,
8,1,3,
8,1,3.1,1.058873359
8,1,3.2,
8,1,3.3,
8,1,3.4,
8,1,3.5,
8,1,3.6,1.005693569
0,1.1,0,
0,1.1,0.1,
0,1.1,0.2,
0,1.1,0.3,
0,1.1,0.4,
0,1.1,0.5,
0,1.1,0.6,
0,1.1,0.7,
0,1.1,0.8,
0,1.1,0.9,
0,1.1,1,
0,1.1,1.1,
0,1.1,1.2,1.271756833
0,1.1,1.3,
0,1.1,1.4,
0,1.1,1.5,
0,1.1,1.6,
0,1.1,1.7,
0,1.1,1.8,
0,1.1,1.9,
0,1.1,2,
0,1.1,2.1,
0,1.1,2.2,
0,1.1,2.3,
0,1.1,2.4,
0,1.1,2.5,
0,1.1,2.6,1.336185828
0,1.1,2.7,1.377706767
0,1.1,2.8,1.423840702
0,1.1,2.9,
0,1.1,3,1.529453481
0,1.1,3.1,
0,1.1,3.2,
0,1.1,3.3,
0,1.1,3.4,
0,1.1,3.5,
0,1.1,3.6,0.997708456
0.1,1.1,0,
0.1,1.1,0.1,
0.1,1.1,0.2,
0.1,1.1,0.3,
0.1,1.1,0.4,
0.1,1.1,0.5,
0.1,1.1,0.6,
0.1,1.1,0.7,
0.1,1.1,0.8,1.12003144
0.1,1.1,0.9,
0.1,1.1,1,1.066189848
0.1,1.1,1.1,
0.1,1.1,1.2,
0.1,1.1,1.3,1.005520443
0.1,1.1,1.4,
0.1,1.1,1.5,
0.1,1.1,1.6,
0.1,1.1,1.7,
0.1,1.1,1.8,
0.1,1.1,1.9,
0.1,1.1,2,
0.1,1.1,2.1,
0.1,1.1,2.2,
0.1,1.1,2.3,
0.1,1.1,2.4,
0.1,1.1,2.5,
0.1,1.1,2.6,1.06516218
0.1,1.1,2.7,
0.1,1.1,2.8,
0.1,1.1,2.9,
0.1,1.1,3,1.055058335
0.1,1.1,3.1,
0.1,1.1,3.2,
0.1,1.1,3.3,
0.1,1.1,3.4,
0.1,1.1,3.5,
0.1,1.1,3.6,
0.2,1.1,0,
0.2,1.1,0.1,0.982642521
0.2,1.1,0.2,
0.2,1.1,0.3,
0.2,1.1,0.4,
0.2,1.1,0.5,
0.2,1.1,0.6,
0.2,1.1,0.7,
0.2,1.1,0.8,
0.2,1.1,0.9,
0.2,1.1,1,
0.2,1.1,1.1,
0.2,1.1,1.2,
0.2,1.1,1.3,
0.2,1.1,1.4,
0.2,1.1,1.5,
0.2,1.1,1.6,
0.2,1.1,1.7,
0.2,1.1,1.8,
0.2,1.1,1.9,
0.2,1.1,2,
0.2,1.1,2.1,
0.2,1.1,2.2,
0.2,1.1,2.3,
0.2,1.1,2.4,
0.2,1.1,2.5,
0.2,1.1,2.6,
0.2,1.1,2.7,
0.2,1.1,2.8,
0.2,1.1,2.9,
0.2,1.1,3,
0.2,1.1,3.1,
0.2,1.1,3.2,
0.2,1.1,3.3,
0.2,1.1,3.4,
0.2,1.1,3.5,
0.2,1.1,3.6,
0.3,1.1,0,
0.3,1.1,0.1,
0.3,1.1,0.2,
0.3,1.1,0.3,
0.3,1.1,0.4,
0.3,1.1,0.5,
0.3,1.1,0.6,
0.3,1.1,0.7,
0.3,1.1,0.8,
0.3,1.1,0.9,
0.3,1.1,1,
0.3,1.1,1.1,
0.3,1.1,1.2,
0.3,1.1,1.3,
0.3,1.1,1.4,
0.3,1.1,1.5,
0.3,1.1,1.6,
0.3,1.1,1.7,0.970276385
0.3,1.1,1.8,
0.3,1.1,1.9,
0.3,1.1,2,
0.3,1.1,2.1,
0.3,1.1,2.2,
0.3,1.1,2.3,
0.3,1.1,2.4,
0.3,1.1,2.5,
0.3,1.1,2.6,
0.3,1.1,2.7,1.094201281
0.3,1.1,2.8,
0.3,1.1,2.9,
0.3,1.1,3,
0.3,1.1,3.1,
0.3,1.1,3.2,
0.3,1.1,3.3,
0.3,1.1,3.4,
0.3,1.1,3.5,
0.3,1.1,3.6,
0.4,1.1,0,
0.4,1.1,0.1,
0.4,1.1,0.2,
0.4,1.1,0.3,
0.4,1.1,0.4,
0.4,1.1,0.5,
0.4,1.1,0.6,
0.4,1.1,0.7,
0.4,1.1,0.8,
0.4,1.1,0.9,
0.4,1.1,1,
0.4,1.1,1.1,
0.4,1.1,1.2,
0.4,1.1,1.3,
0.4,1.1,1.4,
0.4,1.1,1.5,
0.4,1.1,1.6,
0.4,1.1,1.7,
0.4,1.1,1.8,
0.4,1.1,1.9,
0.4,1.1,2,
0.4,1.1,2.1,
0.4,1.1,2.2,
0.4,1.1,2.3,1.01285342
0.4,1.1,2.4,
0.4,1.1,2.5,
0.4,1.1,2.6,
0.4,1.1,2.7,
0.4,1.1,2.8,1.244102455
0.4,1.1,2.9,
0.4,1.1,3,
0.4,1.1,3.1,
0.4,1.1,3.2,
0.4,1.1,3.3,
0.4,1.1,3.4,
0.4,1.1,3.5,
0.4,1.1,3.6,
0.5,1.1,0,
0.5,1.1,0.1,
0.5,1.1,0.2,
0.5,1.1,0.3,
0.5,1.1,0.4,
0.5,1.1,0.5,
0.5,1.1,0.6,
0.5,1.1,0.7,1.044486567
0.5,1.1,0.8,
0.5,1.1,0.9,
0.5,1.1,1,
0.5,1.1,1.1,
0.5,1.1,1.2,
0.5,1.1,1.3,
0.5,1.1,1.4,
0.5,1.1,1.5,
0.5,1.1,1.6,
0.5,1.1,1.7,
0.5,1.1,1.8,
0.5,1.1,1.9,
0.5,1.1,2,
0.5,1.1,2.1,
0.5,1.1,2.2,
0.5,1.1,2.3,
0.5,1.1,2.4,1.037008324
0.5,1.1,2.5,
0.5,1.1,2.6,
0.5,1.1,2.7,
0.5,1.1,2.8,
0.5,1.1,2.9,
0.5,1.1,3,
0.5,1.1,3.1,
0.5,1.1,3.2,
0.5,1.1,3.3,
0.5,1.1,3.4,
0.5,1.1,3.5,
0.5,1.1,3.6,
0.6,1.1,0,
0.6,1.1,0.1,
0.6,1.1,0.2,
0.6,1.1,0.3,
0.6,1.1,0.4,
0.6,1.1,0.5,
0.6,1.1,0.6,
0.6,1.1,0.7,
0.6,1.1,0.8,
0.6,1.1,0.9,
0.6,1.1,1,
0.6,1.1,1.1,
0.6,1.1,1.2,
0.6,1.1,1.3,1.072265459
0.6,1.1,1.4,
0.6,1.1,1.5,
0.6,1.1,1.6,
0.6,1.1,1.7,
0.6,1.1,1.8,
0.6,1.1,1.9,
0.6,1.1,2,
0.6,1.1,2.1,
0.6,1.1,2.2,
0.6,1.1,2.3,
0.6,1.1,2.4,
0.6,1.1,2.5,
0.6,1.1,2.6,
0.6,1.1,2.7,
0.6,1.1,2.8,
0.6,1.1,2.9,
0.6,1.1,3,
0.6,1.1,3.1,
0.6,1.1,3.2,
0.6,1.1,3.3,
0.6,1.1,3.4,
0.6,1.1,3.5,
0.6,1.1,3.6,
0.7,1.1,0,
0.7,1.1,0.1,
0.7,1.1,0.2,
0.7,1.1,0.3,
0.7,1.1,0.4,
0.7,1.1,0.5,
0.7,1.1,0.6,
0.7,1.1,0.7,
0.7,1.1,0.8,
0.7,1.1,0.9,
0.7,1.1,1,
0.7,1.1,1.1,
0.7,1.1,1.2,
0.7,1.1,1.3,
0.7,1.1,1.4,
0.7,1.1,1.5,
0.7,1.1,1.6,
0.7,1.1,1.7,
0.7,1.1,1.8,
0.7,1.1,1.9,
0.7,1.1,2,
0.7,1.1,2.1,
0.7,1.1,2.2,
0.7,1.1,2.3,
0.7,1.1,2.4,
0.7,1.1,2.5,
0.7,1.1,2.6,
0.7,1.1,2.7,
0.7,1.1,2.8,
0.7,1.1,2.9,
0.7,1.1,3,
0.7,1.1,3.1,
0.7,1.1,3.2,0.992392154
0.7,1.1,3.3,
0.7,1.1,3.4,
0.7,1.1,3.5,
0.7,1.1,3.6,
0.8,1.1,0,
0.8,1.1,0.1,
0.8,1.1,0.2,
0.8,1.1,0.3,
0.8,1.1,0.4,
0.8,1.1,0.5,
0.8,1.1,0.6,
0.8,1.1,0.7,
0.8,1.1,0.8,
0.8,1.1,0.9,
0.8,1.1,1,
0.8,1.1,1.1,
0.8,1.1,1.2,
0.8,1.1,1.3,
0.8,1.1,1.4,
0.8,1.1,1.5,
0.8,1.1,1.6,
0.8,1.1,1.7,
0.8,1.1,1.8,
0.8,1.1,1.9,
0.8,1.1,2,
0.8,1.1,2.1,
0.8,1.1,2.2,
0.8,1.1,2.3,
0.8,1.1,2.4,
0.8,1.1,2.5,
0.8,1.1,2.6,
0.8,1.1,2.7,
0.8,1.1,2.8,
0.8,1.1,2.9,
0.8,1.1,3,
0.8,1.1,3.1,
0.8,1.1,3.2,
0.8,1.1,3.3,
0.8,1.1,3.4,
0.8,1.1,3.5,
0.8,1.1,3.6,
0.9,1.1,0,
0.9,1.1,0.1,0.965741566
0.9,1.1,0.2,
0.9,1.1,0.3,
0.9,1.1,0.4,
0.9,1.1,0.5,
0.9,1.1,0.6,
0.9,1.1,0.7,
0.9,1.1,0.8,
0.9,1.1,0.9,
0.9,1.1,1,
0.9,1.1,1.1,
0.9,1.1,1.2,
0.9,1.1,1.3,
0.9,1.1,1.4,
0.9,1.1,1.5,
0.9,1.1,1.6,
0.9,1.1,1.7,
0.9,1.1,1.8,
0.9,1.1,1.9,
0.9,1.1,2,
0.9,1.1,2.1,
0.9,1.1,2.2,
0.9,1.1,2.3,
0.9,1.1,2.4,
0.9,1.1,2.5,
0.9,1.1,2.6,
0.9,1.1,2.7,
0.9,1.1,2.8,
0.9,1.1,2.9,
0.9,1.1,3,
0.9,1.1,3.1,
0.9,1.1,3.2,
0.9,1.1,3.3,
0.9,1.1,3.4,
0.9,1.1,3.5,
0.9,1.1,3.6,
1,1.1,0,
1,1.1,0.1,
1,1.1,0.2,
1,1.1,0.3,
1,1.1,0.4,
1,1.1,0.5,
1,1.1,0.6,
1,1.1,0.7,
1,1.1,0.8,
1,1.1,0.9,
1,1.1,1,
1,1.1,1.1,
1,1.1,1.2,
1,1.1,1.3,
1,1.1,1.4,
1,1.1,1.5,
1,1.1,1.6,
1,1.1,1.7,
1,1.1,1.8,
1,1.1,1.9,
1,1.1,2,
1,1.1,2.1,
1,1.1,2.2,
1,1.1,2.3,
1,1.1,2.4,
1,1.1,2.5,
1,1.1,2.6,
1,1.1,2.7,1.117744131
1,1.1,2.8,
1,1.1,2.9,
1,1.1,3,
1,1.1,3.1,
1,1.1,3.2,
1,1.1,3.3,
1,1.1,3.4,
1,1.1,3.5,
1,1.1,3.6,
1.1,1.1,0,
1.1,1.1,0.1,
1.1,1.1,0.2,
1.1,1.1,0.3,
1.1,1.1,0.4,
1.1,1.1,0.5,
1.1,1.1,0.6,
1.1,1.1,0.7,
1.1,1.1,0.8,
1.1,1.1,0.9,
1.1,1.1,1,
1.1,1.1,1.1,
1.1,1.1,1.2,
1.1,1.1,1.3,
1.1,1.1,1.4,
1.1,1.1,1.5,
1.1,1.1,1.6,
1.1,1.1,1.7,
1.1,1.1,1.8,
1.1,1.1,1.9,
1.1,1.1,2,
1.1,1.1,2.1,
1.1,1.1,2.2,
1.1,1.1,2.3,
1.1,1.1,2.4,
1.1,1.1,2.5,
1.1,1.1,2.6,
1.1,1.1,2.7,
1.1,1.1,2.8,
1.1,1.1,2.9,
1.1,1.1,3,
1.1,1.1,3.1,
1.1,1.1,3.2,
1.1,1.1,3.3,
1.1,1.1,3.4,
1.1,1.1,3.5,
1.1,1.1,3.6,
1.2,1.1,0,
1.2,1.1,0.1,
1.2,1.1,0.2,
1.2,1.1,0.3,
1.2,1.1,0.4,
1.2,1.1,0.5,
1.2,1.1,0.6,
1.2,1.1,0.7,
1.2,1.1,0.8,
1.2,1.1,0.9,
1.2,1.1,1,
1.2,1.1,1.1,
1.2,1.1,1.2,
1.2,1.1,1.3,
1.2,1.1,1.4,
1.2,1.1,1.5,
1.2,1.1,1.6,
1.2,1.1,1.7,
1.2,1.1,1.8,
1.2,1.1,1.9,
1.2,1.1,2,
1.2,1.1,2.1,
1.2,1.1,2.2,
1.2,1.1,2.3,
1.2,1.1,2.4,
1.2,1.1,2.5,
1.2,1.1,2.6,
1.2,1.1,2.7,
1.2,1.1,2.8,
1.2,1.1,2.9,
1.2,1.1,3,
1.2,1.1,3.1,
1.2,1.1,3.2,
1.2,1.1,3.3,
1.2,1.1,3.4,
1.2,1.1,3.5,
1.2,1.1,3.6,
1.3,1.1,0,
1.3,1.1,0.1,
1.3,1.1,0.2,
1.3,1.1,0.3,
1.3,1.1,0.4,
1.3,1.1,0.5,
1.3,1.1,0.6,
1.3,1.1,0.7,
1.3,1.1,0.8,
1.3,1.1,0.9,
1.3,1.1,1,
1.3,1.1,1.1,
1.3,1.1,1.2,
1.3,1.1,1.3,
1.3,1.1,1.4,
1.3,1.1,1.5,
1.3,1.1,1.6,
1.3,1.1,1.7,
1.3,1.1,1.8,
1.3,1.1,1.9,0.968303488
1.3,1.1,2,
1.3,1.1,2.1,
1.3,1.1,2.2,
1.3,1.1,2.3,
1.3,1.1,2.4,
1.3,1.1,2.5,
1.3,1.1,2.6,
1.3,1.1,2.7,
1.3,1.1,2.8,
1.3,1.1,2.9,
1.3,1.1,3,
1.3,1.1,3.1,
1.3,1.1,3.2,
1.3,1.1,3.3,
1.3,1.1,3.4,
1.3,1.1,3.5,
1.3,1.1,3.6,
1.4,1.1,0,
1.4,1.1,0.1,
1.4,1.1,0.2,
1.4,1.1,0.3,
1.4,1.1,0.4,
1.4,1.1,0.5,
1.4,1.1,0.6,
1.4,1.1,0.7,
1.4,1.1,0.8,
1.4,1.1,0.9,
1.4,1.1,1,
1.4,1.1,1.1,
1.4,1.1,1.2,
1.4,1.1,1.3,
1.4,1.1,1.4,
1.4,1.1,1.5,
1.4,1.1,1.6,
1.4,1.1,1.7,
1.4,1.1,1.8,
1.4,1.1,1.9,
1.4,1.1,2,
1.4,1.1,2.1,
1.4,1.1,2.2,
1.4,1.1,2.3,
1.4,1.1,2.4,
1.4,1.1,2.5,
1.4,1.1,2.6,
1.4,1.1,2.7,
1.4,1.1,2.8,
1.4,1.1,2.9,
1.4,1.1,3,
1.4,1.1,3.1,
1.4,1.1,3.2,
1.4,1.1,3.3,
1.4,1.1,3.4,
1.4,1.1,3.5,
1.4,1.1,3.6,
1.5,1.1,0,
1.5,1.1,0.1,
1.5,1.1,0.2,
1.5,1.1,0.3,
1.5,1.1,0.4,
1.5,1.1,0.5,
1.5,1.1,0.6,
1.5,1.1,0.7,
1.5,1.1,0.8,
1.5,1.1,0.9,
1.5,1.1,1,
1.5,1.1,1.1,
1.5,1.1,1.2,
1.5,1.1,1.3,
1.5,1.1,1.4,
1.5,1.1,1.5,
1.5,1.1,1.6,
1.5,1.1,1.7,
1.5,1.1,1.8,
1.5,1.1,1.9,
1.5,1.1,2,
1.5,1.1,2.1,
1.5,1.1,2.2,
1.5,1.1,2.3,
1.5,1.1,2.4,
1.5,1.1,2.5,
1.5,1.1,2.6,
1.5,1.1,2.7,
1.5,1.1,2.8,
1.5,1.1,2.9,
1.5,1.1,3,
1.5,1.1,3.1,
1.5,1.1,3.2,
1.5,1.1,3.3,
1.5,1.1,3.4,
1.5,1.1,3.5,
1.5,1.1,3.6,
1.6,1.1,0,
1.6,1.1,0.1,
1.6,1.1,0.2,
1.6,1.1,0.3,1.016823093
1.6,1.1,0.4,
1.6,1.1,0.5,
1.6,1.1,0.6,
1.6,1.1,0.7,
1.6,1.1,0.8,
1.6,1.1,0.9,
1.6,1.1,1,1.06780569
1.6,1.1,1.1,
1.6,1.1,1.2,
1.6,1.1,1.3,
1.6,1.1,1.4,
1.6,1.1,1.5,
1.6,1.1,1.6,
1.6,1.1,1.7,
1.6,1.1,1.8,
1.6,1.1,1.9,
1.6,1.1,2,
1.6,1.1,2.1,
1.6,1.1,2.2,
1.6,1.1,2.3,
1.6,1.1,2.4,
1.6,1.1,2.5,
1.6,1.1,2.6,
1.6,1.1,2.7,
1.6,1.1,2.8,
1.6,1.1,2.9,
1.6,1.1,3,
1.6,1.1,3.1,1.051203796
1.6,1.1,3.2,
1.6,1.1,3.3,
1.6,1.1,3.4,
1.6,1.1,3.5,
1.6,1.1,3.6,
1.7,1.1,0,
1.7,1.1,0.1,
1.7,1.1,0.2,
1.7,1.1,0.3,
1.7,1.1,0.4,
1.7,1.1,0.5,
1.7,1.1,0.6,
1.7,1.1,0.7,
1.7,1.1,0.8,
1.7,1.1,0.9,
1.7,1.1,1,
1.7,1.1,1.1,
1.7,1.1,1.2,
1.7,1.1,1.3,
1.7,1.1,1.4,
1.7,1.1,1.5,
1.7,1.1,1.6,
1.7,1.1,1.7,
1.7,1.1,1.8,
1.7,1.1,1.9,
1.7,1.1,2,
1.7,1.1,2.1,
1.7,1.1,2.2,
1.7,1.1,2.3,
1.7,1.1,2.4,
1.7,1.1,2.5,
1.7,1.1,2.6,
1.7,1.1,2.7,
1.7,1.1,2.8,
1.7,1.1,2.9,
1.7,1.1,3,
1.7,1.1,3.1,
1.7,1.1,3.2,
1.7,1.1,3.3,
1.7,1.1,3.4,
1.7,1.1,3.5,
1.7,1.1,3.6,
1.8,1.1,0,
1.8,1.1,0.1,
1.8,1.1,0.2,
1.8,1.1,0.3,
1.8,1.1,0.4,
1.8,1.1,0.5,
1.8,1.1,0.6,
1.8,1.1,0.7,
1.8,1.1,0.8,
1.8,1.1,0.9,
1.8,1.1,1,
1.8,1.1,1.1,
1.8,1.1,1.2,1.025259641
1.8,1.1,1.3,
1.8,1.1,1.4,
1.8,1.1,1.5,
1.8,1.1,1.6,
1.8,1.1,1.7,
1.8,1.1,1.8,
1.8,1.1,1.9,
1.8,1.1,2,
1.8,1.1,2.1,
1.8,1.1,2.2,
1.8,1.1,2.3,
1.8,1.1,2.4,
1.8,1.1,2.5,
1.8,1.1,2.6,
1.8,1.1,2.7,
1.8,1.1,2.8,
1.8,1.1,2.9,
1.8,1.1,3,
1.8,1.1,3.1,
1.8,1.1,3.2,
1.8,1.1,3.3,
1.8,1.1,3.4,
1.8,1.1,3.5,
1.8,1.1,3.6,
1.9,1.1,0,
1.9,1.1,0.1,
1.9,1.1,0.2,
1.9,1.1,0.3,
1.9,1.1,0.4,
1.9,1.1,0.5,
1.9,1.1,0.6,
1.9,1.1,0.7,1.062030846
1.9,1.1,0.8,
1.9,1.1,0.9,
1.9,1.1,1,
1.9,1.1,1.1,
1.9,1.1,1.2,
1.9,1.1,1.3,
1.9,1.1,1.4,
1.9,1.1,1.5,
1.9,1.1,1.6,
1.9,1.1,1.7,
1.9,1.1,1.8,
1.9,1.1,1.9,
1.9,1.1,2,
1.9,1.1,2.1,
1.9,1.1,2.2,
1.9,1.1,2.3,
1.9,1.1,2.4,
1.9,1.1,2.5,
1.9,1.1,2.6,
1.9,1.1,2.7,
1.9,1.1,2.8,
1.9,1.1,2.9,
1.9,1.1,3,
1.9,1.1,3.1,
1.9,1.1,3.2,
1.9,1.1,3.3,
1.9,1.1,3.4,
1.9,1.1,3.5,0.977021473
1.9,1.1,3.6,
2,1.1,0,
2,1.1,0.1,
2,1.1,0.2,
2,1.1,0.3,
2,1.1,0.4,
2,1.1,0.5,
2,1.1,0.6,
2,1.1,0.7,
2,1.1,0.8,
2,1.1,0.9,
2,1.1,1,
2,1.1,1.1,
2,1.1,1.2,
2,1.1,1.3,
2,1.1,1.4,
2,1.1,1.5,
2,1.1,1.6,
2,1.1,1.7,
2,1.1,1.8,
2,1.1,1.9,
2,1.1,2,
2,1.1,2.1,
2,1.1,2.2,
2,1.1,2.3,
2,1.1,2.4,
2,1.1,2.5,
2,1.1,2.6,
2,1.1,2.7,
2,1.1,2.8,
2,1.1,2.9,
2,1.1,3,
2,1.1,3.1,
2,1.1,3.2,
2,1.1,3.3,
2,1.1,3.4,
2,1.1,3.5,
2,1.1,3.6,
2.1,1.1,0,
2.1,1.1,0.1,
2.1,1.1,0.2,
2.1,1.1,0.3,
2.1,1.1,0.4,
2.1,1.1,0.5,
2.1,1.1,0.6,
2.1,1.1,0.7,
2.1,1.1,0.8,
2.1,1.1,0.9,
2.1,1.1,1,
2.1,1.1,1.1,
2.1,1.1,1.2,
2.1,1.1,1.3,
2.1,1.1,1.4,
2.1,1.1,1.5,0.989564147
2.1,1.1,1.6,
2.1,1.1,1.7,
2.1,1.1,1.8,
2.1,1.1,1.9,
2.1,1.1,2,
2.1,1.1,2.1,
2.1,1.1,2.2,1.000258155
2.1,1.1,2.3,
2.1,1.1,2.4,
2.1,1.1,2.5,
2.1,1.1,2.6,
2.1,1.1,2.7,
2.1,1.1,2.8,
2.1,1.1,2.9,
2.1,1.1,3,
2.1,1.1,3.1,
2.1,1.1,3.2,
2.1,1.1,3.3,
2.1,1.1,3.4,
2.1,1.1,3.5,
2.1,1.1,3.6,
2.2,1.1,0,
2.2,1.1,0.1,
2.2,1.1,0.2,
2.2,1.1,0.3,
2.2,1.1,0.4,
2.2,1.1,0.5,
2.2,1.1,0.6,
2.2,1.1,0.7,
2.2,1.1,0.8,
2.2,1.1,0.9,
2.2,1.1,1,
2.2,1.1,1.1,
2.2,1.1,1.2,
2.2,1.1,1.3,
2.2,1.1,1.4,
2.2,1.1,1.5,
2.2,1.1,1.6,
2.2,1.1,1.7,
2.2,1.1,1.8,
2.2,1.1,1.9,
2.2,1.1,2,
2.2,1.1,2.1,
2.2,1.1,2.2,
2.2,1.1,2.3,
2.2,1.1,2.4,
2.2,1.1,2.5,
2.2,1.1,2.6,
2.2,1.1,2.7,
2.2,1.1,2.8,
2.2,1.1,2.9,1.049409427
2.2,1.1,3,
2.2,1.1,3.1,
2.2,1.1,3.2,
2.2,1.1,3.3,
2.2,1.1,3.4,
2.2,1.1,3.5,
2.2,1.1,3.6,
2.3,1.1,0,
2.3,1.1,0.1,
2.3,1.1,0.2,
2.3,1.1,0.3,
2.3,1.1,0.4,
2.3,1.1,0.5,
2.3,1.1,0.6,
2.3,1.1,0.7,
2.3,1.1,0.8,
2.3,1.1,0.9,
2.3,1.1,1,
2.3,1.1,1.1,
2.3,1.1,1.2,
2.3,1.1,1.3,
2.3,1.1,1.4,
2.3,1.1,1.5,
2.3,1.1,1.6,
2.3,1.1,1.7,
2.3,1.1,1.8,
2.3,1.1,1.9,
2.3,1.1,2,
2.3,1.1,2.1,
2.3,1.1,2.2,
2.3,1.1,2.3,
2.3,1.1,2.4,
2.3,1.1,2.5,
2.3,1.1,2.6,
2.3,1.1,2.7,
2.3,1.1,2.8,
2.3,1.1,2.9,
2.3,1.1,3,
2.3,1.1,3.1,
2.3,1.1,3.2,
2.3,1.1,3.3,
2.3,1.1,3.4,
2.3,1.1,3.5,
2.3,1.1,3.6,
2.4,1.1,0,
2.4,1.1,0.1,
2.4,1.1,0.2,
2.4,1.1,0.3,
2.4,1.1,0.4,
2.4,1.1,0.5,
2.4,1.1,0.6,
2.4,1.1,0.7,
2.4,1.1,0.8,
2.4,1.1,0.9,
2.4,1.1,1,
2.4,1.1,1.1,
2.4,1.1,1.2,
2.4,1.1,1.3,
2.4,1.1,1.4,
2.4,1.1,1.5,
2.4,1.1,1.6,
2.4,1.1,1.7,
2.4,1.1,1.8,
2.4,1.1,1.9,
2.4,1.1,2,
2.4,1.1,2.1,
2.4,1.1,2.2,
2.4,1.1,2.3,
2.4,1.1,2.4,
2.4,1.1,2.5,
2.4,1.1,2.6,
2.4,1.1,2.7,
2.4,1.1,2.8,
2.4,1.1,2.9,
2.4,1.1,3,
2.4,1.1,3.1,
2.4,1.1,3.2,0.991690554
2.4,1.1,3.3,
2.4,1.1,3.4,
2.4,1.1,3.5,
2.4,1.1,3.6,
2.5,1.1,0,
2.5,1.1,0.1,
2.5,1.1,0.2,
2.5,1.1,0.3,
2.5,1.1,0.4,
2.5,1.1,0.5,
2.5,1.1,0.6,
2.5,1.1,0.7,
2.5,1.1,0.8,
2.5,1.1,0.9,
2.5,1.1,1,
2.5,1.1,1.1,
2.5,1.1,1.2,
2.5,1.1,1.3,
2.5,1.1,1.4,
2.5,1.1,1.5,
2.5,1.1,1.6,
2.5,1.1,1.7,
2.5,1.1,1.8,
2.5,1.1,1.9,
2.5,1.1,2,
2.5,1.1,2.1,
2.5,1.1,2.2,
2.5,1.1,2.3,
2.5,1.1,2.4,
2.5,1.1,2.5,
2.5,1.1,2.6,
2.5,1.1,2.7,
2.5,1.1,2.8,
2.5,1.1,2.9,
2.5,1.1,3,
2.5,1.1,3.1,
2.5,1.1,3.2,
2.5,1.1,3.3,
2.5,1.1,3.4,
2.5,1.1,3.5,
2.5,1.1,3.6,
2.6,1.1,0,
2.6,1.1,0.1,
2.6,1.1,0.2,
2.6,1.1,0.3,
2.6,1.1,0.4,
2.6,1.1,0.5,
2.6,1.1,0.6,
2.6,1.1,0.7,
2.6,1.1,0.8,
2.6,1.1,0.9,
2.6,1.1,1,
2.6,1.1,1.1,
2.6,1.1,1.2,
2.6,1.1,1.3,
2.6,1.1,1.4,
2.6,1.1,1.5,
2.6,1.1,1.6,
2.6,1.1,1.7,
2.6,1.1,1.8,
2.6,1.1,1.9,
2.6,1.1,2,
2.6,1.1,2.1,
2.6,1.1,2.2,
2.6,1.1,2.3,
2.6,1.1,2.4,
2.6,1.1,2.5,
2.6,1.1,2.6,
2.6,1.1,2.7,
2.6,1.1,2.8,
2.6,1.1,2.9,
2.6,1.1,3,
2.6,1.1,3.1,
2.6,1.1,3.2,
2.6,1.1,3.3,
2.6,1.1,3.4,
2.6,1.1,3.5,
2.6,1.1,3.6,
2.7,1.1,0,
2.7,1.1,0.1,
2.7,1.1,0.2,
2.7,1.1,0.3,
2.7,1.1,0.4,
2.7,1.1,0.5,
2.7,1.1,0.6,
2.7,1.1,0.7,
2.7,1.1,0.8,
2.7,1.1,0.9,1.096818922
2.7,1.1,1,
2.7,1.1,1.1,
2.7,1.1,1.2,
2.7,1.1,1.3,
2.7,1.1,1.4,
2.7,1.1,1.5,
2.7,1.1,1.6,
2.7,1.1,1.7,
2.7,1.1,1.8,
2.7,1.1,1.9,
2.7,1.1,2,
2.7,1.1,2.1,
2.7,1.1,2.2,
2.7,1.1,2.3,
2.7,1.1,2.4,
2.7,1.1,2.5,
2.7,1.1,2.6,
2.7,1.1,2.7,
2.7,1.1,2.8,
2.7,1.1,2.9,
2.7,1.1,3,
2.7,1.1,3.1,
2.7,1.1,3.2,
2.7,1.1,3.3,
2.7,1.1,3.4,
2.7,1.1,3.5,
2.7,1.1,3.6,
2.8,1.1,0,
2.8,1.1,0.1,
2.8,1.1,0.2,
2.8,1.1,0.3,
2.8,1.1,0.4,
2.8,1.1,0.5,
2.8,1.1,0.6,
2.8,1.1,0.7,
2.8,1.1,0.8,
2.8,1.1,0.9,
2.8,1.1,1,
2.8,1.1,1.1,
2.8,1.1,1.2,
2.8,1.1,1.3,
2.8,1.1,1.4,
2.8,1.1,1.5,
2.8,1.1,1.6,
2.8,1.1,1.7,
2.8,1.1,1.8,
2.8,1.1,1.9,
2.8,1.1,2,
2.8,1.1,2.1,
2.8,1.1,2.2,
2.8,1.1,2.3,
2.8,1.1,2.4,
2.8,1.1,2.5,
2.8,1.1,2.6,
2.8,1.1,2.7,
2.8,1.1,2.8,
2.8,1.1,2.9,
2.8,1.1,3,
2.8,1.1,3.1,
2.8,1.1,3.2,
2.8,1.1,3.3,
2.8,1.1,3.4,
2.8,1.1,3.5,
2.8,1.1,3.6,
2.9,1.1,0,
2.9,1.1,0.1,
2.9,1.1,0.2,
2.9,1.1,0.3,
2.9,1.1,0.4,
2.9,1.1,0.5,
2.9,1.1,0.6,
2.9,1.1,0.7,
2.9,1.1,0.8,
2.9,1.1,0.9,
2.9,1.1,1,
2.9,1.1,1.1,
2.9,1.1,1.2,
2.9,1.1,1.3,
2.9,1.1,1.4,
2.9,1.1,1.5,
2.9,1.1,1.6,
2.9,1.1,1.7,
2.9,1.1,1.8,
2.9,1.1,1.9,
2.9,1.1,2,
2.9,1.1,2.1,
2.9,1.1,2.2,
2.9,1.1,2.3,
2.9,1.1,2.4,
2.9,1.1,2.5,
2.9,1.1,2.6,
2.9,1.1,2.7,
2.9,1.1,2.8,
2.9,1.1,2.9,
2.9,1.1,3,
2.9,1.1,3.1,
2.9,1.1,3.2,
2.9,1.1,3.3,
2.9,1.1,3.4,
2.9,1.1,3.5,
2.9,1.1,3.6,
3,1.1,0,
3,1.1,0.1,
3,1.1,0.2,
3,1.1,0.3,
3,1.1,0.4,
3,1.1,0.5,
3,1.1,0.6,
3,1.1,0.7,
3,1.1,0.8,
3,1.1,0.9,
3,1.1,1,
3,1.1,1.1,
3,1.1,1.2,
3,1.1,1.3,
3,1.1,1.4,
3,1.1,1.5,
3,1.1,1.6,
3,1.1,1.7,
3,1.1,1.8,
3,1.1,1.9,
3,1.1,2,
3,1.1,2.1,0.980604241
3,1.1,2.2,
3,1.1,2.3,
3,1.1,2.4,
3,1.1,2.5,
3,1.1,2.6,
3,1.1,2.7,
3,1.1,2.8,
3,1.1,2.9,
3,1.1,3,
3,1.1,3.1,
3,1.1,3.2,
3,1.1,3.3,
3,1.1,3.4,
3,1.1,3.5,
3,1.1,3.6,0.977820865
3.1,1.1,0,
3.1,1.1,0.1,
3.1,1.1,0.2,
3.1,1.1,0.3,1.001499885
3.1,1.1,0.4,
3.1,1.1,0.5,
3.1,1.1,0.6,
3.1,1.1,0.7,
3.1,1.1,0.8,
3.1,1.1,0.9,
3.1,1.1,1,
3.1,1.1,1.1,
3.1,1.1,1.2,
3.1,1.1,1.3,
3.1,1.1,1.4,
3.1,1.1,1.5,
3.1,1.1,1.6,
3.1,1.1,1.7,
3.1,1.1,1.8,
3.1,1.1,1.9,0.965778238
3.1,1.1,2,
3.1,1.1,2.1,
3.1,1.1,2.2,
3.1,1.1,2.3,
3.1,1.1,2.4,
3.1,1.1,2.5,1.037035899
3.1,1.1,2.6,
3.1,1.1,2.7,
3.1,1.1,2.8,
3.1,1.1,2.9,
3.1,1.1,3,
3.1,1.1,3.1,
3.1,1.1,3.2,
3.1,1.1,3.3,
3.1,1.1,3.4,
3.1,1.1,3.5,
3.1,1.1,3.6,
3.2,1.1,0,
3.2,1.1,0.1,
3.2,1.1,0.2,
3.2,1.1,0.3,
3.2,1.1,0.4,
3.2,1.1,0.5,
3.2,1.1,0.6,
3.2,1.1,0.7,
3.2,1.1,0.8,
3.2,1.1,0.9,
3.2,1.1,1,
3.2,1.1,1.1,
3.2,1.1,1.2,
3.2,1.1,1.3,
3.2,1.1,1.4,
3.2,1.1,1.5,
3.2,1.1,1.6,
3.2,1.1,1.7,
3.2,1.1,1.8,
3.2,1.1,1.9,
3.2,1.1,2,
3.2,1.1,2.1,
3.2,1.1,2.2,
3.2,1.1,2.3,
3.2,1.1,2.4,
3.2,1.1,2.5,
3.2,1.1,2.6,
3.2,1.1,2.7,
3.2,1.1,2.8,
3.2,1.1,2.9,
3.2,1.1,3,
3.2,1.1,3.1,
3.2,1.1,3.2,
3.2,1.1,3.3,
3.2,1.1,3.4,
3.2,1.1,3.5,
3.2,1.1,3.6,
3.3,1.1,0,
3.3,1.1,0.1,
3.3,1.1,0.2,
3.3,1.1,0.3,
3.3,1.1,0.4,
3.3,1.1,0.5,
3.3,1.1,0.6,
3.3,1.1,0.7,
3.3,1.1,0.8,
3.3,1.1,0.9,
3.3,1.1,1,
3.3,1.1,1.1,
3.3,1.1,1.2,
3.3,1.1,1.3,
3.3,1.1,1.4,
3.3,1.1,1.5,
3.3,1.1,1.6,
3.3,1.1,1.7,
3.3,1.1,1.8,
3.3,1.1,1.9,
3.3,1.1,2,
3.3,1.1,2.1,
3.3,1.1,2.2,
3.3,1.1,2.3,
3.3,1.1,2.4,
3.3,1.1,2.5,
3.3,1.1,2.6,
3.3,1.1,2.7,
3.3,1.1,2.8,
3.3,1.1,2.9,
3.3,1.1,3,
3.3,1.1,3.1,
3.3,1.1,3.2,
3.3,1.1,3.3,
3.3,1.1,3.4,
3.3,1.1,3.5,
3.3,1.1,3.6,
3.4,1.1,0,
3.4,1.1,0.1,
3.4,1.1,0.2,
3.4,1.1,0.3,
3.4,1.1,0.4,
3.4,1.1,0.5,
3.4,1.1,0.6,
3.4,1.1,0.7,
3.4,1.1,0.8,
3.4,1.1,0.9,
3.4,1.1,1,
3.4,1.1,1.1,1.041495952
3.4,1.1,1.2,
3.4,1.1,1.3,
3.4,1.1,1.4,
3.4,1.1,1.5,0.979969162
3.4,1.1,1.6,
3.4,1.1,1.7,
3.4,1.1,1.8,
3.4,1.1,1.9,
3.4,1.1,2,
3.4,1.1,2.1,
3.4,1.1,2.2,
3.4,1.1,2.3,
3.4,1.1,2.4,
3.4,1.1,2.5,
3.4,1.1,2.6,
3.4,1.1,2.7,
3.4,1.1,2.8,
3.4,1.1,2.9,
3.4,1.1,3,
3.4,1.1,3.1,
3.4,1.1,3.2,
3.4,1.1,3.3,
3.4,1.1,3.4,
3.4,1.1,3.5,
3.4,1.1,3.6,
3.5,1.1,0,
3.5,1.1,0.1,
3.5,1.1,0.2,
3.5,1.1,0.3,
3.5,1.1,0.4,
3.5,1.1,0.5,
3.5,1.1,0.6,
3.5,1.1,0.7,
3.5,1.1,0.8,
3.5,1.1,0.9,
3.5,1.1,1,
3.5,1.1,1.1,
3.5,1.1,1.2,
3.5,1.1,1.3,
3.5,1.1,1.4,
3.5,1.1,1.5,
3.5,1.1,1.6,
3.5,1.1,1.7,
3.5,1.1,1.8,
3.5,1.1,1.9,
3.5,1.1,2,
3.5,1.1,2.1,
3.5,1.1,2.2,0.99118141
3.5,1.1,2.3,
3.5,1.1,2.4,
3.5,1.1,2.5,
3.5,1.1,2.6,
3.5,1.1,2.7,
3.5,1.1,2.8,
3.5,1.1,2.9,
3.5,1.1,3,
3.5,1.1,3.1,
3.5,1.1,3.2,
3.5,1.1,3.3,
3.5,1.1,3.4,
3.5,1.1,3.5,
3.5,1.1,3.6,
3.6,1.1,0,
3.6,1.1,0.1,
3.6,1.1,0.2,
3.6,1.1,0.3,
3.6,1.1,0.4,
3.6,1.1,0.5,
3.6,1.1,0.6,
3.6,1.1,0.7,
3.6,1.1,0.8,
3.6,1.1,0.9,
3.6,1.1,1,
3.6,1.1,1.1,
3.6,1.1,1.2,
3.6,1.1,1.3,
3.6,1.1,1.4,
3.6,1.1,1.5,
3.6,1.1,1.6,
3.6,1.1,1.7,
3.6,1.1,1.8,
3.6,1.1,1.9,
3.6,1.1,2,
3.6,1.1,2.1,
3.6,1.1,2.2,
3.6,1.1,2.3,
3.6,1.1,2.4,
3.6,1.1,2.5,
3.6,1.1,2.6,
3.6,1.1,2.7,
3.6,1.1,2.8,
3.6,1.1,2.9,
3.6,1.1,3,
3.6,1.1,3.1,
3.6,1.1,3.2,
3.6,1.1,3.3,
3.6,1.1,3.4,
3.6,1.1,3.5,
3.6,1.1,3.6,
3.7,1.1,0,
3.7,1.1,0.1,
3.7,1.1,0.2,
3.7,1.1,0.3,
3.7,1.1,0.4,
3.7,1.1,0.5,
3.7,1.1,0.6,1.028968629
3.7,1.1,0.7,
3.7,1.1,0.8,
3.7,1.1,0.9,
3.7,1.1,1,
3.7,1.1,1.1,
3.7,1.1,1.2,
3.7,1.1,1.3,
3.7,1.1,1.4,
3.7,1.1,1.5,
3.7,1.1,1.6,
3.7,1.1,1.7,
3.7,1.1,1.8,
3.7,1.1,1.9,
3.7,1.1,2,
3.7,1.1,2.1,
3.7,1.1,2.2,
3.7,1.1,2.3,
3.7,1.1,2.4,
3.7,1.1,2.5,
3.7,1.1,2.6,
3.7,1.1,2.7,
3.7,1.1,2.8,
3.7,1.1,2.9,
3.7,1.1,3,
3.7,1.1,3.1,
3.7,1.1,3.2,
3.7,1.1,3.3,
3.7,1.1,3.4,
3.7,1.1,3.5,
3.7,1.1,3.6,
3.8,1.1,0,
3.8,1.1,0.1,
3.8,1.1,0.2,
3.8,1.1,0.3,
3.8,1.1,0.4,
3.8,1.1,0.5,
3.8,1.1,0.6,
3.8,1.1,0.7,
3.8,1.1,0.8,
3.8,1.1,0.9,
3.8,1.1,1,
3.8,1.1,1.1,
3.8,1.1,1.2,
3.8,1.1,1.3,
3.8,1.1,1.4,
3.8,1.1,1.5,
3.8,1.1,1.6,
3.8,1.1,1.7,
3.8,1.1,1.8,
3.8,1.1,1.9,
3.8,1.1,2,
3.8,1.1,2.1,
3.8,1.1,2.2,
3.8,1.1,2.3,
3.8,1.1,2.4,
3.8,1.1,2.5,
3.8,1.1,2.6,
3.8,1.1,2.7,
3.8,1.1,2.8,
3.8,1.1,2.9,
3.8,1.1,3,
3.8,1.1,3.1,
3.8,1.1,3.2,
3.8,1.1,3.3,
3.8,1.1,3.4,
3.8,1.1,3.5,
3.8,1.1,3.6,
3.9,1.1,0,
3.9,1.1,0.1,
3.9,1.1,0.2,
3.9,1.1,0.3,
3.9,1.1,0.4,
3.9,1.1,0.5,
3.9,1.1,0.6,
3.9,1.1,0.7,
3.9,1.1,0.8,
3.9,1.1,0.9,
3.9,1.1,1,
3.9,1.1,1.1,
3.9,1.1,1.2,
3.9,1.1,1.3,
3.9,1.1,1.4,
3.9,1.1,1.5,
3.9,1.1,1.6,
3.9,1.1,1.7,
3.9,1.1,1.8,
3.9,1.1,1.9,
3.9,1.1,2,
3.9,1.1,2.1,
3.9,1.1,2.2,
3.9,1.1,2.3,
3.9,1.1,2.4,
3.9,1.1,2.5,
3.9,1.1,2.6,
3.9,1.1,2.7,
3.9,1.1,2.8,
3.9,1.1,2.9,
3.9,1.1,3,
3.9,1.1,3.1,
3.9,1.1,3.2,
3.9,1.1,3.3,
3.9,1.1,3.4,
3.9,1.1,3.5,
3.9,1.1,3.6,
4,1.1,0,
4,1.1,0.1,
4,1.1,0.2,
4,1.1,0.3,
4,1.1,0.4,
4,1.1,0.5,
4,1.1,0.6,
4,1.1,0.7,
4,1.1,0.8,
4,1.1,0.9,
4,1.1,1,1.117615921
4,1.1,1.1,
4,1.1,1.2,
4,1.1,1.3,
4,1.1,1.4,
4,1.1,1.5,
4,1.1,1.6,
4,1.1,1.7,
4,1.1,1.8,
4,1.1,1.9,
4,1.1,2,
4,1.1,2.1,
4,1.1,2.2,
4,1.1,2.3,
4,1.1,2.4,
4,1.1,2.5,
4,1.1,2.6,
4,1.1,2.7,
4,1.1,2.8,
4,1.1,2.9,
4,1.1,3,
4,1.1,3.1,
4,1.1,3.2,
4,1.1,3.3,
4,1.1,3.4,
4,1.1,3.5,
4,1.1,3.6,
4.1,1.1,0,
4.1,1.1,0.1,
4.1,1.1,0.2,
4.1,1.1,0.3,
4.1,1.1,0.4,
4.1,1.1,0.5,
4.1,1.1,0.6,
4.1,1.1,0.7,
4.1,1.1,0.8,
4.1,1.1,0.9,
4.1,1.1,1,
4.1,1.1,1.1,
4.1,1.1,1.2,
4.1,1.1,1.3,
4.1,1.1,1.4,
4.1,1.1,1.5,
4.1,1.1,1.6,
4.1,1.1,1.7,
4.1,1.1,1.8,
4.1,1.1,1.9,
4.1,1.1,2,
4.1,1.1,2.1,
4.1,1.1,2.2,
4.1,1.1,2.3,
4.1,1.1,2.4,
4.1,1.1,2.5,
4.1,1.1,2.6,
4.1,1.1,2.7,
4.1,1.1,2.8,
4.1,1.1,2.9,
4.1,1.1,3,
4.1,1.1,3.1,
4.1,1.1,3.2,
4.1,1.1,3.3,
4.1,1.1,3.4,
4.1,1.1,3.5,
4.1,1.1,3.6,
4.2,1.1,0,
4.2,1.1,0.1,
4.2,1.1,0.2,
4.2,1.1,0.3,
4.2,1.1,0.4,
4.2,1.1,0.5,
4.2,1.1,0.6,
4.2,1.1,0.7,
4.2,1.1,0.8,
4.2,1.1,0.9,
4.2,1.1,1,
4.2,1.1,1.1,
4.2,1.1,1.2,
4.2,1.1,1.3,
4.2,1.1,1.4,
4.2,1.1,1.5,
4.2,1.1,1.6,
4.2,1.1,1.7,
4.2,1.1,1.8,
4.2,1.1,1.9,
4.2,1.1,2,
4.2,1.1,2.1,
4.2,1.1,2.2,
4.2,1.1,2.3,
4.2,1.1,2.4,
4.2,1.1,2.5,
4.2,1.1,2.6,
4.2,1.1,2.7,
4.2,1.1,2.8,
4.2,1.1,2.9,
4.2,1.1,3,
4.2,1.1,3.1,
4.2,1.1,3.2,
4.2,1.1,3.3,
4.2,1.1,3.4,
4.2,1.1,3.5,
4.2,1.1,3.6,
4.3,1.1,0,
4.3,1.1,0.1,
4.3,1.1,0.2,
4.3,1.1,0.3,
4.3,1.1,0.4,
4.3,1.1,0.5,
4.3,1.1,0.6,
4.3,1.1,0.7,
4.3,1.1,0.8,
4.3,1.1,0.9,
4.3,1.1,1,
4.3,1.1,1.1,
4.3,1.1,1.2,
4.3,1.1,1.3,
4.3,1.1,1.4,
4.3,1.1,1.5,
4.3,1.1,1.6,
4.3,1.1,1.7,
4.3,1.1,1.8,
4.3,1.1,1.9,
4.3,1.1,2,
4.3,1.1,2.1,
4.3,1.1,2.2,
4.3,1.1,2.3,
4.3,1.1,2.4,
4.3,1.1,2.5,
4.3,1.1,2.6,
4.3,1.1,2.7,
4.3,1.1,2.8,1.072573333
4.3,1.1,2.9,
4.3,1.1,3,
4.3,1.1,3.1,
4.3,1.1,3.2,
4.3,1.1,3.3,
4.3,1.1,3.4,
4.3,1.1,3.5,
4.3,1.1,3.6,
4.4,1.1,0,
4.4,1.1,0.1,
4.4,1.1,0.2,
4.4,1.1,0.3,
4.4,1.1,0.4,
4.4,1.1,0.5,
4.4,1.1,0.6,
4.4,1.1,0.7,
4.4,1.1,0.8,
4.4,1.1,0.9,
4.4,1.1,1,
4.4,1.1,1.1,
4.4,1.1,1.2,
4.4,1.1,1.3,
4.4,1.1,1.4,
4.4,1.1,1.5,
4.4,1.1,1.6,
4.4,1.1,1.7,
4.4,1.1,1.8,
4.4,1.1,1.9,
4.4,1.1,2,
4.4,1.1,2.1,
4.4,1.1,2.2,
4.4,1.1,2.3,
4.4,1.1,2.4,
4.4,1.1,2.5,
4.4,1.1,2.6,
4.4,1.1,2.7,
4.4,1.1,2.8,
4.4,1.1,2.9,
4.4,1.1,3,
4.4,1.1,3.1,
4.4,1.1,3.2,
4.4,1.1,3.3,
4.4,1.1,3.4,
4.4,1.1,3.5,
4.4,1.1,3.6,
4.5,1.1,0,
4.5,1.1,0.1,
4.5,1.1,0.2,
4.5,1.1,0.3,
4.5,1.1,0.4,
4.5,1.1,0.5,
4.5,1.1,0.6,
4.5,1.1,0.7,
4.5,1.1,0.8,
4.5,1.1,0.9,
4.5,1.1,1,
4.5,1.1,1.1,
4.5,1.1,1.2,
4.5,1.1,1.3,
4.5,1.1,1.4,
4.5,1.1,1.5,
4.5,1.1,1.6,
4.5,1.1,1.7,
4.5,1.1,1.8,
4.5,1.1,1.9,
4.5,1.1,2,
4.5,1.1,2.1,
4.5,1.1,2.2,
4.5,1.1,2.3,
4.5,1.1,2.4,
4.5,1.1,2.5,
4.5,1.1,2.6,
4.5,1.1,2.7,
4.5,1.1,2.8,
4.5,1.1,2.9,
4.5,1.1,3,
4.5,1.1,3.1,
4.5,1.1,3.2,
4.5,1.1,3.3,
4.5,1.1,3.4,
4.5,1.1,3.5,
4.5,1.1,3.6,
4.6,1.1,0,
4.6,1.1,0.1,
4.6,1.1,0.2,
4.6,1.1,0.3,
4.6,1.1,0.4,
4.6,1.1,0.5,
4.6,1.1,0.6,
4.6,1.1,0.7,
4.6,1.1,0.8,
4.6,1.1,0.9,
4.6,1.1,1,
4.6,1.1,1.1,
4.6,1.1,1.2,
4.6,1.1,1.3,
4.6,1.1,1.4,
4.6,1.1,1.5,0.98099086
4.6,1.1,1.6,
4.6,1.1,1.7,
4.6,1.1,1.8,
4.6,1.1,1.9,
4.6,1.1,2,
4.6,1.1,2.1,
4.6,1.1,2.2,
4.6,1.1,2.3,
4.6,1.1,2.4,
4.6,1.1,2.5,
4.6,1.1,2.6,
4.6,1.1,2.7,
4.6,1.1,2.8,
4.6,1.1,2.9,
4.6,1.1,3,
4.6,1.1,3.1,
4.6,1.1,3.2,
4.6,1.1,3.3,
4.6,1.1,3.4,
4.6,1.1,3.5,
4.6,1.1,3.6,
4.7,1.1,0,
4.7,1.1,0.1,
4.7,1.1,0.2,
4.7,1.1,0.3,
4.7,1.1,0.4,
4.7,1.1,0.5,
4.7,1.1,0.6,
4.7,1.1,0.7,
4.7,1.1,0.8,
4.7,1.1,0.9,
4.7,1.1,1,
4.7,1.1,1.1,
4.7,1.1,1.2,
4.7,1.1,1.3,
4.7,1.1,1.4,
4.7,1.1,1.5,
4.7,1.1,1.6,
4.7,1.1,1.7,
4.7,1.1,1.8,
4.7,1.1,1.9,
4.7,1.1,2,
4.7,1.1,2.1,
4.7,1.1,2.2,
4.7,1.1,2.3,
4.7,1.1,2.4,
4.7,1.1,2.5,
4.7,1.1,2.6,
4.7,1.1,2.7,
4.7,1.1,2.8,
4.7,1.1,2.9,
4.7,1.1,3,
4.7,1.1,3.1,
4.7,1.1,3.2,
4.7,1.1,3.3,
4.7,1.1,3.4,
4.7,1.1,3.5,
4.7,1.1,3.6,
4.8,1.1,0,
4.8,1.1,0.1,
4.8,1.1,0.2,
4.8,1.1,0.3,
4.8,1.1,0.4,
4.8,1.1,0.5,
4.8,1.1,0.6,
4.8,1.1,0.7,
4.8,1.1,0.8,
4.8,1.1,0.9,
4.8,1.1,1,
4.8,1.1,1.1,
4.8,1.1,1.2,
4.8,1.1,1.3,
4.8,1.1,1.4,
4.8,1.1,1.5,
4.8,1.1,1.6,
4.8,1.1,1.7,
4.8,1.1,1.8,
4.8,1.1,1.9,
4.8,1.1,2,
4.8,1.1,2.1,
4.8,1.1,2.2,
4.8,1.1,2.3,
4.8,1.1,2.4,
4.8,1.1,2.5,
4.8,1.1,2.6,
4.8,1.1,2.7,
4.8,1.1,2.8,
4.8,1.1,2.9,
4.8,1.1,3,
4.8,1.1,3.1,
4.8,1.1,3.2,
4.8,1.1,3.3,
4.8,1.1,3.4,
4.8,1.1,3.5,
4.8,1.1,3.6,
4.9,1.1,0,
4.9,1.1,0.1,
4.9,1.1,0.2,
4.9,1.1,0.3,
4.9,1.1,0.4,
4.9,1.1,0.5,
4.9,1.1,0.6,
4.9,1.1,0.7,1.081872668
4.9,1.1,0.8,
4.9,1.1,0.9,
4.9,1.1,1,
4.9,1.1,1.1,
4.9,1.1,1.2,
4.9,1.1,1.3,
4.9,1.1,1.4,
4.9,1.1,1.5,
4.9,1.1,1.6,
4.9,1.1,1.7,
4.9,1.1,1.8,
4.9,1.1,1.9,
4.9,1.1,2,
4.9,1.1,2.1,
4.9,1.1,2.2,
4.9,1.1,2.3,1.004491353
4.9,1.1,2.4,
4.9,1.1,2.5,
4.9,1.1,2.6,
4.9,1.1,2.7,
4.9,1.1,2.8,
4.9,1.1,2.9,
4.9,1.1,3,
4.9,1.1,3.1,
4.9,1.1,3.2,
4.9,1.1,3.3,1.010709388
4.9,1.1,3.4,
4.9,1.1,3.5,
4.9,1.1,3.6,
5,1.1,0,0.983546813
5,1.1,0.1,
5,1.1,0.2,
5,1.1,0.3,
5,1.1,0.4,
5,1.1,0.5,
5,1.1,0.6,
5,1.1,0.7,
5,1.1,0.8,
5,1.1,0.9,
5,1.1,1,
5,1.1,1.1,
5,1.1,1.2,
5,1.1,1.3,
5,1.1,1.4,
5,1.1,1.5,
5,1.1,1.6,
5,1.1,1.7,
5,1.1,1.8,
5,1.1,1.9,
5,1.1,2,
5,1.1,2.1,
5,1.1,2.2,
5,1.1,2.3,
5,1.1,2.4,
5,1.1,2.5,
5,1.1,2.6,
5,1.1,2.7,
5,1.1,2.8,
5,1.1,2.9,
5,1.1,3,
5,1.1,3.1,
5,1.1,3.2,
5,1.1,3.3,
5,1.1,3.4,
5,1.1,3.5,
5,1.1,3.6,
5.1,1.1,0,
5.1,1.1,0.1,
5.1,1.1,0.2,
5.1,1.1,0.3,
5.1,1.1,0.4,
5.1,1.1,0.5,
5.1,1.1,0.6,
5.1,1.1,0.7,
5.1,1.1,0.8,
5.1,1.1,0.9,
5.1,1.1,1,
5.1,1.1,1.1,
5.1,1.1,1.2,
5.1,1.1,1.3,
5.1,1.1,1.4,
5.1,1.1,1.5,
5.1,1.1,1.6,
5.1,1.1,1.7,
5.1,1.1,1.8,
5.1,1.1,1.9,
5.1,1.1,2,
5.1,1.1,2.1,
5.1,1.1,2.2,
5.1,1.1,2.3,
5.1,1.1,2.4,
5.1,1.1,2.5,
5.1,1.1,2.6,
5.1,1.1,2.7,
5.1,1.1,2.8,
5.1,1.1,2.9,
5.1,1.1,3,
5.1,1.1,3.1,
5.1,1.1,3.2,
5.1,1.1,3.3,
5.1,1.1,3.4,
5.1,1.1,3.5,
5.1,1.1,3.6,
5.2,1.1,0,
5.2,1.1,0.1,
5.2,1.1,0.2,
5.2,1.1,0.3,
5.2,1.1,0.4,
5.2,1.1,0.5,
5.2,1.1,0.6,
5.2,1.1,0.7,
5.2,1.1,0.8,
5.2,1.1,0.9,
5.2,1.1,1,
5.2,1.1,1.1,
5.2,1.1,1.2,
5.2,1.1,1.3,
5.2,1.1,1.4,
5.2,1.1,1.5,
5.2,1.1,1.6,
5.2,1.1,1.7,
5.2,1.1,1.8,
5.2,1.1,1.9,
5.2,1.1,2,
5.2,1.1,2.1,
5.2,1.1,2.2,
5.2,1.1,2.3,
5.2,1.1,2.4,
5.2,1.1,2.5,
5.2,1.1,2.6,
5.2,1.1,2.7,
5.2,1.1,2.8,
5.2,1.1,2.9,
5.2,1.1,3,
5.2,1.1,3.1,
5.2,1.1,3.2,
5.2,1.1,3.3,
5.2,1.1,3.4,
5.2,1.1,3.5,
5.2,1.1,3.6,
5.3,1.1,0,
5.3,1.1,0.1,
5.3,1.1,0.2,
5.3,1.1,0.3,
5.3,1.1,0.4,
5.3,1.1,0.5,
5.3,1.1,0.6,
5.3,1.1,0.7,
5.3,1.1,0.8,
5.3,1.1,0.9,
5.3,1.1,1,
5.3,1.1,1.1,1.06255193
5.3,1.1,1.2,
5.3,1.1,1.3,
5.3,1.1,1.4,
5.3,1.1,1.5,
5.3,1.1,1.6,
5.3,1.1,1.7,
5.3,1.1,1.8,0.971858682
5.3,1.1,1.9,
5.3,1.1,2,
5.3,1.1,2.1,
5.3,1.1,2.2,
5.3,1.1,2.3,
5.3,1.1,2.4,
5.3,1.1,2.5,
5.3,1.1,2.6,
5.3,1.1,2.7,
5.3,1.1,2.8,
5.3,1.1,2.9,
5.3,1.1,3,
5.3,1.1,3.1,
5.3,1.1,3.2,
5.3,1.1,3.3,
5.3,1.1,3.4,
5.3,1.1,3.5,
5.3,1.1,3.6,
5.4,1.1,0,
5.4,1.1,0.1,
5.4,1.1,0.2,
5.4,1.1,0.3,0.980663655
5.4,1.1,0.4,
5.4,1.1,0.5,
5.4,1.1,0.6,
5.4,1.1,0.7,
5.4,1.1,0.8,
5.4,1.1,0.9,
5.4,1.1,1,
5.4,1.1,1.1,
5.4,1.1,1.2,
5.4,1.1,1.3,
5.4,1.1,1.4,
5.4,1.1,1.5,
5.4,1.1,1.6,
5.4,1.1,1.7,
5.4,1.1,1.8,
5.4,1.1,1.9,
5.4,1.1,2,
5.4,1.1,2.1,
5.4,1.1,2.2,
5.4,1.1,2.3,
5.4,1.1,2.4,
5.4,1.1,2.5,
5.4,1.1,2.6,1.129492814
5.4,1.1,2.7,
5.4,1.1,2.8,
5.4,1.1,2.9,
5.4,1.1,3,
5.4,1.1,3.1,
5.4,1.1,3.2,
5.4,1.1,3.3,
5.4,1.1,3.4,
5.4,1.1,3.5,
5.4,1.1,3.6,
5.5,1.1,0,
5.5,1.1,0.1,
5.5,1.1,0.2,
5.5,1.1,0.3,
5.5,1.1,0.4,
5.5,1.1,0.5,
5.5,1.1,0.6,
5.5,1.1,0.7,
5.5,1.1,0.8,
5.5,1.1,0.9,
5.5,1.1,1,
5.5,1.1,1.1,
5.5,1.1,1.2,
5.5,1.1,1.3,
5.5,1.1,1.4,
5.5,1.1,1.5,
5.5,1.1,1.6,
5.5,1.1,1.7,
5.5,1.1,1.8,
5.5,1.1,1.9,
5.5,1.1,2,
5.5,1.1,2.1,
5.5,1.1,2.2,
5.5,1.1,2.3,
5.5,1.1,2.4,
5.5,1.1,2.5,
5.5,1.1,2.6,
5.5,1.1,2.7,
5.5,1.1,2.8,
5.5,1.1,2.9,
5.5,1.1,3,
5.5,1.1,3.1,
5.5,1.1,3.2,
5.5,1.1,3.3,
5.5,1.1,3.4,
5.5,1.1,3.5,0.966543517
5.5,1.1,3.6,
5.6,1.1,0,
5.6,1.1,0.1,
5.6,1.1,0.2,
5.6,1.1,0.3,
5.6,1.1,0.4,
5.6,1.1,0.5,
5.6,1.1,0.6,
5.6,1.1,0.7,
5.6,1.1,0.8,
5.6,1.1,0.9,
5.6,1.1,1,
5.6,1.1,1.1,
5.6,1.1,1.2,
5.6,1.1,1.3,
5.6,1.1,1.4,
5.6,1.1,1.5,
5.6,1.1,1.6,
5.6,1.1,1.7,
5.6,1.1,1.8,
5.6,1.1,1.9,
5.6,1.1,2,
5.6,1.1,2.1,
5.6,1.1,2.2,
5.6,1.1,2.3,
5.6,1.1,2.4,
5.6,1.1,2.5,
5.6,1.1,2.6,
5.6,1.1,2.7,
5.6,1.1,2.8,
5.6,1.1,2.9,
5.6,1.1,3,
5.6,1.1,3.1,
5.6,1.1,3.2,
5.6,1.1,3.3,
5.6,1.1,3.4,
5.6,1.1,3.5,
5.6,1.1,3.6,
5.7,1.1,0,
5.7,1.1,0.1,
5.7,1.1,0.2,
5.7,1.1,0.3,
5.7,1.1,0.4,
5.7,1.1,0.5,
5.7,1.1,0.6,
5.7,1.1,0.7,
5.7,1.1,0.8,
5.7,1.1,0.9,
5.7,1.1,1,
5.7,1.1,1.1,
5.7,1.1,1.2,
5.7,1.1,1.3,
5.7,1.1,1.4,
5.7,1.1,1.5,
5.7,1.1,1.6,
5.7,1.1,1.7,
5.7,1.1,1.8,
5.7,1.1,1.9,
5.7,1.1,2,
5.7,1.1,2.1,
5.7,1.1,2.2,
5.7,1.1,2.3,
5.7,1.1,2.4,1.060432345
5.7,1.1,2.5,
5.7,1.1,2.6,
5.7,1.1,2.7,
5.7,1.1,2.8,1.070113183
5.7,1.1,2.9,
5.7,1.1,3,
5.7,1.1,3.1,
5.7,1.1,3.2,
5.7,1.1,3.3,
5.7,1.1,3.4,
5.7,1.1,3.5,
5.7,1.1,3.6,
5.8,1.1,0,
5.8,1.1,0.1,
5.8,1.1,0.2,
5.8,1.1,0.3,
5.8,1.1,0.4,
5.8,1.1,0.5,
5.8,1.1,0.6,
5.8,1.1,0.7,
5.8,1.1,0.8,
5.8,1.1,0.9,
5.8,1.1,1,
5.8,1.1,1.1,
5.8,1.1,1.2,
5.8,1.1,1.3,
5.8,1.1,1.4,
5.8,1.1,1.5,
5.8,1.1,1.6,
5.8,1.1,1.7,
5.8,1.1,1.8,
5.8,1.1,1.9,
5.8,1.1,2,
5.8,1.1,2.1,
5.8,1.1,2.2,
5.8,1.1,2.3,
5.8,1.1,2.4,
5.8,1.1,2.5,
5.8,1.1,2.6,
5.8,1.1,2.7,
5.8,1.1,2.8,
5.8,1.1,2.9,
5.8,1.1,3,1.025990522
5.8,1.1,3.1,
5.8,1.1,3.2,
5.8,1.1,3.3,
5.8,1.1,3.4,
5.8,1.1,3.5,
5.8,1.1,3.6,
5.9,1.1,0,
5.9,1.1,0.1,
5.9,1.1,0.2,
5.9,1.1,0.3,
5.9,1.1,0.4,
5.9,1.1,0.5,
5.9,1.1,0.6,
5.9,1.1,0.7,
5.9,1.1,0.8,
5.9,1.1,0.9,
5.9,1.1,1,
5.9,1.1,1.1,
5.9,1.1,1.2,
5.9,1.1,1.3,
5.9,1.1,1.4,
5.9,1.1,1.5,
5.9,1.1,1.6,
5.9,1.1,1.7,
5.9,1.1,1.8,
5.9,1.1,1.9,
5.9,1.1,2,
5.9,1.1,2.1,
5.9,1.1,2.2,
5.9,1.1,2.3,
5.9,1.1,2.4,
5.9,1.1,2.5,
5.9,1.1,2.6,
5.9,1.1,2.7,
5.9,1.1,2.8,
5.9,1.1,2.9,
5.9,1.1,3,
5.9,1.1,3.1,
5.9,1.1,3.2,
5.9,1.1,3.3,
5.9,1.1,3.4,
5.9,1.1,3.5,
5.9,1.1,3.6,
6,1.1,0,
6,1.1,0.1,
6,1.1,0.2,
6,1.1,0.3,
6,1.1,0.4,
6,1.1,0.5,
6,1.1,0.6,
6,1.1,0.7,
6,1.1,0.8,
6,1.1,0.9,
6,1.1,1,
6,1.1,1.1,
6,1.1,1.2,
6,1.1,1.3,
6,1.1,1.4,
6,1.1,1.5,
6,1.1,1.6,
6,1.1,1.7,
6,1.1,1.8,
6,1.1,1.9,
6,1.1,2,
6,1.1,2.1,
6,1.1,2.2,
6,1.1,2.3,
6,1.1,2.4,
6,1.1,2.5,
6,1.1,2.6,
6,1.1,2.7,
6,1.1,2.8,
6,1.1,2.9,
6,1.1,3,
6,1.1,3.1,
6,1.1,3.2,
6,1.1,3.3,
6,1.1,3.4,
6,1.1,3.5,
6,1.1,3.6,
6.1,1.1,0,
6.1,1.1,0.1,
6.1,1.1,0.2,
6.1,1.1,0.3,
6.1,1.1,0.4,
6.1,1.1,0.5,
6.1,1.1,0.6,
6.1,1.1,0.7,
6.1,1.1,0.8,
6.1,1.1,0.9,
6.1,1.1,1,
6.1,1.1,1.1,
6.1,1.1,1.2,
6.1,1.1,1.3,
6.1,1.1,1.4,
6.1,1.1,1.5,
6.1,1.1,1.6,
6.1,1.1,1.7,
6.1,1.1,1.8,
6.1,1.1,1.9,
6.1,1.1,2,
6.1,1.1,2.1,
6.1,1.1,2.2,
6.1,1.1,2.3,
6.1,1.1,2.4,
6.1,1.1,2.5,
6.1,1.1,2.6,
6.1,1.1,2.7,
6.1,1.1,2.8,
6.1,1.1,2.9,
6.1,1.1,3,
6.1,1.1,3.1,
6.1,1.1,3.2,
6.1,1.1,3.3,
6.1,1.1,3.4,
6.1,1.1,3.5,
6.1,1.1,3.6,
6.2,1.1,0,
6.2,1.1,0.1,
6.2,1.1,0.2,
6.2,1.1,0.3,
6.2,1.1,0.4,
6.2,1.1,0.5,
6.2,1.1,0.6,
6.2,1.1,0.7,
6.2,1.1,0.8,
6.2,1.1,0.9,
6.2,1.1,1,
6.2,1.1,1.1,
6.2,1.1,1.2,
6.2,1.1,1.3,
6.2,1.1,1.4,
6.2,1.1,1.5,
6.2,1.1,1.6,
6.2,1.1,1.7,
6.2,1.1,1.8,
6.2,1.1,1.9,
6.2,1.1,2,
6.2,1.1,2.1,
6.2,1.1,2.2,
6.2,1.1,2.3,
6.2,1.1,2.4,
6.2,1.1,2.5,
6.2,1.1,2.6,
6.2,1.1,2.7,
6.2,1.1,2.8,
6.2,1.1,2.9,
6.2,1.1,3,
6.2,1.1,3.1,
6.2,1.1,3.2,
6.2,1.1,3.3,
6.2,1.1,3.4,
6.2,1.1,3.5,
6.2,1.1,3.6,
6.3,1.1,0,
6.3,1.1,0.1,
6.3,1.1,0.2,
6.3,1.1,0.3,
6.3,1.1,0.4,
6.3,1.1,0.5,
6.3,1.1,0.6,
6.3,1.1,0.7,
6.3,1.1,0.8,
6.3,1.1,0.9,1.097203551
6.3,1.1,1,
6.3,1.1,1.1,
6.3,1.1,1.2,
6.3,1.1,1.3,
6.3,1.1,1.4,
6.3,1.1,1.5,
6.3,1.1,1.6,
6.3,1.1,1.7,
6.3,1.1,1.8,
6.3,1.1,1.9,
6.3,1.1,2,
6.3,1.1,2.1,
6.3,1.1,2.2,
6.3,1.1,2.3,
6.3,1.1,2.4,
6.3,1.1,2.5,
6.3,1.1,2.6,
6.3,1.1,2.7,
6.3,1.1,2.8,
6.3,1.1,2.9,
6.3,1.1,3,
6.3,1.1,3.1,
6.3,1.1,3.2,
6.3,1.1,3.3,
6.3,1.1,3.4,
6.3,1.1,3.5,
6.3,1.1,3.6,
6.4,1.1,0,
6.4,1.1,0.1,
6.4,1.1,0.2,
6.4,1.1,0.3,
6.4,1.1,0.4,
6.4,1.1,0.5,
6.4,1.1,0.6,
6.4,1.1,0.7,
6.4,1.1,0.8,
6.4,1.1,0.9,
6.4,1.1,1,
6.4,1.1,1.1,
6.4,1.1,1.2,
6.4,1.1,1.3,
6.4,1.1,1.4,
6.4,1.1,1.5,
6.4,1.1,1.6,
6.4,1.1,1.7,
6.4,1.1,1.8,
6.4,1.1,1.9,
6.4,1.1,2,
6.4,1.1,2.1,
6.4,1.1,2.2,
6.4,1.1,2.3,
6.4,1.1,2.4,
6.4,1.1,2.5,
6.4,1.1,2.6,
6.4,1.1,2.7,
6.4,1.1,2.8,
6.4,1.1,2.9,
6.4,1.1,3,
6.4,1.1,3.1,
6.4,1.1,3.2,
6.4,1.1,3.3,
6.4,1.1,3.4,
6.4,1.1,3.5,
6.4,1.1,3.6,
6.5,1.1,0,
6.5,1.1,0.1,
6.5,1.1,0.2,
6.5,1.1,0.3,
6.5,1.1,0.4,
6.5,1.1,0.5,
6.5,1.1,0.6,
6.5,1.1,0.7,
6.5,1.1,0.8,
6.5,1.1,0.9,
6.5,1.1,1,
6.5,1.1,1.1,
6.5,1.1,1.2,
6.5,1.1,1.3,
6.5,1.1,1.4,
6.5,1.1,1.5,
6.5,1.1,1.6,
6.5,1.1,1.7,
6.5,1.1,1.8,
6.5,1.1,1.9,
6.5,1.1,2,
6.5,1.1,2.1,
6.5,1.1,2.2,
6.5,1.1,2.3,
6.5,1.1,2.4,
6.5,1.1,2.5,
6.5,1.1,2.6,
6.5,1.1,2.7,
6.5,1.1,2.8,
6.5,1.1,2.9,
6.5,1.1,3,1.075215138
6.5,1.1,3.1,
6.5,1.1,3.2,
6.5,1.1,3.3,
6.5,1.1,3.4,
6.5,1.1,3.5,
6.5,1.1,3.6,
6.6,1.1,0,
6.6,1.1,0.1,
6.6,1.1,0.2,
6.6,1.1,0.3,
6.6,1.1,0.4,
6.6,1.1,0.5,
6.6,1.1,0.6,
6.6,1.1,0.7,
6.6,1.1,0.8,
6.6,1.1,0.9,
6.6,1.1,1,
6.6,1.1,1.1,
6.6,1.1,1.2,
6.6,1.1,1.3,
6.6,1.1,1.4,
6.6,1.1,1.5,
6.6,1.1,1.6,
6.6,1.1,1.7,
6.6,1.1,1.8,
6.6,1.1,1.9,
6.6,1.1,2,
6.6,1.1,2.1,
6.6,1.1,2.2,
6.6,1.1,2.3,
6.6,1.1,2.4,
6.6,1.1,2.5,
6.6,1.1,2.6,
6.6,1.1,2.7,
6.6,1.1,2.8,
6.6,1.1,2.9,
6.6,1.1,3,
6.6,1.1,3.1,
6.6,1.1,3.2,
6.6,1.1,3.3,
6.6,1.1,3.4,
6.6,1.1,3.5,
6.6,1.1,3.6,
6.7,1.1,0,
6.7,1.1,0.1,
6.7,1.1,0.2,
6.7,1.1,0.3,
6.7,1.1,0.4,
6.7,1.1,0.5,
6.7,1.1,0.6,
6.7,1.1,0.7,
6.7,1.1,0.8,
6.7,1.1,0.9,
6.7,1.1,1,
6.7,1.1,1.1,1.046782405
6.7,1.1,1.2,
6.7,1.1,1.3,
6.7,1.1,1.4,
6.7,1.1,1.5,
6.7,1.1,1.6,
6.7,1.1,1.7,
6.7,1.1,1.8,
6.7,1.1,1.9,
6.7,1.1,2,
6.7,1.1,2.1,
6.7,1.1,2.2,
6.7,1.1,2.3,
6.7,1.1,2.4,
6.7,1.1,2.5,
6.7,1.1,2.6,
6.7,1.1,2.7,1.093285618
6.7,1.1,2.8,
6.7,1.1,2.9,
6.7,1.1,3,
6.7,1.1,3.1,
6.7,1.1,3.2,
6.7,1.1,3.3,
6.7,1.1,3.4,
6.7,1.1,3.5,
6.7,1.1,3.6,
6.8,1.1,0,
6.8,1.1,0.1,
6.8,1.1,0.2,
6.8,1.1,0.3,
6.8,1.1,0.4,
6.8,1.1,0.5,
6.8,1.1,0.6,
6.8,1.1,0.7,
6.8,1.1,0.8,
6.8,1.1,0.9,
6.8,1.1,1,
6.8,1.1,1.1,
6.8,1.1,1.2,
6.8,1.1,1.3,
6.8,1.1,1.4,
6.8,1.1,1.5,
6.8,1.1,1.6,
6.8,1.1,1.7,
6.8,1.1,1.8,
6.8,1.1,1.9,
6.8,1.1,2,
6.8,1.1,2.1,
6.8,1.1,2.2,
6.8,1.1,2.3,
6.8,1.1,2.4,
6.8,1.1,2.5,
6.8,1.1,2.6,
6.8,1.1,2.7,
6.8,1.1,2.8,
6.8,1.1,2.9,
6.8,1.1,3,
6.8,1.1,3.1,
6.8,1.1,3.2,
6.8,1.1,3.3,
6.8,1.1,3.4,
6.8,1.1,3.5,
6.8,1.1,3.6,
6.9,1.1,0,
6.9,1.1,0.1,
6.9,1.1,0.2,
6.9,1.1,0.3,
6.9,1.1,0.4,
6.9,1.1,0.5,
6.9,1.1,0.6,
6.9,1.1,0.7,
6.9,1.1,0.8,1.135269648
6.9,1.1,0.9,
6.9,1.1,1,
6.9,1.1,1.1,
6.9,1.1,1.2,
6.9,1.1,1.3,
6.9,1.1,1.4,
6.9,1.1,1.5,0.986964984
6.9,1.1,1.6,
6.9,1.1,1.7,
6.9,1.1,1.8,
6.9,1.1,1.9,
6.9,1.1,2,
6.9,1.1,2.1,
6.9,1.1,2.2,
6.9,1.1,2.3,
6.9,1.1,2.4,
6.9,1.1,2.5,
6.9,1.1,2.6,
6.9,1.1,2.7,
6.9,1.1,2.8,
6.9,1.1,2.9,
6.9,1.1,3,
6.9,1.1,3.1,
6.9,1.1,3.2,
6.9,1.1,3.3,
6.9,1.1,3.4,
6.9,1.1,3.5,
6.9,1.1,3.6,
7,1.1,0,
7,1.1,0.1,
7,1.1,0.2,
7,1.1,0.3,
7,1.1,0.4,
7,1.1,0.5,
7,1.1,0.6,
7,1.1,0.7,
7,1.1,0.8,
7,1.1,0.9,
7,1.1,1,1.086910092
7,1.1,1.1,
7,1.1,1.2,
7,1.1,1.3,
7,1.1,1.4,
7,1.1,1.5,
7,1.1,1.6,
7,1.1,1.7,
7,1.1,1.8,
7,1.1,1.9,
7,1.1,2,
7,1.1,2.1,
7,1.1,2.2,
7,1.1,2.3,
7,1.1,2.4,
7,1.1,2.5,
7,1.1,2.6,
7,1.1,2.7,
7,1.1,2.8,
7,1.1,2.9,
7,1.1,3,
7,1.1,3.1,
7,1.1,3.2,
7,1.1,3.3,
7,1.1,3.4,
7,1.1,3.5,
7,1.1,3.6,
7.1,1.1,0,0.964676657
7.1,1.1,0.1,
7.1,1.1,0.2,
7.1,1.1,0.3,
7.1,1.1,0.4,
7.1,1.1,0.5,1.007626382
7.1,1.1,0.6,
7.1,1.1,0.7,
7.1,1.1,0.8,
7.1,1.1,0.9,
7.1,1.1,1,
7.1,1.1,1.1,
7.1,1.1,1.2,
7.1,1.1,1.3,
7.1,1.1,1.4,
7.1,1.1,1.5,
7.1,1.1,1.6,
7.1,1.1,1.7,
7.1,1.1,1.8,
7.1,1.1,1.9,
7.1,1.1,2,
7.1,1.1,2.1,
7.1,1.1,2.2,
7.1,1.1,2.3,
7.1,1.1,2.4,1.044779659
7.1,1.1,2.5,
7.1,1.1,2.6,
7.1,1.1,2.7,
7.1,1.1,2.8,
7.1,1.1,2.9,
7.1,1.1,3,
7.1,1.1,3.1,
7.1,1.1,3.2,
7.1,1.1,3.3,
7.1,1.1,3.4,
7.1,1.1,3.5,
7.1,1.1,3.6,
7.2,1.1,0,
7.2,1.1,0.1,
7.2,1.1,0.2,
7.2,1.1,0.3,
7.2,1.1,0.4,
7.2,1.1,0.5,
7.2,1.1,0.6,
7.2,1.1,0.7,
7.2,1.1,0.8,
7.2,1.1,0.9,
7.2,1.1,1,
7.2,1.1,1.1,
7.2,1.1,1.2,
7.2,1.1,1.3,
7.2,1.1,1.4,
7.2,1.1,1.5,
7.2,1.1,1.6,
7.2,1.1,1.7,
7.2,1.1,1.8,
7.2,1.1,1.9,
7.2,1.1,2,
7.2,1.1,2.1,
7.2,1.1,2.2,
7.2,1.1,2.3,
7.2,1.1,2.4,
7.2,1.1,2.5,
7.2,1.1,2.6,
7.2,1.1,2.7,
7.2,1.1,2.8,
7.2,1.1,2.9,
7.2,1.1,3,
7.2,1.1,3.1,
7.2,1.1,3.2,
7.2,1.1,3.3,
7.2,1.1,3.4,
7.2,1.1,3.5,
7.2,1.1,3.6,
7.3,1.1,0,
7.3,1.1,0.1,
7.3,1.1,0.2,
7.3,1.1,0.3,
7.3,1.1,0.4,
7.3,1.1,0.5,
7.3,1.1,0.6,
7.3,1.1,0.7,
7.3,1.1,0.8,
7.3,1.1,0.9,
7.3,1.1,1,
7.3,1.1,1.1,
7.3,1.1,1.2,
7.3,1.1,1.3,
7.3,1.1,1.4,
7.3,1.1,1.5,
7.3,1.1,1.6,
7.3,1.1,1.7,
7.3,1.1,1.8,
7.3,1.1,1.9,
7.3,1.1,2,
7.3,1.1,2.1,
7.3,1.1,2.2,
7.3,1.1,2.3,
7.3,1.1,2.4,
7.3,1.1,2.5,
7.3,1.1,2.6,
7.3,1.1,2.7,
7.3,1.1,2.8,
7.3,1.1,2.9,
7.3,1.1,3,
7.3,1.1,3.1,
7.3,1.1,3.2,
7.3,1.1,3.3,
7.3,1.1,3.4,
7.3,1.1,3.5,
7.3,1.1,3.6,
7.4,1.1,0,
7.4,1.1,0.1,
7.4,1.1,0.2,
7.4,1.1,0.3,
7.4,1.1,0.4,
7.4,1.1,0.5,
7.4,1.1,0.6,
7.4,1.1,0.7,
7.4,1.1,0.8,
7.4,1.1,0.9,
7.4,1.1,1,
7.4,1.1,1.1,
7.4,1.1,1.2,
7.4,1.1,1.3,
7.4,1.1,1.4,
7.4,1.1,1.5,
7.4,1.1,1.6,
7.4,1.1,1.7,
7.4,1.1,1.8,
7.4,1.1,1.9,
7.4,1.1,2,
7.4,1.1,2.1,
7.4,1.1,2.2,
7.4,1.1,2.3,
7.4,1.1,2.4,
7.4,1.1,2.5,
7.4,1.1,2.6,
7.4,1.1,2.7,1.160347036
7.4,1.1,2.8,
7.4,1.1,2.9,
7.4,1.1,3,
7.4,1.1,3.1,
7.4,1.1,3.2,
7.4,1.1,3.3,
7.4,1.1,3.4,
7.4,1.1,3.5,
7.4,1.1,3.6,
7.5,1.1,0,
7.5,1.1,0.1,
7.5,1.1,0.2,
7.5,1.1,0.3,
7.5,1.1,0.4,
7.5,1.1,0.5,
7.5,1.1,0.6,
7.5,1.1,0.7,
7.5,1.1,0.8,
7.5,1.1,0.9,
7.5,1.1,1,
7.5,1.1,1.1,
7.5,1.1,1.2,
7.5,1.1,1.3,
7.5,1.1,1.4,
7.5,1.1,1.5,
7.5,1.1,1.6,
7.5,1.1,1.7,
7.5,1.1,1.8,0.982571736
7.5,1.1,1.9,
7.5,1.1,2,
7.5,1.1,2.1,
7.5,1.1,2.2,
7.5,1.1,2.3,
7.5,1.1,2.4,
7.5,1.1,2.5,
7.5,1.1,2.6,
7.5,1.1,2.7,
7.5,1.1,2.8,
7.5,1.1,2.9,
7.5,1.1,3,
7.5,1.1,3.1,
7.5,1.1,3.2,
7.5,1.1,3.3,
7.5,1.1,3.4,
7.5,1.1,3.5,
7.5,1.1,3.6,0.964971738
7.6,1.1,0,
7.6,1.1,0.1,
7.6,1.1,0.2,
7.6,1.1,0.3,
7.6,1.1,0.4,
7.6,1.1,0.5,
7.6,1.1,0.6,
7.6,1.1,0.7,
7.6,1.1,0.8,
7.6,1.1,0.9,
7.6,1.1,1,
7.6,1.1,1.1,
7.6,1.1,1.2,
7.6,1.1,1.3,
7.6,1.1,1.4,
7.6,1.1,1.5,
7.6,1.1,1.6,
7.6,1.1,1.7,
7.6,1.1,1.8,
7.6,1.1,1.9,
7.6,1.1,2,
7.6,1.1,2.1,
7.6,1.1,2.2,
7.6,1.1,2.3,
7.6,1.1,2.4,
7.6,1.1,2.5,1.056652287
7.6,1.1,2.6,
7.6,1.1,2.7,
7.6,1.1,2.8,
7.6,1.1,2.9,
7.6,1.1,3,
7.6,1.1,3.1,
7.6,1.1,3.2,
7.6,1.1,3.3,
7.6,1.1,3.4,
7.6,1.1,3.5,
7.6,1.1,3.6,
7.7,1.1,0,
7.7,1.1,0.1,
7.7,1.1,0.2,
7.7,1.1,0.3,
7.7,1.1,0.4,
7.7,1.1,0.5,
7.7,1.1,0.6,
7.7,1.1,0.7,
7.7,1.1,0.8,
7.7,1.1,0.9,
7.7,1.1,1,
7.7,1.1,1.1,1.053363464
7.7,1.1,1.2,
7.7,1.1,1.3,
7.7,1.1,1.4,
7.7,1.1,1.5,
7.7,1.1,1.6,
7.7,1.1,1.7,
7.7,1.1,1.8,
7.7,1.1,1.9,
7.7,1.1,2,
7.7,1.1,2.1,
7.7,1.1,2.2,
7.7,1.1,2.3,
7.7,1.1,2.4,
7.7,1.1,2.5,
7.7,1.1,2.6,
7.7,1.1,2.7,
7.7,1.1,2.8,1.126101365
7.7,1.1,2.9,
7.7,1.1,3,
7.7,1.1,3.1,
7.7,1.1,3.2,
7.7,1.1,3.3,
7.7,1.1,3.4,
7.7,1.1,3.5,
7.7,1.1,3.6,
7.8,1.1,0,
7.8,1.1,0.1,
7.8,1.1,0.2,
7.8,1.1,0.3,
7.8,1.1,0.4,
7.8,1.1,0.5,
7.8,1.1,0.6,
7.8,1.1,0.7,
7.8,1.1,0.8,
7.8,1.1,0.9,
7.8,1.1,1,
7.8,1.1,1.1,
7.8,1.1,1.2,
7.8,1.1,1.3,
7.8,1.1,1.4,
7.8,1.1,1.5,
7.8,1.1,1.6,
7.8,1.1,1.7,
7.8,1.1,1.8,
7.8,1.1,1.9,
7.8,1.1,2,
7.8,1.1,2.1,
7.8,1.1,2.2,
7.8,1.1,2.3,
7.8,1.1,2.4,
7.8,1.1,2.5,
7.8,1.1,2.6,
7.8,1.1,2.7,
7.8,1.1,2.8,
7.8,1.1,2.9,
7.8,1.1,3,
7.8,1.1,3.1,
7.8,1.1,3.2,
7.8,1.1,3.3,
7.8,1.1,3.4,
7.8,1.1,3.5,
7.8,1.1,3.6,
7.9,1.1,0,
7.9,1.1,0.1,
7.9,1.1,0.2,
7.9,1.1,0.3,
7.9,1.1,0.4,
7.9,1.1,0.5,
7.9,1.1,0.6,
7.9,1.1,0.7,
7.9,1.1,0.8,
7.9,1.1,0.9,
7.9,1.1,1,
7.9,1.1,1.1,
7.9,1.1,1.2,
7.9,1.1,1.3,
7.9,1.1,1.4,
7.9,1.1,1.5,
7.9,1.1,1.6,
7.9,1.1,1.7,
7.9,1.1,1.8,
7.9,1.1,1.9,
7.9,1.1,2,
7.9,1.1,2.1,
7.9,1.1,2.2,
7.9,1.1,2.3,
7.9,1.1,2.4,
7.9,1.1,2.5,
7.9,1.1,2.6,
7.9,1.1,2.7,
7.9,1.1,2.8,
7.9,1.1,2.9,
7.9,1.1,3,
7.9,1.1,3.1,1.027513689
7.9,1.1,3.2,
7.9,1.1,3.3,
7.9,1.1,3.4,
7.9,1.1,3.5,
7.9,1.1,3.6,
8,1.1,0,
8,1.1,0.1,
8,1.1,0.2,
8,1.1,0.3,
8,1.1,0.4,
8,1.1,0.5,
8,1.1,0.6,
8,1.1,0.7,
8,1.1,0.8,1.119822211
8,1.1,0.9,
8,1.1,1,
8,1.1,1.1,
8,1.1,1.2,
8,1.1,1.3,
8,1.1,1.4,
8,1.1,1.5,
8,1.1,1.6,
8,1.1,1.7,
8,1.1,1.8,
8,1.1,1.9,
8,1.1,2,
8,1.1,2.1,
8,1.1,2.2,
8,1.1,2.3,
8,1.1,2.4,
8,1.1,2.5,
8,1.1,2.6,
8,1.1,2.7,
8,1.1,2.8,
8,1.1,2.9,
8,1.1,3,
8,1.1,3.1,
8,1.1,3.2,
8,1.1,3.3,
8,1.1,3.4,
8,1.1,3.5,
8,1.1,3.6,
0,1.2,0,
0,1.2,0.1,
0,1.2,0.2,
0,1.2,0.3,
0,1.2,0.4,
0,1.2,0.5,
0,1.2,0.6,
0,1.2,0.7,
0,1.2,0.8,
0,1.2,0.9,
0,1.2,1,
0,1.2,1.1,
0,1.2,1.2,1.276673723
0,1.2,1.3,
0,1.2,1.4,
0,1.2,1.5,
0,1.2,1.6,
0,1.2,1.7,
0,1.2,1.8,
0,1.2,1.9,
0,1.2,2,
0,1.2,2.1,
0,1.2,2.2,1.224567655
0,1.2,2.3,
0,1.2,2.4,
0,1.2,2.5,
0,1.2,2.6,1.339115607
0,1.2,2.7,
0,1.2,2.8,1.103818724
0,1.2,2.9,
0,1.2,3,
0,1.2,3.1,
0,1.2,3.2,
0,1.2,3.3,
0,1.2,3.4,
0,1.2,3.5,
0,1.2,3.6,
0.1,1.2,0,
0.1,1.2,0.1,
0.1,1.2,0.2,
0.1,1.2,0.3,
0.1,1.2,0.4,
0.1,1.2,0.5,
0.1,1.2,0.6,
0.1,1.2,0.7,
0.1,1.2,0.8,
0.1,1.2,0.9,1.081117339
0.1,1.2,1,
0.1,1.2,1.1,1.034048411
0.1,1.2,1.2,
0.1,1.2,1.3,
0.1,1.2,1.4,0.983927178
0.1,1.2,1.5,
0.1,1.2,1.6,
0.1,1.2,1.7,
0.1,1.2,1.8,
0.1,1.2,1.9,
0.1,1.2,2,
0.1,1.2,2.1,
0.1,1.2,2.2,
0.1,1.2,2.3,
0.1,1.2,2.4,
0.1,1.2,2.5,
0.1,1.2,2.6,1.052844654
0.1,1.2,2.7,1.077300609
0.1,1.2,2.8,
0.1,1.2,2.9,1.1337624
0.1,1.2,3,
0.1,1.2,3.1,
0.1,1.2,3.2,
0.1,1.2,3.3,
0.1,1.2,3.4,
0.1,1.2,3.5,
0.1,1.2,3.6,
0.2,1.2,0,0.983545107
0.2,1.2,0.1,
0.2,1.2,0.2,
0.2,1.2,0.3,
0.2,1.2,0.4,
0.2,1.2,0.5,
0.2,1.2,0.6,
0.2,1.2,0.7,
0.2,1.2,0.8,
0.2,1.2,0.9,
0.2,1.2,1,
0.2,1.2,1.1,
0.2,1.2,1.2,
0.2,1.2,1.3,
0.2,1.2,1.4,
0.2,1.2,1.5,
0.2,1.2,1.6,
0.2,1.2,1.7,
0.2,1.2,1.8,
0.2,1.2,1.9,
0.2,1.2,2,
0.2,1.2,2.1,
0.2,1.2,2.2,
0.2,1.2,2.3,0.997914274
0.2,1.2,2.4,
0.2,1.2,2.5,
0.2,1.2,2.6,
0.2,1.2,2.7,
0.2,1.2,2.8,1.106124226
0.2,1.2,2.9,1.060638732
0.2,1.2,3,
0.2,1.2,3.1,
0.2,1.2,3.2,
0.2,1.2,3.3,
0.2,1.2,3.4,
0.2,1.2,3.5,
0.2,1.2,3.6,
0.3,1.2,0,
0.3,1.2,0.1,
0.3,1.2,0.2,
0.3,1.2,0.3,
0.3,1.2,0.4,
0.3,1.2,0.5,
0.3,1.2,0.6,
0.3,1.2,0.7,
0.3,1.2,0.8,
0.3,1.2,0.9,
0.3,1.2,1,
0.3,1.2,1.1,
0.3,1.2,1.2,
0.3,1.2,1.3,
0.3,1.2,1.4,
0.3,1.2,1.5,
0.3,1.2,1.6,
0.3,1.2,1.7,
0.3,1.2,1.8,
0.3,1.2,1.9,
0.3,1.2,2,
0.3,1.2,2.1,
0.3,1.2,2.2,
0.3,1.2,2.3,
0.3,1.2,2.4,
0.3,1.2,2.5,
0.3,1.2,2.6,
0.3,1.2,2.7,1.083389297
0.3,1.2,2.8,1.075034053
0.3,1.2,2.9,
0.3,1.2,3,
0.3,1.2,3.1,
0.3,1.2,3.2,
0.3,1.2,3.3,
0.3,1.2,3.4,
0.3,1.2,3.5,
0.3,1.2,3.6,
0.4,1.2,0,
0.4,1.2,0.1,
0.4,1.2,0.2,
0.4,1.2,0.3,
0.4,1.2,0.4,0.993632748
0.4,1.2,0.5,
0.4,1.2,0.6,
0.4,1.2,0.7,
0.4,1.2,0.8,
0.4,1.2,0.9,
0.4,1.2,1,
0.4,1.2,1.1,
0.4,1.2,1.2,
0.4,1.2,1.3,
0.4,1.2,1.4,
0.4,1.2,1.5,
0.4,1.2,1.6,
0.4,1.2,1.7,
0.4,1.2,1.8,
0.4,1.2,1.9,
0.4,1.2,2,
0.4,1.2,2.1,
0.4,1.2,2.2,
0.4,1.2,2.3,
0.4,1.2,2.4,
0.4,1.2,2.5,
0.4,1.2,2.6,
0.4,1.2,2.7,
0.4,1.2,2.8,
0.4,1.2,2.9,
0.4,1.2,3,
0.4,1.2,3.1,
0.4,1.2,3.2,
0.4,1.2,3.3,
0.4,1.2,3.4,
0.4,1.2,3.5,
0.4,1.2,3.6,
0.5,1.2,0,
0.5,1.2,0.1,
0.5,1.2,0.2,
0.5,1.2,0.3,
0.5,1.2,0.4,
0.5,1.2,0.5,
0.5,1.2,0.6,
0.5,1.2,0.7,
0.5,1.2,0.8,
0.5,1.2,0.9,
0.5,1.2,1,
0.5,1.2,1.1,
0.5,1.2,1.2,
0.5,1.2,1.3,
0.5,1.2,1.4,
0.5,1.2,1.5,
0.5,1.2,1.6,
0.5,1.2,1.7,
0.5,1.2,1.8,
0.5,1.2,1.9,
0.5,1.2,2,
0.5,1.2,2.1,
0.5,1.2,2.2,
0.5,1.2,2.3,
0.5,1.2,2.4,
0.5,1.2,2.5,1.132854413
0.5,1.2,2.6,
0.5,1.2,2.7,1.188971374
0.5,1.2,2.8,
0.5,1.2,2.9,
0.5,1.2,3,
0.5,1.2,3.1,
0.5,1.2,3.2,
0.5,1.2,3.3,
0.5,1.2,3.4,
0.5,1.2,3.5,
0.5,1.2,3.6,
0.6,1.2,0,
0.6,1.2,0.1,
0.6,1.2,0.2,
0.6,1.2,0.3,
0.6,1.2,0.4,
0.6,1.2,0.5,
0.6,1.2,0.6,
0.6,1.2,0.7,
0.6,1.2,0.8,
0.6,1.2,0.9,
0.6,1.2,1,
0.6,1.2,1.1,
0.6,1.2,1.2,
0.6,1.2,1.3,
0.6,1.2,1.4,
0.6,1.2,1.5,
0.6,1.2,1.6,
0.6,1.2,1.7,
0.6,1.2,1.8,
0.6,1.2,1.9,
0.6,1.2,2,
0.6,1.2,2.1,
0.6,1.2,2.2,
0.6,1.2,2.3,
0.6,1.2,2.4,
0.6,1.2,2.5,
0.6,1.2,2.6,
0.6,1.2,2.7,
0.6,1.2,2.8,1.057535827
0.6,1.2,2.9,
0.6,1.2,3,
0.6,1.2,3.1,
0.6,1.2,3.2,
0.6,1.2,3.3,
0.6,1.2,3.4,
0.6,1.2,3.5,
0.6,1.2,3.6,
0.7,1.2,0,
0.7,1.2,0.1,
0.7,1.2,0.2,
0.7,1.2,0.3,
0.7,1.2,0.4,
0.7,1.2,0.5,
0.7,1.2,0.6,
0.7,1.2,0.7,
0.7,1.2,0.8,
0.7,1.2,0.9,
0.7,1.2,1,
0.7,1.2,1.1,1.101717049
0.7,1.2,1.2,
0.7,1.2,1.3,
0.7,1.2,1.4,
0.7,1.2,1.5,
0.7,1.2,1.6,
0.7,1.2,1.7,
0.7,1.2,1.8,
0.7,1.2,1.9,
0.7,1.2,2,
0.7,1.2,2.1,
0.7,1.2,2.2,
0.7,1.2,2.3,
0.7,1.2,2.4,
0.7,1.2,2.5,
0.7,1.2,2.6,1.123283876
0.7,1.2,2.7,1.150342405
0.7,1.2,2.8,
0.7,1.2,2.9,
0.7,1.2,3,
0.7,1.2,3.1,
0.7,1.2,3.2,
0.7,1.2,3.3,
0.7,1.2,3.4,
0.7,1.2,3.5,
0.7,1.2,3.6,
0.8,1.2,0,
0.8,1.2,0.1,
0.8,1.2,0.2,
0.8,1.2,0.3,
0.8,1.2,0.4,
0.8,1.2,0.5,
0.8,1.2,0.6,
0.8,1.2,0.7,
0.8,1.2,0.8,
0.8,1.2,0.9,
0.8,1.2,1,
0.8,1.2,1.1,
0.8,1.2,1.2,
0.8,1.2,1.3,
0.8,1.2,1.4,
0.8,1.2,1.5,
0.8,1.2,1.6,
0.8,1.2,1.7,
0.8,1.2,1.8,
0.8,1.2,1.9,
0.8,1.2,2,
0.8,1.2,2.1,
0.8,1.2,2.2,
0.8,1.2,2.3,
0.8,1.2,2.4,1.06149697
0.8,1.2,2.5,
0.8,1.2,2.6,
0.8,1.2,2.7,
0.8,1.2,2.8,
0.8,1.2,2.9,
0.8,1.2,3,
0.8,1.2,3.1,
0.8,1.2,3.2,
0.8,1.2,3.3,
0.8,1.2,3.4,
0.8,1.2,3.5,
0.8,1.2,3.6,
0.9,1.2,0,
0.9,1.2,0.1,
0.9,1.2,0.2,
0.9,1.2,0.3,
0.9,1.2,0.4,
0.9,1.2,0.5,
0.9,1.2,0.6,
0.9,1.2,0.7,
0.9,1.2,0.8,
0.9,1.2,0.9,
0.9,1.2,1,
0.9,1.2,1.1,
0.9,1.2,1.2,
0.9,1.2,1.3,
0.9,1.2,1.4,
0.9,1.2,1.5,
0.9,1.2,1.6,
0.9,1.2,1.7,0.990599207
0.9,1.2,1.8,
0.9,1.2,1.9,
0.9,1.2,2,
0.9,1.2,2.1,
0.9,1.2,2.2,
0.9,1.2,2.3,
0.9,1.2,2.4,1.049048677
0.9,1.2,2.5,
0.9,1.2,2.6,
0.9,1.2,2.7,
0.9,1.2,2.8,
0.9,1.2,2.9,
0.9,1.2,3,
0.9,1.2,3.1,
0.9,1.2,3.2,
0.9,1.2,3.3,
0.9,1.2,3.4,
0.9,1.2,3.5,
0.9,1.2,3.6,0.957687941
1,1.2,0,
1,1.2,0.1,
1,1.2,0.2,
1,1.2,0.3,
1,1.2,0.4,
1,1.2,0.5,
1,1.2,0.6,
1,1.2,0.7,
1,1.2,0.8,
1,1.2,0.9,
1,1.2,1,
1,1.2,1.1,
1,1.2,1.2,
1,1.2,1.3,
1,1.2,1.4,
1,1.2,1.5,
1,1.2,1.6,
1,1.2,1.7,
1,1.2,1.8,
1,1.2,1.9,
1,1.2,2,
1,1.2,2.1,
1,1.2,2.2,
1,1.2,2.3,
1,1.2,2.4,
1,1.2,2.5,
1,1.2,2.6,
1,1.2,2.7,
1,1.2,2.8,
1,1.2,2.9,
1,1.2,3,
1,1.2,3.1,
1,1.2,3.2,
1,1.2,3.3,
1,1.2,3.4,
1,1.2,3.5,
1,1.2,3.6,
1.1,1.2,0,
1.1,1.2,0.1,
1.1,1.2,0.2,
1.1,1.2,0.3,
1.1,1.2,0.4,
1.1,1.2,0.5,
1.1,1.2,0.6,
1.1,1.2,0.7,
1.1,1.2,0.8,
1.1,1.2,0.9,
1.1,1.2,1,
1.1,1.2,1.1,
1.1,1.2,1.2,
1.1,1.2,1.3,
1.1,1.2,1.4,
1.1,1.2,1.5,
1.1,1.2,1.6,
1.1,1.2,1.7,
1.1,1.2,1.8,
1.1,1.2,1.9,
1.1,1.2,2,
1.1,1.2,2.1,
1.1,1.2,2.2,
1.1,1.2,2.3,
1.1,1.2,2.4,
1.1,1.2,2.5,
1.1,1.2,2.6,
1.1,1.2,2.7,
1.1,1.2,2.8,
1.1,1.2,2.9,
1.1,1.2,3,
1.1,1.2,3.1,
1.1,1.2,3.2,
1.1,1.2,3.3,
1.1,1.2,3.4,
1.1,1.2,3.5,
1.1,1.2,3.6,
1.2,1.2,0,
1.2,1.2,0.1,
1.2,1.2,0.2,0.971310592
1.2,1.2,0.3,
1.2,1.2,0.4,
1.2,1.2,0.5,
1.2,1.2,0.6,
1.2,1.2,0.7,
1.2,1.2,0.8,
1.2,1.2,0.9,
1.2,1.2,1,
1.2,1.2,1.1,
1.2,1.2,1.2,
1.2,1.2,1.3,
1.2,1.2,1.4,
1.2,1.2,1.5,
1.2,1.2,1.6,
1.2,1.2,1.7,
1.2,1.2,1.8,
1.2,1.2,1.9,
1.2,1.2,2,
1.2,1.2,2.1,
1.2,1.2,2.2,
1.2,1.2,2.3,
1.2,1.2,2.4,
1.2,1.2,2.5,
1.2,1.2,2.6,
1.2,1.2,2.7,
1.2,1.2,2.8,
1.2,1.2,2.9,
1.2,1.2,3,
1.2,1.2,3.1,
1.2,1.2,3.2,
1.2,1.2,3.3,
1.2,1.2,3.4,
1.2,1.2,3.5,
1.2,1.2,3.6,
1.3,1.2,0,
1.3,1.2,0.1,
1.3,1.2,0.2,
1.3,1.2,0.3,
1.3,1.2,0.4,
1.3,1.2,0.5,
1.3,1.2,0.6,
1.3,1.2,0.7,
1.3,1.2,0.8,
1.3,1.2,0.9,
1.3,1.2,1,
1.3,1.2,1.1,
1.3,1.2,1.2,
1.3,1.2,1.3,
1.3,1.2,1.4,
1.3,1.2,1.5,
1.3,1.2,1.6,
1.3,1.2,1.7,
1.3,1.2,1.8,
1.3,1.2,1.9,
1.3,1.2,2,
1.3,1.2,2.1,
1.3,1.2,2.2,
1.3,1.2,2.3,
1.3,1.2,2.4,
1.3,1.2,2.5,
1.3,1.2,2.6,
1.3,1.2,2.7,
1.3,1.2,2.8,1.112532728
1.3,1.2,2.9,
1.3,1.2,3,
1.3,1.2,3.1,
1.3,1.2,3.2,
1.3,1.2,3.3,
1.3,1.2,3.4,
1.3,1.2,3.5,
1.3,1.2,3.6,
1.4,1.2,0,
1.4,1.2,0.1,
1.4,1.2,0.2,
1.4,1.2,0.3,
1.4,1.2,0.4,
1.4,1.2,0.5,
1.4,1.2,0.6,
1.4,1.2,0.7,
1.4,1.2,0.8,
1.4,1.2,0.9,
1.4,1.2,1,
1.4,1.2,1.1,
1.4,1.2,1.2,
1.4,1.2,1.3,
1.4,1.2,1.4,
1.4,1.2,1.5,
1.4,1.2,1.6,
1.4,1.2,1.7,
1.4,1.2,1.8,
1.4,1.2,1.9,
1.4,1.2,2,
1.4,1.2,2.1,
1.4,1.2,2.2,
1.4,1.2,2.3,
1.4,1.2,2.4,
1.4,1.2,2.5,
1.4,1.2,2.6,
1.4,1.2,2.7,
1.4,1.2,2.8,
1.4,1.2,2.9,
1.4,1.2,3,
1.4,1.2,3.1,
1.4,1.2,3.2,
1.4,1.2,3.3,
1.4,1.2,3.4,
1.4,1.2,3.5,
1.4,1.2,3.6,
1.5,1.2,0,
1.5,1.2,0.1,
1.5,1.2,0.2,
1.5,1.2,0.3,
1.5,1.2,0.4,
1.5,1.2,0.5,
1.5,1.2,0.6,
1.5,1.2,0.7,1.106502602
1.5,1.2,0.8,
1.5,1.2,0.9,
1.5,1.2,1,
1.5,1.2,1.1,
1.5,1.2,1.2,
1.5,1.2,1.3,
1.5,1.2,1.4,
1.5,1.2,1.5,
1.5,1.2,1.6,
1.5,1.2,1.7,
1.5,1.2,1.8,
1.5,1.2,1.9,
1.5,1.2,2,
1.5,1.2,2.1,
1.5,1.2,2.2,
1.5,1.2,2.3,
1.5,1.2,2.4,
1.5,1.2,2.5,
1.5,1.2,2.6,
1.5,1.2,2.7,
1.5,1.2,2.8,
1.5,1.2,2.9,
1.5,1.2,3,
1.5,1.2,3.1,1.065446174
1.5,1.2,3.2,
1.5,1.2,3.3,
1.5,1.2,3.4,
1.5,1.2,3.5,
1.5,1.2,3.6,
1.6,1.2,0,
1.6,1.2,0.1,
1.6,1.2,0.2,
1.6,1.2,0.3,
1.6,1.2,0.4,
1.6,1.2,0.5,
1.6,1.2,0.6,
1.6,1.2,0.7,
1.6,1.2,0.8,
1.6,1.2,0.9,
1.6,1.2,1,
1.6,1.2,1.1,
1.6,1.2,1.2,
1.6,1.2,1.3,
1.6,1.2,1.4,
1.6,1.2,1.5,
1.6,1.2,1.6,
1.6,1.2,1.7,
1.6,1.2,1.8,
1.6,1.2,1.9,
1.6,1.2,2,
1.6,1.2,2.1,
1.6,1.2,2.2,
1.6,1.2,2.3,
1.6,1.2,2.4,1.011705786
1.6,1.2,2.5,
1.6,1.2,2.6,
1.6,1.2,2.7,
1.6,1.2,2.8,
1.6,1.2,2.9,
1.6,1.2,3,
1.6,1.2,3.1,
1.6,1.2,3.2,
1.6,1.2,3.3,
1.6,1.2,3.4,
1.6,1.2,3.5,
1.6,1.2,3.6,
1.7,1.2,0,
1.7,1.2,0.1,
1.7,1.2,0.2,
1.7,1.2,0.3,
1.7,1.2,0.4,
1.7,1.2,0.5,
1.7,1.2,0.6,
1.7,1.2,0.7,
1.7,1.2,0.8,
1.7,1.2,0.9,
1.7,1.2,1,
1.7,1.2,1.1,
1.7,1.2,1.2,
1.7,1.2,1.3,
1.7,1.2,1.4,
1.7,1.2,1.5,
1.7,1.2,1.6,
1.7,1.2,1.7,
1.7,1.2,1.8,
1.7,1.2,1.9,
1.7,1.2,2,
1.7,1.2,2.1,
1.7,1.2,2.2,
1.7,1.2,2.3,
1.7,1.2,2.4,
1.7,1.2,2.5,
1.7,1.2,2.6,
1.7,1.2,2.7,
1.7,1.2,2.8,
1.7,1.2,2.9,
1.7,1.2,3,
1.7,1.2,3.1,
1.7,1.2,3.2,
1.7,1.2,3.3,
1.7,1.2,3.4,
1.7,1.2,3.5,
1.7,1.2,3.6,
1.8,1.2,0,
1.8,1.2,0.1,
1.8,1.2,0.2,
1.8,1.2,0.3,
1.8,1.2,0.4,
1.8,1.2,0.5,
1.8,1.2,0.6,
1.8,1.2,0.7,
1.8,1.2,0.8,
1.8,1.2,0.9,
1.8,1.2,1,
1.8,1.2,1.1,
1.8,1.2,1.2,
1.8,1.2,1.3,
1.8,1.2,1.4,
1.8,1.2,1.5,0.97403967
1.8,1.2,1.6,
1.8,1.2,1.7,
1.8,1.2,1.8,
1.8,1.2,1.9,
1.8,1.2,2,
1.8,1.2,2.1,
1.8,1.2,2.2,
1.8,1.2,2.3,
1.8,1.2,2.4,
1.8,1.2,2.5,
1.8,1.2,2.6,
1.8,1.2,2.7,
1.8,1.2,2.8,
1.8,1.2,2.9,
1.8,1.2,3,
1.8,1.2,3.1,
1.8,1.2,3.2,
1.8,1.2,3.3,
1.8,1.2,3.4,
1.8,1.2,3.5,
1.8,1.2,3.6,
1.9,1.2,0,
1.9,1.2,0.1,
1.9,1.2,0.2,
1.9,1.2,0.3,
1.9,1.2,0.4,
1.9,1.2,0.5,
1.9,1.2,0.6,1.034000083
1.9,1.2,0.7,
1.9,1.2,0.8,
1.9,1.2,0.9,
1.9,1.2,1,1.064309058
1.9,1.2,1.1,
1.9,1.2,1.2,
1.9,1.2,1.3,
1.9,1.2,1.4,
1.9,1.2,1.5,
1.9,1.2,1.6,
1.9,1.2,1.7,
1.9,1.2,1.8,
1.9,1.2,1.9,
1.9,1.2,2,
1.9,1.2,2.1,
1.9,1.2,2.2,
1.9,1.2,2.3,
1.9,1.2,2.4,
1.9,1.2,2.5,
1.9,1.2,2.6,
1.9,1.2,2.7,
1.9,1.2,2.8,
1.9,1.2,2.9,
1.9,1.2,3,
1.9,1.2,3.1,
1.9,1.2,3.2,
1.9,1.2,3.3,
1.9,1.2,3.4,
1.9,1.2,3.5,
1.9,1.2,3.6,
2,1.2,0,
2,1.2,0.1,
2,1.2,0.2,
2,1.2,0.3,
2,1.2,0.4,
2,1.2,0.5,
2,1.2,0.6,
2,1.2,0.7,
2,1.2,0.8,
2,1.2,0.9,
2,1.2,1,
2,1.2,1.1,
2,1.2,1.2,
2,1.2,1.3,
2,1.2,1.4,
2,1.2,1.5,
2,1.2,1.6,
2,1.2,1.7,
2,1.2,1.8,
2,1.2,1.9,
2,1.2,2,
2,1.2,2.1,
2,1.2,2.2,
2,1.2,2.3,
2,1.2,2.4,
2,1.2,2.5,
2,1.2,2.6,
2,1.2,2.7,
2,1.2,2.8,
2,1.2,2.9,
2,1.2,3,
2,1.2,3.1,
2,1.2,3.2,
2,1.2,3.3,
2,1.2,3.4,
2,1.2,3.5,
2,1.2,3.6,
2.1,1.2,0,
2.1,1.2,0.1,
2.1,1.2,0.2,
2.1,1.2,0.3,0.977520382
2.1,1.2,0.4,
2.1,1.2,0.5,
2.1,1.2,0.6,
2.1,1.2,0.7,
2.1,1.2,0.8,
2.1,1.2,0.9,
2.1,1.2,1,
2.1,1.2,1.1,
2.1,1.2,1.2,
2.1,1.2,1.3,
2.1,1.2,1.4,
2.1,1.2,1.5,
2.1,1.2,1.6,
2.1,1.2,1.7,
2.1,1.2,1.8,
2.1,1.2,1.9,
2.1,1.2,2,
2.1,1.2,2.1,
2.1,1.2,2.2,
2.1,1.2,2.3,
2.1,1.2,2.4,
2.1,1.2,2.5,
2.1,1.2,2.6,
2.1,1.2,2.7,
2.1,1.2,2.8,
2.1,1.2,2.9,
2.1,1.2,3,
2.1,1.2,3.1,
2.1,1.2,3.2,
2.1,1.2,3.3,
2.1,1.2,3.4,
2.1,1.2,3.5,
2.1,1.2,3.6,
2.2,1.2,0,
2.2,1.2,0.1,
2.2,1.2,0.2,
2.2,1.2,0.3,
2.2,1.2,0.4,
2.2,1.2,0.5,
2.2,1.2,0.6,
2.2,1.2,0.7,
2.2,1.2,0.8,
2.2,1.2,0.9,
2.2,1.2,1,
2.2,1.2,1.1,
2.2,1.2,1.2,
2.2,1.2,1.3,
2.2,1.2,1.4,
2.2,1.2,1.5,
2.2,1.2,1.6,
2.2,1.2,1.7,
2.2,1.2,1.8,
2.2,1.2,1.9,
2.2,1.2,2,
2.2,1.2,2.1,
2.2,1.2,2.2,
2.2,1.2,2.3,
2.2,1.2,2.4,
2.2,1.2,2.5,
2.2,1.2,2.6,
2.2,1.2,2.7,
2.2,1.2,2.8,
2.2,1.2,2.9,
2.2,1.2,3,
2.2,1.2,3.1,
2.2,1.2,3.2,
2.2,1.2,3.3,
2.2,1.2,3.4,
2.2,1.2,3.5,
2.2,1.2,3.6,
2.3,1.2,0,
2.3,1.2,0.1,
2.3,1.2,0.2,
2.3,1.2,0.3,
2.3,1.2,0.4,
2.3,1.2,0.5,
2.3,1.2,0.6,
2.3,1.2,0.7,
2.3,1.2,0.8,
2.3,1.2,0.9,
2.3,1.2,1,
2.3,1.2,1.1,
2.3,1.2,1.2,
2.3,1.2,1.3,
2.3,1.2,1.4,
2.3,1.2,1.5,
2.3,1.2,1.6,
2.3,1.2,1.7,
2.3,1.2,1.8,
2.3,1.2,1.9,
2.3,1.2,2,
2.3,1.2,2.1,
2.3,1.2,2.2,
2.3,1.2,2.3,
2.3,1.2,2.4,
2.3,1.2,2.5,
2.3,1.2,2.6,
2.3,1.2,2.7,
2.3,1.2,2.8,
2.3,1.2,2.9,
2.3,1.2,3,
2.3,1.2,3.1,
2.3,1.2,3.2,
2.3,1.2,3.3,
2.3,1.2,3.4,
2.3,1.2,3.5,
2.3,1.2,3.6,
2.4,1.2,0,
2.4,1.2,0.1,
2.4,1.2,0.2,
2.4,1.2,0.3,
2.4,1.2,0.4,
2.4,1.2,0.5,
2.4,1.2,0.6,
2.4,1.2,0.7,
2.4,1.2,0.8,
2.4,1.2,0.9,
2.4,1.2,1,
2.4,1.2,1.1,
2.4,1.2,1.2,
2.4,1.2,1.3,
2.4,1.2,1.4,
2.4,1.2,1.5,
2.4,1.2,1.6,
2.4,1.2,1.7,
2.4,1.2,1.8,0.996823211
2.4,1.2,1.9,
2.4,1.2,2,
2.4,1.2,2.1,
2.4,1.2,2.2,
2.4,1.2,2.3,
2.4,1.2,2.4,
2.4,1.2,2.5,
2.4,1.2,2.6,
2.4,1.2,2.7,
2.4,1.2,2.8,1.059356349
2.4,1.2,2.9,
2.4,1.2,3,
2.4,1.2,3.1,
2.4,1.2,3.2,
2.4,1.2,3.3,
2.4,1.2,3.4,
2.4,1.2,3.5,
2.4,1.2,3.6,
2.5,1.2,0,0.957671738
2.5,1.2,0.1,
2.5,1.2,0.2,
2.5,1.2,0.3,
2.5,1.2,0.4,
2.5,1.2,0.5,
2.5,1.2,0.6,
2.5,1.2,0.7,
2.5,1.2,0.8,
2.5,1.2,0.9,
2.5,1.2,1,
2.5,1.2,1.1,
2.5,1.2,1.2,
2.5,1.2,1.3,
2.5,1.2,1.4,
2.5,1.2,1.5,
2.5,1.2,1.6,
2.5,1.2,1.7,
2.5,1.2,1.8,
2.5,1.2,1.9,
2.5,1.2,2,
2.5,1.2,2.1,
2.5,1.2,2.2,
2.5,1.2,2.3,
2.5,1.2,2.4,
2.5,1.2,2.5,
2.5,1.2,2.6,
2.5,1.2,2.7,
2.5,1.2,2.8,
2.5,1.2,2.9,
2.5,1.2,3,
2.5,1.2,3.1,
2.5,1.2,3.2,
2.5,1.2,3.3,
2.5,1.2,3.4,
2.5,1.2,3.5,
2.5,1.2,3.6,
2.6,1.2,0,
2.6,1.2,0.1,
2.6,1.2,0.2,
2.6,1.2,0.3,
2.6,1.2,0.4,
2.6,1.2,0.5,
2.6,1.2,0.6,1.014798173
2.6,1.2,0.7,
2.6,1.2,0.8,1.057338537
2.6,1.2,0.9,
2.6,1.2,1,
2.6,1.2,1.1,
2.6,1.2,1.2,
2.6,1.2,1.3,
2.6,1.2,1.4,
2.6,1.2,1.5,1.042069627
2.6,1.2,1.6,
2.6,1.2,1.7,
2.6,1.2,1.8,
2.6,1.2,1.9,
2.6,1.2,2,
2.6,1.2,2.1,
2.6,1.2,2.2,
2.6,1.2,2.3,
2.6,1.2,2.4,
2.6,1.2,2.5,
2.6,1.2,2.6,
2.6,1.2,2.7,
2.6,1.2,2.8,
2.6,1.2,2.9,
2.6,1.2,3,
2.6,1.2,3.1,
2.6,1.2,3.2,
2.6,1.2,3.3,
2.6,1.2,3.4,
2.6,1.2,3.5,
2.6,1.2,3.6,
2.7,1.2,0,
2.7,1.2,0.1,
2.7,1.2,0.2,
2.7,1.2,0.3,
2.7,1.2,0.4,
2.7,1.2,0.5,
2.7,1.2,0.6,
2.7,1.2,0.7,
2.7,1.2,0.8,
2.7,1.2,0.9,
2.7,1.2,1,
2.7,1.2,1.1,
2.7,1.2,1.2,
2.7,1.2,1.3,
2.7,1.2,1.4,
2.7,1.2,1.5,
2.7,1.2,1.6,
2.7,1.2,1.7,
2.7,1.2,1.8,
2.7,1.2,1.9,
2.7,1.2,2,
2.7,1.2,2.1,
2.7,1.2,2.2,
2.7,1.2,2.3,
2.7,1.2,2.4,1.108548274
2.7,1.2,2.5,
2.7,1.2,2.6,
2.7,1.2,2.7,
2.7,1.2,2.8,
2.7,1.2,2.9,
2.7,1.2,3,
2.7,1.2,3.1,
2.7,1.2,3.2,
2.7,1.2,3.3,
2.7,1.2,3.4,
2.7,1.2,3.5,
2.7,1.2,3.6,
2.8,1.2,0,
2.8,1.2,0.1,
2.8,1.2,0.2,
2.8,1.2,0.3,
2.8,1.2,0.4,
2.8,1.2,0.5,
2.8,1.2,0.6,
2.8,1.2,0.7,
2.8,1.2,0.8,
2.8,1.2,0.9,
2.8,1.2,1,
2.8,1.2,1.1,
2.8,1.2,1.2,
2.8,1.2,1.3,
2.8,1.2,1.4,
2.8,1.2,1.5,
2.8,1.2,1.6,
2.8,1.2,1.7,
2.8,1.2,1.8,
2.8,1.2,1.9,
2.8,1.2,2,
2.8,1.2,2.1,
2.8,1.2,2.2,
2.8,1.2,2.3,
2.8,1.2,2.4,
2.8,1.2,2.5,
2.8,1.2,2.6,
2.8,1.2,2.7,
2.8,1.2,2.8,
2.8,1.2,2.9,
2.8,1.2,3,
2.8,1.2,3.1,
2.8,1.2,3.2,
2.8,1.2,3.3,
2.8,1.2,3.4,0.972024132
2.8,1.2,3.5,
2.8,1.2,3.6,
2.9,1.2,0,
2.9,1.2,0.1,
2.9,1.2,0.2,
2.9,1.2,0.3,
2.9,1.2,0.4,
2.9,1.2,0.5,
2.9,1.2,0.6,
2.9,1.2,0.7,
2.9,1.2,0.8,
2.9,1.2,0.9,
2.9,1.2,1,
2.9,1.2,1.1,
2.9,1.2,1.2,
2.9,1.2,1.3,
2.9,1.2,1.4,
2.9,1.2,1.5,
2.9,1.2,1.6,
2.9,1.2,1.7,
2.9,1.2,1.8,
2.9,1.2,1.9,
2.9,1.2,2,
2.9,1.2,2.1,
2.9,1.2,2.2,
2.9,1.2,2.3,
2.9,1.2,2.4,
2.9,1.2,2.5,
2.9,1.2,2.6,
2.9,1.2,2.7,
2.9,1.2,2.8,
2.9,1.2,2.9,
2.9,1.2,3,
2.9,1.2,3.1,
2.9,1.2,3.2,
2.9,1.2,3.3,
2.9,1.2,3.4,
2.9,1.2,3.5,
2.9,1.2,3.6,
3,1.2,0,
3,1.2,0.1,
3,1.2,0.2,
3,1.2,0.3,
3,1.2,0.4,
3,1.2,0.5,
3,1.2,0.6,
3,1.2,0.7,
3,1.2,0.8,
3,1.2,0.9,
3,1.2,1,
3,1.2,1.1,
3,1.2,1.2,
3,1.2,1.3,
3,1.2,1.4,
3,1.2,1.5,
3,1.2,1.6,
3,1.2,1.7,
3,1.2,1.8,
3,1.2,1.9,
3,1.2,2,
3,1.2,2.1,
3,1.2,2.2,
3,1.2,2.3,
3,1.2,2.4,
3,1.2,2.5,
3,1.2,2.6,
3,1.2,2.7,
3,1.2,2.8,
3,1.2,2.9,
3,1.2,3,
3,1.2,3.1,
3,1.2,3.2,
3,1.2,3.3,
3,1.2,3.4,
3,1.2,3.5,
3,1.2,3.6,
3.1,1.2,0,
3.1,1.2,0.1,
3.1,1.2,0.2,
3.1,1.2,0.3,
3.1,1.2,0.4,
3.1,1.2,0.5,
3.1,1.2,0.6,
3.1,1.2,0.7,
3.1,1.2,0.8,
3.1,1.2,0.9,
3.1,1.2,1,
3.1,1.2,1.1,
3.1,1.2,1.2,1.016458078
3.1,1.2,1.3,
3.1,1.2,1.4,
3.1,1.2,1.5,
3.1,1.2,1.6,
3.1,1.2,1.7,
3.1,1.2,1.8,
3.1,1.2,1.9,
3.1,1.2,2,
3.1,1.2,2.1,
3.1,1.2,2.2,
3.1,1.2,2.3,
3.1,1.2,2.4,
3.1,1.2,2.5,
3.1,1.2,2.6,
3.1,1.2,2.7,
3.1,1.2,2.8,
3.1,1.2,2.9,
3.1,1.2,3,
3.1,1.2,3.1,
3.1,1.2,3.2,
3.1,1.2,3.3,
3.1,1.2,3.4,
3.1,1.2,3.5,
3.1,1.2,3.6,
3.2,1.2,0,
3.2,1.2,0.1,
3.2,1.2,0.2,
3.2,1.2,0.3,
3.2,1.2,0.4,
3.2,1.2,0.5,
3.2,1.2,0.6,
3.2,1.2,0.7,
3.2,1.2,0.8,
3.2,1.2,0.9,
3.2,1.2,1,
3.2,1.2,1.1,
3.2,1.2,1.2,
3.2,1.2,1.3,
3.2,1.2,1.4,
3.2,1.2,1.5,
3.2,1.2,1.6,
3.2,1.2,1.7,
3.2,1.2,1.8,
3.2,1.2,1.9,
3.2,1.2,2,
3.2,1.2,2.1,
3.2,1.2,2.2,
3.2,1.2,2.3,
3.2,1.2,2.4,
3.2,1.2,2.5,
3.2,1.2,2.6,
3.2,1.2,2.7,
3.2,1.2,2.8,
3.2,1.2,2.9,
3.2,1.2,3,
3.2,1.2,3.1,
3.2,1.2,3.2,
3.2,1.2,3.3,
3.2,1.2,3.4,
3.2,1.2,3.5,
3.2,1.2,3.6,
3.3,1.2,0,
3.3,1.2,0.1,
3.3,1.2,0.2,
3.3,1.2,0.3,
3.3,1.2,0.4,
3.3,1.2,0.5,
3.3,1.2,0.6,
3.3,1.2,0.7,
3.3,1.2,0.8,
3.3,1.2,0.9,
3.3,1.2,1,
3.3,1.2,1.1,
3.3,1.2,1.2,
3.3,1.2,1.3,
3.3,1.2,1.4,
3.3,1.2,1.5,
3.3,1.2,1.6,
3.3,1.2,1.7,
3.3,1.2,1.8,
3.3,1.2,1.9,0.959164202
3.3,1.2,2,
3.3,1.2,2.1,
3.3,1.2,2.2,
3.3,1.2,2.3,
3.3,1.2,2.4,
3.3,1.2,2.5,
3.3,1.2,2.6,
3.3,1.2,2.7,
3.3,1.2,2.8,
3.3,1.2,2.9,
3.3,1.2,3,
3.3,1.2,3.1,
3.3,1.2,3.2,
3.3,1.2,3.3,
3.3,1.2,3.4,
3.3,1.2,3.5,
3.3,1.2,3.6,
3.4,1.2,0,
3.4,1.2,0.1,
3.4,1.2,0.2,
3.4,1.2,0.3,
3.4,1.2,0.4,
3.4,1.2,0.5,
3.4,1.2,0.6,
3.4,1.2,0.7,
3.4,1.2,0.8,
3.4,1.2,0.9,1.162739813
3.4,1.2,1,
3.4,1.2,1.1,
3.4,1.2,1.2,
3.4,1.2,1.3,
3.4,1.2,1.4,
3.4,1.2,1.5,
3.4,1.2,1.6,
3.4,1.2,1.7,
3.4,1.2,1.8,
3.4,1.2,1.9,
3.4,1.2,2,
3.4,1.2,2.1,
3.4,1.2,2.2,
3.4,1.2,2.3,
3.4,1.2,2.4,1.013883079
3.4,1.2,2.5,
3.4,1.2,2.6,
3.4,1.2,2.7,
3.4,1.2,2.8,
3.4,1.2,2.9,
3.4,1.2,3,
3.4,1.2,3.1,
3.4,1.2,3.2,
3.4,1.2,3.3,
3.4,1.2,3.4,
3.4,1.2,3.5,
3.4,1.2,3.6,
3.5,1.2,0,
3.5,1.2,0.1,
3.5,1.2,0.2,
3.5,1.2,0.3,
3.5,1.2,0.4,
3.5,1.2,0.5,
3.5,1.2,0.6,
3.5,1.2,0.7,
3.5,1.2,0.8,
3.5,1.2,0.9,
3.5,1.2,1,
3.5,1.2,1.1,
3.5,1.2,1.2,
3.5,1.2,1.3,
3.5,1.2,1.4,
3.5,1.2,1.5,
3.5,1.2,1.6,
3.5,1.2,1.7,
3.5,1.2,1.8,
3.5,1.2,1.9,
3.5,1.2,2,
3.5,1.2,2.1,
3.5,1.2,2.2,
3.5,1.2,2.3,
3.5,1.2,2.4,
3.5,1.2,2.5,
3.5,1.2,2.6,
3.5,1.2,2.7,
3.5,1.2,2.8,
3.5,1.2,2.9,
3.5,1.2,3,
3.5,1.2,3.1,
3.5,1.2,3.2,
3.5,1.2,3.3,
3.5,1.2,3.4,
3.5,1.2,3.5,
3.5,1.2,3.6,
3.6,1.2,0,
3.6,1.2,0.1,
3.6,1.2,0.2,
3.6,1.2,0.3,
3.6,1.2,0.4,
3.6,1.2,0.5,
3.6,1.2,0.6,1.027319526
3.6,1.2,0.7,
3.6,1.2,0.8,
3.6,1.2,0.9,
3.6,1.2,1,
3.6,1.2,1.1,
3.6,1.2,1.2,
3.6,1.2,1.3,
3.6,1.2,1.4,
3.6,1.2,1.5,
3.6,1.2,1.6,
3.6,1.2,1.7,
3.6,1.2,1.8,
3.6,1.2,1.9,
3.6,1.2,2,
3.6,1.2,2.1,
3.6,1.2,2.2,
3.6,1.2,2.3,
3.6,1.2,2.4,
3.6,1.2,2.5,
3.6,1.2,2.6,
3.6,1.2,2.7,
3.6,1.2,2.8,
3.6,1.2,2.9,
3.6,1.2,3,
3.6,1.2,3.1,
3.6,1.2,3.2,
3.6,1.2,3.3,
3.6,1.2,3.4,
3.6,1.2,3.5,
3.6,1.2,3.6,
3.7,1.2,0,
3.7,1.2,0.1,
3.7,1.2,0.2,
3.7,1.2,0.3,
3.7,1.2,0.4,
3.7,1.2,0.5,
3.7,1.2,0.6,
3.7,1.2,0.7,
3.7,1.2,0.8,
3.7,1.2,0.9,
3.7,1.2,1,
3.7,1.2,1.1,
3.7,1.2,1.2,
3.7,1.2,1.3,
3.7,1.2,1.4,
3.7,1.2,1.5,
3.7,1.2,1.6,
3.7,1.2,1.7,
3.7,1.2,1.8,
3.7,1.2,1.9,
3.7,1.2,2,
3.7,1.2,2.1,
3.7,1.2,2.2,
3.7,1.2,2.3,
3.7,1.2,2.4,
3.7,1.2,2.5,
3.7,1.2,2.6,
3.7,1.2,2.7,
3.7,1.2,2.8,
3.7,1.2,2.9,
3.7,1.2,3,
3.7,1.2,3.1,
3.7,1.2,3.2,
3.7,1.2,3.3,
3.7,1.2,3.4,
3.7,1.2,3.5,
3.7,1.2,3.6,
3.8,1.2,0,
3.8,1.2,0.1,
3.8,1.2,0.2,
3.8,1.2,0.3,
3.8,1.2,0.4,
3.8,1.2,0.5,
3.8,1.2,0.6,
3.8,1.2,0.7,
3.8,1.2,0.8,
3.8,1.2,0.9,
3.8,1.2,1,
3.8,1.2,1.1,
3.8,1.2,1.2,
3.8,1.2,1.3,
3.8,1.2,1.4,
3.8,1.2,1.5,
3.8,1.2,1.6,
3.8,1.2,1.7,
3.8,1.2,1.8,
3.8,1.2,1.9,
3.8,1.2,2,
3.8,1.2,2.1,
3.8,1.2,2.2,
3.8,1.2,2.3,
3.8,1.2,2.4,
3.8,1.2,2.5,
3.8,1.2,2.6,
3.8,1.2,2.7,1.086705127
3.8,1.2,2.8,
3.8,1.2,2.9,
3.8,1.2,3,
3.8,1.2,3.1,
3.8,1.2,3.2,
3.8,1.2,3.3,
3.8,1.2,3.4,
3.8,1.2,3.5,
3.8,1.2,3.6,
3.9,1.2,0,
3.9,1.2,0.1,
3.9,1.2,0.2,
3.9,1.2,0.3,
3.9,1.2,0.4,
3.9,1.2,0.5,
3.9,1.2,0.6,
3.9,1.2,0.7,
3.9,1.2,0.8,
3.9,1.2,0.9,
3.9,1.2,1,
3.9,1.2,1.1,
3.9,1.2,1.2,
3.9,1.2,1.3,
3.9,1.2,1.4,
3.9,1.2,1.5,
3.9,1.2,1.6,
3.9,1.2,1.7,
3.9,1.2,1.8,
3.9,1.2,1.9,
3.9,1.2,2,
3.9,1.2,2.1,
3.9,1.2,2.2,
3.9,1.2,2.3,
3.9,1.2,2.4,
3.9,1.2,2.5,
3.9,1.2,2.6,
3.9,1.2,2.7,
3.9,1.2,2.8,
3.9,1.2,2.9,
3.9,1.2,3,
3.9,1.2,3.1,
3.9,1.2,3.2,
3.9,1.2,3.3,
3.9,1.2,3.4,0.9662979
3.9,1.2,3.5,
3.9,1.2,3.6,
4,1.2,0,
4,1.2,0.1,
4,1.2,0.2,
4,1.2,0.3,
4,1.2,0.4,
4,1.2,0.5,
4,1.2,0.6,
4,1.2,0.7,
4,1.2,0.8,
4,1.2,0.9,
4,1.2,1,1.106142705
4,1.2,1.1,
4,1.2,1.2,
4,1.2,1.3,
4,1.2,1.4,
4,1.2,1.5,
4,1.2,1.6,
4,1.2,1.7,
4,1.2,1.8,
4,1.2,1.9,
4,1.2,2,
4,1.2,2.1,
4,1.2,2.2,
4,1.2,2.3,
4,1.2,2.4,
4,1.2,2.5,
4,1.2,2.6,
4,1.2,2.7,
4,1.2,2.8,
4,1.2,2.9,
4,1.2,3,
4,1.2,3.1,
4,1.2,3.2,
4,1.2,3.3,
4,1.2,3.4,
4,1.2,3.5,
4,1.2,3.6,
4.1,1.2,0,
4.1,1.2,0.1,
4.1,1.2,0.2,
4.1,1.2,0.3,
4.1,1.2,0.4,
4.1,1.2,0.5,
4.1,1.2,0.6,
4.1,1.2,0.7,
4.1,1.2,0.8,1.05412988
4.1,1.2,0.9,
4.1,1.2,1,
4.1,1.2,1.1,
4.1,1.2,1.2,
4.1,1.2,1.3,
4.1,1.2,1.4,
4.1,1.2,1.5,1.015676311
4.1,1.2,1.6,
4.1,1.2,1.7,
4.1,1.2,1.8,
4.1,1.2,1.9,
4.1,1.2,2,
4.1,1.2,2.1,
4.1,1.2,2.2,
4.1,1.2,2.3,
4.1,1.2,2.4,
4.1,1.2,2.5,
4.1,1.2,2.6,
4.1,1.2,2.7,
4.1,1.2,2.8,
4.1,1.2,2.9,
4.1,1.2,3,
4.1,1.2,3.1,
4.1,1.2,3.2,
4.1,1.2,3.3,
4.1,1.2,3.4,
4.1,1.2,3.5,
4.1,1.2,3.6,
4.2,1.2,0,
4.2,1.2,0.1,
4.2,1.2,0.2,
4.2,1.2,0.3,
4.2,1.2,0.4,
4.2,1.2,0.5,
4.2,1.2,0.6,
4.2,1.2,0.7,
4.2,1.2,0.8,
4.2,1.2,0.9,
4.2,1.2,1,
4.2,1.2,1.1,
4.2,1.2,1.2,
4.2,1.2,1.3,
4.2,1.2,1.4,
4.2,1.2,1.5,
4.2,1.2,1.6,
4.2,1.2,1.7,
4.2,1.2,1.8,
4.2,1.2,1.9,
4.2,1.2,2,
4.2,1.2,2.1,
4.2,1.2,2.2,
4.2,1.2,2.3,
4.2,1.2,2.4,
4.2,1.2,2.5,
4.2,1.2,2.6,
4.2,1.2,2.7,
4.2,1.2,2.8,
4.2,1.2,2.9,
4.2,1.2,3,
4.2,1.2,3.1,
4.2,1.2,3.2,
4.2,1.2,3.3,
4.2,1.2,3.4,
4.2,1.2,3.5,
4.2,1.2,3.6,
4.3,1.2,0,
4.3,1.2,0.1,
4.3,1.2,0.2,
4.3,1.2,0.3,
4.3,1.2,0.4,
4.3,1.2,0.5,
4.3,1.2,0.6,
4.3,1.2,0.7,
4.3,1.2,0.8,
4.3,1.2,0.9,
4.3,1.2,1,
4.3,1.2,1.1,
4.3,1.2,1.2,
4.3,1.2,1.3,
4.3,1.2,1.4,
4.3,1.2,1.5,
4.3,1.2,1.6,
4.3,1.2,1.7,
4.3,1.2,1.8,
4.3,1.2,1.9,
4.3,1.2,2,
4.3,1.2,2.1,
4.3,1.2,2.2,
4.3,1.2,2.3,
4.3,1.2,2.4,
4.3,1.2,2.5,
4.3,1.2,2.6,
4.3,1.2,2.7,
4.3,1.2,2.8,
4.3,1.2,2.9,
4.3,1.2,3,
4.3,1.2,3.1,
4.3,1.2,3.2,
4.3,1.2,3.3,
4.3,1.2,3.4,
4.3,1.2,3.5,
4.3,1.2,3.6,
4.4,1.2,0,
4.4,1.2,0.1,
4.4,1.2,0.2,
4.4,1.2,0.3,
4.4,1.2,0.4,
4.4,1.2,0.5,
4.4,1.2,0.6,
4.4,1.2,0.7,
4.4,1.2,0.8,
4.4,1.2,0.9,
4.4,1.2,1,
4.4,1.2,1.1,
4.4,1.2,1.2,
4.4,1.2,1.3,
4.4,1.2,1.4,
4.4,1.2,1.5,
4.4,1.2,1.6,
4.4,1.2,1.7,
4.4,1.2,1.8,
4.4,1.2,1.9,
4.4,1.2,2,
4.4,1.2,2.1,
4.4,1.2,2.2,
4.4,1.2,2.3,
4.4,1.2,2.4,
4.4,1.2,2.5,
4.4,1.2,2.6,
4.4,1.2,2.7,
4.4,1.2,2.8,
4.4,1.2,2.9,
4.4,1.2,3,
4.4,1.2,3.1,
4.4,1.2,3.2,
4.4,1.2,3.3,
4.4,1.2,3.4,
4.4,1.2,3.5,
4.4,1.2,3.6,
4.5,1.2,0,
4.5,1.2,0.1,
4.5,1.2,0.2,
4.5,1.2,0.3,
4.5,1.2,0.4,
4.5,1.2,0.5,
4.5,1.2,0.6,
4.5,1.2,0.7,
4.5,1.2,0.8,
4.5,1.2,0.9,
4.5,1.2,1,
4.5,1.2,1.1,
4.5,1.2,1.2,
4.5,1.2,1.3,
4.5,1.2,1.4,
4.5,1.2,1.5,
4.5,1.2,1.6,
4.5,1.2,1.7,
4.5,1.2,1.8,
4.5,1.2,1.9,
4.5,1.2,2,
4.5,1.2,2.1,
4.5,1.2,2.2,
4.5,1.2,2.3,
4.5,1.2,2.4,
4.5,1.2,2.5,
4.5,1.2,2.6,
4.5,1.2,2.7,
4.5,1.2,2.8,
4.5,1.2,2.9,
4.5,1.2,3,
4.5,1.2,3.1,
4.5,1.2,3.2,
4.5,1.2,3.3,
4.5,1.2,3.4,
4.5,1.2,3.5,
4.5,1.2,3.6,
4.6,1.2,0,
4.6,1.2,0.1,
4.6,1.2,0.2,
4.6,1.2,0.3,
4.6,1.2,0.4,
4.6,1.2,0.5,
4.6,1.2,0.6,
4.6,1.2,0.7,
4.6,1.2,0.8,
4.6,1.2,0.9,
4.6,1.2,1,
4.6,1.2,1.1,
4.6,1.2,1.2,
4.6,1.2,1.3,
4.6,1.2,1.4,
4.6,1.2,1.5,
4.6,1.2,1.6,
4.6,1.2,1.7,
4.6,1.2,1.8,
4.6,1.2,1.9,
4.6,1.2,2,
4.6,1.2,2.1,
4.6,1.2,2.2,
4.6,1.2,2.3,
4.6,1.2,2.4,
4.6,1.2,2.5,
4.6,1.2,2.6,
4.6,1.2,2.7,
4.6,1.2,2.8,
4.6,1.2,2.9,
4.6,1.2,3,
4.6,1.2,3.1,
4.6,1.2,3.2,
4.6,1.2,3.3,
4.6,1.2,3.4,
4.6,1.2,3.5,
4.6,1.2,3.6,
4.7,1.2,0,
4.7,1.2,0.1,
4.7,1.2,0.2,
4.7,1.2,0.3,
4.7,1.2,0.4,
4.7,1.2,0.5,
4.7,1.2,0.6,
4.7,1.2,0.7,
4.7,1.2,0.8,
4.7,1.2,0.9,
4.7,1.2,1,
4.7,1.2,1.1,
4.7,1.2,1.2,
4.7,1.2,1.3,
4.7,1.2,1.4,
4.7,1.2,1.5,
4.7,1.2,1.6,
4.7,1.2,1.7,
4.7,1.2,1.8,
4.7,1.2,1.9,
4.7,1.2,2,
4.7,1.2,2.1,
4.7,1.2,2.2,
4.7,1.2,2.3,
4.7,1.2,2.4,
4.7,1.2,2.5,
4.7,1.2,2.6,
4.7,1.2,2.7,
4.7,1.2,2.8,
4.7,1.2,2.9,
4.7,1.2,3,
4.7,1.2,3.1,
4.7,1.2,3.2,
4.7,1.2,3.3,
4.7,1.2,3.4,
4.7,1.2,3.5,
4.7,1.2,3.6,
4.8,1.2,0,
4.8,1.2,0.1,
4.8,1.2,0.2,
4.8,1.2,0.3,
4.8,1.2,0.4,
4.8,1.2,0.5,
4.8,1.2,0.6,
4.8,1.2,0.7,
4.8,1.2,0.8,
4.8,1.2,0.9,1.142403345
4.8,1.2,1,
4.8,1.2,1.1,
4.8,1.2,1.2,
4.8,1.2,1.3,
4.8,1.2,1.4,
4.8,1.2,1.5,
4.8,1.2,1.6,
4.8,1.2,1.7,
4.8,1.2,1.8,
4.8,1.2,1.9,
4.8,1.2,2,
4.8,1.2,2.1,
4.8,1.2,2.2,
4.8,1.2,2.3,
4.8,1.2,2.4,
4.8,1.2,2.5,
4.8,1.2,2.6,
4.8,1.2,2.7,
4.8,1.2,2.8,
4.8,1.2,2.9,
4.8,1.2,3,
4.8,1.2,3.1,
4.8,1.2,3.2,
4.8,1.2,3.3,
4.8,1.2,3.4,
4.8,1.2,3.5,
4.8,1.2,3.6,
4.9,1.2,0,
4.9,1.2,0.1,
4.9,1.2,0.2,
4.9,1.2,0.3,
4.9,1.2,0.4,
4.9,1.2,0.5,
4.9,1.2,0.6,
4.9,1.2,0.7,
4.9,1.2,0.8,
4.9,1.2,0.9,
4.9,1.2,1,
4.9,1.2,1.1,
4.9,1.2,1.2,
4.9,1.2,1.3,
4.9,1.2,1.4,
4.9,1.2,1.5,
4.9,1.2,1.6,
4.9,1.2,1.7,0.959312027
4.9,1.2,1.8,
4.9,1.2,1.9,
4.9,1.2,2,
4.9,1.2,2.1,
4.9,1.2,2.2,
4.9,1.2,2.3,
4.9,1.2,2.4,
4.9,1.2,2.5,
4.9,1.2,2.6,1.049093309
4.9,1.2,2.7,
4.9,1.2,2.8,1.105092294
4.9,1.2,2.9,
4.9,1.2,3,
4.9,1.2,3.1,
4.9,1.2,3.2,
4.9,1.2,3.3,
4.9,1.2,3.4,
4.9,1.2,3.5,
4.9,1.2,3.6,
5,1.2,0,
5,1.2,0.1,
5,1.2,0.2,
5,1.2,0.3,
5,1.2,0.4,
5,1.2,0.5,
5,1.2,0.6,1.044042808
5,1.2,0.7,
5,1.2,0.8,
5,1.2,0.9,
5,1.2,1,
5,1.2,1.1,1.032068407
5,1.2,1.2,
5,1.2,1.3,
5,1.2,1.4,
5,1.2,1.5,
5,1.2,1.6,
5,1.2,1.7,
5,1.2,1.8,
5,1.2,1.9,
5,1.2,2,
5,1.2,2.1,
5,1.2,2.2,
5,1.2,2.3,
5,1.2,2.4,
5,1.2,2.5,
5,1.2,2.6,
5,1.2,2.7,
5,1.2,2.8,
5,1.2,2.9,
5,1.2,3,
5,1.2,3.1,
5,1.2,3.2,
5,1.2,3.3,
5,1.2,3.4,
5,1.2,3.5,
5,1.2,3.6,
5.1,1.2,0,
5.1,1.2,0.1,0.976570038
5.1,1.2,0.2,
5.1,1.2,0.3,
5.1,1.2,0.4,
5.1,1.2,0.5,
5.1,1.2,0.6,
5.1,1.2,0.7,
5.1,1.2,0.8,
5.1,1.2,0.9,
5.1,1.2,1,
5.1,1.2,1.1,
5.1,1.2,1.2,
5.1,1.2,1.3,
5.1,1.2,1.4,
5.1,1.2,1.5,
5.1,1.2,1.6,
5.1,1.2,1.7,
5.1,1.2,1.8,
5.1,1.2,1.9,
5.1,1.2,2,
5.1,1.2,2.1,
5.1,1.2,2.2,
5.1,1.2,2.3,
5.1,1.2,2.4,
5.1,1.2,2.5,
5.1,1.2,2.6,
5.1,1.2,2.7,
5.1,1.2,2.8,
5.1,1.2,2.9,
5.1,1.2,3,
5.1,1.2,3.1,
5.1,1.2,3.2,
5.1,1.2,3.3,
5.1,1.2,3.4,
5.1,1.2,3.5,
5.1,1.2,3.6,
5.2,1.2,0,
5.2,1.2,0.1,
5.2,1.2,0.2,
5.2,1.2,0.3,
5.2,1.2,0.4,
5.2,1.2,0.5,
5.2,1.2,0.6,
5.2,1.2,0.7,
5.2,1.2,0.8,
5.2,1.2,0.9,
5.2,1.2,1,
5.2,1.2,1.1,
5.2,1.2,1.2,
5.2,1.2,1.3,
5.2,1.2,1.4,
5.2,1.2,1.5,
5.2,1.2,1.6,
5.2,1.2,1.7,
5.2,1.2,1.8,
5.2,1.2,1.9,
5.2,1.2,2,
5.2,1.2,2.1,
5.2,1.2,2.2,
5.2,1.2,2.3,
5.2,1.2,2.4,
5.2,1.2,2.5,
5.2,1.2,2.6,
5.2,1.2,2.7,
5.2,1.2,2.8,
5.2,1.2,2.9,
5.2,1.2,3,
5.2,1.2,3.1,
5.2,1.2,3.2,
5.2,1.2,3.3,
5.2,1.2,3.4,
5.2,1.2,3.5,
5.2,1.2,3.6,
5.3,1.2,0,
5.3,1.2,0.1,
5.3,1.2,0.2,
5.3,1.2,0.3,
5.3,1.2,0.4,
5.3,1.2,0.5,
5.3,1.2,0.6,
5.3,1.2,0.7,
5.3,1.2,0.8,
5.3,1.2,0.9,
5.3,1.2,1,
5.3,1.2,1.1,
5.3,1.2,1.2,
5.3,1.2,1.3,
5.3,1.2,1.4,
5.3,1.2,1.5,
5.3,1.2,1.6,
5.3,1.2,1.7,
5.3,1.2,1.8,
5.3,1.2,1.9,
5.3,1.2,2,
5.3,1.2,2.1,
5.3,1.2,2.2,
5.3,1.2,2.3,
5.3,1.2,2.4,
5.3,1.2,2.5,
5.3,1.2,2.6,
5.3,1.2,2.7,
5.3,1.2,2.8,
5.3,1.2,2.9,
5.3,1.2,3,
5.3,1.2,3.1,
5.3,1.2,3.2,
5.3,1.2,3.3,
5.3,1.2,3.4,
5.3,1.2,3.5,
5.3,1.2,3.6,
5.4,1.2,0,
5.4,1.2,0.1,
5.4,1.2,0.2,
5.4,1.2,0.3,
5.4,1.2,0.4,
5.4,1.2,0.5,
5.4,1.2,0.6,
5.4,1.2,0.7,
5.4,1.2,0.8,
5.4,1.2,0.9,
5.4,1.2,1,
5.4,1.2,1.1,
5.4,1.2,1.2,
5.4,1.2,1.3,
5.4,1.2,1.4,
5.4,1.2,1.5,
5.4,1.2,1.6,
5.4,1.2,1.7,
5.4,1.2,1.8,
5.4,1.2,1.9,
5.4,1.2,2,
5.4,1.2,2.1,
5.4,1.2,2.2,
5.4,1.2,2.3,
5.4,1.2,2.4,
5.4,1.2,2.5,
5.4,1.2,2.6,
5.4,1.2,2.7,
5.4,1.2,2.8,
5.4,1.2,2.9,
5.4,1.2,3,
5.4,1.2,3.1,
5.4,1.2,3.2,
5.4,1.2,3.3,
5.4,1.2,3.4,
5.4,1.2,3.5,
5.4,1.2,3.6,
5.5,1.2,0,
5.5,1.2,0.1,
5.5,1.2,0.2,
5.5,1.2,0.3,
5.5,1.2,0.4,
5.5,1.2,0.5,
5.5,1.2,0.6,
5.5,1.2,0.7,
5.5,1.2,0.8,
5.5,1.2,0.9,
5.5,1.2,1,
5.5,1.2,1.1,
5.5,1.2,1.2,
5.5,1.2,1.3,
5.5,1.2,1.4,
5.5,1.2,1.5,
5.5,1.2,1.6,
5.5,1.2,1.7,
5.5,1.2,1.8,
5.5,1.2,1.9,
5.5,1.2,2,
5.5,1.2,2.1,
5.5,1.2,2.2,
5.5,1.2,2.3,
5.5,1.2,2.4,
5.5,1.2,2.5,
5.5,1.2,2.6,
5.5,1.2,2.7,
5.5,1.2,2.8,
5.5,1.2,2.9,
5.5,1.2,3,
5.5,1.2,3.1,
5.5,1.2,3.2,
5.5,1.2,3.3,
5.5,1.2,3.4,0.965777101
5.5,1.2,3.5,
5.5,1.2,3.6,
5.6,1.2,0,
5.6,1.2,0.1,
5.6,1.2,0.2,
5.6,1.2,0.3,
5.6,1.2,0.4,
5.6,1.2,0.5,
5.6,1.2,0.6,
5.6,1.2,0.7,1.033021595
5.6,1.2,0.8,
5.6,1.2,0.9,
5.6,1.2,1,1.109362733
5.6,1.2,1.1,
5.6,1.2,1.2,
5.6,1.2,1.3,
5.6,1.2,1.4,
5.6,1.2,1.5,
5.6,1.2,1.6,
5.6,1.2,1.7,
5.6,1.2,1.8,
5.6,1.2,1.9,
5.6,1.2,2,
5.6,1.2,2.1,
5.6,1.2,2.2,
5.6,1.2,2.3,
5.6,1.2,2.4,
5.6,1.2,2.5,
5.6,1.2,2.6,
5.6,1.2,2.7,
5.6,1.2,2.8,
5.6,1.2,2.9,
5.6,1.2,3,
5.6,1.2,3.1,
5.6,1.2,3.2,
5.6,1.2,3.3,
5.6,1.2,3.4,
5.6,1.2,3.5,
5.6,1.2,3.6,
5.7,1.2,0,
5.7,1.2,0.1,
5.7,1.2,0.2,
5.7,1.2,0.3,
5.7,1.2,0.4,
5.7,1.2,0.5,
5.7,1.2,0.6,
5.7,1.2,0.7,1.033158617
5.7,1.2,0.8,
5.7,1.2,0.9,
5.7,1.2,1,
5.7,1.2,1.1,
5.7,1.2,1.2,
5.7,1.2,1.3,
5.7,1.2,1.4,
5.7,1.2,1.5,
5.7,1.2,1.6,
5.7,1.2,1.7,
5.7,1.2,1.8,0.99483866
5.7,1.2,1.9,
5.7,1.2,2,
5.7,1.2,2.1,
5.7,1.2,2.2,
5.7,1.2,2.3,
5.7,1.2,2.4,
5.7,1.2,2.5,
5.7,1.2,2.6,
5.7,1.2,2.7,
5.7,1.2,2.8,
5.7,1.2,2.9,
5.7,1.2,3,
5.7,1.2,3.1,
5.7,1.2,3.2,
5.7,1.2,3.3,
5.7,1.2,3.4,
5.7,1.2,3.5,
5.7,1.2,3.6,
5.8,1.2,0,
5.8,1.2,0.1,
5.8,1.2,0.2,
5.8,1.2,0.3,
5.8,1.2,0.4,
5.8,1.2,0.5,
5.8,1.2,0.6,
5.8,1.2,0.7,
5.8,1.2,0.8,
5.8,1.2,0.9,
5.8,1.2,1,
5.8,1.2,1.1,
5.8,1.2,1.2,
5.8,1.2,1.3,
5.8,1.2,1.4,
5.8,1.2,1.5,
5.8,1.2,1.6,
5.8,1.2,1.7,
5.8,1.2,1.8,
5.8,1.2,1.9,
5.8,1.2,2,
5.8,1.2,2.1,
5.8,1.2,2.2,
5.8,1.2,2.3,
5.8,1.2,2.4,
5.8,1.2,2.5,
5.8,1.2,2.6,
5.8,1.2,2.7,
5.8,1.2,2.8,
5.8,1.2,2.9,
5.8,1.2,3,
5.8,1.2,3.1,
5.8,1.2,3.2,
5.8,1.2,3.3,
5.8,1.2,3.4,
5.8,1.2,3.5,
5.8,1.2,3.6,
5.9,1.2,0,
5.9,1.2,0.1,
5.9,1.2,0.2,
5.9,1.2,0.3,
5.9,1.2,0.4,
5.9,1.2,0.5,
5.9,1.2,0.6,
5.9,1.2,0.7,
5.9,1.2,0.8,
5.9,1.2,0.9,
5.9,1.2,1,
5.9,1.2,1.1,
5.9,1.2,1.2,
5.9,1.2,1.3,
5.9,1.2,1.4,
5.9,1.2,1.5,
5.9,1.2,1.6,
5.9,1.2,1.7,
5.9,1.2,1.8,
5.9,1.2,1.9,
5.9,1.2,2,
5.9,1.2,2.1,
5.9,1.2,2.2,
5.9,1.2,2.3,
5.9,1.2,2.4,
5.9,1.2,2.5,
5.9,1.2,2.6,
5.9,1.2,2.7,
5.9,1.2,2.8,
5.9,1.2,2.9,
5.9,1.2,3,
5.9,1.2,3.1,
5.9,1.2,3.2,
5.9,1.2,3.3,
5.9,1.2,3.4,
5.9,1.2,3.5,
5.9,1.2,3.6,
6,1.2,0,
6,1.2,0.1,0.965077206
6,1.2,0.2,
6,1.2,0.3,
6,1.2,0.4,
6,1.2,0.5,
6,1.2,0.6,
6,1.2,0.7,
6,1.2,0.8,
6,1.2,0.9,
6,1.2,1,
6,1.2,1.1,
6,1.2,1.2,
6,1.2,1.3,
6,1.2,1.4,
6,1.2,1.5,
6,1.2,1.6,
6,1.2,1.7,
6,1.2,1.8,
6,1.2,1.9,
6,1.2,2,
6,1.2,2.1,
6,1.2,2.2,
6,1.2,2.3,
6,1.2,2.4,
6,1.2,2.5,
6,1.2,2.6,
6,1.2,2.7,
6,1.2,2.8,1.0693118
6,1.2,2.9,
6,1.2,3,
6,1.2,3.1,
6,1.2,3.2,
6,1.2,3.3,
6,1.2,3.4,
6,1.2,3.5,
6,1.2,3.6,
6.1,1.2,0,
6.1,1.2,0.1,
6.1,1.2,0.2,
6.1,1.2,0.3,
6.1,1.2,0.4,
6.1,1.2,0.5,
6.1,1.2,0.6,
6.1,1.2,0.7,
6.1,1.2,0.8,
6.1,1.2,0.9,
6.1,1.2,1,
6.1,1.2,1.1,
6.1,1.2,1.2,
6.1,1.2,1.3,
6.1,1.2,1.4,
6.1,1.2,1.5,
6.1,1.2,1.6,
6.1,1.2,1.7,
6.1,1.2,1.8,
6.1,1.2,1.9,
6.1,1.2,2,
6.1,1.2,2.1,
6.1,1.2,2.2,
6.1,1.2,2.3,1.004158463
6.1,1.2,2.4,
6.1,1.2,2.5,
6.1,1.2,2.6,
6.1,1.2,2.7,
6.1,1.2,2.8,
6.1,1.2,2.9,
6.1,1.2,3,
6.1,1.2,3.1,
6.1,1.2,3.2,
6.1,1.2,3.3,
6.1,1.2,3.4,
6.1,1.2,3.5,
6.1,1.2,3.6,
6.2,1.2,0,
6.2,1.2,0.1,
6.2,1.2,0.2,
6.2,1.2,0.3,
6.2,1.2,0.4,
6.2,1.2,0.5,
6.2,1.2,0.6,
6.2,1.2,0.7,
6.2,1.2,0.8,
6.2,1.2,0.9,
6.2,1.2,1,
6.2,1.2,1.1,
6.2,1.2,1.2,
6.2,1.2,1.3,
6.2,1.2,1.4,
6.2,1.2,1.5,
6.2,1.2,1.6,
6.2,1.2,1.7,
6.2,1.2,1.8,
6.2,1.2,1.9,
6.2,1.2,2,
6.2,1.2,2.1,
6.2,1.2,2.2,
6.2,1.2,2.3,
6.2,1.2,2.4,
6.2,1.2,2.5,
6.2,1.2,2.6,
6.2,1.2,2.7,
6.2,1.2,2.8,
6.2,1.2,2.9,
6.2,1.2,3,
6.2,1.2,3.1,
6.2,1.2,3.2,
6.2,1.2,3.3,
6.2,1.2,3.4,
6.2,1.2,3.5,
6.2,1.2,3.6,
6.3,1.2,0,
6.3,1.2,0.1,
6.3,1.2,0.2,
6.3,1.2,0.3,
6.3,1.2,0.4,
6.3,1.2,0.5,
6.3,1.2,0.6,
6.3,1.2,0.7,
6.3,1.2,0.8,
6.3,1.2,0.9,
6.3,1.2,1,
6.3,1.2,1.1,
6.3,1.2,1.2,
6.3,1.2,1.3,
6.3,1.2,1.4,
6.3,1.2,1.5,
6.3,1.2,1.6,
6.3,1.2,1.7,
6.3,1.2,1.8,
6.3,1.2,1.9,
6.3,1.2,2,
6.3,1.2,2.1,
6.3,1.2,2.2,
6.3,1.2,2.3,
6.3,1.2,2.4,
6.3,1.2,2.5,
6.3,1.2,2.6,
6.3,1.2,2.7,
6.3,1.2,2.8,
6.3,1.2,2.9,
6.3,1.2,3,
6.3,1.2,3.1,
6.3,1.2,3.2,
6.3,1.2,3.3,
6.3,1.2,3.4,
6.3,1.2,3.5,
6.3,1.2,3.6,
6.4,1.2,0,
6.4,1.2,0.1,
6.4,1.2,0.2,
6.4,1.2,0.3,
6.4,1.2,0.4,
6.4,1.2,0.5,
6.4,1.2,0.6,
6.4,1.2,0.7,
6.4,1.2,0.8,
6.4,1.2,0.9,
6.4,1.2,1,
6.4,1.2,1.1,
6.4,1.2,1.2,
6.4,1.2,1.3,
6.4,1.2,1.4,
6.4,1.2,1.5,0.972415584
6.4,1.2,1.6,0.964379301
6.4,1.2,1.7,
6.4,1.2,1.8,
6.4,1.2,1.9,
6.4,1.2,2,
6.4,1.2,2.1,
6.4,1.2,2.2,
6.4,1.2,2.3,
6.4,1.2,2.4,
6.4,1.2,2.5,
6.4,1.2,2.6,
6.4,1.2,2.7,
6.4,1.2,2.8,
6.4,1.2,2.9,
6.4,1.2,3,
6.4,1.2,3.1,1.04000036
6.4,1.2,3.2,
6.4,1.2,3.3,
6.4,1.2,3.4,
6.4,1.2,3.5,
6.4,1.2,3.6,
6.5,1.2,0,
6.5,1.2,0.1,
6.5,1.2,0.2,
6.5,1.2,0.3,
6.5,1.2,0.4,
6.5,1.2,0.5,
6.5,1.2,0.6,
6.5,1.2,0.7,
6.5,1.2,0.8,
6.5,1.2,0.9,
6.5,1.2,1,
6.5,1.2,1.1,
6.5,1.2,1.2,
6.5,1.2,1.3,
6.5,1.2,1.4,
6.5,1.2,1.5,
6.5,1.2,1.6,
6.5,1.2,1.7,
6.5,1.2,1.8,
6.5,1.2,1.9,
6.5,1.2,2,
6.5,1.2,2.1,
6.5,1.2,2.2,
6.5,1.2,2.3,
6.5,1.2,2.4,
6.5,1.2,2.5,
6.5,1.2,2.6,
6.5,1.2,2.7,
6.5,1.2,2.8,
6.5,1.2,2.9,
6.5,1.2,3,
6.5,1.2,3.1,
6.5,1.2,3.2,
6.5,1.2,3.3,
6.5,1.2,3.4,
6.5,1.2,3.5,
6.5,1.2,3.6,
6.6,1.2,0,
6.6,1.2,0.1,
6.6,1.2,0.2,
6.6,1.2,0.3,
6.6,1.2,0.4,
6.6,1.2,0.5,1.065389887
6.6,1.2,0.6,
6.6,1.2,0.7,
6.6,1.2,0.8,
6.6,1.2,0.9,
6.6,1.2,1,
6.6,1.2,1.1,1.035360642
6.6,1.2,1.2,
6.6,1.2,1.3,
6.6,1.2,1.4,
6.6,1.2,1.5,
6.6,1.2,1.6,
6.6,1.2,1.7,
6.6,1.2,1.8,
6.6,1.2,1.9,
6.6,1.2,2,
6.6,1.2,2.1,
6.6,1.2,2.2,
6.6,1.2,2.3,
6.6,1.2,2.4,
6.6,1.2,2.5,
6.6,1.2,2.6,
6.6,1.2,2.7,
6.6,1.2,2.8,
6.6,1.2,2.9,
6.6,1.2,3,
6.6,1.2,3.1,
6.6,1.2,3.2,
6.6,1.2,3.3,
6.6,1.2,3.4,
6.6,1.2,3.5,
6.6,1.2,3.6,
6.7,1.2,0,
6.7,1.2,0.1,
6.7,1.2,0.2,
6.7,1.2,0.3,
6.7,1.2,0.4,
6.7,1.2,0.5,
6.7,1.2,0.6,
6.7,1.2,0.7,
6.7,1.2,0.8,
6.7,1.2,0.9,
6.7,1.2,1,
6.7,1.2,1.1,
6.7,1.2,1.2,
6.7,1.2,1.3,
6.7,1.2,1.4,
6.7,1.2,1.5,
6.7,1.2,1.6,
6.7,1.2,1.7,
6.7,1.2,1.8,
6.7,1.2,1.9,
6.7,1.2,2,
6.7,1.2,2.1,
6.7,1.2,2.2,
6.7,1.2,2.3,
6.7,1.2,2.4,
6.7,1.2,2.5,
6.7,1.2,2.6,
6.7,1.2,2.7,
6.7,1.2,2.8,
6.7,1.2,2.9,
6.7,1.2,3,
6.7,1.2,3.1,
6.7,1.2,3.2,
6.7,1.2,3.3,
6.7,1.2,3.4,
6.7,1.2,3.5,
6.7,1.2,3.6,
6.8,1.2,0,
6.8,1.2,0.1,
6.8,1.2,0.2,
6.8,1.2,0.3,
6.8,1.2,0.4,
6.8,1.2,0.5,
6.8,1.2,0.6,
6.8,1.2,0.7,
6.8,1.2,0.8,
6.8,1.2,0.9,
6.8,1.2,1,
6.8,1.2,1.1,
6.8,1.2,1.2,
6.8,1.2,1.3,
6.8,1.2,1.4,
6.8,1.2,1.5,
6.8,1.2,1.6,
6.8,1.2,1.7,
6.8,1.2,1.8,
6.8,1.2,1.9,
6.8,1.2,2,
6.8,1.2,2.1,
6.8,1.2,2.2,
6.8,1.2,2.3,
6.8,1.2,2.4,
6.8,1.2,2.5,
6.8,1.2,2.6,
6.8,1.2,2.7,
6.8,1.2,2.8,
6.8,1.2,2.9,
6.8,1.2,3,
6.8,1.2,3.1,
6.8,1.2,3.2,
6.8,1.2,3.3,
6.8,1.2,3.4,
6.8,1.2,3.5,
6.8,1.2,3.6,
6.9,1.2,0,
6.9,1.2,0.1,
6.9,1.2,0.2,
6.9,1.2,0.3,
6.9,1.2,0.4,
6.9,1.2,0.5,
6.9,1.2,0.6,
6.9,1.2,0.7,
6.9,1.2,0.8,
6.9,1.2,0.9,
6.9,1.2,1,
6.9,1.2,1.1,
6.9,1.2,1.2,
6.9,1.2,1.3,
6.9,1.2,1.4,
6.9,1.2,1.5,
6.9,1.2,1.6,
6.9,1.2,1.7,
6.9,1.2,1.8,
6.9,1.2,1.9,
6.9,1.2,2,
6.9,1.2,2.1,
6.9,1.2,2.2,
6.9,1.2,2.3,
6.9,1.2,2.4,
6.9,1.2,2.5,
6.9,1.2,2.6,1.067057184
6.9,1.2,2.7,
6.9,1.2,2.8,
6.9,1.2,2.9,
6.9,1.2,3,
6.9,1.2,3.1,
6.9,1.2,3.2,
6.9,1.2,3.3,
6.9,1.2,3.4,
6.9,1.2,3.5,
6.9,1.2,3.6,
7,1.2,0,
7,1.2,0.1,
7,1.2,0.2,
7,1.2,0.3,
7,1.2,0.4,
7,1.2,0.5,
7,1.2,0.6,
7,1.2,0.7,
7,1.2,0.8,
7,1.2,0.9,
7,1.2,1,
7,1.2,1.1,
7,1.2,1.2,
7,1.2,1.3,
7,1.2,1.4,
7,1.2,1.5,
7,1.2,1.6,
7,1.2,1.7,
7,1.2,1.8,
7,1.2,1.9,
7,1.2,2,
7,1.2,2.1,
7,1.2,2.2,
7,1.2,2.3,1.013586576
7,1.2,2.4,
7,1.2,2.5,
7,1.2,2.6,
7,1.2,2.7,
7,1.2,2.8,
7,1.2,2.9,
7,1.2,3,
7,1.2,3.1,
7,1.2,3.2,
7,1.2,3.3,
7,1.2,3.4,
7,1.2,3.5,
7,1.2,3.6,
7.1,1.2,0,
7.1,1.2,0.1,
7.1,1.2,0.2,
7.1,1.2,0.3,
7.1,1.2,0.4,
7.1,1.2,0.5,
7.1,1.2,0.6,
7.1,1.2,0.7,
7.1,1.2,0.8,
7.1,1.2,0.9,
7.1,1.2,1,
7.1,1.2,1.1,
7.1,1.2,1.2,
7.1,1.2,1.3,
7.1,1.2,1.4,
7.1,1.2,1.5,
7.1,1.2,1.6,
7.1,1.2,1.7,
7.1,1.2,1.8,
7.1,1.2,1.9,
7.1,1.2,2,
7.1,1.2,2.1,
7.1,1.2,2.2,
7.1,1.2,2.3,
7.1,1.2,2.4,
7.1,1.2,2.5,
7.1,1.2,2.6,
7.1,1.2,2.7,
7.1,1.2,2.8,
7.1,1.2,2.9,
7.1,1.2,3,
7.1,1.2,3.1,
7.1,1.2,3.2,
7.1,1.2,3.3,
7.1,1.2,3.4,
7.1,1.2,3.5,
7.1,1.2,3.6,
7.2,1.2,0,
7.2,1.2,0.1,
7.2,1.2,0.2,
7.2,1.2,0.3,
7.2,1.2,0.4,
7.2,1.2,0.5,
7.2,1.2,0.6,
7.2,1.2,0.7,
7.2,1.2,0.8,
7.2,1.2,0.9,
7.2,1.2,1,
7.2,1.2,1.1,
7.2,1.2,1.2,
7.2,1.2,1.3,
7.2,1.2,1.4,
7.2,1.2,1.5,
7.2,1.2,1.6,
7.2,1.2,1.7,
7.2,1.2,1.8,
7.2,1.2,1.9,
7.2,1.2,2,
7.2,1.2,2.1,
7.2,1.2,2.2,
7.2,1.2,2.3,
7.2,1.2,2.4,
7.2,1.2,2.5,
7.2,1.2,2.6,
7.2,1.2,2.7,
7.2,1.2,2.8,
7.2,1.2,2.9,
7.2,1.2,3,
7.2,1.2,3.1,
7.2,1.2,3.2,
7.2,1.2,3.3,
7.2,1.2,3.4,
7.2,1.2,3.5,0.959666239
7.2,1.2,3.6,
7.3,1.2,0,
7.3,1.2,0.1,
7.3,1.2,0.2,
7.3,1.2,0.3,
7.3,1.2,0.4,
7.3,1.2,0.5,
7.3,1.2,0.6,
7.3,1.2,0.7,
7.3,1.2,0.8,
7.3,1.2,0.9,
7.3,1.2,1,
7.3,1.2,1.1,
7.3,1.2,1.2,
7.3,1.2,1.3,
7.3,1.2,1.4,
7.3,1.2,1.5,
7.3,1.2,1.6,
7.3,1.2,1.7,
7.3,1.2,1.8,
7.3,1.2,1.9,
7.3,1.2,2,
7.3,1.2,2.1,
7.3,1.2,2.2,
7.3,1.2,2.3,
7.3,1.2,2.4,
7.3,1.2,2.5,
7.3,1.2,2.6,
7.3,1.2,2.7,
7.3,1.2,2.8,
7.3,1.2,2.9,
7.3,1.2,3,
7.3,1.2,3.1,
7.3,1.2,3.2,
7.3,1.2,3.3,
7.3,1.2,3.4,
7.3,1.2,3.5,
7.3,1.2,3.6,
7.4,1.2,0,
7.4,1.2,0.1,
7.4,1.2,0.2,
7.4,1.2,0.3,
7.4,1.2,0.4,
7.4,1.2,0.5,
7.4,1.2,0.6,
7.4,1.2,0.7,
7.4,1.2,0.8,
7.4,1.2,0.9,
7.4,1.2,1,
7.4,1.2,1.1,
7.4,1.2,1.2,
7.4,1.2,1.3,
7.4,1.2,1.4,
7.4,1.2,1.5,
7.4,1.2,1.6,
7.4,1.2,1.7,
7.4,1.2,1.8,
7.4,1.2,1.9,
7.4,1.2,2,
7.4,1.2,2.1,
7.4,1.2,2.2,
7.4,1.2,2.3,
7.4,1.2,2.4,
7.4,1.2,2.5,
7.4,1.2,2.6,
7.4,1.2,2.7,
7.4,1.2,2.8,
7.4,1.2,2.9,
7.4,1.2,3,
7.4,1.2,3.1,
7.4,1.2,3.2,
7.4,1.2,3.3,
7.4,1.2,3.4,
7.4,1.2,3.5,
7.4,1.2,3.6,
7.5,1.2,0,
7.5,1.2,0.1,
7.5,1.2,0.2,
7.5,1.2,0.3,
7.5,1.2,0.4,
7.5,1.2,0.5,
7.5,1.2,0.6,
7.5,1.2,0.7,
7.5,1.2,0.8,
7.5,1.2,0.9,
7.5,1.2,1,
7.5,1.2,1.1,
7.5,1.2,1.2,
7.5,1.2,1.3,
7.5,1.2,1.4,
7.5,1.2,1.5,
7.5,1.2,1.6,
7.5,1.2,1.7,
7.5,1.2,1.8,
7.5,1.2,1.9,
7.5,1.2,2,
7.5,1.2,2.1,
7.5,1.2,2.2,
7.5,1.2,2.3,
7.5,1.2,2.4,
7.5,1.2,2.5,
7.5,1.2,2.6,
7.5,1.2,2.7,
7.5,1.2,2.8,
7.5,1.2,2.9,
7.5,1.2,3,
7.5,1.2,3.1,
7.5,1.2,3.2,
7.5,1.2,3.3,
7.5,1.2,3.4,
7.5,1.2,3.5,
7.5,1.2,3.6,
7.6,1.2,0,
7.6,1.2,0.1,
7.6,1.2,0.2,
7.6,1.2,0.3,
7.6,1.2,0.4,
7.6,1.2,0.5,
7.6,1.2,0.6,
7.6,1.2,0.7,
7.6,1.2,0.8,
7.6,1.2,0.9,
7.6,1.2,1,
7.6,1.2,1.1,
7.6,1.2,1.2,
7.6,1.2,1.3,
7.6,1.2,1.4,0.999733944
7.6,1.2,1.5,
7.6,1.2,1.6,
7.6,1.2,1.7,
7.6,1.2,1.8,
7.6,1.2,1.9,
7.6,1.2,2,
7.6,1.2,2.1,
7.6,1.2,2.2,
7.6,1.2,2.3,
7.6,1.2,2.4,
7.6,1.2,2.5,
7.6,1.2,2.6,
7.6,1.2,2.7,1.192623507
7.6,1.2,2.8,
7.6,1.2,2.9,
7.6,1.2,3,
7.6,1.2,3.1,
7.6,1.2,3.2,
7.6,1.2,3.3,
7.6,1.2,3.4,
7.6,1.2,3.5,
7.6,1.2,3.6,
7.7,1.2,0,
7.7,1.2,0.1,
7.7,1.2,0.2,
7.7,1.2,0.3,
7.7,1.2,0.4,
7.7,1.2,0.5,
7.7,1.2,0.6,
7.7,1.2,0.7,
7.7,1.2,0.8,1.064994455
7.7,1.2,0.9,
7.7,1.2,1,
7.7,1.2,1.1,
7.7,1.2,1.2,
7.7,1.2,1.3,
7.7,1.2,1.4,
7.7,1.2,1.5,
7.7,1.2,1.6,
7.7,1.2,1.7,
7.7,1.2,1.8,
7.7,1.2,1.9,
7.7,1.2,2,
7.7,1.2,2.1,
7.7,1.2,2.2,0.991660136
7.7,1.2,2.3,
7.7,1.2,2.4,
7.7,1.2,2.5,
7.7,1.2,2.6,
7.7,1.2,2.7,
7.7,1.2,2.8,
7.7,1.2,2.9,1.045399387
7.7,1.2,3,
7.7,1.2,3.1,
7.7,1.2,3.2,
7.7,1.2,3.3,
7.7,1.2,3.4,
7.7,1.2,3.5,
7.7,1.2,3.6,
7.8,1.2,0,
7.8,1.2,0.1,
7.8,1.2,0.2,0.982619495
7.8,1.2,0.3,
7.8,1.2,0.4,
7.8,1.2,0.5,
7.8,1.2,0.6,
7.8,1.2,0.7,
7.8,1.2,0.8,
7.8,1.2,0.9,
7.8,1.2,1,
7.8,1.2,1.1,
7.8,1.2,1.2,
7.8,1.2,1.3,
7.8,1.2,1.4,
7.8,1.2,1.5,
7.8,1.2,1.6,
7.8,1.2,1.7,
7.8,1.2,1.8,
7.8,1.2,1.9,
7.8,1.2,2,
7.8,1.2,2.1,
7.8,1.2,2.2,
7.8,1.2,2.3,
7.8,1.2,2.4,
7.8,1.2,2.5,
7.8,1.2,2.6,
7.8,1.2,2.7,
7.8,1.2,2.8,
7.8,1.2,2.9,
7.8,1.2,3,
7.8,1.2,3.1,
7.8,1.2,3.2,
7.8,1.2,3.3,
7.8,1.2,3.4,
7.8,1.2,3.5,
7.8,1.2,3.6,
7.9,1.2,0,
7.9,1.2,0.1,
7.9,1.2,0.2,
7.9,1.2,0.3,
7.9,1.2,0.4,
7.9,1.2,0.5,
7.9,1.2,0.6,
7.9,1.2,0.7,
7.9,1.2,0.8,
7.9,1.2,0.9,
7.9,1.2,1,
7.9,1.2,1.1,
7.9,1.2,1.2,
7.9,1.2,1.3,
7.9,1.2,1.4,
7.9,1.2,1.5,
7.9,1.2,1.6,
7.9,1.2,1.7,
7.9,1.2,1.8,
7.9,1.2,1.9,
7.9,1.2,2,
7.9,1.2,2.1,
7.9,1.2,2.2,
7.9,1.2,2.3,
7.9,1.2,2.4,
7.9,1.2,2.5,
7.9,1.2,2.6,1.054680528
7.9,1.2,2.7,
7.9,1.2,2.8,
7.9,1.2,2.9,
7.9,1.2,3,
7.9,1.2,3.1,
7.9,1.2,3.2,
7.9,1.2,3.3,
7.9,1.2,3.4,
7.9,1.2,3.5,
7.9,1.2,3.6,
8,1.2,0,
8,1.2,0.1,
8,1.2,0.2,
8,1.2,0.3,
8,1.2,0.4,
8,1.2,0.5,
8,1.2,0.6,
8,1.2,0.7,
8,1.2,0.8,
8,1.2,0.9,
8,1.2,1,
8,1.2,1.1,
8,1.2,1.2,
8,1.2,1.3,
8,1.2,1.4,
8,1.2,1.5,
8,1.2,1.6,
8,1.2,1.7,
8,1.2,1.8,
8,1.2,1.9,
8,1.2,2,
8,1.2,2.1,
8,1.2,2.2,
8,1.2,2.3,
8,1.2,2.4,
8,1.2,2.5,
8,1.2,2.6,
8,1.2,2.7,
8,1.2,2.8,
8,1.2,2.9,
8,1.2,3,
8,1.2,3.1,
8,1.2,3.2,
8,1.2,3.3,
8,1.2,3.4,
8,1.2,3.5,
8,1.2,3.6,
0,1.3,0,
0,1.3,0.1,
0,1.3,0.2,
0,1.3,0.3,
0,1.3,0.4,
0,1.3,0.5,
0,1.3,0.6,
0,1.3,0.7,
0,1.3,0.8,
0,1.3,0.9,
0,1.3,1,
0,1.3,1.1,
0,1.3,1.2,
0,1.3,1.3,
0,1.3,1.4,
0,1.3,1.5,
0,1.3,1.6,
0,1.3,1.7,
0,1.3,1.8,
0,1.3,1.9,
0,1.3,2,
0,1.3,2.1,
0,1.3,2.2,
0,1.3,2.3,
0,1.3,2.4,1.292390088
0,1.3,2.5,1.322458563
0,1.3,2.6,
0,1.3,2.7,1.38566061
0,1.3,2.8,
0,1.3,2.9,
0,1.3,3,
0,1.3,3.1,
0,1.3,3.2,
0,1.3,3.3,
0,1.3,3.4,
0,1.3,3.5,
0,1.3,3.6,
0.1,1.3,0,
0.1,1.3,0.1,
0.1,1.3,0.2,
0.1,1.3,0.3,
0.1,1.3,0.4,
0.1,1.3,0.5,
0.1,1.3,0.6,
0.1,1.3,0.7,
0.1,1.3,0.8,
0.1,1.3,0.9,
0.1,1.3,1,
0.1,1.3,1.1,
0.1,1.3,1.2,
0.1,1.3,1.3,
0.1,1.3,1.4,
0.1,1.3,1.5,
0.1,1.3,1.6,
0.1,1.3,1.7,
0.1,1.3,1.8,
0.1,1.3,1.9,
0.1,1.3,2,
0.1,1.3,2.1,
0.1,1.3,2.2,
0.1,1.3,2.3,
0.1,1.3,2.4,1.022341517
0.1,1.3,2.5,1.040746308
0.1,1.3,2.6,1.061811383
0.1,1.3,2.7,
0.1,1.3,2.8,1.111499374
0.1,1.3,2.9,
0.1,1.3,3,
0.1,1.3,3.1,
0.1,1.3,3.2,
0.1,1.3,3.3,
0.1,1.3,3.4,
0.1,1.3,3.5,
0.1,1.3,3.6,
0.2,1.3,0,
0.2,1.3,0.1,
0.2,1.3,0.2,
0.2,1.3,0.3,
0.2,1.3,0.4,
0.2,1.3,0.5,
0.2,1.3,0.6,
0.2,1.3,0.7,
0.2,1.3,0.8,
0.2,1.3,0.9,
0.2,1.3,1,1.067301379
0.2,1.3,1.1,
0.2,1.3,1.2,
0.2,1.3,1.3,
0.2,1.3,1.4,
0.2,1.3,1.5,
0.2,1.3,1.6,
0.2,1.3,1.7,
0.2,1.3,1.8,
0.2,1.3,1.9,
0.2,1.3,2,
0.2,1.3,2.1,
0.2,1.3,2.2,
0.2,1.3,2.3,
0.2,1.3,2.4,
0.2,1.3,2.5,
0.2,1.3,2.6,
0.2,1.3,2.7,
0.2,1.3,2.8,
0.2,1.3,2.9,
0.2,1.3,3,
0.2,1.3,3.1,
0.2,1.3,3.2,
0.2,1.3,3.3,
0.2,1.3,3.4,
0.2,1.3,3.5,
0.2,1.3,3.6,1.004126623
0.3,1.3,0,
0.3,1.3,0.1,
0.3,1.3,0.2,
0.3,1.3,0.3,
0.3,1.3,0.4,
0.3,1.3,0.5,
0.3,1.3,0.6,
0.3,1.3,0.7,
0.3,1.3,0.8,
0.3,1.3,0.9,
0.3,1.3,1,
0.3,1.3,1.1,
0.3,1.3,1.2,
0.3,1.3,1.3,
0.3,1.3,1.4,
0.3,1.3,1.5,
0.3,1.3,1.6,
0.3,1.3,1.7,
0.3,1.3,1.8,
0.3,1.3,1.9,
0.3,1.3,2,0.982274096
0.3,1.3,2.1,
0.3,1.3,2.2,
0.3,1.3,2.3,
0.3,1.3,2.4,
0.3,1.3,2.5,
0.3,1.3,2.6,1.067877613
0.3,1.3,2.7,
0.3,1.3,2.8,
0.3,1.3,2.9,
0.3,1.3,3,
0.3,1.3,3.1,
0.3,1.3,3.2,
0.3,1.3,3.3,
0.3,1.3,3.4,
0.3,1.3,3.5,
0.3,1.3,3.6,
0.4,1.3,0,
0.4,1.3,0.1,
0.4,1.3,0.2,
0.4,1.3,0.3,
0.4,1.3,0.4,
0.4,1.3,0.5,
0.4,1.3,0.6,
0.4,1.3,0.7,
0.4,1.3,0.8,
0.4,1.3,0.9,
0.4,1.3,1,
0.4,1.3,1.1,
0.4,1.3,1.2,
0.4,1.3,1.3,
0.4,1.3,1.4,
0.4,1.3,1.5,
0.4,1.3,1.6,
0.4,1.3,1.7,
0.4,1.3,1.8,
0.4,1.3,1.9,
0.4,1.3,2,
0.4,1.3,2.1,
0.4,1.3,2.2,
0.4,1.3,2.3,
0.4,1.3,2.4,
0.4,1.3,2.5,
0.4,1.3,2.6,
0.4,1.3,2.7,
0.4,1.3,2.8,
0.4,1.3,2.9,1.054314377
0.4,1.3,3,
0.4,1.3,3.1,
0.4,1.3,3.2,
0.4,1.3,3.3,
0.4,1.3,3.4,
0.4,1.3,3.5,
0.4,1.3,3.6,
0.5,1.3,0,
0.5,1.3,0.1,0.980666782
0.5,1.3,0.2,
0.5,1.3,0.3,
0.5,1.3,0.4,
0.5,1.3,0.5,
0.5,1.3,0.6,
0.5,1.3,0.7,
0.5,1.3,0.8,
0.5,1.3,0.9,
0.5,1.3,1,
0.5,1.3,1.1,
0.5,1.3,1.2,
0.5,1.3,1.3,1.027444325
0.5,1.3,1.4,
0.5,1.3,1.5,
0.5,1.3,1.6,
0.5,1.3,1.7,
0.5,1.3,1.8,
0.5,1.3,1.9,
0.5,1.3,2,
0.5,1.3,2.1,
0.5,1.3,2.2,
0.5,1.3,2.3,
0.5,1.3,2.4,
0.5,1.3,2.5,
0.5,1.3,2.6,
0.5,1.3,2.7,
0.5,1.3,2.8,
0.5,1.3,2.9,
0.5,1.3,3,
0.5,1.3,3.1,
0.5,1.3,3.2,
0.5,1.3,3.3,
0.5,1.3,3.4,
0.5,1.3,3.5,
0.5,1.3,3.6,
0.6,1.3,0,
0.6,1.3,0.1,
0.6,1.3,0.2,
0.6,1.3,0.3,
0.6,1.3,0.4,
0.6,1.3,0.5,
0.6,1.3,0.6,
0.6,1.3,0.7,
0.6,1.3,0.8,
0.6,1.3,0.9,
0.6,1.3,1,
0.6,1.3,1.1,
0.6,1.3,1.2,
0.6,1.3,1.3,
0.6,1.3,1.4,
0.6,1.3,1.5,
0.6,1.3,1.6,
0.6,1.3,1.7,
0.6,1.3,1.8,
0.6,1.3,1.9,
0.6,1.3,2,
0.6,1.3,2.1,
0.6,1.3,2.2,
0.6,1.3,2.3,
0.6,1.3,2.4,
0.6,1.3,2.5,
0.6,1.3,2.6,
0.6,1.3,2.7,
0.6,1.3,2.8,
0.6,1.3,2.9,
0.6,1.3,3,
0.6,1.3,3.1,
0.6,1.3,3.2,
0.6,1.3,3.3,
0.6,1.3,3.4,
0.6,1.3,3.5,
0.6,1.3,3.6,
0.7,1.3,0,
0.7,1.3,0.1,
0.7,1.3,0.2,
0.7,1.3,0.3,
0.7,1.3,0.4,
0.7,1.3,0.5,
0.7,1.3,0.6,
0.7,1.3,0.7,1.039505146
0.7,1.3,0.8,
0.7,1.3,0.9,
0.7,1.3,1,
0.7,1.3,1.1,
0.7,1.3,1.2,
0.7,1.3,1.3,
0.7,1.3,1.4,
0.7,1.3,1.5,
0.7,1.3,1.6,
0.7,1.3,1.7,
0.7,1.3,1.8,
0.7,1.3,1.9,
0.7,1.3,2,
0.7,1.3,2.1,
0.7,1.3,2.2,
0.7,1.3,2.3,
0.7,1.3,2.4,
0.7,1.3,2.5,
0.7,1.3,2.6,
0.7,1.3,2.7,
0.7,1.3,2.8,
0.7,1.3,2.9,
0.7,1.3,3,
0.7,1.3,3.1,
0.7,1.3,3.2,
0.7,1.3,3.3,
0.7,1.3,3.4,
0.7,1.3,3.5,
0.7,1.3,3.6,
0.8,1.3,0,
0.8,1.3,0.1,
0.8,1.3,0.2,
0.8,1.3,0.3,
0.8,1.3,0.4,
0.8,1.3,0.5,
0.8,1.3,0.6,
0.8,1.3,0.7,
0.8,1.3,0.8,
0.8,1.3,0.9,
0.8,1.3,1,
0.8,1.3,1.1,
0.8,1.3,1.2,
0.8,1.3,1.3,
0.8,1.3,1.4,
0.8,1.3,1.5,
0.8,1.3,1.6,
0.8,1.3,1.7,
0.8,1.3,1.8,
0.8,1.3,1.9,
0.8,1.3,2,
0.8,1.3,2.1,
0.8,1.3,2.2,
0.8,1.3,2.3,
0.8,1.3,2.4,
0.8,1.3,2.5,
0.8,1.3,2.6,
0.8,1.3,2.7,
0.8,1.3,2.8,
0.8,1.3,2.9,
0.8,1.3,3,
0.8,1.3,3.1,
0.8,1.3,3.2,
0.8,1.3,3.3,
0.8,1.3,3.4,
0.8,1.3,3.5,
0.8,1.3,3.6,
0.9,1.3,0,
0.9,1.3,0.1,
0.9,1.3,0.2,
0.9,1.3,0.3,
0.9,1.3,0.4,
0.9,1.3,0.5,
0.9,1.3,0.6,
0.9,1.3,0.7,
0.9,1.3,0.8,
0.9,1.3,0.9,
0.9,1.3,1,
0.9,1.3,1.1,
0.9,1.3,1.2,
0.9,1.3,1.3,
0.9,1.3,1.4,
0.9,1.3,1.5,
0.9,1.3,1.6,
0.9,1.3,1.7,
0.9,1.3,1.8,
0.9,1.3,1.9,
0.9,1.3,2,
0.9,1.3,2.1,
0.9,1.3,2.2,
0.9,1.3,2.3,
0.9,1.3,2.4,
0.9,1.3,2.5,
0.9,1.3,2.6,
0.9,1.3,2.7,
0.9,1.3,2.8,1.064145314
0.9,1.3,2.9,
0.9,1.3,3,
0.9,1.3,3.1,
0.9,1.3,3.2,
0.9,1.3,3.3,
0.9,1.3,3.4,0.97713888
0.9,1.3,3.5,
0.9,1.3,3.6,
1,1.3,0,
1,1.3,0.1,
1,1.3,0.2,
1,1.3,0.3,
1,1.3,0.4,
1,1.3,0.5,
1,1.3,0.6,
1,1.3,0.7,
1,1.3,0.8,
1,1.3,0.9,
1,1.3,1,1.096344744
1,1.3,1.1,
1,1.3,1.2,
1,1.3,1.3,
1,1.3,1.4,
1,1.3,1.5,
1,1.3,1.6,
1,1.3,1.7,
1,1.3,1.8,
1,1.3,1.9,
1,1.3,2,
1,1.3,2.1,
1,1.3,2.2,
1,1.3,2.3,
1,1.3,2.4,
1,1.3,2.5,
1,1.3,2.6,
1,1.3,2.7,
1,1.3,2.8,
1,1.3,2.9,
1,1.3,3,
1,1.3,3.1,
1,1.3,3.2,
1,1.3,3.3,
1,1.3,3.4,
1,1.3,3.5,
1,1.3,3.6,
1.1,1.3,0,
1.1,1.3,0.1,
1.1,1.3,0.2,
1.1,1.3,0.3,
1.1,1.3,0.4,
1.1,1.3,0.5,
1.1,1.3,0.6,
1.1,1.3,0.7,
1.1,1.3,0.8,
1.1,1.3,0.9,
1.1,1.3,1,
1.1,1.3,1.1,
1.1,1.3,1.2,
1.1,1.3,1.3,
1.1,1.3,1.4,
1.1,1.3,1.5,
1.1,1.3,1.6,
1.1,1.3,1.7,
1.1,1.3,1.8,
1.1,1.3,1.9,
1.1,1.3,2,
1.1,1.3,2.1,
1.1,1.3,2.2,
1.1,1.3,2.3,
1.1,1.3,2.4,
1.1,1.3,2.5,
1.1,1.3,2.6,
1.1,1.3,2.7,
1.1,1.3,2.8,
1.1,1.3,2.9,
1.1,1.3,3,
1.1,1.3,3.1,
1.1,1.3,3.2,
1.1,1.3,3.3,
1.1,1.3,3.4,
1.1,1.3,3.5,
1.1,1.3,3.6,
1.2,1.3,0,
1.2,1.3,0.1,
1.2,1.3,0.2,
1.2,1.3,0.3,
1.2,1.3,0.4,
1.2,1.3,0.5,
1.2,1.3,0.6,
1.2,1.3,0.7,
1.2,1.3,0.8,
1.2,1.3,0.9,
1.2,1.3,1,
1.2,1.3,1.1,
1.2,1.3,1.2,
1.2,1.3,1.3,
1.2,1.3,1.4,
1.2,1.3,1.5,
1.2,1.3,1.6,
1.2,1.3,1.7,
1.2,1.3,1.8,
1.2,1.3,1.9,
1.2,1.3,2,
1.2,1.3,2.1,
1.2,1.3,2.2,
1.2,1.3,2.3,
1.2,1.3,2.4,
1.2,1.3,2.5,
1.2,1.3,2.6,
1.2,1.3,2.7,
1.2,1.3,2.8,
1.2,1.3,2.9,
1.2,1.3,3,
1.2,1.3,3.1,
1.2,1.3,3.2,
1.2,1.3,3.3,
1.2,1.3,3.4,
1.2,1.3,3.5,
1.2,1.3,3.6,
1.3,1.3,0,
1.3,1.3,0.1,
1.3,1.3,0.2,
1.3,1.3,0.3,
1.3,1.3,0.4,
1.3,1.3,0.5,
1.3,1.3,0.6,
1.3,1.3,0.7,
1.3,1.3,0.8,
1.3,1.3,0.9,
1.3,1.3,1,
1.3,1.3,1.1,
1.3,1.3,1.2,
1.3,1.3,1.3,
1.3,1.3,1.4,
1.3,1.3,1.5,
1.3,1.3,1.6,
1.3,1.3,1.7,
1.3,1.3,1.8,
1.3,1.3,1.9,
1.3,1.3,2,
1.3,1.3,2.1,
1.3,1.3,2.2,
1.3,1.3,2.3,
1.3,1.3,2.4,
1.3,1.3,2.5,
1.3,1.3,2.6,
1.3,1.3,2.7,
1.3,1.3,2.8,
1.3,1.3,2.9,
1.3,1.3,3,
1.3,1.3,3.1,
1.3,1.3,3.2,
1.3,1.3,3.3,
1.3,1.3,3.4,
1.3,1.3,3.5,
1.3,1.3,3.6,
1.4,1.3,0,
1.4,1.3,0.1,
1.4,1.3,0.2,
1.4,1.3,0.3,
1.4,1.3,0.4,
1.4,1.3,0.5,
1.4,1.3,0.6,
1.4,1.3,0.7,
1.4,1.3,0.8,
1.4,1.3,0.9,
1.4,1.3,1,
1.4,1.3,1.1,
1.4,1.3,1.2,
1.4,1.3,1.3,
1.4,1.3,1.4,
1.4,1.3,1.5,
1.4,1.3,1.6,
1.4,1.3,1.7,
1.4,1.3,1.8,
1.4,1.3,1.9,
1.4,1.3,2,
1.4,1.3,2.1,
1.4,1.3,2.2,
1.4,1.3,2.3,
1.4,1.3,2.4,
1.4,1.3,2.5,
1.4,1.3,2.6,
1.4,1.3,2.7,
1.4,1.3,2.8,
1.4,1.3,2.9,
1.4,1.3,3,
1.4,1.3,3.1,
1.4,1.3,3.2,
1.4,1.3,3.3,
1.4,1.3,3.4,
1.4,1.3,3.5,
1.4,1.3,3.6,
1.5,1.3,0,
1.5,1.3,0.1,
1.5,1.3,0.2,
1.5,1.3,0.3,
1.5,1.3,0.4,
1.5,1.3,0.5,
1.5,1.3,0.6,
1.5,1.3,0.7,
1.5,1.3,0.8,
1.5,1.3,0.9,
1.5,1.3,1,
1.5,1.3,1.1,
1.5,1.3,1.2,
1.5,1.3,1.3,
1.5,1.3,1.4,
1.5,1.3,1.5,
1.5,1.3,1.6,
1.5,1.3,1.7,
1.5,1.3,1.8,
1.5,1.3,1.9,
1.5,1.3,2,
1.5,1.3,2.1,
1.5,1.3,2.2,
1.5,1.3,2.3,
1.5,1.3,2.4,
1.5,1.3,2.5,
1.5,1.3,2.6,
1.5,1.3,2.7,
1.5,1.3,2.8,
1.5,1.3,2.9,
1.5,1.3,3,
1.5,1.3,3.1,
1.5,1.3,3.2,
1.5,1.3,3.3,
1.5,1.3,3.4,
1.5,1.3,3.5,
1.5,1.3,3.6,
1.6,1.3,0,
1.6,1.3,0.1,
1.6,1.3,0.2,
1.6,1.3,0.3,
1.6,1.3,0.4,
1.6,1.3,0.5,
1.6,1.3,0.6,
1.6,1.3,0.7,
1.6,1.3,0.8,
1.6,1.3,0.9,
1.6,1.3,1,
1.6,1.3,1.1,
1.6,1.3,1.2,
1.6,1.3,1.3,
1.6,1.3,1.4,
1.6,1.3,1.5,
1.6,1.3,1.6,
1.6,1.3,1.7,
1.6,1.3,1.8,
1.6,1.3,1.9,
1.6,1.3,2,
1.6,1.3,2.1,
1.6,1.3,2.2,
1.6,1.3,2.3,
1.6,1.3,2.4,
1.6,1.3,2.5,
1.6,1.3,2.6,
1.6,1.3,2.7,
1.6,1.3,2.8,
1.6,1.3,2.9,
1.6,1.3,3,
1.6,1.3,3.1,
1.6,1.3,3.2,
1.6,1.3,3.3,
1.6,1.3,3.4,
1.6,1.3,3.5,
1.6,1.3,3.6,
1.7,1.3,0,
1.7,1.3,0.1,
1.7,1.3,0.2,
1.7,1.3,0.3,
1.7,1.3,0.4,
1.7,1.3,0.5,
1.7,1.3,0.6,
1.7,1.3,0.7,
1.7,1.3,0.8,
1.7,1.3,0.9,
1.7,1.3,1,
1.7,1.3,1.1,
1.7,1.3,1.2,
1.7,1.3,1.3,1.008949132
1.7,1.3,1.4,
1.7,1.3,1.5,
1.7,1.3,1.6,
1.7,1.3,1.7,
1.7,1.3,1.8,
1.7,1.3,1.9,
1.7,1.3,2,
1.7,1.3,2.1,
1.7,1.3,2.2,
1.7,1.3,2.3,
1.7,1.3,2.4,
1.7,1.3,2.5,
1.7,1.3,2.6,
1.7,1.3,2.7,
1.7,1.3,2.8,
1.7,1.3,2.9,
1.7,1.3,3,
1.7,1.3,3.1,
1.7,1.3,3.2,
1.7,1.3,3.3,
1.7,1.3,3.4,
1.7,1.3,3.5,
1.7,1.3,3.6,
1.8,1.3,0,
1.8,1.3,0.1,0.999930665
1.8,1.3,0.2,
1.8,1.3,0.3,
1.8,1.3,0.4,
1.8,1.3,0.5,
1.8,1.3,0.6,
1.8,1.3,0.7,
1.8,1.3,0.8,
1.8,1.3,0.9,
1.8,1.3,1,
1.8,1.3,1.1,
1.8,1.3,1.2,
1.8,1.3,1.3,
1.8,1.3,1.4,
1.8,1.3,1.5,
1.8,1.3,1.6,
1.8,1.3,1.7,
1.8,1.3,1.8,
1.8,1.3,1.9,
1.8,1.3,2,
1.8,1.3,2.1,
1.8,1.3,2.2,
1.8,1.3,2.3,
1.8,1.3,2.4,
1.8,1.3,2.5,
1.8,1.3,2.6,
1.8,1.3,2.7,1.090009587
1.8,1.3,2.8,
1.8,1.3,2.9,
1.8,1.3,3,
1.8,1.3,3.1,
1.8,1.3,3.2,
1.8,1.3,3.3,
1.8,1.3,3.4,
1.8,1.3,3.5,
1.8,1.3,3.6,
1.9,1.3,0,
1.9,1.3,0.1,
1.9,1.3,0.2,
1.9,1.3,0.3,
1.9,1.3,0.4,
1.9,1.3,0.5,
1.9,1.3,0.6,
1.9,1.3,0.7,
1.9,1.3,0.8,
1.9,1.3,0.9,
1.9,1.3,1,
1.9,1.3,1.1,
1.9,1.3,1.2,
1.9,1.3,1.3,
1.9,1.3,1.4,
1.9,1.3,1.5,
1.9,1.3,1.6,
1.9,1.3,1.7,
1.9,1.3,1.8,
1.9,1.3,1.9,
1.9,1.3,2,
1.9,1.3,2.1,
1.9,1.3,2.2,
1.9,1.3,2.3,
1.9,1.3,2.4,
1.9,1.3,2.5,
1.9,1.3,2.6,
1.9,1.3,2.7,
1.9,1.3,2.8,
1.9,1.3,2.9,
1.9,1.3,3,1.049531098
1.9,1.3,3.1,
1.9,1.3,3.2,
1.9,1.3,3.3,
1.9,1.3,3.4,
1.9,1.3,3.5,
1.9,1.3,3.6,
2,1.3,0,
2,1.3,0.1,
2,1.3,0.2,0.988780958
2,1.3,0.3,
2,1.3,0.4,
2,1.3,0.5,
2,1.3,0.6,
2,1.3,0.7,
2,1.3,0.8,
2,1.3,0.9,1.114364338
2,1.3,1,
2,1.3,1.1,
2,1.3,1.2,
2,1.3,1.3,
2,1.3,1.4,
2,1.3,1.5,
2,1.3,1.6,
2,1.3,1.7,
2,1.3,1.8,0.980044211
2,1.3,1.9,
2,1.3,2,
2,1.3,2.1,
2,1.3,2.2,
2,1.3,2.3,
2,1.3,2.4,1.034408308
2,1.3,2.5,
2,1.3,2.6,
2,1.3,2.7,
2,1.3,2.8,
2,1.3,2.9,
2,1.3,3,
2,1.3,3.1,
2,1.3,3.2,
2,1.3,3.3,
2,1.3,3.4,
2,1.3,3.5,
2,1.3,3.6,
2.1,1.3,0,
2.1,1.3,0.1,
2.1,1.3,0.2,
2.1,1.3,0.3,
2.1,1.3,0.4,
2.1,1.3,0.5,
2.1,1.3,0.6,
2.1,1.3,0.7,
2.1,1.3,0.8,
2.1,1.3,0.9,
2.1,1.3,1,
2.1,1.3,1.1,
2.1,1.3,1.2,
2.1,1.3,1.3,
2.1,1.3,1.4,
2.1,1.3,1.5,
2.1,1.3,1.6,
2.1,1.3,1.7,
2.1,1.3,1.8,
2.1,1.3,1.9,
2.1,1.3,2,
2.1,1.3,2.1,
2.1,1.3,2.2,
2.1,1.3,2.3,
2.1,1.3,2.4,
2.1,1.3,2.5,
2.1,1.3,2.6,
2.1,1.3,2.7,
2.1,1.3,2.8,
2.1,1.3,2.9,1.054822952
2.1,1.3,3,
2.1,1.3,3.1,
2.1,1.3,3.2,
2.1,1.3,3.3,
2.1,1.3,3.4,
2.1,1.3,3.5,
2.1,1.3,3.6,
2.2,1.3,0,
2.2,1.3,0.1,
2.2,1.3,0.2,
2.2,1.3,0.3,
2.2,1.3,0.4,
2.2,1.3,0.5,
2.2,1.3,0.6,
2.2,1.3,0.7,
2.2,1.3,0.8,
2.2,1.3,0.9,
2.2,1.3,1,
2.2,1.3,1.1,
2.2,1.3,1.2,
2.2,1.3,1.3,
2.2,1.3,1.4,
2.2,1.3,1.5,
2.2,1.3,1.6,
2.2,1.3,1.7,
2.2,1.3,1.8,
2.2,1.3,1.9,
2.2,1.3,2,
2.2,1.3,2.1,
2.2,1.3,2.2,
2.2,1.3,2.3,
2.2,1.3,2.4,
2.2,1.3,2.5,
2.2,1.3,2.6,
2.2,1.3,2.7,
2.2,1.3,2.8,
2.2,1.3,2.9,
2.2,1.3,3,
2.2,1.3,3.1,
2.2,1.3,3.2,
2.2,1.3,3.3,
2.2,1.3,3.4,
2.2,1.3,3.5,
2.2,1.3,3.6,
2.3,1.3,0,
2.3,1.3,0.1,
2.3,1.3,0.2,
2.3,1.3,0.3,
2.3,1.3,0.4,
2.3,1.3,0.5,
2.3,1.3,0.6,
2.3,1.3,0.7,
2.3,1.3,0.8,
2.3,1.3,0.9,
2.3,1.3,1,
2.3,1.3,1.1,
2.3,1.3,1.2,
2.3,1.3,1.3,
2.3,1.3,1.4,
2.3,1.3,1.5,
2.3,1.3,1.6,
2.3,1.3,1.7,
2.3,1.3,1.8,
2.3,1.3,1.9,
2.3,1.3,2,
2.3,1.3,2.1,
2.3,1.3,2.2,
2.3,1.3,2.3,
2.3,1.3,2.4,
2.3,1.3,2.5,
2.3,1.3,2.6,
2.3,1.3,2.7,
2.3,1.3,2.8,
2.3,1.3,2.9,
2.3,1.3,3,
2.3,1.3,3.1,
2.3,1.3,3.2,
2.3,1.3,3.3,
2.3,1.3,3.4,
2.3,1.3,3.5,
2.3,1.3,3.6,
2.4,1.3,0,
2.4,1.3,0.1,
2.4,1.3,0.2,
2.4,1.3,0.3,
2.4,1.3,0.4,
2.4,1.3,0.5,
2.4,1.3,0.6,
2.4,1.3,0.7,
2.4,1.3,0.8,
2.4,1.3,0.9,
2.4,1.3,1,
2.4,1.3,1.1,
2.4,1.3,1.2,
2.4,1.3,1.3,
2.4,1.3,1.4,
2.4,1.3,1.5,
2.4,1.3,1.6,
2.4,1.3,1.7,
2.4,1.3,1.8,
2.4,1.3,1.9,
2.4,1.3,2,
2.4,1.3,2.1,
2.4,1.3,2.2,
2.4,1.3,2.3,
2.4,1.3,2.4,
2.4,1.3,2.5,
2.4,1.3,2.6,
2.4,1.3,2.7,
2.4,1.3,2.8,
2.4,1.3,2.9,
2.4,1.3,3,
2.4,1.3,3.1,
2.4,1.3,3.2,
2.4,1.3,3.3,
2.4,1.3,3.4,
2.4,1.3,3.5,
2.4,1.3,3.6,
2.5,1.3,0,
2.5,1.3,0.1,
2.5,1.3,0.2,
2.5,1.3,0.3,
2.5,1.3,0.4,
2.5,1.3,0.5,
2.5,1.3,0.6,
2.5,1.3,0.7,
2.5,1.3,0.8,
2.5,1.3,0.9,
2.5,1.3,1,
2.5,1.3,1.1,
2.5,1.3,1.2,
2.5,1.3,1.3,
2.5,1.3,1.4,
2.5,1.3,1.5,
2.5,1.3,1.6,
2.5,1.3,1.7,
2.5,1.3,1.8,
2.5,1.3,1.9,
2.5,1.3,2,
2.5,1.3,2.1,
2.5,1.3,2.2,
2.5,1.3,2.3,
2.5,1.3,2.4,
2.5,1.3,2.5,
2.5,1.3,2.6,1.119913748
2.5,1.3,2.7,
2.5,1.3,2.8,
2.5,1.3,2.9,
2.5,1.3,3,
2.5,1.3,3.1,
2.5,1.3,3.2,
2.5,1.3,3.3,
2.5,1.3,3.4,
2.5,1.3,3.5,
2.5,1.3,3.6,
2.6,1.3,0,
2.6,1.3,0.1,
2.6,1.3,0.2,
2.6,1.3,0.3,
2.6,1.3,0.4,
2.6,1.3,0.5,
2.6,1.3,0.6,
2.6,1.3,0.7,
2.6,1.3,0.8,
2.6,1.3,0.9,
2.6,1.3,1,
2.6,1.3,1.1,
2.6,1.3,1.2,
2.6,1.3,1.3,
2.6,1.3,1.4,
2.6,1.3,1.5,
2.6,1.3,1.6,
2.6,1.3,1.7,
2.6,1.3,1.8,
2.6,1.3,1.9,
2.6,1.3,2,
2.6,1.3,2.1,
2.6,1.3,2.2,
2.6,1.3,2.3,
2.6,1.3,2.4,
2.6,1.3,2.5,
2.6,1.3,2.6,
2.6,1.3,2.7,
2.6,1.3,2.8,
2.6,1.3,2.9,
2.6,1.3,3,
2.6,1.3,3.1,
2.6,1.3,3.2,
2.6,1.3,3.3,
2.6,1.3,3.4,
2.6,1.3,3.5,
2.6,1.3,3.6,
2.7,1.3,0,
2.7,1.3,0.1,
2.7,1.3,0.2,
2.7,1.3,0.3,
2.7,1.3,0.4,
2.7,1.3,0.5,
2.7,1.3,0.6,
2.7,1.3,0.7,
2.7,1.3,0.8,
2.7,1.3,0.9,
2.7,1.3,1,
2.7,1.3,1.1,
2.7,1.3,1.2,
2.7,1.3,1.3,
2.7,1.3,1.4,
2.7,1.3,1.5,
2.7,1.3,1.6,
2.7,1.3,1.7,
2.7,1.3,1.8,
2.7,1.3,1.9,
2.7,1.3,2,
2.7,1.3,2.1,
2.7,1.3,2.2,
2.7,1.3,2.3,
2.7,1.3,2.4,
2.7,1.3,2.5,
2.7,1.3,2.6,
2.7,1.3,2.7,
2.7,1.3,2.8,
2.7,1.3,2.9,
2.7,1.3,3,
2.7,1.3,3.1,
2.7,1.3,3.2,
2.7,1.3,3.3,
2.7,1.3,3.4,
2.7,1.3,3.5,
2.7,1.3,3.6,
2.8,1.3,0,
2.8,1.3,0.1,
2.8,1.3,0.2,
2.8,1.3,0.3,
2.8,1.3,0.4,
2.8,1.3,0.5,
2.8,1.3,0.6,
2.8,1.3,0.7,
2.8,1.3,0.8,
2.8,1.3,0.9,
2.8,1.3,1,
2.8,1.3,1.1,
2.8,1.3,1.2,
2.8,1.3,1.3,
2.8,1.3,1.4,
2.8,1.3,1.5,
2.8,1.3,1.6,
2.8,1.3,1.7,
2.8,1.3,1.8,
2.8,1.3,1.9,
2.8,1.3,2,
2.8,1.3,2.1,
2.8,1.3,2.2,
2.8,1.3,2.3,
2.8,1.3,2.4,
2.8,1.3,2.5,
2.8,1.3,2.6,
2.8,1.3,2.7,
2.8,1.3,2.8,
2.8,1.3,2.9,
2.8,1.3,3,
2.8,1.3,3.1,
2.8,1.3,3.2,
2.8,1.3,3.3,
2.8,1.3,3.4,
2.8,1.3,3.5,
2.8,1.3,3.6,
2.9,1.3,0,
2.9,1.3,0.1,
2.9,1.3,0.2,
2.9,1.3,0.3,
2.9,1.3,0.4,
2.9,1.3,0.5,
2.9,1.3,0.6,
2.9,1.3,0.7,
2.9,1.3,0.8,1.081339645
2.9,1.3,0.9,
2.9,1.3,1,
2.9,1.3,1.1,
2.9,1.3,1.2,
2.9,1.3,1.3,
2.9,1.3,1.4,
2.9,1.3,1.5,
2.9,1.3,1.6,
2.9,1.3,1.7,
2.9,1.3,1.8,
2.9,1.3,1.9,
2.9,1.3,2,
2.9,1.3,2.1,
2.9,1.3,2.2,
2.9,1.3,2.3,
2.9,1.3,2.4,
2.9,1.3,2.5,
2.9,1.3,2.6,
2.9,1.3,2.7,
2.9,1.3,2.8,1.084731378
2.9,1.3,2.9,
2.9,1.3,3,
2.9,1.3,3.1,
2.9,1.3,3.2,
2.9,1.3,3.3,
2.9,1.3,3.4,
2.9,1.3,3.5,
2.9,1.3,3.6,
3,1.3,0,
3,1.3,0.1,
3,1.3,0.2,
3,1.3,0.3,
3,1.3,0.4,
3,1.3,0.5,
3,1.3,0.6,
3,1.3,0.7,
3,1.3,0.8,
3,1.3,0.9,
3,1.3,1,
3,1.3,1.1,
3,1.3,1.2,
3,1.3,1.3,
3,1.3,1.4,
3,1.3,1.5,
3,1.3,1.6,
3,1.3,1.7,
3,1.3,1.8,
3,1.3,1.9,
3,1.3,2,
3,1.3,2.1,
3,1.3,2.2,
3,1.3,2.3,
3,1.3,2.4,
3,1.3,2.5,
3,1.3,2.6,
3,1.3,2.7,
3,1.3,2.8,
3,1.3,2.9,
3,1.3,3,
3,1.3,3.1,
3,1.3,3.2,
3,1.3,3.3,1.008001915
3,1.3,3.4,
3,1.3,3.5,
3,1.3,3.6,
3.1,1.3,0,
3.1,1.3,0.1,
3.1,1.3,0.2,
3.1,1.3,0.3,
3.1,1.3,0.4,
3.1,1.3,0.5,
3.1,1.3,0.6,
3.1,1.3,0.7,
3.1,1.3,0.8,
3.1,1.3,0.9,
3.1,1.3,1,
3.1,1.3,1.1,
3.1,1.3,1.2,
3.1,1.3,1.3,
3.1,1.3,1.4,
3.1,1.3,1.5,
3.1,1.3,1.6,
3.1,1.3,1.7,
3.1,1.3,1.8,
3.1,1.3,1.9,
3.1,1.3,2,
3.1,1.3,2.1,
3.1,1.3,2.2,
3.1,1.3,2.3,
3.1,1.3,2.4,
3.1,1.3,2.5,
3.1,1.3,2.6,
3.1,1.3,2.7,
3.1,1.3,2.8,
3.1,1.3,2.9,
3.1,1.3,3,
3.1,1.3,3.1,
3.1,1.3,3.2,
3.1,1.3,3.3,
3.1,1.3,3.4,
3.1,1.3,3.5,
3.1,1.3,3.6,
3.2,1.3,0,
3.2,1.3,0.1,1.014468978
3.2,1.3,0.2,
3.2,1.3,0.3,
3.2,1.3,0.4,
3.2,1.3,0.5,
3.2,1.3,0.6,
3.2,1.3,0.7,
3.2,1.3,0.8,
3.2,1.3,0.9,
3.2,1.3,1,
3.2,1.3,1.1,
3.2,1.3,1.2,
3.2,1.3,1.3,
3.2,1.3,1.4,
3.2,1.3,1.5,
3.2,1.3,1.6,
3.2,1.3,1.7,
3.2,1.3,1.8,
3.2,1.3,1.9,
3.2,1.3,2,
3.2,1.3,2.1,
3.2,1.3,2.2,
3.2,1.3,2.3,1.006243933
3.2,1.3,2.4,
3.2,1.3,2.5,
3.2,1.3,2.6,
3.2,1.3,2.7,
3.2,1.3,2.8,1.118088961
3.2,1.3,2.9,
3.2,1.3,3,
3.2,1.3,3.1,
3.2,1.3,3.2,
3.2,1.3,3.3,
3.2,1.3,3.4,
3.2,1.3,3.5,
3.2,1.3,3.6,
3.3,1.3,0,
3.3,1.3,0.1,
3.3,1.3,0.2,
3.3,1.3,0.3,
3.3,1.3,0.4,
3.3,1.3,0.5,
3.3,1.3,0.6,
3.3,1.3,0.7,
3.3,1.3,0.8,
3.3,1.3,0.9,
3.3,1.3,1,
3.3,1.3,1.1,
3.3,1.3,1.2,
3.3,1.3,1.3,
3.3,1.3,1.4,
3.3,1.3,1.5,
3.3,1.3,1.6,
3.3,1.3,1.7,
3.3,1.3,1.8,
3.3,1.3,1.9,
3.3,1.3,2,
3.3,1.3,2.1,
3.3,1.3,2.2,
3.3,1.3,2.3,
3.3,1.3,2.4,
3.3,1.3,2.5,
3.3,1.3,2.6,
3.3,1.3,2.7,
3.3,1.3,2.8,
3.3,1.3,2.9,
3.3,1.3,3,
3.3,1.3,3.1,
3.3,1.3,3.2,
3.3,1.3,3.3,
3.3,1.3,3.4,
3.3,1.3,3.5,
3.3,1.3,3.6,
3.4,1.3,0,
3.4,1.3,0.1,
3.4,1.3,0.2,
3.4,1.3,0.3,
3.4,1.3,0.4,
3.4,1.3,0.5,
3.4,1.3,0.6,
3.4,1.3,0.7,
3.4,1.3,0.8,
3.4,1.3,0.9,
3.4,1.3,1,
3.4,1.3,1.1,1.042328037
3.4,1.3,1.2,
3.4,1.3,1.3,
3.4,1.3,1.4,
3.4,1.3,1.5,
3.4,1.3,1.6,0.979754815
3.4,1.3,1.7,
3.4,1.3,1.8,
3.4,1.3,1.9,
3.4,1.3,2,
3.4,1.3,2.1,
3.4,1.3,2.2,
3.4,1.3,2.3,
3.4,1.3,2.4,
3.4,1.3,2.5,
3.4,1.3,2.6,
3.4,1.3,2.7,
3.4,1.3,2.8,
3.4,1.3,2.9,
3.4,1.3,3,
3.4,1.3,3.1,
3.4,1.3,3.2,
3.4,1.3,3.3,
3.4,1.3,3.4,
3.4,1.3,3.5,
3.4,1.3,3.6,
3.5,1.3,0,
3.5,1.3,0.1,
3.5,1.3,0.2,
3.5,1.3,0.3,
3.5,1.3,0.4,
3.5,1.3,0.5,
3.5,1.3,0.6,
3.5,1.3,0.7,
3.5,1.3,0.8,
3.5,1.3,0.9,
3.5,1.3,1,
3.5,1.3,1.1,
3.5,1.3,1.2,
3.5,1.3,1.3,
3.5,1.3,1.4,
3.5,1.3,1.5,
3.5,1.3,1.6,
3.5,1.3,1.7,
3.5,1.3,1.8,
3.5,1.3,1.9,
3.5,1.3,2,
3.5,1.3,2.1,
3.5,1.3,2.2,
3.5,1.3,2.3,
3.5,1.3,2.4,
3.5,1.3,2.5,
3.5,1.3,2.6,
3.5,1.3,2.7,
3.5,1.3,2.8,
3.5,1.3,2.9,
3.5,1.3,3,
3.5,1.3,3.1,
3.5,1.3,3.2,
3.5,1.3,3.3,
3.5,1.3,3.4,
3.5,1.3,3.5,0.993459054
3.5,1.3,3.6,
3.6,1.3,0,
3.6,1.3,0.1,
3.6,1.3,0.2,
3.6,1.3,0.3,
3.6,1.3,0.4,
3.6,1.3,0.5,
3.6,1.3,0.6,
3.6,1.3,0.7,
3.6,1.3,0.8,
3.6,1.3,0.9,
3.6,1.3,1,
3.6,1.3,1.1,
3.6,1.3,1.2,
3.6,1.3,1.3,
3.6,1.3,1.4,
3.6,1.3,1.5,
3.6,1.3,1.6,
3.6,1.3,1.7,
3.6,1.3,1.8,
3.6,1.3,1.9,
3.6,1.3,2,
3.6,1.3,2.1,
3.6,1.3,2.2,
3.6,1.3,2.3,
3.6,1.3,2.4,
3.6,1.3,2.5,
3.6,1.3,2.6,
3.6,1.3,2.7,
3.6,1.3,2.8,
3.6,1.3,2.9,
3.6,1.3,3,1.143851462
3.6,1.3,3.1,
3.6,1.3,3.2,
3.6,1.3,3.3,
3.6,1.3,3.4,
3.6,1.3,3.5,
3.6,1.3,3.6,
3.7,1.3,0,0.978545208
3.7,1.3,0.1,
3.7,1.3,0.2,
3.7,1.3,0.3,
3.7,1.3,0.4,
3.7,1.3,0.5,
3.7,1.3,0.6,
3.7,1.3,0.7,
3.7,1.3,0.8,
3.7,1.3,0.9,
3.7,1.3,1,
3.7,1.3,1.1,
3.7,1.3,1.2,
3.7,1.3,1.3,
3.7,1.3,1.4,
3.7,1.3,1.5,
3.7,1.3,1.6,
3.7,1.3,1.7,
3.7,1.3,1.8,
3.7,1.3,1.9,
3.7,1.3,2,
3.7,1.3,2.1,
3.7,1.3,2.2,
3.7,1.3,2.3,
3.7,1.3,2.4,
3.7,1.3,2.5,
3.7,1.3,2.6,
3.7,1.3,2.7,
3.7,1.3,2.8,
3.7,1.3,2.9,
3.7,1.3,3,
3.7,1.3,3.1,
3.7,1.3,3.2,
3.7,1.3,3.3,
3.7,1.3,3.4,
3.7,1.3,3.5,
3.7,1.3,3.6,
3.8,1.3,0,
3.8,1.3,0.1,
3.8,1.3,0.2,
3.8,1.3,0.3,
3.8,1.3,0.4,
3.8,1.3,0.5,
3.8,1.3,0.6,
3.8,1.3,0.7,
3.8,1.3,0.8,
3.8,1.3,0.9,
3.8,1.3,1,
3.8,1.3,1.1,
3.8,1.3,1.2,
3.8,1.3,1.3,
3.8,1.3,1.4,
3.8,1.3,1.5,
3.8,1.3,1.6,
3.8,1.3,1.7,
3.8,1.3,1.8,
3.8,1.3,1.9,
3.8,1.3,2,
3.8,1.3,2.1,
3.8,1.3,2.2,
3.8,1.3,2.3,
3.8,1.3,2.4,
3.8,1.3,2.5,
3.8,1.3,2.6,
3.8,1.3,2.7,
3.8,1.3,2.8,
3.8,1.3,2.9,
3.8,1.3,3,
3.8,1.3,3.1,
3.8,1.3,3.2,
3.8,1.3,3.3,
3.8,1.3,3.4,
3.8,1.3,3.5,
3.8,1.3,3.6,
3.9,1.3,0,
3.9,1.3,0.1,
3.9,1.3,0.2,
3.9,1.3,0.3,
3.9,1.3,0.4,
3.9,1.3,0.5,
3.9,1.3,0.6,
3.9,1.3,0.7,
3.9,1.3,0.8,
3.9,1.3,0.9,
3.9,1.3,1,1.114094841
3.9,1.3,1.1,
3.9,1.3,1.2,
3.9,1.3,1.3,
3.9,1.3,1.4,
3.9,1.3,1.5,
3.9,1.3,1.6,
3.9,1.3,1.7,
3.9,1.3,1.8,
3.9,1.3,1.9,
3.9,1.3,2,
3.9,1.3,2.1,
3.9,1.3,2.2,
3.9,1.3,2.3,
3.9,1.3,2.4,
3.9,1.3,2.5,
3.9,1.3,2.6,
3.9,1.3,2.7,
3.9,1.3,2.8,
3.9,1.3,2.9,
3.9,1.3,3,
3.9,1.3,3.1,
3.9,1.3,3.2,
3.9,1.3,3.3,
3.9,1.3,3.4,
3.9,1.3,3.5,
3.9,1.3,3.6,
4,1.3,0,
4,1.3,0.1,
4,1.3,0.2,
4,1.3,0.3,
4,1.3,0.4,
4,1.3,0.5,
4,1.3,0.6,
4,1.3,0.7,
4,1.3,0.8,
4,1.3,0.9,
4,1.3,1,
4,1.3,1.1,
4,1.3,1.2,
4,1.3,1.3,
4,1.3,1.4,
4,1.3,1.5,
4,1.3,1.6,
4,1.3,1.7,
4,1.3,1.8,
4,1.3,1.9,1.026831704
4,1.3,2,
4,1.3,2.1,
4,1.3,2.2,
4,1.3,2.3,
4,1.3,2.4,
4,1.3,2.5,
4,1.3,2.6,
4,1.3,2.7,
4,1.3,2.8,
4,1.3,2.9,
4,1.3,3,
4,1.3,3.1,
4,1.3,3.2,
4,1.3,3.3,
4,1.3,3.4,
4,1.3,3.5,
4,1.3,3.6,
4.1,1.3,0,
4.1,1.3,0.1,
4.1,1.3,0.2,
4.1,1.3,0.3,
4.1,1.3,0.4,
4.1,1.3,0.5,
4.1,1.3,0.6,
4.1,1.3,0.7,
4.1,1.3,0.8,
4.1,1.3,0.9,
4.1,1.3,1,
4.1,1.3,1.1,
4.1,1.3,1.2,
4.1,1.3,1.3,
4.1,1.3,1.4,
4.1,1.3,1.5,
4.1,1.3,1.6,
4.1,1.3,1.7,
4.1,1.3,1.8,
4.1,1.3,1.9,
4.1,1.3,2,
4.1,1.3,2.1,
4.1,1.3,2.2,
4.1,1.3,2.3,
4.1,1.3,2.4,
4.1,1.3,2.5,
4.1,1.3,2.6,1.117542861
4.1,1.3,2.7,
4.1,1.3,2.8,
4.1,1.3,2.9,
4.1,1.3,3,
4.1,1.3,3.1,
4.1,1.3,3.2,
4.1,1.3,3.3,
4.1,1.3,3.4,
4.1,1.3,3.5,
4.1,1.3,3.6,
4.2,1.3,0,
4.2,1.3,0.1,
4.2,1.3,0.2,
4.2,1.3,0.3,
4.2,1.3,0.4,
4.2,1.3,0.5,
4.2,1.3,0.6,
4.2,1.3,0.7,
4.2,1.3,0.8,
4.2,1.3,0.9,1.088628275
4.2,1.3,1,
4.2,1.3,1.1,
4.2,1.3,1.2,
4.2,1.3,1.3,
4.2,1.3,1.4,
4.2,1.3,1.5,
4.2,1.3,1.6,
4.2,1.3,1.7,
4.2,1.3,1.8,
4.2,1.3,1.9,
4.2,1.3,2,
4.2,1.3,2.1,
4.2,1.3,2.2,
4.2,1.3,2.3,
4.2,1.3,2.4,
4.2,1.3,2.5,
4.2,1.3,2.6,
4.2,1.3,2.7,
4.2,1.3,2.8,
4.2,1.3,2.9,
4.2,1.3,3,
4.2,1.3,3.1,
4.2,1.3,3.2,
4.2,1.3,3.3,
4.2,1.3,3.4,
4.2,1.3,3.5,
4.2,1.3,3.6,
4.3,1.3,0,
4.3,1.3,0.1,
4.3,1.3,0.2,
4.3,1.3,0.3,
4.3,1.3,0.4,
4.3,1.3,0.5,1.012056018
4.3,1.3,0.6,
4.3,1.3,0.7,
4.3,1.3,0.8,
4.3,1.3,0.9,
4.3,1.3,1,
4.3,1.3,1.1,
4.3,1.3,1.2,
4.3,1.3,1.3,
4.3,1.3,1.4,
4.3,1.3,1.5,
4.3,1.3,1.6,
4.3,1.3,1.7,
4.3,1.3,1.8,
4.3,1.3,1.9,
4.3,1.3,2,
4.3,1.3,2.1,
4.3,1.3,2.2,
4.3,1.3,2.3,
4.3,1.3,2.4,
4.3,1.3,2.5,
4.3,1.3,2.6,
4.3,1.3,2.7,
4.3,1.3,2.8,
4.3,1.3,2.9,
4.3,1.3,3,1.030581912
4.3,1.3,3.1,
4.3,1.3,3.2,
4.3,1.3,3.3,
4.3,1.3,3.4,
4.3,1.3,3.5,
4.3,1.3,3.6,
4.4,1.3,0,
4.4,1.3,0.1,
4.4,1.3,0.2,
4.4,1.3,0.3,
4.4,1.3,0.4,
4.4,1.3,0.5,
4.4,1.3,0.6,
4.4,1.3,0.7,
4.4,1.3,0.8,
4.4,1.3,0.9,
4.4,1.3,1,
4.4,1.3,1.1,
4.4,1.3,1.2,
4.4,1.3,1.3,
4.4,1.3,1.4,1.013765387
4.4,1.3,1.5,
4.4,1.3,1.6,
4.4,1.3,1.7,
4.4,1.3,1.8,
4.4,1.3,1.9,
4.4,1.3,2,
4.4,1.3,2.1,
4.4,1.3,2.2,
4.4,1.3,2.3,
4.4,1.3,2.4,
4.4,1.3,2.5,
4.4,1.3,2.6,
4.4,1.3,2.7,
4.4,1.3,2.8,
4.4,1.3,2.9,
4.4,1.3,3,1.035428869
4.4,1.3,3.1,
4.4,1.3,3.2,
4.4,1.3,3.3,
4.4,1.3,3.4,
4.4,1.3,3.5,
4.4,1.3,3.6,
4.5,1.3,0,
4.5,1.3,0.1,
4.5,1.3,0.2,
4.5,1.3,0.3,
4.5,1.3,0.4,
4.5,1.3,0.5,1.023169337
4.5,1.3,0.6,
4.5,1.3,0.7,
4.5,1.3,0.8,
4.5,1.3,0.9,
4.5,1.3,1,
4.5,1.3,1.1,
4.5,1.3,1.2,
4.5,1.3,1.3,
4.5,1.3,1.4,
4.5,1.3,1.5,
4.5,1.3,1.6,
4.5,1.3,1.7,
4.5,1.3,1.8,
4.5,1.3,1.9,
4.5,1.3,2,
4.5,1.3,2.1,
4.5,1.3,2.2,
4.5,1.3,2.3,
4.5,1.3,2.4,
4.5,1.3,2.5,
4.5,1.3,2.6,1.067515726
4.5,1.3,2.7,
4.5,1.3,2.8,
4.5,1.3,2.9,
4.5,1.3,3,
4.5,1.3,3.1,
4.5,1.3,3.2,
4.5,1.3,3.3,
4.5,1.3,3.4,
4.5,1.3,3.5,
4.5,1.3,3.6,
4.6,1.3,0,
4.6,1.3,0.1,
4.6,1.3,0.2,
4.6,1.3,0.3,
4.6,1.3,0.4,
4.6,1.3,0.5,
4.6,1.3,0.6,
4.6,1.3,0.7,
4.6,1.3,0.8,
4.6,1.3,0.9,
4.6,1.3,1,
4.6,1.3,1.1,
4.6,1.3,1.2,
4.6,1.3,1.3,
4.6,1.3,1.4,1.001086259
4.6,1.3,1.5,
4.6,1.3,1.6,
4.6,1.3,1.7,
4.6,1.3,1.8,
4.6,1.3,1.9,0.977631535
4.6,1.3,2,
4.6,1.3,2.1,
4.6,1.3,2.2,
4.6,1.3,2.3,
4.6,1.3,2.4,
4.6,1.3,2.5,
4.6,1.3,2.6,
4.6,1.3,2.7,
4.6,1.3,2.8,
4.6,1.3,2.9,
4.6,1.3,3,
4.6,1.3,3.1,
4.6,1.3,3.2,
4.6,1.3,3.3,
4.6,1.3,3.4,
4.6,1.3,3.5,
4.6,1.3,3.6,
4.7,1.3,0,
4.7,1.3,0.1,
4.7,1.3,0.2,1.008501677
4.7,1.3,0.3,
4.7,1.3,0.4,
4.7,1.3,0.5,
4.7,1.3,0.6,
4.7,1.3,0.7,
4.7,1.3,0.8,
4.7,1.3,0.9,
4.7,1.3,1,
4.7,1.3,1.1,
4.7,1.3,1.2,
4.7,1.3,1.3,
4.7,1.3,1.4,
4.7,1.3,1.5,
4.7,1.3,1.6,
4.7,1.3,1.7,
4.7,1.3,1.8,
4.7,1.3,1.9,
4.7,1.3,2,
4.7,1.3,2.1,
4.7,1.3,2.2,
4.7,1.3,2.3,
4.7,1.3,2.4,
4.7,1.3,2.5,
4.7,1.3,2.6,
4.7,1.3,2.7,
4.7,1.3,2.8,
4.7,1.3,2.9,
4.7,1.3,3,
4.7,1.3,3.1,
4.7,1.3,3.2,
4.7,1.3,3.3,
4.7,1.3,3.4,
4.7,1.3,3.5,
4.7,1.3,3.6,
4.8,1.3,0,
4.8,1.3,0.1,
4.8,1.3,0.2,
4.8,1.3,0.3,
4.8,1.3,0.4,
4.8,1.3,0.5,
4.8,1.3,0.6,
4.8,1.3,0.7,
4.8,1.3,0.8,
4.8,1.3,0.9,
4.8,1.3,1,
4.8,1.3,1.1,
4.8,1.3,1.2,
4.8,1.3,1.3,
4.8,1.3,1.4,
4.8,1.3,1.5,
4.8,1.3,1.6,
4.8,1.3,1.7,
4.8,1.3,1.8,
4.8,1.3,1.9,
4.8,1.3,2,
4.8,1.3,2.1,
4.8,1.3,2.2,
4.8,1.3,2.3,
4.8,1.3,2.4,
4.8,1.3,2.5,
4.8,1.3,2.6,
4.8,1.3,2.7,
4.8,1.3,2.8,
4.8,1.3,2.9,
4.8,1.3,3,
4.8,1.3,3.1,
4.8,1.3,3.2,
4.8,1.3,3.3,
4.8,1.3,3.4,
4.8,1.3,3.5,
4.8,1.3,3.6,
4.9,1.3,0,
4.9,1.3,0.1,
4.9,1.3,0.2,
4.9,1.3,0.3,
4.9,1.3,0.4,
4.9,1.3,0.5,
4.9,1.3,0.6,
4.9,1.3,0.7,
4.9,1.3,0.8,
4.9,1.3,0.9,
4.9,1.3,1,
4.9,1.3,1.1,
4.9,1.3,1.2,
4.9,1.3,1.3,
4.9,1.3,1.4,
4.9,1.3,1.5,
4.9,1.3,1.6,
4.9,1.3,1.7,
4.9,1.3,1.8,
4.9,1.3,1.9,
4.9,1.3,2,
4.9,1.3,2.1,
4.9,1.3,2.2,
4.9,1.3,2.3,
4.9,1.3,2.4,
4.9,1.3,2.5,
4.9,1.3,2.6,
4.9,1.3,2.7,
4.9,1.3,2.8,
4.9,1.3,2.9,
4.9,1.3,3,
4.9,1.3,3.1,
4.9,1.3,3.2,
4.9,1.3,3.3,1.027204109
4.9,1.3,3.4,
4.9,1.3,3.5,
4.9,1.3,3.6,
5,1.3,0,
5,1.3,0.1,
5,1.3,0.2,
5,1.3,0.3,
5,1.3,0.4,
5,1.3,0.5,
5,1.3,0.6,
5,1.3,0.7,
5,1.3,0.8,
5,1.3,0.9,
5,1.3,1,
5,1.3,1.1,
5,1.3,1.2,
5,1.3,1.3,
5,1.3,1.4,
5,1.3,1.5,0.984976736
5,1.3,1.6,
5,1.3,1.7,
5,1.3,1.8,
5,1.3,1.9,
5,1.3,2,
5,1.3,2.1,
5,1.3,2.2,
5,1.3,2.3,
5,1.3,2.4,
5,1.3,2.5,
5,1.3,2.6,
5,1.3,2.7,
5,1.3,2.8,
5,1.3,2.9,
5,1.3,3,
5,1.3,3.1,
5,1.3,3.2,
5,1.3,3.3,
5,1.3,3.4,
5,1.3,3.5,
5,1.3,3.6,
5.1,1.3,0,
5.1,1.3,0.1,
5.1,1.3,0.2,
5.1,1.3,0.3,
5.1,1.3,0.4,
5.1,1.3,0.5,
5.1,1.3,0.6,
5.1,1.3,0.7,
5.1,1.3,0.8,
5.1,1.3,0.9,
5.1,1.3,1,
5.1,1.3,1.1,
5.1,1.3,1.2,
5.1,1.3,1.3,
5.1,1.3,1.4,
5.1,1.3,1.5,
5.1,1.3,1.6,
5.1,1.3,1.7,
5.1,1.3,1.8,
5.1,1.3,1.9,
5.1,1.3,2,0.978202083
5.1,1.3,2.1,
5.1,1.3,2.2,
5.1,1.3,2.3,
5.1,1.3,2.4,
5.1,1.3,2.5,
5.1,1.3,2.6,1.064199895
5.1,1.3,2.7,
5.1,1.3,2.8,
5.1,1.3,2.9,
5.1,1.3,3,
5.1,1.3,3.1,
5.1,1.3,3.2,
5.1,1.3,3.3,
5.1,1.3,3.4,
5.1,1.3,3.5,
5.1,1.3,3.6,
5.2,1.3,0,
5.2,1.3,0.1,
5.2,1.3,0.2,
5.2,1.3,0.3,
5.2,1.3,0.4,
5.2,1.3,0.5,
5.2,1.3,0.6,
5.2,1.3,0.7,
5.2,1.3,0.8,
5.2,1.3,0.9,
5.2,1.3,1,
5.2,1.3,1.1,
5.2,1.3,1.2,
5.2,1.3,1.3,
5.2,1.3,1.4,
5.2,1.3,1.5,
5.2,1.3,1.6,
5.2,1.3,1.7,
5.2,1.3,1.8,
5.2,1.3,1.9,
5.2,1.3,2,
5.2,1.3,2.1,
5.2,1.3,2.2,
5.2,1.3,2.3,
5.2,1.3,2.4,
5.2,1.3,2.5,
5.2,1.3,2.6,
5.2,1.3,2.7,
5.2,1.3,2.8,
5.2,1.3,2.9,
5.2,1.3,3,
5.2,1.3,3.1,
5.2,1.3,3.2,
5.2,1.3,3.3,
5.2,1.3,3.4,
5.2,1.3,3.5,
5.2,1.3,3.6,
5.3,1.3,0,
5.3,1.3,0.1,
5.3,1.3,0.2,
5.3,1.3,0.3,
5.3,1.3,0.4,
5.3,1.3,0.5,
5.3,1.3,0.6,
5.3,1.3,0.7,
5.3,1.3,0.8,1.073356522
5.3,1.3,0.9,
5.3,1.3,1,
5.3,1.3,1.1,
5.3,1.3,1.2,
5.3,1.3,1.3,
5.3,1.3,1.4,
5.3,1.3,1.5,
5.3,1.3,1.6,
5.3,1.3,1.7,
5.3,1.3,1.8,
5.3,1.3,1.9,
5.3,1.3,2,
5.3,1.3,2.1,
5.3,1.3,2.2,
5.3,1.3,2.3,
5.3,1.3,2.4,
5.3,1.3,2.5,
5.3,1.3,2.6,
5.3,1.3,2.7,
5.3,1.3,2.8,
5.3,1.3,2.9,
5.3,1.3,3,
5.3,1.3,3.1,
5.3,1.3,3.2,
5.3,1.3,3.3,
5.3,1.3,3.4,
5.3,1.3,3.5,
5.3,1.3,3.6,
5.4,1.3,0,
5.4,1.3,0.1,
5.4,1.3,0.2,
5.4,1.3,0.3,
5.4,1.3,0.4,
5.4,1.3,0.5,
5.4,1.3,0.6,
5.4,1.3,0.7,
5.4,1.3,0.8,
5.4,1.3,0.9,
5.4,1.3,1,
5.4,1.3,1.1,
5.4,1.3,1.2,
5.4,1.3,1.3,
5.4,1.3,1.4,
5.4,1.3,1.5,
5.4,1.3,1.6,
5.4,1.3,1.7,
5.4,1.3,1.8,
5.4,1.3,1.9,
5.4,1.3,2,
5.4,1.3,2.1,
5.4,1.3,2.2,
5.4,1.3,2.3,
5.4,1.3,2.4,
5.4,1.3,2.5,
5.4,1.3,2.6,
5.4,1.3,2.7,
5.4,1.3,2.8,
5.4,1.3,2.9,
5.4,1.3,3,
5.4,1.3,3.1,
5.4,1.3,3.2,
5.4,1.3,3.3,
5.4,1.3,3.4,
5.4,1.3,3.5,
5.4,1.3,3.6,
5.5,1.3,0,
5.5,1.3,0.1,
5.5,1.3,0.2,
5.5,1.3,0.3,
5.5,1.3,0.4,
5.5,1.3,0.5,
5.5,1.3,0.6,
5.5,1.3,0.7,
5.5,1.3,0.8,
5.5,1.3,0.9,
5.5,1.3,1,
5.5,1.3,1.1,
5.5,1.3,1.2,
5.5,1.3,1.3,
5.5,1.3,1.4,
5.5,1.3,1.5,
5.5,1.3,1.6,
5.5,1.3,1.7,
5.5,1.3,1.8,
5.5,1.3,1.9,
5.5,1.3,2,
5.5,1.3,2.1,
5.5,1.3,2.2,
5.5,1.3,2.3,
5.5,1.3,2.4,
5.5,1.3,2.5,
5.5,1.3,2.6,
5.5,1.3,2.7,
5.5,1.3,2.8,
5.5,1.3,2.9,
5.5,1.3,3,
5.5,1.3,3.1,
5.5,1.3,3.2,
5.5,1.3,3.3,
5.5,1.3,3.4,
5.5,1.3,3.5,
5.5,1.3,3.6,
5.6,1.3,0,
5.6,1.3,0.1,
5.6,1.3,0.2,
5.6,1.3,0.3,
5.6,1.3,0.4,
5.6,1.3,0.5,
5.6,1.3,0.6,
5.6,1.3,0.7,
5.6,1.3,0.8,
5.6,1.3,0.9,
5.6,1.3,1,
5.6,1.3,1.1,
5.6,1.3,1.2,
5.6,1.3,1.3,
5.6,1.3,1.4,
5.6,1.3,1.5,
5.6,1.3,1.6,
5.6,1.3,1.7,
5.6,1.3,1.8,
5.6,1.3,1.9,
5.6,1.3,2,
5.6,1.3,2.1,
5.6,1.3,2.2,
5.6,1.3,2.3,
5.6,1.3,2.4,
5.6,1.3,2.5,
5.6,1.3,2.6,
5.6,1.3,2.7,
5.6,1.3,2.8,
5.6,1.3,2.9,
5.6,1.3,3,
5.6,1.3,3.1,
5.6,1.3,3.2,
5.6,1.3,3.3,
5.6,1.3,3.4,
5.6,1.3,3.5,
5.6,1.3,3.6,0.970292588
5.7,1.3,0,
5.7,1.3,0.1,
5.7,1.3,0.2,
5.7,1.3,0.3,
5.7,1.3,0.4,
5.7,1.3,0.5,
5.7,1.3,0.6,1.023615655
5.7,1.3,0.7,
5.7,1.3,0.8,
5.7,1.3,0.9,1.088946952
5.7,1.3,1,
5.7,1.3,1.1,
5.7,1.3,1.2,
5.7,1.3,1.3,
5.7,1.3,1.4,
5.7,1.3,1.5,
5.7,1.3,1.6,
5.7,1.3,1.7,
5.7,1.3,1.8,
5.7,1.3,1.9,
5.7,1.3,2,
5.7,1.3,2.1,
5.7,1.3,2.2,
5.7,1.3,2.3,
5.7,1.3,2.4,
5.7,1.3,2.5,
5.7,1.3,2.6,
5.7,1.3,2.7,
5.7,1.3,2.8,
5.7,1.3,2.9,
5.7,1.3,3,
5.7,1.3,3.1,
5.7,1.3,3.2,
5.7,1.3,3.3,
5.7,1.3,3.4,
5.7,1.3,3.5,
5.7,1.3,3.6,
5.8,1.3,0,
5.8,1.3,0.1,
5.8,1.3,0.2,
5.8,1.3,0.3,
5.8,1.3,0.4,
5.8,1.3,0.5,
5.8,1.3,0.6,
5.8,1.3,0.7,
5.8,1.3,0.8,
5.8,1.3,0.9,
5.8,1.3,1,
5.8,1.3,1.1,
5.8,1.3,1.2,
5.8,1.3,1.3,
5.8,1.3,1.4,
5.8,1.3,1.5,
5.8,1.3,1.6,
5.8,1.3,1.7,
5.8,1.3,1.8,
5.8,1.3,1.9,
5.8,1.3,2,
5.8,1.3,2.1,
5.8,1.3,2.2,
5.8,1.3,2.3,
5.8,1.3,2.4,
5.8,1.3,2.5,
5.8,1.3,2.6,
5.8,1.3,2.7,
5.8,1.3,2.8,
5.8,1.3,2.9,
5.8,1.3,3,
5.8,1.3,3.1,
5.8,1.3,3.2,
5.8,1.3,3.3,
5.8,1.3,3.4,
5.8,1.3,3.5,
5.8,1.3,3.6,
5.9,1.3,0,
5.9,1.3,0.1,
5.9,1.3,0.2,
5.9,1.3,0.3,
5.9,1.3,0.4,
5.9,1.3,0.5,
5.9,1.3,0.6,
5.9,1.3,0.7,
5.9,1.3,0.8,
5.9,1.3,0.9,
5.9,1.3,1,
5.9,1.3,1.1,
5.9,1.3,1.2,
5.9,1.3,1.3,
5.9,1.3,1.4,
5.9,1.3,1.5,
5.9,1.3,1.6,
5.9,1.3,1.7,
5.9,1.3,1.8,
5.9,1.3,1.9,
5.9,1.3,2,
5.9,1.3,2.1,
5.9,1.3,2.2,
5.9,1.3,2.3,
5.9,1.3,2.4,
5.9,1.3,2.5,
5.9,1.3,2.6,
5.9,1.3,2.7,
5.9,1.3,2.8,
5.9,1.3,2.9,
5.9,1.3,3,
5.9,1.3,3.1,
5.9,1.3,3.2,
5.9,1.3,3.3,
5.9,1.3,3.4,
5.9,1.3,3.5,
5.9,1.3,3.6,
6,1.3,0,
6,1.3,0.1,
6,1.3,0.2,
6,1.3,0.3,
6,1.3,0.4,
6,1.3,0.5,
6,1.3,0.6,
6,1.3,0.7,
6,1.3,0.8,
6,1.3,0.9,
6,1.3,1,
6,1.3,1.1,
6,1.3,1.2,
6,1.3,1.3,
6,1.3,1.4,
6,1.3,1.5,
6,1.3,1.6,
6,1.3,1.7,
6,1.3,1.8,
6,1.3,1.9,
6,1.3,2,
6,1.3,2.1,
6,1.3,2.2,
6,1.3,2.3,
6,1.3,2.4,
6,1.3,2.5,
6,1.3,2.6,
6,1.3,2.7,
6,1.3,2.8,
6,1.3,2.9,
6,1.3,3,
6,1.3,3.1,
6,1.3,3.2,
6,1.3,3.3,
6,1.3,3.4,
6,1.3,3.5,
6,1.3,3.6,
6.1,1.3,0,
6.1,1.3,0.1,
6.1,1.3,0.2,
6.1,1.3,0.3,
6.1,1.3,0.4,
6.1,1.3,0.5,
6.1,1.3,0.6,
6.1,1.3,0.7,
6.1,1.3,0.8,
6.1,1.3,0.9,
6.1,1.3,1,
6.1,1.3,1.1,
6.1,1.3,1.2,
6.1,1.3,1.3,
6.1,1.3,1.4,
6.1,1.3,1.5,
6.1,1.3,1.6,
6.1,1.3,1.7,
6.1,1.3,1.8,
6.1,1.3,1.9,
6.1,1.3,2,
6.1,1.3,2.1,
6.1,1.3,2.2,
6.1,1.3,2.3,
6.1,1.3,2.4,
6.1,1.3,2.5,
6.1,1.3,2.6,
6.1,1.3,2.7,
6.1,1.3,2.8,
6.1,1.3,2.9,
6.1,1.3,3,
6.1,1.3,3.1,
6.1,1.3,3.2,
6.1,1.3,3.3,
6.1,1.3,3.4,
6.1,1.3,3.5,
6.1,1.3,3.6,
6.2,1.3,0,
6.2,1.3,0.1,
6.2,1.3,0.2,
6.2,1.3,0.3,
6.2,1.3,0.4,
6.2,1.3,0.5,
6.2,1.3,0.6,
6.2,1.3,0.7,
6.2,1.3,0.8,
6.2,1.3,0.9,
6.2,1.3,1,
6.2,1.3,1.1,
6.2,1.3,1.2,
6.2,1.3,1.3,
6.2,1.3,1.4,
6.2,1.3,1.5,
6.2,1.3,1.6,
6.2,1.3,1.7,
6.2,1.3,1.8,
6.2,1.3,1.9,
6.2,1.3,2,
6.2,1.3,2.1,
6.2,1.3,2.2,
6.2,1.3,2.3,
6.2,1.3,2.4,
6.2,1.3,2.5,
6.2,1.3,2.6,
6.2,1.3,2.7,
6.2,1.3,2.8,
6.2,1.3,2.9,
6.2,1.3,3,
6.2,1.3,3.1,
6.2,1.3,3.2,
6.2,1.3,3.3,
6.2,1.3,3.4,
6.2,1.3,3.5,
6.2,1.3,3.6,0.990845961
6.3,1.3,0,
6.3,1.3,0.1,
6.3,1.3,0.2,
6.3,1.3,0.3,
6.3,1.3,0.4,
6.3,1.3,0.5,
6.3,1.3,0.6,
6.3,1.3,0.7,1.079469374
6.3,1.3,0.8,
6.3,1.3,0.9,
6.3,1.3,1,1.068552775
6.3,1.3,1.1,
6.3,1.3,1.2,
6.3,1.3,1.3,
6.3,1.3,1.4,
6.3,1.3,1.5,
6.3,1.3,1.6,
6.3,1.3,1.7,0.973697114
6.3,1.3,1.8,
6.3,1.3,1.9,
6.3,1.3,2,
6.3,1.3,2.1,
6.3,1.3,2.2,
6.3,1.3,2.3,
6.3,1.3,2.4,1.024531034
6.3,1.3,2.5,
6.3,1.3,2.6,
6.3,1.3,2.7,
6.3,1.3,2.8,
6.3,1.3,2.9,1.082436394
6.3,1.3,3,
6.3,1.3,3.1,
6.3,1.3,3.2,
6.3,1.3,3.3,
6.3,1.3,3.4,
6.3,1.3,3.5,
6.3,1.3,3.6,
6.4,1.3,0,
6.4,1.3,0.1,
6.4,1.3,0.2,
6.4,1.3,0.3,
6.4,1.3,0.4,
6.4,1.3,0.5,
6.4,1.3,0.6,
6.4,1.3,0.7,
6.4,1.3,0.8,
6.4,1.3,0.9,
6.4,1.3,1,
6.4,1.3,1.1,
6.4,1.3,1.2,
6.4,1.3,1.3,
6.4,1.3,1.4,
6.4,1.3,1.5,
6.4,1.3,1.6,
6.4,1.3,1.7,
6.4,1.3,1.8,
6.4,1.3,1.9,
6.4,1.3,2,
6.4,1.3,2.1,
6.4,1.3,2.2,
6.4,1.3,2.3,
6.4,1.3,2.4,
6.4,1.3,2.5,
6.4,1.3,2.6,
6.4,1.3,2.7,
6.4,1.3,2.8,
6.4,1.3,2.9,
6.4,1.3,3,
6.4,1.3,3.1,
6.4,1.3,3.2,
6.4,1.3,3.3,
6.4,1.3,3.4,
6.4,1.3,3.5,
6.4,1.3,3.6,
6.5,1.3,0,
6.5,1.3,0.1,
6.5,1.3,0.2,1.031267878
6.5,1.3,0.3,
6.5,1.3,0.4,
6.5,1.3,0.5,
6.5,1.3,0.6,
6.5,1.3,0.7,
6.5,1.3,0.8,
6.5,1.3,0.9,
6.5,1.3,1,
6.5,1.3,1.1,
6.5,1.3,1.2,
6.5,1.3,1.3,
6.5,1.3,1.4,
6.5,1.3,1.5,
6.5,1.3,1.6,
6.5,1.3,1.7,
6.5,1.3,1.8,
6.5,1.3,1.9,
6.5,1.3,2,
6.5,1.3,2.1,
6.5,1.3,2.2,
6.5,1.3,2.3,
6.5,1.3,2.4,
6.5,1.3,2.5,
6.5,1.3,2.6,
6.5,1.3,2.7,
6.5,1.3,2.8,
6.5,1.3,2.9,
6.5,1.3,3,
6.5,1.3,3.1,
6.5,1.3,3.2,
6.5,1.3,3.3,
6.5,1.3,3.4,
6.5,1.3,3.5,
6.5,1.3,3.6,
6.6,1.3,0,
6.6,1.3,0.1,
6.6,1.3,0.2,
6.6,1.3,0.3,
6.6,1.3,0.4,
6.6,1.3,0.5,
6.6,1.3,0.6,
6.6,1.3,0.7,
6.6,1.3,0.8,
6.6,1.3,0.9,
6.6,1.3,1,
6.6,1.3,1.1,
6.6,1.3,1.2,
6.6,1.3,1.3,
6.6,1.3,1.4,
6.6,1.3,1.5,
6.6,1.3,1.6,
6.6,1.3,1.7,
6.6,1.3,1.8,
6.6,1.3,1.9,
6.6,1.3,2,
6.6,1.3,2.1,
6.6,1.3,2.2,
6.6,1.3,2.3,
6.6,1.3,2.4,
6.6,1.3,2.5,
6.6,1.3,2.6,
6.6,1.3,2.7,
6.6,1.3,2.8,
6.6,1.3,2.9,
6.6,1.3,3,
6.6,1.3,3.1,
6.6,1.3,3.2,
6.6,1.3,3.3,
6.6,1.3,3.4,
6.6,1.3,3.5,
6.6,1.3,3.6,
6.7,1.3,0,
6.7,1.3,0.1,
6.7,1.3,0.2,
6.7,1.3,0.3,
6.7,1.3,0.4,
6.7,1.3,0.5,
6.7,1.3,0.6,1.121428671
6.7,1.3,0.7,
6.7,1.3,0.8,
6.7,1.3,0.9,
6.7,1.3,1,
6.7,1.3,1.1,
6.7,1.3,1.2,
6.7,1.3,1.3,
6.7,1.3,1.4,
6.7,1.3,1.5,
6.7,1.3,1.6,
6.7,1.3,1.7,
6.7,1.3,1.8,
6.7,1.3,1.9,
6.7,1.3,2,
6.7,1.3,2.1,
6.7,1.3,2.2,
6.7,1.3,2.3,
6.7,1.3,2.4,
6.7,1.3,2.5,
6.7,1.3,2.6,
6.7,1.3,2.7,
6.7,1.3,2.8,
6.7,1.3,2.9,
6.7,1.3,3,
6.7,1.3,3.1,
6.7,1.3,3.2,
6.7,1.3,3.3,
6.7,1.3,3.4,
6.7,1.3,3.5,
6.7,1.3,3.6,
6.8,1.3,0,
6.8,1.3,0.1,
6.8,1.3,0.2,
6.8,1.3,0.3,
6.8,1.3,0.4,
6.8,1.3,0.5,
6.8,1.3,0.6,
6.8,1.3,0.7,
6.8,1.3,0.8,
6.8,1.3,0.9,
6.8,1.3,1,
6.8,1.3,1.1,
6.8,1.3,1.2,
6.8,1.3,1.3,
6.8,1.3,1.4,
6.8,1.3,1.5,
6.8,1.3,1.6,
6.8,1.3,1.7,
6.8,1.3,1.8,
6.8,1.3,1.9,
6.8,1.3,2,
6.8,1.3,2.1,
6.8,1.3,2.2,
6.8,1.3,2.3,
6.8,1.3,2.4,
6.8,1.3,2.5,
6.8,1.3,2.6,
6.8,1.3,2.7,
6.8,1.3,2.8,
6.8,1.3,2.9,
6.8,1.3,3,
6.8,1.3,3.1,
6.8,1.3,3.2,
6.8,1.3,3.3,1.093745297
6.8,1.3,3.4,
6.8,1.3,3.5,
6.8,1.3,3.6,
6.9,1.3,0,
6.9,1.3,0.1,
6.9,1.3,0.2,
6.9,1.3,0.3,
6.9,1.3,0.4,
6.9,1.3,0.5,
6.9,1.3,0.6,
6.9,1.3,0.7,
6.9,1.3,0.8,
6.9,1.3,0.9,
6.9,1.3,1,
6.9,1.3,1.1,
6.9,1.3,1.2,
6.9,1.3,1.3,
6.9,1.3,1.4,
6.9,1.3,1.5,
6.9,1.3,1.6,
6.9,1.3,1.7,
6.9,1.3,1.8,
6.9,1.3,1.9,
6.9,1.3,2,
6.9,1.3,2.1,
6.9,1.3,2.2,
6.9,1.3,2.3,
6.9,1.3,2.4,
6.9,1.3,2.5,
6.9,1.3,2.6,
6.9,1.3,2.7,
6.9,1.3,2.8,
6.9,1.3,2.9,
6.9,1.3,3,
6.9,1.3,3.1,
6.9,1.3,3.2,
6.9,1.3,3.3,
6.9,1.3,3.4,
6.9,1.3,3.5,
6.9,1.3,3.6,
7,1.3,0,
7,1.3,0.1,
7,1.3,0.2,
7,1.3,0.3,
7,1.3,0.4,
7,1.3,0.5,
7,1.3,0.6,
7,1.3,0.7,
7,1.3,0.8,
7,1.3,0.9,
7,1.3,1,
7,1.3,1.1,
7,1.3,1.2,
7,1.3,1.3,
7,1.3,1.4,
7,1.3,1.5,
7,1.3,1.6,
7,1.3,1.7,
7,1.3,1.8,
7,1.3,1.9,
7,1.3,2,
7,1.3,2.1,
7,1.3,2.2,
7,1.3,2.3,
7,1.3,2.4,
7,1.3,2.5,
7,1.3,2.6,
7,1.3,2.7,
7,1.3,2.8,
7,1.3,2.9,
7,1.3,3,
7,1.3,3.1,
7,1.3,3.2,
7,1.3,3.3,
7,1.3,3.4,
7,1.3,3.5,
7,1.3,3.6,
7.1,1.3,0,
7.1,1.3,0.1,
7.1,1.3,0.2,
7.1,1.3,0.3,
7.1,1.3,0.4,
7.1,1.3,0.5,
7.1,1.3,0.6,
7.1,1.3,0.7,
7.1,1.3,0.8,
7.1,1.3,0.9,
7.1,1.3,1,
7.1,1.3,1.1,
7.1,1.3,1.2,
7.1,1.3,1.3,
7.1,1.3,1.4,
7.1,1.3,1.5,
7.1,1.3,1.6,
7.1,1.3,1.7,
7.1,1.3,1.8,
7.1,1.3,1.9,
7.1,1.3,2,
7.1,1.3,2.1,
7.1,1.3,2.2,
7.1,1.3,2.3,
7.1,1.3,2.4,
7.1,1.3,2.5,
7.1,1.3,2.6,
7.1,1.3,2.7,
7.1,1.3,2.8,
7.1,1.3,2.9,
7.1,1.3,3,1.027598688
7.1,1.3,3.1,
7.1,1.3,3.2,
7.1,1.3,3.3,
7.1,1.3,3.4,
7.1,1.3,3.5,
7.1,1.3,3.6,
7.2,1.3,0,
7.2,1.3,0.1,
7.2,1.3,0.2,
7.2,1.3,0.3,
7.2,1.3,0.4,
7.2,1.3,0.5,
7.2,1.3,0.6,1.023566759
7.2,1.3,0.7,
7.2,1.3,0.8,
7.2,1.3,0.9,
7.2,1.3,1,
7.2,1.3,1.1,
7.2,1.3,1.2,
7.2,1.3,1.3,
7.2,1.3,1.4,
7.2,1.3,1.5,
7.2,1.3,1.6,
7.2,1.3,1.7,
7.2,1.3,1.8,
7.2,1.3,1.9,
7.2,1.3,2,
7.2,1.3,2.1,
7.2,1.3,2.2,
7.2,1.3,2.3,
7.2,1.3,2.4,
7.2,1.3,2.5,
7.2,1.3,2.6,
7.2,1.3,2.7,
7.2,1.3,2.8,1.063850516
7.2,1.3,2.9,
7.2,1.3,3,
7.2,1.3,3.1,
7.2,1.3,3.2,
7.2,1.3,3.3,
7.2,1.3,3.4,
7.2,1.3,3.5,
7.2,1.3,3.6,
7.3,1.3,0,
7.3,1.3,0.1,
7.3,1.3,0.2,0.976511476
7.3,1.3,0.3,
7.3,1.3,0.4,
7.3,1.3,0.5,
7.3,1.3,0.6,
7.3,1.3,0.7,
7.3,1.3,0.8,
7.3,1.3,0.9,
7.3,1.3,1,
7.3,1.3,1.1,
7.3,1.3,1.2,
7.3,1.3,1.3,
7.3,1.3,1.4,
7.3,1.3,1.5,
7.3,1.3,1.6,
7.3,1.3,1.7,
7.3,1.3,1.8,
7.3,1.3,1.9,
7.3,1.3,2,
7.3,1.3,2.1,
7.3,1.3,2.2,
7.3,1.3,2.3,
7.3,1.3,2.4,
7.3,1.3,2.5,
7.3,1.3,2.6,
7.3,1.3,2.7,
7.3,1.3,2.8,
7.3,1.3,2.9,
7.3,1.3,3,
7.3,1.3,3.1,
7.3,1.3,3.2,
7.3,1.3,3.3,
7.3,1.3,3.4,
7.3,1.3,3.5,
7.3,1.3,3.6,
7.4,1.3,0,
7.4,1.3,0.1,
7.4,1.3,0.2,
7.4,1.3,0.3,
7.4,1.3,0.4,
7.4,1.3,0.5,
7.4,1.3,0.6,
7.4,1.3,0.7,
7.4,1.3,0.8,
7.4,1.3,0.9,
7.4,1.3,1,
7.4,1.3,1.1,
7.4,1.3,1.2,
7.4,1.3,1.3,
7.4,1.3,1.4,
7.4,1.3,1.5,
7.4,1.3,1.6,
7.4,1.3,1.7,
7.4,1.3,1.8,
7.4,1.3,1.9,
7.4,1.3,2,
7.4,1.3,2.1,
7.4,1.3,2.2,
7.4,1.3,2.3,
7.4,1.3,2.4,
7.4,1.3,2.5,
7.4,1.3,2.6,
7.4,1.3,2.7,
7.4,1.3,2.8,
7.4,1.3,2.9,
7.4,1.3,3,
7.4,1.3,3.1,
7.4,1.3,3.2,
7.4,1.3,3.3,
7.4,1.3,3.4,
7.4,1.3,3.5,
7.4,1.3,3.6,
7.5,1.3,0,
7.5,1.3,0.1,
7.5,1.3,0.2,
7.5,1.3,0.3,
7.5,1.3,0.4,
7.5,1.3,0.5,
7.5,1.3,0.6,
7.5,1.3,0.7,
7.5,1.3,0.8,
7.5,1.3,0.9,
7.5,1.3,1,
7.5,1.3,1.1,
7.5,1.3,1.2,
7.5,1.3,1.3,
7.5,1.3,1.4,
7.5,1.3,1.5,
7.5,1.3,1.6,
7.5,1.3,1.7,
7.5,1.3,1.8,
7.5,1.3,1.9,
7.5,1.3,2,
7.5,1.3,2.1,
7.5,1.3,2.2,
7.5,1.3,2.3,
7.5,1.3,2.4,
7.5,1.3,2.5,
7.5,1.3,2.6,
7.5,1.3,2.7,
7.5,1.3,2.8,
7.5,1.3,2.9,
7.5,1.3,3,
7.5,1.3,3.1,
7.5,1.3,3.2,1.00098335
7.5,1.3,3.3,
7.5,1.3,3.4,
7.5,1.3,3.5,
7.5,1.3,3.6,
7.6,1.3,0,
7.6,1.3,0.1,
7.6,1.3,0.2,
7.6,1.3,0.3,
7.6,1.3,0.4,
7.6,1.3,0.5,
7.6,1.3,0.6,
7.6,1.3,0.7,
7.6,1.3,0.8,
7.6,1.3,0.9,
7.6,1.3,1,
7.6,1.3,1.1,
7.6,1.3,1.2,
7.6,1.3,1.3,
7.6,1.3,1.4,
7.6,1.3,1.5,
7.6,1.3,1.6,
7.6,1.3,1.7,
7.6,1.3,1.8,
7.6,1.3,1.9,
7.6,1.3,2,
7.6,1.3,2.1,
7.6,1.3,2.2,
7.6,1.3,2.3,
7.6,1.3,2.4,
7.6,1.3,2.5,
7.6,1.3,2.6,
7.6,1.3,2.7,
7.6,1.3,2.8,
7.6,1.3,2.9,
7.6,1.3,3,
7.6,1.3,3.1,
7.6,1.3,3.2,
7.6,1.3,3.3,
7.6,1.3,3.4,
7.6,1.3,3.5,
7.6,1.3,3.6,
7.7,1.3,0,
7.7,1.3,0.1,
7.7,1.3,0.2,
7.7,1.3,0.3,
7.7,1.3,0.4,
7.7,1.3,0.5,
7.7,1.3,0.6,
7.7,1.3,0.7,
7.7,1.3,0.8,
7.7,1.3,0.9,
7.7,1.3,1,
7.7,1.3,1.1,
7.7,1.3,1.2,
7.7,1.3,1.3,
7.7,1.3,1.4,
7.7,1.3,1.5,
7.7,1.3,1.6,
7.7,1.3,1.7,
7.7,1.3,1.8,0.980660812
7.7,1.3,1.9,
7.7,1.3,2,
7.7,1.3,2.1,
7.7,1.3,2.2,
7.7,1.3,2.3,
7.7,1.3,2.4,
7.7,1.3,2.5,
7.7,1.3,2.6,
7.7,1.3,2.7,
7.7,1.3,2.8,
7.7,1.3,2.9,
7.7,1.3,3,
7.7,1.3,3.1,
7.7,1.3,3.2,
7.7,1.3,3.3,
7.7,1.3,3.4,
7.7,1.3,3.5,
7.7,1.3,3.6,
7.8,1.3,0,
7.8,1.3,0.1,
7.8,1.3,0.2,
7.8,1.3,0.3,
7.8,1.3,0.4,
7.8,1.3,0.5,
7.8,1.3,0.6,
7.8,1.3,0.7,
7.8,1.3,0.8,
7.8,1.3,0.9,
7.8,1.3,1,
7.8,1.3,1.1,
7.8,1.3,1.2,
7.8,1.3,1.3,
7.8,1.3,1.4,
7.8,1.3,1.5,
7.8,1.3,1.6,
7.8,1.3,1.7,
7.8,1.3,1.8,
7.8,1.3,1.9,
7.8,1.3,2,
7.8,1.3,2.1,
7.8,1.3,2.2,
7.8,1.3,2.3,
7.8,1.3,2.4,
7.8,1.3,2.5,
7.8,1.3,2.6,
7.8,1.3,2.7,
7.8,1.3,2.8,
7.8,1.3,2.9,
7.8,1.3,3,
7.8,1.3,3.1,
7.8,1.3,3.2,
7.8,1.3,3.3,
7.8,1.3,3.4,
7.8,1.3,3.5,
7.8,1.3,3.6,
7.9,1.3,0,
7.9,1.3,0.1,
7.9,1.3,0.2,
7.9,1.3,0.3,
7.9,1.3,0.4,
7.9,1.3,0.5,
7.9,1.3,0.6,
7.9,1.3,0.7,
7.9,1.3,0.8,
7.9,1.3,0.9,
7.9,1.3,1,
7.9,1.3,1.1,
7.9,1.3,1.2,
7.9,1.3,1.3,
7.9,1.3,1.4,
7.9,1.3,1.5,0.986739266
7.9,1.3,1.6,
7.9,1.3,1.7,
7.9,1.3,1.8,
7.9,1.3,1.9,
7.9,1.3,2,
7.9,1.3,2.1,
7.9,1.3,2.2,
7.9,1.3,2.3,
7.9,1.3,2.4,
7.9,1.3,2.5,
7.9,1.3,2.6,
7.9,1.3,2.7,
7.9,1.3,2.8,
7.9,1.3,2.9,
7.9,1.3,3,
7.9,1.3,3.1,
7.9,1.3,3.2,
7.9,1.3,3.3,
7.9,1.3,3.4,
7.9,1.3,3.5,
7.9,1.3,3.6,
8,1.3,0,
8,1.3,0.1,
8,1.3,0.2,
8,1.3,0.3,
8,1.3,0.4,
8,1.3,0.5,
8,1.3,0.6,
8,1.3,0.7,
8,1.3,0.8,
8,1.3,0.9,
8,1.3,1,
8,1.3,1.1,
8,1.3,1.2,
8,1.3,1.3,
8,1.3,1.4,
8,1.3,1.5,
8,1.3,1.6,
8,1.3,1.7,
8,1.3,1.8,
8,1.3,1.9,
8,1.3,2,
8,1.3,2.1,
8,1.3,2.2,
8,1.3,2.3,
8,1.3,2.4,
8,1.3,2.5,1.040512631
8,1.3,2.6,
8,1.3,2.7,
8,1.3,2.8,
8,1.3,2.9,
8,1.3,3,
8,1.3,3.1,
8,1.3,3.2,
8,1.3,3.3,
8,1.3,3.4,
8,1.3,3.5,
8,1.3,3.6,
0,1.4,0,
0,1.4,0.1,
0,1.4,0.2,
0,1.4,0.3,
0,1.4,0.4,
0,1.4,0.5,
0,1.4,0.6,
0,1.4,0.7,
0,1.4,0.8,
0,1.4,0.9,
0,1.4,1,
0,1.4,1.1,
0,1.4,1.2,
0,1.4,1.3,
0,1.4,1.4,
0,1.4,1.5,
0,1.4,1.6,
0,1.4,1.7,
0,1.4,1.8,
0,1.4,1.9,1.247509824
0,1.4,2,1.254074394
0,1.4,2.1,1.265222964
0,1.4,2.2,1.280939898
0,1.4,2.3,1.301179995
0,1.4,2.4,
0,1.4,2.5,1.355054279
0,1.4,2.6,1.388558834
0,1.4,2.7,1.426313361
0,1.4,2.8,
0,1.4,2.9,
0,1.4,3,1.105539749
0,1.4,3.1,
0,1.4,3.2,
0,1.4,3.3,
0,1.4,3.4,
0,1.4,3.5,
0,1.4,3.6,
0.1,1.4,0,
0.1,1.4,0.1,
0.1,1.4,0.2,
0.1,1.4,0.3,
0.1,1.4,0.4,
0.1,1.4,0.5,
0.1,1.4,0.6,
0.1,1.4,0.7,
0.1,1.4,0.8,
0.1,1.4,0.9,
0.1,1.4,1,
0.1,1.4,1.1,
0.1,1.4,1.2,
0.1,1.4,1.3,
0.1,1.4,1.4,
0.1,1.4,1.5,
0.1,1.4,1.6,
0.1,1.4,1.7,
0.1,1.4,1.8,
0.1,1.4,1.9,
0.1,1.4,2,1.006253315
0.1,1.4,2.1,
0.1,1.4,2.2,1.022749173
0.1,1.4,2.3,
0.1,1.4,2.4,
0.1,1.4,2.5,1.0678887
0.1,1.4,2.6,1.088156372
0.1,1.4,2.7,1.110920013
0.1,1.4,2.8,
0.1,1.4,2.9,
0.1,1.4,3,
0.1,1.4,3.1,
0.1,1.4,3.2,
0.1,1.4,3.3,
0.1,1.4,3.4,
0.1,1.4,3.5,
0.1,1.4,3.6,
0.2,1.4,0,
0.2,1.4,0.1,
0.2,1.4,0.2,
0.2,1.4,0.3,
0.2,1.4,0.4,
0.2,1.4,0.5,
0.2,1.4,0.6,
0.2,1.4,0.7,
0.2,1.4,0.8,
0.2,1.4,0.9,
0.2,1.4,1,
0.2,1.4,1.1,1.072814118
0.2,1.4,1.2,
0.2,1.4,1.3,
0.2,1.4,1.4,1.026603712
0.2,1.4,1.5,
0.2,1.4,1.6,
0.2,1.4,1.7,
0.2,1.4,1.8,
0.2,1.4,1.9,
0.2,1.4,2,
0.2,1.4,2.1,1.01530419
0.2,1.4,2.2,
0.2,1.4,2.3,
0.2,1.4,2.4,
0.2,1.4,2.5,
0.2,1.4,2.6,
0.2,1.4,2.7,
0.2,1.4,2.8,1.120119282
0.2,1.4,2.9,
0.2,1.4,3,
0.2,1.4,3.1,
0.2,1.4,3.2,
0.2,1.4,3.3,
0.2,1.4,3.4,
0.2,1.4,3.5,
0.2,1.4,3.6,
0.3,1.4,0,
0.3,1.4,0.1,
0.3,1.4,0.2,
0.3,1.4,0.3,
0.3,1.4,0.4,
0.3,1.4,0.5,
0.3,1.4,0.6,1.068321088
0.3,1.4,0.7,
0.3,1.4,0.8,
0.3,1.4,0.9,
0.3,1.4,1,
0.3,1.4,1.1,
0.3,1.4,1.2,
0.3,1.4,1.3,
0.3,1.4,1.4,
0.3,1.4,1.5,
0.3,1.4,1.6,
0.3,1.4,1.7,
0.3,1.4,1.8,
0.3,1.4,1.9,
0.3,1.4,2,
0.3,1.4,2.1,
0.3,1.4,2.2,
0.3,1.4,2.3,
0.3,1.4,2.4,1.20360691
0.3,1.4,2.5,
0.3,1.4,2.6,
0.3,1.4,2.7,
0.3,1.4,2.8,
0.3,1.4,2.9,
0.3,1.4,3,
0.3,1.4,3.1,
0.3,1.4,3.2,
0.3,1.4,3.3,
0.3,1.4,3.4,
0.3,1.4,3.5,
0.3,1.4,3.6,1.029243242
0.4,1.4,0,
0.4,1.4,0.1,
0.4,1.4,0.2,
0.4,1.4,0.3,
0.4,1.4,0.4,1.042615159
0.4,1.4,0.5,
0.4,1.4,0.6,
0.4,1.4,0.7,
0.4,1.4,0.8,
0.4,1.4,0.9,
0.4,1.4,1,
0.4,1.4,1.1,
0.4,1.4,1.2,
0.4,1.4,1.3,
0.4,1.4,1.4,
0.4,1.4,1.5,
0.4,1.4,1.6,
0.4,1.4,1.7,
0.4,1.4,1.8,
0.4,1.4,1.9,1.123814341
0.4,1.4,2,
0.4,1.4,2.1,
0.4,1.4,2.2,
0.4,1.4,2.3,
0.4,1.4,2.4,
0.4,1.4,2.5,
0.4,1.4,2.6,
0.4,1.4,2.7,
0.4,1.4,2.8,
0.4,1.4,2.9,
0.4,1.4,3,
0.4,1.4,3.1,
0.4,1.4,3.2,
0.4,1.4,3.3,
0.4,1.4,3.4,
0.4,1.4,3.5,
0.4,1.4,3.6,
0.5,1.4,0,
0.5,1.4,0.1,
0.5,1.4,0.2,
0.5,1.4,0.3,
0.5,1.4,0.4,
0.5,1.4,0.5,
0.5,1.4,0.6,
0.5,1.4,0.7,
0.5,1.4,0.8,
0.5,1.4,0.9,
0.5,1.4,1,
0.5,1.4,1.1,
0.5,1.4,1.2,
0.5,1.4,1.3,
0.5,1.4,1.4,
0.5,1.4,1.5,
0.5,1.4,1.6,
0.5,1.4,1.7,
0.5,1.4,1.8,
0.5,1.4,1.9,
0.5,1.4,2,
0.5,1.4,2.1,
0.5,1.4,2.2,
0.5,1.4,2.3,
0.5,1.4,2.4,
0.5,1.4,2.5,
0.5,1.4,2.6,
0.5,1.4,2.7,
0.5,1.4,2.8,
0.5,1.4,2.9,
0.5,1.4,3,
0.5,1.4,3.1,
0.5,1.4,3.2,
0.5,1.4,3.3,
0.5,1.4,3.4,
0.5,1.4,3.5,
0.5,1.4,3.6,
0.6,1.4,0,
0.6,1.4,0.1,
0.6,1.4,0.2,
0.6,1.4,0.3,
0.6,1.4,0.4,
0.6,1.4,0.5,
0.6,1.4,0.6,
0.6,1.4,0.7,
0.6,1.4,0.8,
0.6,1.4,0.9,
0.6,1.4,1,
0.6,1.4,1.1,
0.6,1.4,1.2,
0.6,1.4,1.3,
0.6,1.4,1.4,
0.6,1.4,1.5,
0.6,1.4,1.6,
0.6,1.4,1.7,
0.6,1.4,1.8,
0.6,1.4,1.9,
0.6,1.4,2,
0.6,1.4,2.1,
0.6,1.4,2.2,
0.6,1.4,2.3,
0.6,1.4,2.4,
0.6,1.4,2.5,
0.6,1.4,2.6,
0.6,1.4,2.7,
0.6,1.4,2.8,
0.6,1.4,2.9,
0.6,1.4,3,
0.6,1.4,3.1,
0.6,1.4,3.2,
0.6,1.4,3.3,
0.6,1.4,3.4,
0.6,1.4,3.5,
0.6,1.4,3.6,
0.7,1.4,0,
0.7,1.4,0.1,
0.7,1.4,0.2,
0.7,1.4,0.3,
0.7,1.4,0.4,
0.7,1.4,0.5,
0.7,1.4,0.6,
0.7,1.4,0.7,
0.7,1.4,0.8,1.086987701
0.7,1.4,0.9,
0.7,1.4,1,
0.7,1.4,1.1,
0.7,1.4,1.2,
0.7,1.4,1.3,
0.7,1.4,1.4,
0.7,1.4,1.5,
0.7,1.4,1.6,
0.7,1.4,1.7,
0.7,1.4,1.8,
0.7,1.4,1.9,
0.7,1.4,2,
0.7,1.4,2.1,
0.7,1.4,2.2,
0.7,1.4,2.3,
0.7,1.4,2.4,
0.7,1.4,2.5,
0.7,1.4,2.6,
0.7,1.4,2.7,
0.7,1.4,2.8,
0.7,1.4,2.9,
0.7,1.4,3,
0.7,1.4,3.1,
0.7,1.4,3.2,
0.7,1.4,3.3,
0.7,1.4,3.4,
0.7,1.4,3.5,
0.7,1.4,3.6,
0.8,1.4,0,
0.8,1.4,0.1,
0.8,1.4,0.2,
0.8,1.4,0.3,
0.8,1.4,0.4,
0.8,1.4,0.5,
0.8,1.4,0.6,
0.8,1.4,0.7,
0.8,1.4,0.8,
0.8,1.4,0.9,
0.8,1.4,1,
0.8,1.4,1.1,
0.8,1.4,1.2,
0.8,1.4,1.3,
0.8,1.4,1.4,
0.8,1.4,1.5,
0.8,1.4,1.6,
0.8,1.4,1.7,
0.8,1.4,1.8,
0.8,1.4,1.9,
0.8,1.4,2,
0.8,1.4,2.1,
0.8,1.4,2.2,
0.8,1.4,2.3,
0.8,1.4,2.4,
0.8,1.4,2.5,
0.8,1.4,2.6,
0.8,1.4,2.7,
0.8,1.4,2.8,
0.8,1.4,2.9,
0.8,1.4,3,
0.8,1.4,3.1,
0.8,1.4,3.2,
0.8,1.4,3.3,
0.8,1.4,3.4,
0.8,1.4,3.5,
0.8,1.4,3.6,
0.9,1.4,0,
0.9,1.4,0.1,
0.9,1.4,0.2,
0.9,1.4,0.3,
0.9,1.4,0.4,
0.9,1.4,0.5,
0.9,1.4,0.6,
0.9,1.4,0.7,
0.9,1.4,0.8,
0.9,1.4,0.9,
0.9,1.4,1,
0.9,1.4,1.1,1.114486862
0.9,1.4,1.2,
0.9,1.4,1.3,
0.9,1.4,1.4,
0.9,1.4,1.5,
0.9,1.4,1.6,
0.9,1.4,1.7,
0.9,1.4,1.8,
0.9,1.4,1.9,
0.9,1.4,2,
0.9,1.4,2.1,
0.9,1.4,2.2,
0.9,1.4,2.3,
0.9,1.4,2.4,
0.9,1.4,2.5,
0.9,1.4,2.6,
0.9,1.4,2.7,
0.9,1.4,2.8,
0.9,1.4,2.9,
0.9,1.4,3,
0.9,1.4,3.1,
0.9,1.4,3.2,
0.9,1.4,3.3,
0.9,1.4,3.4,
0.9,1.4,3.5,
0.9,1.4,3.6,
1,1.4,0,1.00106835
1,1.4,0.1,
1,1.4,0.2,
1,1.4,0.3,
1,1.4,0.4,
1,1.4,0.5,
1,1.4,0.6,
1,1.4,0.7,
1,1.4,0.8,
1,1.4,0.9,
1,1.4,1,
1,1.4,1.1,
1,1.4,1.2,
1,1.4,1.3,
1,1.4,1.4,
1,1.4,1.5,
1,1.4,1.6,
1,1.4,1.7,
1,1.4,1.8,
1,1.4,1.9,
1,1.4,2,
1,1.4,2.1,
1,1.4,2.2,
1,1.4,2.3,
1,1.4,2.4,
1,1.4,2.5,
1,1.4,2.6,
1,1.4,2.7,
1,1.4,2.8,
1,1.4,2.9,
1,1.4,3,
1,1.4,3.1,
1,1.4,3.2,1.025646544
1,1.4,3.3,
1,1.4,3.4,
1,1.4,3.5,
1,1.4,3.6,
1.1,1.4,0,
1.1,1.4,0.1,
1.1,1.4,0.2,
1.1,1.4,0.3,
1.1,1.4,0.4,
1.1,1.4,0.5,1.201219535
1.1,1.4,0.6,
1.1,1.4,0.7,
1.1,1.4,0.8,
1.1,1.4,0.9,
1.1,1.4,1,
1.1,1.4,1.1,
1.1,1.4,1.2,
1.1,1.4,1.3,
1.1,1.4,1.4,
1.1,1.4,1.5,
1.1,1.4,1.6,
1.1,1.4,1.7,
1.1,1.4,1.8,
1.1,1.4,1.9,
1.1,1.4,2,
1.1,1.4,2.1,
1.1,1.4,2.2,
1.1,1.4,2.3,
1.1,1.4,2.4,
1.1,1.4,2.5,
1.1,1.4,2.6,
1.1,1.4,2.7,
1.1,1.4,2.8,
1.1,1.4,2.9,
1.1,1.4,3,
1.1,1.4,3.1,
1.1,1.4,3.2,
1.1,1.4,3.3,
1.1,1.4,3.4,
1.1,1.4,3.5,
1.1,1.4,3.6,
1.2,1.4,0,
1.2,1.4,0.1,
1.2,1.4,0.2,
1.2,1.4,0.3,
1.2,1.4,0.4,
1.2,1.4,0.5,
1.2,1.4,0.6,1.196135489
1.2,1.4,0.7,
1.2,1.4,0.8,
1.2,1.4,0.9,
1.2,1.4,1,
1.2,1.4,1.1,
1.2,1.4,1.2,
1.2,1.4,1.3,
1.2,1.4,1.4,
1.2,1.4,1.5,
1.2,1.4,1.6,
1.2,1.4,1.7,
1.2,1.4,1.8,
1.2,1.4,1.9,
1.2,1.4,2,
1.2,1.4,2.1,
1.2,1.4,2.2,
1.2,1.4,2.3,
1.2,1.4,2.4,
1.2,1.4,2.5,
1.2,1.4,2.6,
1.2,1.4,2.7,
1.2,1.4,2.8,
1.2,1.4,2.9,
1.2,1.4,3,
1.2,1.4,3.1,
1.2,1.4,3.2,
1.2,1.4,3.3,
1.2,1.4,3.4,
1.2,1.4,3.5,
1.2,1.4,3.6,1.132281022
1.3,1.4,0,
1.3,1.4,0.1,
1.3,1.4,0.2,
1.3,1.4,0.3,
1.3,1.4,0.4,
1.3,1.4,0.5,
1.3,1.4,0.6,1.17280926
1.3,1.4,0.7,
1.3,1.4,0.8,
1.3,1.4,0.9,
1.3,1.4,1,
1.3,1.4,1.1,
1.3,1.4,1.2,
1.3,1.4,1.3,
1.3,1.4,1.4,
1.3,1.4,1.5,
1.3,1.4,1.6,1.013312247
1.3,1.4,1.7,
1.3,1.4,1.8,
1.3,1.4,1.9,
1.3,1.4,2,
1.3,1.4,2.1,
1.3,1.4,2.2,
1.3,1.4,2.3,
1.3,1.4,2.4,
1.3,1.4,2.5,
1.3,1.4,2.6,
1.3,1.4,2.7,
1.3,1.4,2.8,
1.3,1.4,2.9,
1.3,1.4,3,
1.3,1.4,3.1,
1.3,1.4,3.2,
1.3,1.4,3.3,
1.3,1.4,3.4,
1.3,1.4,3.5,
1.3,1.4,3.6,
1.4,1.4,0,
1.4,1.4,0.1,
1.4,1.4,0.2,
1.4,1.4,0.3,
1.4,1.4,0.4,
1.4,1.4,0.5,
1.4,1.4,0.6,1.151388836
1.4,1.4,0.7,
1.4,1.4,0.8,1.142873258
1.4,1.4,0.9,
1.4,1.4,1,
1.4,1.4,1.1,
1.4,1.4,1.2,
1.4,1.4,1.3,
1.4,1.4,1.4,
1.4,1.4,1.5,
1.4,1.4,1.6,
1.4,1.4,1.7,
1.4,1.4,1.8,
1.4,1.4,1.9,
1.4,1.4,2,
1.4,1.4,2.1,
1.4,1.4,2.2,
1.4,1.4,2.3,
1.4,1.4,2.4,
1.4,1.4,2.5,
1.4,1.4,2.6,
1.4,1.4,2.7,
1.4,1.4,2.8,
1.4,1.4,2.9,
1.4,1.4,3,
1.4,1.4,3.1,
1.4,1.4,3.2,
1.4,1.4,3.3,
1.4,1.4,3.4,
1.4,1.4,3.5,
1.4,1.4,3.6,
1.5,1.4,0,
1.5,1.4,0.1,
1.5,1.4,0.2,
1.5,1.4,0.3,
1.5,1.4,0.4,
1.5,1.4,0.5,
1.5,1.4,0.6,
1.5,1.4,0.7,
1.5,1.4,0.8,
1.5,1.4,0.9,
1.5,1.4,1,
1.5,1.4,1.1,
1.5,1.4,1.2,
1.5,1.4,1.3,
1.5,1.4,1.4,
1.5,1.4,1.5,
1.5,1.4,1.6,
1.5,1.4,1.7,
1.5,1.4,1.8,
1.5,1.4,1.9,
1.5,1.4,2,
1.5,1.4,2.1,
1.5,1.4,2.2,
1.5,1.4,2.3,
1.5,1.4,2.4,1.050704318
1.5,1.4,2.5,
1.5,1.4,2.6,
1.5,1.4,2.7,
1.5,1.4,2.8,
1.5,1.4,2.9,
1.5,1.4,3,
1.5,1.4,3.1,
1.5,1.4,3.2,
1.5,1.4,3.3,
1.5,1.4,3.4,
1.5,1.4,3.5,
1.5,1.4,3.6,
1.6,1.4,0,
1.6,1.4,0.1,
1.6,1.4,0.2,
1.6,1.4,0.3,
1.6,1.4,0.4,
1.6,1.4,0.5,
1.6,1.4,0.6,
1.6,1.4,0.7,
1.6,1.4,0.8,
1.6,1.4,0.9,
1.6,1.4,1,
1.6,1.4,1.1,
1.6,1.4,1.2,
1.6,1.4,1.3,
1.6,1.4,1.4,
1.6,1.4,1.5,
1.6,1.4,1.6,
1.6,1.4,1.7,
1.6,1.4,1.8,
1.6,1.4,1.9,
1.6,1.4,2,
1.6,1.4,2.1,
1.6,1.4,2.2,
1.6,1.4,2.3,
1.6,1.4,2.4,
1.6,1.4,2.5,
1.6,1.4,2.6,
1.6,1.4,2.7,
1.6,1.4,2.8,
1.6,1.4,2.9,
1.6,1.4,3,
1.6,1.4,3.1,
1.6,1.4,3.2,
1.6,1.4,3.3,
1.6,1.4,3.4,
1.6,1.4,3.5,
1.6,1.4,3.6,
1.7,1.4,0,
1.7,1.4,0.1,
1.7,1.4,0.2,
1.7,1.4,0.3,
1.7,1.4,0.4,
1.7,1.4,0.5,
1.7,1.4,0.6,1.099884302
1.7,1.4,0.7,
1.7,1.4,0.8,
1.7,1.4,0.9,
1.7,1.4,1,
1.7,1.4,1.1,
1.7,1.4,1.2,
1.7,1.4,1.3,
1.7,1.4,1.4,
1.7,1.4,1.5,
1.7,1.4,1.6,
1.7,1.4,1.7,
1.7,1.4,1.8,
1.7,1.4,1.9,
1.7,1.4,2,
1.7,1.4,2.1,
1.7,1.4,2.2,
1.7,1.4,2.3,
1.7,1.4,2.4,
1.7,1.4,2.5,
1.7,1.4,2.6,
1.7,1.4,2.7,
1.7,1.4,2.8,
1.7,1.4,2.9,
1.7,1.4,3,
1.7,1.4,3.1,
1.7,1.4,3.2,
1.7,1.4,3.3,
1.7,1.4,3.4,
1.7,1.4,3.5,
1.7,1.4,3.6,
1.8,1.4,0,
1.8,1.4,0.1,
1.8,1.4,0.2,1.038320271
1.8,1.4,0.3,
1.8,1.4,0.4,
1.8,1.4,0.5,
1.8,1.4,0.6,
1.8,1.4,0.7,
1.8,1.4,0.8,
1.8,1.4,0.9,
1.8,1.4,1,
1.8,1.4,1.1,
1.8,1.4,1.2,
1.8,1.4,1.3,
1.8,1.4,1.4,
1.8,1.4,1.5,
1.8,1.4,1.6,
1.8,1.4,1.7,
1.8,1.4,1.8,
1.8,1.4,1.9,
1.8,1.4,2,
1.8,1.4,2.1,
1.8,1.4,2.2,
1.8,1.4,2.3,
1.8,1.4,2.4,
1.8,1.4,2.5,
1.8,1.4,2.6,
1.8,1.4,2.7,
1.8,1.4,2.8,1.130147224
1.8,1.4,2.9,
1.8,1.4,3,
1.8,1.4,3.1,
1.8,1.4,3.2,
1.8,1.4,3.3,
1.8,1.4,3.4,
1.8,1.4,3.5,
1.8,1.4,3.6,
1.9,1.4,0,
1.9,1.4,0.1,
1.9,1.4,0.2,
1.9,1.4,0.3,
1.9,1.4,0.4,
1.9,1.4,0.5,
1.9,1.4,0.6,
1.9,1.4,0.7,
1.9,1.4,0.8,
1.9,1.4,0.9,
1.9,1.4,1,
1.9,1.4,1.1,1.078420668
1.9,1.4,1.2,
1.9,1.4,1.3,
1.9,1.4,1.4,
1.9,1.4,1.5,
1.9,1.4,1.6,
1.9,1.4,1.7,
1.9,1.4,1.8,
1.9,1.4,1.9,
1.9,1.4,2,
1.9,1.4,2.1,
1.9,1.4,2.2,
1.9,1.4,2.3,
1.9,1.4,2.4,
1.9,1.4,2.5,
1.9,1.4,2.6,
1.9,1.4,2.7,
1.9,1.4,2.8,
1.9,1.4,2.9,
1.9,1.4,3,
1.9,1.4,3.1,
1.9,1.4,3.2,
1.9,1.4,3.3,
1.9,1.4,3.4,
1.9,1.4,3.5,
1.9,1.4,3.6,1.022388138
2,1.4,0,
2,1.4,0.1,
2,1.4,0.2,
2,1.4,0.3,
2,1.4,0.4,
2,1.4,0.5,
2,1.4,0.6,
2,1.4,0.7,
2,1.4,0.8,1.107088501
2,1.4,0.9,
2,1.4,1,
2,1.4,1.1,
2,1.4,1.2,
2,1.4,1.3,
2,1.4,1.4,
2,1.4,1.5,
2,1.4,1.6,
2,1.4,1.7,
2,1.4,1.8,
2,1.4,1.9,
2,1.4,2,
2,1.4,2.1,
2,1.4,2.2,
2,1.4,2.3,
2,1.4,2.4,
2,1.4,2.5,
2,1.4,2.6,
2,1.4,2.7,
2,1.4,2.8,
2,1.4,2.9,
2,1.4,3,
2,1.4,3.1,
2,1.4,3.2,
2,1.4,3.3,
2,1.4,3.4,
2,1.4,3.5,
2,1.4,3.6,
2.1,1.4,0,
2.1,1.4,0.1,
2.1,1.4,0.2,
2.1,1.4,0.3,
2.1,1.4,0.4,
2.1,1.4,0.5,
2.1,1.4,0.6,
2.1,1.4,0.7,
2.1,1.4,0.8,
2.1,1.4,0.9,
2.1,1.4,1,
2.1,1.4,1.1,
2.1,1.4,1.2,
2.1,1.4,1.3,
2.1,1.4,1.4,
2.1,1.4,1.5,
2.1,1.4,1.6,
2.1,1.4,1.7,
2.1,1.4,1.8,
2.1,1.4,1.9,
2.1,1.4,2,
2.1,1.4,2.1,
2.1,1.4,2.2,
2.1,1.4,2.3,
2.1,1.4,2.4,
2.1,1.4,2.5,
2.1,1.4,2.6,
2.1,1.4,2.7,
2.1,1.4,2.8,
2.1,1.4,2.9,1.082220626
2.1,1.4,3,
2.1,1.4,3.1,
2.1,1.4,3.2,
2.1,1.4,3.3,
2.1,1.4,3.4,
2.1,1.4,3.5,
2.1,1.4,3.6,
2.2,1.4,0,
2.2,1.4,0.1,
2.2,1.4,0.2,
2.2,1.4,0.3,
2.2,1.4,0.4,
2.2,1.4,0.5,
2.2,1.4,0.6,
2.2,1.4,0.7,
2.2,1.4,0.8,
2.2,1.4,0.9,
2.2,1.4,1,
2.2,1.4,1.1,
2.2,1.4,1.2,
2.2,1.4,1.3,
2.2,1.4,1.4,
2.2,1.4,1.5,
2.2,1.4,1.6,
2.2,1.4,1.7,
2.2,1.4,1.8,
2.2,1.4,1.9,
2.2,1.4,2,
2.2,1.4,2.1,
2.2,1.4,2.2,
2.2,1.4,2.3,1.064906897
2.2,1.4,2.4,
2.2,1.4,2.5,
2.2,1.4,2.6,
2.2,1.4,2.7,
2.2,1.4,2.8,
2.2,1.4,2.9,
2.2,1.4,3,
2.2,1.4,3.1,
2.2,1.4,3.2,
2.2,1.4,3.3,
2.2,1.4,3.4,
2.2,1.4,3.5,
2.2,1.4,3.6,
2.3,1.4,0,
2.3,1.4,0.1,
2.3,1.4,0.2,
2.3,1.4,0.3,
2.3,1.4,0.4,
2.3,1.4,0.5,
2.3,1.4,0.6,
2.3,1.4,0.7,
2.3,1.4,0.8,
2.3,1.4,0.9,
2.3,1.4,1,
2.3,1.4,1.1,
2.3,1.4,1.2,
2.3,1.4,1.3,
2.3,1.4,1.4,
2.3,1.4,1.5,1.053570419
2.3,1.4,1.6,
2.3,1.4,1.7,
2.3,1.4,1.8,
2.3,1.4,1.9,
2.3,1.4,2,
2.3,1.4,2.1,
2.3,1.4,2.2,
2.3,1.4,2.3,
2.3,1.4,2.4,
2.3,1.4,2.5,
2.3,1.4,2.6,
2.3,1.4,2.7,
2.3,1.4,2.8,
2.3,1.4,2.9,
2.3,1.4,3,
2.3,1.4,3.1,
2.3,1.4,3.2,
2.3,1.4,3.3,
2.3,1.4,3.4,
2.3,1.4,3.5,
2.3,1.4,3.6,
2.4,1.4,0,
2.4,1.4,0.1,
2.4,1.4,0.2,
2.4,1.4,0.3,
2.4,1.4,0.4,
2.4,1.4,0.5,
2.4,1.4,0.6,
2.4,1.4,0.7,
2.4,1.4,0.8,
2.4,1.4,0.9,
2.4,1.4,1,
2.4,1.4,1.1,
2.4,1.4,1.2,
2.4,1.4,1.3,
2.4,1.4,1.4,
2.4,1.4,1.5,
2.4,1.4,1.6,
2.4,1.4,1.7,
2.4,1.4,1.8,
2.4,1.4,1.9,
2.4,1.4,2,
2.4,1.4,2.1,
2.4,1.4,2.2,
2.4,1.4,2.3,
2.4,1.4,2.4,
2.4,1.4,2.5,
2.4,1.4,2.6,
2.4,1.4,2.7,
2.4,1.4,2.8,
2.4,1.4,2.9,
2.4,1.4,3,
2.4,1.4,3.1,
2.4,1.4,3.2,
2.4,1.4,3.3,
2.4,1.4,3.4,
2.4,1.4,3.5,
2.4,1.4,3.6,
2.5,1.4,0,
2.5,1.4,0.1,
2.5,1.4,0.2,
2.5,1.4,0.3,
2.5,1.4,0.4,
2.5,1.4,0.5,
2.5,1.4,0.6,
2.5,1.4,0.7,
2.5,1.4,0.8,
2.5,1.4,0.9,
2.5,1.4,1,
2.5,1.4,1.1,
2.5,1.4,1.2,
2.5,1.4,1.3,
2.5,1.4,1.4,
2.5,1.4,1.5,
2.5,1.4,1.6,
2.5,1.4,1.7,
2.5,1.4,1.8,
2.5,1.4,1.9,
2.5,1.4,2,
2.5,1.4,2.1,
2.5,1.4,2.2,
2.5,1.4,2.3,
2.5,1.4,2.4,
2.5,1.4,2.5,
2.5,1.4,2.6,
2.5,1.4,2.7,
2.5,1.4,2.8,
2.5,1.4,2.9,
2.5,1.4,3,
2.5,1.4,3.1,
2.5,1.4,3.2,
2.5,1.4,3.3,
2.5,1.4,3.4,
2.5,1.4,3.5,
2.5,1.4,3.6,
2.6,1.4,0,
2.6,1.4,0.1,
2.6,1.4,0.2,
2.6,1.4,0.3,
2.6,1.4,0.4,
2.6,1.4,0.5,
2.6,1.4,0.6,
2.6,1.4,0.7,
2.6,1.4,0.8,
2.6,1.4,0.9,
2.6,1.4,1,
2.6,1.4,1.1,
2.6,1.4,1.2,
2.6,1.4,1.3,
2.6,1.4,1.4,
2.6,1.4,1.5,
2.6,1.4,1.6,
2.6,1.4,1.7,
2.6,1.4,1.8,
2.6,1.4,1.9,
2.6,1.4,2,
2.6,1.4,2.1,
2.6,1.4,2.2,
2.6,1.4,2.3,
2.6,1.4,2.4,
2.6,1.4,2.5,1.161687696
2.6,1.4,2.6,
2.6,1.4,2.7,
2.6,1.4,2.8,
2.6,1.4,2.9,
2.6,1.4,3,
2.6,1.4,3.1,
2.6,1.4,3.2,
2.6,1.4,3.3,
2.6,1.4,3.4,
2.6,1.4,3.5,
2.6,1.4,3.6,
2.7,1.4,0,
2.7,1.4,0.1,
2.7,1.4,0.2,
2.7,1.4,0.3,
2.7,1.4,0.4,
2.7,1.4,0.5,
2.7,1.4,0.6,
2.7,1.4,0.7,
2.7,1.4,0.8,
2.7,1.4,0.9,
2.7,1.4,1,
2.7,1.4,1.1,1.185973936
2.7,1.4,1.2,
2.7,1.4,1.3,
2.7,1.4,1.4,
2.7,1.4,1.5,
2.7,1.4,1.6,
2.7,1.4,1.7,
2.7,1.4,1.8,
2.7,1.4,1.9,
2.7,1.4,2,
2.7,1.4,2.1,
2.7,1.4,2.2,
2.7,1.4,2.3,
2.7,1.4,2.4,
2.7,1.4,2.5,
2.7,1.4,2.6,
2.7,1.4,2.7,
2.7,1.4,2.8,
2.7,1.4,2.9,
2.7,1.4,3,
2.7,1.4,3.1,
2.7,1.4,3.2,
2.7,1.4,3.3,
2.7,1.4,3.4,
2.7,1.4,3.5,
2.7,1.4,3.6,
2.8,1.4,0,
2.8,1.4,0.1,
2.8,1.4,0.2,
2.8,1.4,0.3,
2.8,1.4,0.4,1.033324068
2.8,1.4,0.5,
2.8,1.4,0.6,
2.8,1.4,0.7,
2.8,1.4,0.8,
2.8,1.4,0.9,
2.8,1.4,1,1.142548896
2.8,1.4,1.1,
2.8,1.4,1.2,
2.8,1.4,1.3,
2.8,1.4,1.4,
2.8,1.4,1.5,
2.8,1.4,1.6,
2.8,1.4,1.7,
2.8,1.4,1.8,
2.8,1.4,1.9,
2.8,1.4,2,
2.8,1.4,2.1,
2.8,1.4,2.2,
2.8,1.4,2.3,
2.8,1.4,2.4,
2.8,1.4,2.5,
2.8,1.4,2.6,1.144629534
2.8,1.4,2.7,
2.8,1.4,2.8,
2.8,1.4,2.9,
2.8,1.4,3,
2.8,1.4,3.1,
2.8,1.4,3.2,
2.8,1.4,3.3,
2.8,1.4,3.4,
2.8,1.4,3.5,
2.8,1.4,3.6,
2.9,1.4,0,
2.9,1.4,0.1,
2.9,1.4,0.2,
2.9,1.4,0.3,
2.9,1.4,0.4,
2.9,1.4,0.5,
2.9,1.4,0.6,
2.9,1.4,0.7,
2.9,1.4,0.8,1.1077847
2.9,1.4,0.9,
2.9,1.4,1,
2.9,1.4,1.1,
2.9,1.4,1.2,
2.9,1.4,1.3,
2.9,1.4,1.4,1.174604766
2.9,1.4,1.5,
2.9,1.4,1.6,
2.9,1.4,1.7,
2.9,1.4,1.8,
2.9,1.4,1.9,1.142883492
2.9,1.4,2,
2.9,1.4,2.1,
2.9,1.4,2.2,
2.9,1.4,2.3,
2.9,1.4,2.4,
2.9,1.4,2.5,
2.9,1.4,2.6,
2.9,1.4,2.7,
2.9,1.4,2.8,
2.9,1.4,2.9,
2.9,1.4,3,
2.9,1.4,3.1,
2.9,1.4,3.2,
2.9,1.4,3.3,
2.9,1.4,3.4,
2.9,1.4,3.5,
2.9,1.4,3.6,
3,1.4,0,
3,1.4,0.1,
3,1.4,0.2,
3,1.4,0.3,
3,1.4,0.4,
3,1.4,0.5,
3,1.4,0.6,
3,1.4,0.7,
3,1.4,0.8,
3,1.4,0.9,
3,1.4,1,
3,1.4,1.1,
3,1.4,1.2,
3,1.4,1.3,
3,1.4,1.4,
3,1.4,1.5,
3,1.4,1.6,
3,1.4,1.7,
3,1.4,1.8,
3,1.4,1.9,
3,1.4,2,
3,1.4,2.1,1.014208578
3,1.4,2.2,
3,1.4,2.3,
3,1.4,2.4,
3,1.4,2.5,
3,1.4,2.6,
3,1.4,2.7,
3,1.4,2.8,
3,1.4,2.9,
3,1.4,3,
3,1.4,3.1,
3,1.4,3.2,
3,1.4,3.3,
3,1.4,3.4,
3,1.4,3.5,
3,1.4,3.6,
3.1,1.4,0,
3.1,1.4,0.1,
3.1,1.4,0.2,
3.1,1.4,0.3,
3.1,1.4,0.4,
3.1,1.4,0.5,
3.1,1.4,0.6,
3.1,1.4,0.7,
3.1,1.4,0.8,
3.1,1.4,0.9,
3.1,1.4,1,
3.1,1.4,1.1,
3.1,1.4,1.2,
3.1,1.4,1.3,
3.1,1.4,1.4,
3.1,1.4,1.5,
3.1,1.4,1.6,
3.1,1.4,1.7,
3.1,1.4,1.8,
3.1,1.4,1.9,
3.1,1.4,2,
3.1,1.4,2.1,
3.1,1.4,2.2,
3.1,1.4,2.3,
3.1,1.4,2.4,
3.1,1.4,2.5,
3.1,1.4,2.6,
3.1,1.4,2.7,
3.1,1.4,2.8,
3.1,1.4,2.9,
3.1,1.4,3,
3.1,1.4,3.1,
3.1,1.4,3.2,
3.1,1.4,3.3,
3.1,1.4,3.4,
3.1,1.4,3.5,
3.1,1.4,3.6,
3.2,1.4,0,
3.2,1.4,0.1,
3.2,1.4,0.2,
3.2,1.4,0.3,
3.2,1.4,0.4,
3.2,1.4,0.5,
3.2,1.4,0.6,
3.2,1.4,0.7,
3.2,1.4,0.8,
3.2,1.4,0.9,
3.2,1.4,1,
3.2,1.4,1.1,
3.2,1.4,1.2,
3.2,1.4,1.3,
3.2,1.4,1.4,
3.2,1.4,1.5,
3.2,1.4,1.6,
3.2,1.4,1.7,
3.2,1.4,1.8,
3.2,1.4,1.9,
3.2,1.4,2,
3.2,1.4,2.1,
3.2,1.4,2.2,
3.2,1.4,2.3,
3.2,1.4,2.4,
3.2,1.4,2.5,1.065241209
3.2,1.4,2.6,
3.2,1.4,2.7,
3.2,1.4,2.8,
3.2,1.4,2.9,
3.2,1.4,3,
3.2,1.4,3.1,
3.2,1.4,3.2,
3.2,1.4,3.3,
3.2,1.4,3.4,
3.2,1.4,3.5,
3.2,1.4,3.6,
3.3,1.4,0,
3.3,1.4,0.1,
3.3,1.4,0.2,
3.3,1.4,0.3,
3.3,1.4,0.4,
3.3,1.4,0.5,
3.3,1.4,0.6,
3.3,1.4,0.7,
3.3,1.4,0.8,
3.3,1.4,0.9,
3.3,1.4,1,
3.3,1.4,1.1,
3.3,1.4,1.2,
3.3,1.4,1.3,
3.3,1.4,1.4,
3.3,1.4,1.5,
3.3,1.4,1.6,
3.3,1.4,1.7,
3.3,1.4,1.8,
3.3,1.4,1.9,
3.3,1.4,2,
3.3,1.4,2.1,
3.3,1.4,2.2,
3.3,1.4,2.3,
3.3,1.4,2.4,
3.3,1.4,2.5,
3.3,1.4,2.6,
3.3,1.4,2.7,
3.3,1.4,2.8,1.160646666
3.3,1.4,2.9,
3.3,1.4,3,
3.3,1.4,3.1,
3.3,1.4,3.2,
3.3,1.4,3.3,
3.3,1.4,3.4,
3.3,1.4,3.5,
3.3,1.4,3.6,
3.4,1.4,0,1.076705897
3.4,1.4,0.1,
3.4,1.4,0.2,
3.4,1.4,0.3,
3.4,1.4,0.4,
3.4,1.4,0.5,
3.4,1.4,0.6,
3.4,1.4,0.7,
3.4,1.4,0.8,1.175601732
3.4,1.4,0.9,
3.4,1.4,1,
3.4,1.4,1.1,
3.4,1.4,1.2,
3.4,1.4,1.3,
3.4,1.4,1.4,
3.4,1.4,1.5,
3.4,1.4,1.6,
3.4,1.4,1.7,
3.4,1.4,1.8,
3.4,1.4,1.9,
3.4,1.4,2,
3.4,1.4,2.1,
3.4,1.4,2.2,
3.4,1.4,2.3,
3.4,1.4,2.4,
3.4,1.4,2.5,
3.4,1.4,2.6,
3.4,1.4,2.7,
3.4,1.4,2.8,
3.4,1.4,2.9,
3.4,1.4,3,
3.4,1.4,3.1,
3.4,1.4,3.2,
3.4,1.4,3.3,
3.4,1.4,3.4,
3.4,1.4,3.5,
3.4,1.4,3.6,
3.5,1.4,0,
3.5,1.4,0.1,
3.5,1.4,0.2,
3.5,1.4,0.3,
3.5,1.4,0.4,
3.5,1.4,0.5,
3.5,1.4,0.6,
3.5,1.4,0.7,
3.5,1.4,0.8,
3.5,1.4,0.9,
3.5,1.4,1,
3.5,1.4,1.1,
3.5,1.4,1.2,
3.5,1.4,1.3,
3.5,1.4,1.4,
3.5,1.4,1.5,
3.5,1.4,1.6,
3.5,1.4,1.7,
3.5,1.4,1.8,
3.5,1.4,1.9,
3.5,1.4,2,
3.5,1.4,2.1,
3.5,1.4,2.2,
3.5,1.4,2.3,
3.5,1.4,2.4,
3.5,1.4,2.5,
3.5,1.4,2.6,
3.5,1.4,2.7,
3.5,1.4,2.8,1.199188077
3.5,1.4,2.9,
3.5,1.4,3,
3.5,1.4,3.1,
3.5,1.4,3.2,
3.5,1.4,3.3,
3.5,1.4,3.4,
3.5,1.4,3.5,
3.5,1.4,3.6,
3.6,1.4,0,
3.6,1.4,0.1,
3.6,1.4,0.2,
3.6,1.4,0.3,
3.6,1.4,0.4,
3.6,1.4,0.5,
3.6,1.4,0.6,
3.6,1.4,0.7,
3.6,1.4,0.8,
3.6,1.4,0.9,
3.6,1.4,1,
3.6,1.4,1.1,1.077532012
3.6,1.4,1.2,
3.6,1.4,1.3,
3.6,1.4,1.4,
3.6,1.4,1.5,
3.6,1.4,1.6,
3.6,1.4,1.7,1.018084154
3.6,1.4,1.8,
3.6,1.4,1.9,
3.6,1.4,2,
3.6,1.4,2.1,
3.6,1.4,2.2,
3.6,1.4,2.3,
3.6,1.4,2.4,
3.6,1.4,2.5,
3.6,1.4,2.6,
3.6,1.4,2.7,
3.6,1.4,2.8,
3.6,1.4,2.9,
3.6,1.4,3,
3.6,1.4,3.1,1.052562934
3.6,1.4,3.2,
3.6,1.4,3.3,
3.6,1.4,3.4,
3.6,1.4,3.5,
3.6,1.4,3.6,
3.7,1.4,0,
3.7,1.4,0.1,
3.7,1.4,0.2,
3.7,1.4,0.3,
3.7,1.4,0.4,
3.7,1.4,0.5,
3.7,1.4,0.6,
3.7,1.4,0.7,
3.7,1.4,0.8,
3.7,1.4,0.9,
3.7,1.4,1,
3.7,1.4,1.1,
3.7,1.4,1.2,
3.7,1.4,1.3,
3.7,1.4,1.4,
3.7,1.4,1.5,
3.7,1.4,1.6,1.031275553
3.7,1.4,1.7,
3.7,1.4,1.8,
3.7,1.4,1.9,
3.7,1.4,2,
3.7,1.4,2.1,
3.7,1.4,2.2,
3.7,1.4,2.3,
3.7,1.4,2.4,
3.7,1.4,2.5,
3.7,1.4,2.6,
3.7,1.4,2.7,
3.7,1.4,2.8,
3.7,1.4,2.9,
3.7,1.4,3,
3.7,1.4,3.1,
3.7,1.4,3.2,
3.7,1.4,3.3,
3.7,1.4,3.4,
3.7,1.4,3.5,
3.7,1.4,3.6,
3.8,1.4,0,
3.8,1.4,0.1,
3.8,1.4,0.2,
3.8,1.4,0.3,
3.8,1.4,0.4,
3.8,1.4,0.5,
3.8,1.4,0.6,
3.8,1.4,0.7,
3.8,1.4,0.8,
3.8,1.4,0.9,
3.8,1.4,1,
3.8,1.4,1.1,
3.8,1.4,1.2,
3.8,1.4,1.3,
3.8,1.4,1.4,
3.8,1.4,1.5,
3.8,1.4,1.6,
3.8,1.4,1.7,
3.8,1.4,1.8,
3.8,1.4,1.9,
3.8,1.4,2,
3.8,1.4,2.1,
3.8,1.4,2.2,
3.8,1.4,2.3,
3.8,1.4,2.4,
3.8,1.4,2.5,
3.8,1.4,2.6,
3.8,1.4,2.7,
3.8,1.4,2.8,1.272306344
3.8,1.4,2.9,
3.8,1.4,3,
3.8,1.4,3.1,
3.8,1.4,3.2,
3.8,1.4,3.3,
3.8,1.4,3.4,
3.8,1.4,3.5,1.006358782
3.8,1.4,3.6,
3.9,1.4,0,
3.9,1.4,0.1,
3.9,1.4,0.2,
3.9,1.4,0.3,
3.9,1.4,0.4,
3.9,1.4,0.5,
3.9,1.4,0.6,
3.9,1.4,0.7,
3.9,1.4,0.8,
3.9,1.4,0.9,
3.9,1.4,1,
3.9,1.4,1.1,
3.9,1.4,1.2,
3.9,1.4,1.3,
3.9,1.4,1.4,
3.9,1.4,1.5,
3.9,1.4,1.6,
3.9,1.4,1.7,
3.9,1.4,1.8,
3.9,1.4,1.9,
3.9,1.4,2,
3.9,1.4,2.1,
3.9,1.4,2.2,
3.9,1.4,2.3,
3.9,1.4,2.4,
3.9,1.4,2.5,
3.9,1.4,2.6,1.122397778
3.9,1.4,2.7,
3.9,1.4,2.8,
3.9,1.4,2.9,
3.9,1.4,3,
3.9,1.4,3.1,
3.9,1.4,3.2,
3.9,1.4,3.3,
3.9,1.4,3.4,
3.9,1.4,3.5,
3.9,1.4,3.6,
4,1.4,0,
4,1.4,0.1,
4,1.4,0.2,
4,1.4,0.3,
4,1.4,0.4,
4,1.4,0.5,
4,1.4,0.6,
4,1.4,0.7,
4,1.4,0.8,
4,1.4,0.9,
4,1.4,1,
4,1.4,1.1,
4,1.4,1.2,
4,1.4,1.3,
4,1.4,1.4,
4,1.4,1.5,
4,1.4,1.6,
4,1.4,1.7,
4,1.4,1.8,
4,1.4,1.9,
4,1.4,2,
4,1.4,2.1,
4,1.4,2.2,
4,1.4,2.3,
4,1.4,2.4,
4,1.4,2.5,
4,1.4,2.6,
4,1.4,2.7,
4,1.4,2.8,
4,1.4,2.9,
4,1.4,3,
4,1.4,3.1,
4,1.4,3.2,
4,1.4,3.3,
4,1.4,3.4,
4,1.4,3.5,
4,1.4,3.6,
4.1,1.4,0,
4.1,1.4,0.1,
4.1,1.4,0.2,
4.1,1.4,0.3,
4.1,1.4,0.4,
4.1,1.4,0.5,
4.1,1.4,0.6,
4.1,1.4,0.7,
4.1,1.4,0.8,
4.1,1.4,0.9,
4.1,1.4,1,
4.1,1.4,1.1,
4.1,1.4,1.2,
4.1,1.4,1.3,
4.1,1.4,1.4,
4.1,1.4,1.5,
4.1,1.4,1.6,
4.1,1.4,1.7,
4.1,1.4,1.8,
4.1,1.4,1.9,
4.1,1.4,2,
4.1,1.4,2.1,
4.1,1.4,2.2,
4.1,1.4,2.3,
4.1,1.4,2.4,
4.1,1.4,2.5,
4.1,1.4,2.6,
4.1,1.4,2.7,
4.1,1.4,2.8,
4.1,1.4,2.9,
4.1,1.4,3,
4.1,1.4,3.1,
4.1,1.4,3.2,
4.1,1.4,3.3,
4.1,1.4,3.4,
4.1,1.4,3.5,
4.1,1.4,3.6,1.000543002
4.2,1.4,0,
4.2,1.4,0.1,
4.2,1.4,0.2,
4.2,1.4,0.3,
4.2,1.4,0.4,
4.2,1.4,0.5,
4.2,1.4,0.6,
4.2,1.4,0.7,
4.2,1.4,0.8,
4.2,1.4,0.9,
4.2,1.4,1,
4.2,1.4,1.1,
4.2,1.4,1.2,
4.2,1.4,1.3,
4.2,1.4,1.4,
4.2,1.4,1.5,
4.2,1.4,1.6,
4.2,1.4,1.7,
4.2,1.4,1.8,
4.2,1.4,1.9,
4.2,1.4,2,
4.2,1.4,2.1,
4.2,1.4,2.2,
4.2,1.4,2.3,
4.2,1.4,2.4,
4.2,1.4,2.5,
4.2,1.4,2.6,
4.2,1.4,2.7,
4.2,1.4,2.8,
4.2,1.4,2.9,
4.2,1.4,3,
4.2,1.4,3.1,
4.2,1.4,3.2,
4.2,1.4,3.3,
4.2,1.4,3.4,
4.2,1.4,3.5,
4.2,1.4,3.6,
4.3,1.4,0,
4.3,1.4,0.1,
4.3,1.4,0.2,
4.3,1.4,0.3,
4.3,1.4,0.4,
4.3,1.4,0.5,
4.3,1.4,0.6,1.05563599
4.3,1.4,0.7,
4.3,1.4,0.8,
4.3,1.4,0.9,
4.3,1.4,1,
4.3,1.4,1.1,
4.3,1.4,1.2,
4.3,1.4,1.3,
4.3,1.4,1.4,
4.3,1.4,1.5,
4.3,1.4,1.6,
4.3,1.4,1.7,
4.3,1.4,1.8,
4.3,1.4,1.9,
4.3,1.4,2,
4.3,1.4,2.1,
4.3,1.4,2.2,
4.3,1.4,2.3,
4.3,1.4,2.4,
4.3,1.4,2.5,
4.3,1.4,2.6,
4.3,1.4,2.7,
4.3,1.4,2.8,
4.3,1.4,2.9,
4.3,1.4,3,1.058096141
4.3,1.4,3.1,
4.3,1.4,3.2,
4.3,1.4,3.3,
4.3,1.4,3.4,
4.3,1.4,3.5,
4.3,1.4,3.6,
4.4,1.4,0,
4.4,1.4,0.1,
4.4,1.4,0.2,
4.4,1.4,0.3,
4.4,1.4,0.4,
4.4,1.4,0.5,
4.4,1.4,0.6,
4.4,1.4,0.7,
4.4,1.4,0.8,
4.4,1.4,0.9,
4.4,1.4,1,
4.4,1.4,1.1,
4.4,1.4,1.2,
4.4,1.4,1.3,
4.4,1.4,1.4,
4.4,1.4,1.5,
4.4,1.4,1.6,
4.4,1.4,1.7,
4.4,1.4,1.8,
4.4,1.4,1.9,
4.4,1.4,2,
4.4,1.4,2.1,
4.4,1.4,2.2,
4.4,1.4,2.3,1.047418621
4.4,1.4,2.4,
4.4,1.4,2.5,
4.4,1.4,2.6,
4.4,1.4,2.7,
4.4,1.4,2.8,
4.4,1.4,2.9,
4.4,1.4,3,
4.4,1.4,3.1,
4.4,1.4,3.2,
4.4,1.4,3.3,
4.4,1.4,3.4,
4.4,1.4,3.5,
4.4,1.4,3.6,
4.5,1.4,0,
4.5,1.4,0.1,
4.5,1.4,0.2,
4.5,1.4,0.3,
4.5,1.4,0.4,
4.5,1.4,0.5,
4.5,1.4,0.6,
4.5,1.4,0.7,
4.5,1.4,0.8,1.214429128
4.5,1.4,0.9,
4.5,1.4,1,1.097058853
4.5,1.4,1.1,
4.5,1.4,1.2,
4.5,1.4,1.3,
4.5,1.4,1.4,
4.5,1.4,1.5,
4.5,1.4,1.6,
4.5,1.4,1.7,
4.5,1.4,1.8,
4.5,1.4,1.9,
4.5,1.4,2,
4.5,1.4,2.1,
4.5,1.4,2.2,
4.5,1.4,2.3,
4.5,1.4,2.4,
4.5,1.4,2.5,
4.5,1.4,2.6,
4.5,1.4,2.7,
4.5,1.4,2.8,
4.5,1.4,2.9,
4.5,1.4,3,
4.5,1.4,3.1,
4.5,1.4,3.2,
4.5,1.4,3.3,
4.5,1.4,3.4,
4.5,1.4,3.5,
4.5,1.4,3.6,
4.6,1.4,0,
4.6,1.4,0.1,
4.6,1.4,0.2,
4.6,1.4,0.3,
4.6,1.4,0.4,
4.6,1.4,0.5,
4.6,1.4,0.6,
4.6,1.4,0.7,
4.6,1.4,0.8,
4.6,1.4,0.9,
4.6,1.4,1,
4.6,1.4,1.1,
4.6,1.4,1.2,
4.6,1.4,1.3,
4.6,1.4,1.4,
4.6,1.4,1.5,
4.6,1.4,1.6,
4.6,1.4,1.7,
4.6,1.4,1.8,
4.6,1.4,1.9,
4.6,1.4,2,
4.6,1.4,2.1,
4.6,1.4,2.2,
4.6,1.4,2.3,
4.6,1.4,2.4,
4.6,1.4,2.5,
4.6,1.4,2.6,
4.6,1.4,2.7,
4.6,1.4,2.8,1.195514908
4.6,1.4,2.9,
4.6,1.4,3,
4.6,1.4,3.1,
4.6,1.4,3.2,
4.6,1.4,3.3,
4.6,1.4,3.4,
4.6,1.4,3.5,
4.6,1.4,3.6,
4.7,1.4,0,
4.7,1.4,0.1,
4.7,1.4,0.2,
4.7,1.4,0.3,
4.7,1.4,0.4,
4.7,1.4,0.5,
4.7,1.4,0.6,
4.7,1.4,0.7,
4.7,1.4,0.8,
4.7,1.4,0.9,
4.7,1.4,1,
4.7,1.4,1.1,
4.7,1.4,1.2,
4.7,1.4,1.3,
4.7,1.4,1.4,
4.7,1.4,1.5,
4.7,1.4,1.6,
4.7,1.4,1.7,
4.7,1.4,1.8,
4.7,1.4,1.9,
4.7,1.4,2,
4.7,1.4,2.1,
4.7,1.4,2.2,
4.7,1.4,2.3,
4.7,1.4,2.4,
4.7,1.4,2.5,
4.7,1.4,2.6,
4.7,1.4,2.7,
4.7,1.4,2.8,
4.7,1.4,2.9,
4.7,1.4,3,
4.7,1.4,3.1,
4.7,1.4,3.2,
4.7,1.4,3.3,
4.7,1.4,3.4,
4.7,1.4,3.5,
4.7,1.4,3.6,
4.8,1.4,0,
4.8,1.4,0.1,
4.8,1.4,0.2,
4.8,1.4,0.3,
4.8,1.4,0.4,
4.8,1.4,0.5,1.097785755
4.8,1.4,0.6,
4.8,1.4,0.7,
4.8,1.4,0.8,
4.8,1.4,0.9,
4.8,1.4,1,
4.8,1.4,1.1,
4.8,1.4,1.2,
4.8,1.4,1.3,
4.8,1.4,1.4,
4.8,1.4,1.5,
4.8,1.4,1.6,
4.8,1.4,1.7,
4.8,1.4,1.8,
4.8,1.4,1.9,
4.8,1.4,2,
4.8,1.4,2.1,
4.8,1.4,2.2,
4.8,1.4,2.3,
4.8,1.4,2.4,
4.8,1.4,2.5,
4.8,1.4,2.6,
4.8,1.4,2.7,
4.8,1.4,2.8,
4.8,1.4,2.9,
4.8,1.4,3,
4.8,1.4,3.1,
4.8,1.4,3.2,
4.8,1.4,3.3,
4.8,1.4,3.4,
4.8,1.4,3.5,
4.8,1.4,3.6,
4.9,1.4,0,
4.9,1.4,0.1,
4.9,1.4,0.2,
4.9,1.4,0.3,
4.9,1.4,0.4,
4.9,1.4,0.5,
4.9,1.4,0.6,
4.9,1.4,0.7,
4.9,1.4,0.8,
4.9,1.4,0.9,
4.9,1.4,1,
4.9,1.4,1.1,
4.9,1.4,1.2,
4.9,1.4,1.3,
4.9,1.4,1.4,
4.9,1.4,1.5,1.013706826
4.9,1.4,1.6,
4.9,1.4,1.7,
4.9,1.4,1.8,
4.9,1.4,1.9,
4.9,1.4,2,1.005602884
4.9,1.4,2.1,
4.9,1.4,2.2,
4.9,1.4,2.3,
4.9,1.4,2.4,
4.9,1.4,2.5,
4.9,1.4,2.6,
4.9,1.4,2.7,
4.9,1.4,2.8,
4.9,1.4,2.9,
4.9,1.4,3,
4.9,1.4,3.1,
4.9,1.4,3.2,
4.9,1.4,3.3,
4.9,1.4,3.4,
4.9,1.4,3.5,
4.9,1.4,3.6,
5,1.4,0,
5,1.4,0.1,
5,1.4,0.2,
5,1.4,0.3,
5,1.4,0.4,
5,1.4,0.5,
5,1.4,0.6,
5,1.4,0.7,
5,1.4,0.8,
5,1.4,0.9,
5,1.4,1,1.090774013
5,1.4,1.1,
5,1.4,1.2,
5,1.4,1.3,
5,1.4,1.4,
5,1.4,1.5,
5,1.4,1.6,
5,1.4,1.7,
5,1.4,1.8,
5,1.4,1.9,
5,1.4,2,
5,1.4,2.1,
5,1.4,2.2,
5,1.4,2.3,
5,1.4,2.4,
5,1.4,2.5,1.067765038
5,1.4,2.6,
5,1.4,2.7,
5,1.4,2.8,
5,1.4,2.9,
5,1.4,3,
5,1.4,3.1,
5,1.4,3.2,
5,1.4,3.3,
5,1.4,3.4,
5,1.4,3.5,
5,1.4,3.6,
5.1,1.4,0,
5.1,1.4,0.1,
5.1,1.4,0.2,
5.1,1.4,0.3,
5.1,1.4,0.4,
5.1,1.4,0.5,
5.1,1.4,0.6,
5.1,1.4,0.7,
5.1,1.4,0.8,
5.1,1.4,0.9,
5.1,1.4,1,
5.1,1.4,1.1,
5.1,1.4,1.2,
5.1,1.4,1.3,
5.1,1.4,1.4,
5.1,1.4,1.5,
5.1,1.4,1.6,
5.1,1.4,1.7,
5.1,1.4,1.8,
5.1,1.4,1.9,
5.1,1.4,2,
5.1,1.4,2.1,
5.1,1.4,2.2,
5.1,1.4,2.3,
5.1,1.4,2.4,
5.1,1.4,2.5,
5.1,1.4,2.6,
5.1,1.4,2.7,
5.1,1.4,2.8,
5.1,1.4,2.9,
5.1,1.4,3,
5.1,1.4,3.1,
5.1,1.4,3.2,
5.1,1.4,3.3,1.038024621
5.1,1.4,3.4,
5.1,1.4,3.5,
5.1,1.4,3.6,
5.2,1.4,0,
5.2,1.4,0.1,
5.2,1.4,0.2,
5.2,1.4,0.3,1.028531408
5.2,1.4,0.4,
5.2,1.4,0.5,
5.2,1.4,0.6,
5.2,1.4,0.7,
5.2,1.4,0.8,
5.2,1.4,0.9,
5.2,1.4,1,
5.2,1.4,1.1,
5.2,1.4,1.2,
5.2,1.4,1.3,
5.2,1.4,1.4,
5.2,1.4,1.5,
5.2,1.4,1.6,
5.2,1.4,1.7,
5.2,1.4,1.8,
5.2,1.4,1.9,
5.2,1.4,2,
5.2,1.4,2.1,
5.2,1.4,2.2,
5.2,1.4,2.3,
5.2,1.4,2.4,
5.2,1.4,2.5,
5.2,1.4,2.6,
5.2,1.4,2.7,
5.2,1.4,2.8,
5.2,1.4,2.9,
5.2,1.4,3,
5.2,1.4,3.1,
5.2,1.4,3.2,
5.2,1.4,3.3,
5.2,1.4,3.4,
5.2,1.4,3.5,
5.2,1.4,3.6,
5.3,1.4,0,
5.3,1.4,0.1,
5.3,1.4,0.2,
5.3,1.4,0.3,
5.3,1.4,0.4,
5.3,1.4,0.5,
5.3,1.4,0.6,
5.3,1.4,0.7,
5.3,1.4,0.8,
5.3,1.4,0.9,
5.3,1.4,1,
5.3,1.4,1.1,
5.3,1.4,1.2,
5.3,1.4,1.3,
5.3,1.4,1.4,
5.3,1.4,1.5,
5.3,1.4,1.6,
5.3,1.4,1.7,
5.3,1.4,1.8,
5.3,1.4,1.9,
5.3,1.4,2,
5.3,1.4,2.1,
5.3,1.4,2.2,
5.3,1.4,2.3,
5.3,1.4,2.4,
5.3,1.4,2.5,
5.3,1.4,2.6,
5.3,1.4,2.7,
5.3,1.4,2.8,
5.3,1.4,2.9,
5.3,1.4,3,
5.3,1.4,3.1,
5.3,1.4,3.2,
5.3,1.4,3.3,
5.3,1.4,3.4,
5.3,1.4,3.5,
5.3,1.4,3.6,
5.4,1.4,0,
5.4,1.4,0.1,
5.4,1.4,0.2,
5.4,1.4,0.3,
5.4,1.4,0.4,
5.4,1.4,0.5,
5.4,1.4,0.6,1.055934483
5.4,1.4,0.7,
5.4,1.4,0.8,
5.4,1.4,0.9,
5.4,1.4,1,
5.4,1.4,1.1,
5.4,1.4,1.2,
5.4,1.4,1.3,
5.4,1.4,1.4,
5.4,1.4,1.5,
5.4,1.4,1.6,
5.4,1.4,1.7,
5.4,1.4,1.8,
5.4,1.4,1.9,
5.4,1.4,2,1.105392777
5.4,1.4,2.1,
5.4,1.4,2.2,
5.4,1.4,2.3,
5.4,1.4,2.4,
5.4,1.4,2.5,
5.4,1.4,2.6,
5.4,1.4,2.7,
5.4,1.4,2.8,
5.4,1.4,2.9,
5.4,1.4,3,
5.4,1.4,3.1,
5.4,1.4,3.2,
5.4,1.4,3.3,
5.4,1.4,3.4,
5.4,1.4,3.5,
5.4,1.4,3.6,
5.5,1.4,0,
5.5,1.4,0.1,
5.5,1.4,0.2,
5.5,1.4,0.3,
5.5,1.4,0.4,
5.5,1.4,0.5,
5.5,1.4,0.6,
5.5,1.4,0.7,
5.5,1.4,0.8,
5.5,1.4,0.9,
5.5,1.4,1,
5.5,1.4,1.1,
5.5,1.4,1.2,
5.5,1.4,1.3,
5.5,1.4,1.4,
5.5,1.4,1.5,
5.5,1.4,1.6,
5.5,1.4,1.7,
5.5,1.4,1.8,
5.5,1.4,1.9,
5.5,1.4,2,
5.5,1.4,2.1,
5.5,1.4,2.2,
5.5,1.4,2.3,
5.5,1.4,2.4,
5.5,1.4,2.5,
5.5,1.4,2.6,
5.5,1.4,2.7,
5.5,1.4,2.8,
5.5,1.4,2.9,
5.5,1.4,3,
5.5,1.4,3.1,
5.5,1.4,3.2,
5.5,1.4,3.3,
5.5,1.4,3.4,
5.5,1.4,3.5,
5.5,1.4,3.6,
5.6,1.4,0,
5.6,1.4,0.1,
5.6,1.4,0.2,
5.6,1.4,0.3,
5.6,1.4,0.4,
5.6,1.4,0.5,
5.6,1.4,0.6,
5.6,1.4,0.7,
5.6,1.4,0.8,
5.6,1.4,0.9,
5.6,1.4,1,
5.6,1.4,1.1,
5.6,1.4,1.2,
5.6,1.4,1.3,
5.6,1.4,1.4,
5.6,1.4,1.5,
5.6,1.4,1.6,
5.6,1.4,1.7,
5.6,1.4,1.8,
5.6,1.4,1.9,
5.6,1.4,2,
5.6,1.4,2.1,
5.6,1.4,2.2,
5.6,1.4,2.3,
5.6,1.4,2.4,
5.6,1.4,2.5,
5.6,1.4,2.6,
5.6,1.4,2.7,
5.6,1.4,2.8,
5.6,1.4,2.9,
5.6,1.4,3,
5.6,1.4,3.1,
5.6,1.4,3.2,
5.6,1.4,3.3,
5.6,1.4,3.4,
5.6,1.4,3.5,
5.6,1.4,3.6,
5.7,1.4,0,
5.7,1.4,0.1,
5.7,1.4,0.2,
5.7,1.4,0.3,
5.7,1.4,0.4,
5.7,1.4,0.5,
5.7,1.4,0.6,
5.7,1.4,0.7,
5.7,1.4,0.8,
5.7,1.4,0.9,
5.7,1.4,1,
5.7,1.4,1.1,
5.7,1.4,1.2,
5.7,1.4,1.3,
5.7,1.4,1.4,
5.7,1.4,1.5,
5.7,1.4,1.6,
5.7,1.4,1.7,
5.7,1.4,1.8,
5.7,1.4,1.9,
5.7,1.4,2,
5.7,1.4,2.1,
5.7,1.4,2.2,1.073844345
5.7,1.4,2.3,
5.7,1.4,2.4,
5.7,1.4,2.5,
5.7,1.4,2.6,
5.7,1.4,2.7,
5.7,1.4,2.8,
5.7,1.4,2.9,
5.7,1.4,3,
5.7,1.4,3.1,
5.7,1.4,3.2,
5.7,1.4,3.3,
5.7,1.4,3.4,
5.7,1.4,3.5,
5.7,1.4,3.6,
5.8,1.4,0,
5.8,1.4,0.1,
5.8,1.4,0.2,
5.8,1.4,0.3,
5.8,1.4,0.4,
5.8,1.4,0.5,
5.8,1.4,0.6,
5.8,1.4,0.7,
5.8,1.4,0.8,
5.8,1.4,0.9,
5.8,1.4,1,
5.8,1.4,1.1,
5.8,1.4,1.2,
5.8,1.4,1.3,
5.8,1.4,1.4,
5.8,1.4,1.5,
5.8,1.4,1.6,
5.8,1.4,1.7,
5.8,1.4,1.8,
5.8,1.4,1.9,
5.8,1.4,2,
5.8,1.4,2.1,
5.8,1.4,2.2,
5.8,1.4,2.3,
5.8,1.4,2.4,
5.8,1.4,2.5,
5.8,1.4,2.6,
5.8,1.4,2.7,
5.8,1.4,2.8,
5.8,1.4,2.9,
5.8,1.4,3,
5.8,1.4,3.1,1.039771516
5.8,1.4,3.2,
5.8,1.4,3.3,
5.8,1.4,3.4,
5.8,1.4,3.5,
5.8,1.4,3.6,
5.9,1.4,0,
5.9,1.4,0.1,
5.9,1.4,0.2,
5.9,1.4,0.3,
5.9,1.4,0.4,
5.9,1.4,0.5,
5.9,1.4,0.6,
5.9,1.4,0.7,
5.9,1.4,0.8,
5.9,1.4,0.9,
5.9,1.4,1,
5.9,1.4,1.1,
5.9,1.4,1.2,
5.9,1.4,1.3,
5.9,1.4,1.4,
5.9,1.4,1.5,
5.9,1.4,1.6,
5.9,1.4,1.7,
5.9,1.4,1.8,
5.9,1.4,1.9,1.027453706
5.9,1.4,2,
5.9,1.4,2.1,
5.9,1.4,2.2,
5.9,1.4,2.3,
5.9,1.4,2.4,
5.9,1.4,2.5,
5.9,1.4,2.6,
5.9,1.4,2.7,
5.9,1.4,2.8,
5.9,1.4,2.9,
5.9,1.4,3,
5.9,1.4,3.1,
5.9,1.4,3.2,
5.9,1.4,3.3,
5.9,1.4,3.4,
5.9,1.4,3.5,
5.9,1.4,3.6,
6,1.4,0,
6,1.4,0.1,
6,1.4,0.2,
6,1.4,0.3,
6,1.4,0.4,
6,1.4,0.5,
6,1.4,0.6,
6,1.4,0.7,
6,1.4,0.8,1.101242587
6,1.4,0.9,
6,1.4,1,
6,1.4,1.1,
6,1.4,1.2,
6,1.4,1.3,
6,1.4,1.4,
6,1.4,1.5,
6,1.4,1.6,
6,1.4,1.7,
6,1.4,1.8,
6,1.4,1.9,
6,1.4,2,
6,1.4,2.1,
6,1.4,2.2,
6,1.4,2.3,
6,1.4,2.4,
6,1.4,2.5,
6,1.4,2.6,1.108873204
6,1.4,2.7,
6,1.4,2.8,
6,1.4,2.9,
6,1.4,3,
6,1.4,3.1,
6,1.4,3.2,
6,1.4,3.3,
6,1.4,3.4,
6,1.4,3.5,
6,1.4,3.6,
6.1,1.4,0,
6.1,1.4,0.1,
6.1,1.4,0.2,
6.1,1.4,0.3,
6.1,1.4,0.4,
6.1,1.4,0.5,
6.1,1.4,0.6,
6.1,1.4,0.7,
6.1,1.4,0.8,
6.1,1.4,0.9,
6.1,1.4,1,
6.1,1.4,1.1,
6.1,1.4,1.2,
6.1,1.4,1.3,
6.1,1.4,1.4,
6.1,1.4,1.5,
6.1,1.4,1.6,
6.1,1.4,1.7,
6.1,1.4,1.8,
6.1,1.4,1.9,
6.1,1.4,2,
6.1,1.4,2.1,
6.1,1.4,2.2,
6.1,1.4,2.3,
6.1,1.4,2.4,
6.1,1.4,2.5,
6.1,1.4,2.6,
6.1,1.4,2.7,
6.1,1.4,2.8,
6.1,1.4,2.9,
6.1,1.4,3,
6.1,1.4,3.1,
6.1,1.4,3.2,
6.1,1.4,3.3,
6.1,1.4,3.4,
6.1,1.4,3.5,
6.1,1.4,3.6,
6.2,1.4,0,
6.2,1.4,0.1,
6.2,1.4,0.2,
6.2,1.4,0.3,
6.2,1.4,0.4,
6.2,1.4,0.5,
6.2,1.4,0.6,
6.2,1.4,0.7,
6.2,1.4,0.8,
6.2,1.4,0.9,
6.2,1.4,1,
6.2,1.4,1.1,
6.2,1.4,1.2,
6.2,1.4,1.3,
6.2,1.4,1.4,
6.2,1.4,1.5,
6.2,1.4,1.6,
6.2,1.4,1.7,
6.2,1.4,1.8,
6.2,1.4,1.9,
6.2,1.4,2,
6.2,1.4,2.1,
6.2,1.4,2.2,
6.2,1.4,2.3,
6.2,1.4,2.4,
6.2,1.4,2.5,
6.2,1.4,2.6,
6.2,1.4,2.7,
6.2,1.4,2.8,
6.2,1.4,2.9,
6.2,1.4,3,
6.2,1.4,3.1,
6.2,1.4,3.2,
6.2,1.4,3.3,
6.2,1.4,3.4,
6.2,1.4,3.5,
6.2,1.4,3.6,
6.3,1.4,0,
6.3,1.4,0.1,
6.3,1.4,0.2,
6.3,1.4,0.3,
6.3,1.4,0.4,
6.3,1.4,0.5,
6.3,1.4,0.6,
6.3,1.4,0.7,
6.3,1.4,0.8,
6.3,1.4,0.9,
6.3,1.4,1,
6.3,1.4,1.1,
6.3,1.4,1.2,
6.3,1.4,1.3,
6.3,1.4,1.4,
6.3,1.4,1.5,
6.3,1.4,1.6,
6.3,1.4,1.7,
6.3,1.4,1.8,
6.3,1.4,1.9,
6.3,1.4,2,
6.3,1.4,2.1,
6.3,1.4,2.2,
6.3,1.4,2.3,
6.3,1.4,2.4,
6.3,1.4,2.5,
6.3,1.4,2.6,
6.3,1.4,2.7,
6.3,1.4,2.8,
6.3,1.4,2.9,
6.3,1.4,3,
6.3,1.4,3.1,
6.3,1.4,3.2,1.060712645
6.3,1.4,3.3,
6.3,1.4,3.4,
6.3,1.4,3.5,
6.3,1.4,3.6,
6.4,1.4,0,
6.4,1.4,0.1,
6.4,1.4,0.2,
6.4,1.4,0.3,
6.4,1.4,0.4,
6.4,1.4,0.5,
6.4,1.4,0.6,
6.4,1.4,0.7,
6.4,1.4,0.8,
6.4,1.4,0.9,
6.4,1.4,1,
6.4,1.4,1.1,
6.4,1.4,1.2,
6.4,1.4,1.3,
6.4,1.4,1.4,
6.4,1.4,1.5,
6.4,1.4,1.6,
6.4,1.4,1.7,
6.4,1.4,1.8,
6.4,1.4,1.9,
6.4,1.4,2,
6.4,1.4,2.1,
6.4,1.4,2.2,
6.4,1.4,2.3,
6.4,1.4,2.4,
6.4,1.4,2.5,
6.4,1.4,2.6,
6.4,1.4,2.7,
6.4,1.4,2.8,
6.4,1.4,2.9,1.12462084
6.4,1.4,3,
6.4,1.4,3.1,
6.4,1.4,3.2,
6.4,1.4,3.3,
6.4,1.4,3.4,
6.4,1.4,3.5,
6.4,1.4,3.6,
6.5,1.4,0,1.06006989
6.5,1.4,0.1,
6.5,1.4,0.2,
6.5,1.4,0.3,
6.5,1.4,0.4,
6.5,1.4,0.5,
6.5,1.4,0.6,
6.5,1.4,0.7,
6.5,1.4,0.8,
6.5,1.4,0.9,
6.5,1.4,1,
6.5,1.4,1.1,
6.5,1.4,1.2,
6.5,1.4,1.3,
6.5,1.4,1.4,
6.5,1.4,1.5,
6.5,1.4,1.6,
6.5,1.4,1.7,
6.5,1.4,1.8,
6.5,1.4,1.9,
6.5,1.4,2,
6.5,1.4,2.1,
6.5,1.4,2.2,
6.5,1.4,2.3,
6.5,1.4,2.4,
6.5,1.4,2.5,
6.5,1.4,2.6,
6.5,1.4,2.7,
6.5,1.4,2.8,
6.5,1.4,2.9,
6.5,1.4,3,
6.5,1.4,3.1,
6.5,1.4,3.2,
6.5,1.4,3.3,
6.5,1.4,3.4,
6.5,1.4,3.5,
6.5,1.4,3.6,
6.6,1.4,0,
6.6,1.4,0.1,
6.6,1.4,0.2,
6.6,1.4,0.3,
6.6,1.4,0.4,
6.6,1.4,0.5,
6.6,1.4,0.6,
6.6,1.4,0.7,
6.6,1.4,0.8,
6.6,1.4,0.9,
6.6,1.4,1,
6.6,1.4,1.1,
6.6,1.4,1.2,
6.6,1.4,1.3,
6.6,1.4,1.4,
6.6,1.4,1.5,
6.6,1.4,1.6,
6.6,1.4,1.7,
6.6,1.4,1.8,
6.6,1.4,1.9,
6.6,1.4,2,
6.6,1.4,2.1,
6.6,1.4,2.2,
6.6,1.4,2.3,
6.6,1.4,2.4,1.051011339
6.6,1.4,2.5,
6.6,1.4,2.6,
6.6,1.4,2.7,
6.6,1.4,2.8,
6.6,1.4,2.9,
6.6,1.4,3,
6.6,1.4,3.1,1.120078346
6.6,1.4,3.2,
6.6,1.4,3.3,
6.6,1.4,3.4,
6.6,1.4,3.5,
6.6,1.4,3.6,
6.7,1.4,0,
6.7,1.4,0.1,
6.7,1.4,0.2,
6.7,1.4,0.3,
6.7,1.4,0.4,
6.7,1.4,0.5,
6.7,1.4,0.6,
6.7,1.4,0.7,
6.7,1.4,0.8,
6.7,1.4,0.9,
6.7,1.4,1,
6.7,1.4,1.1,
6.7,1.4,1.2,
6.7,1.4,1.3,
6.7,1.4,1.4,1.027585896
6.7,1.4,1.5,
6.7,1.4,1.6,
6.7,1.4,1.7,
6.7,1.4,1.8,
6.7,1.4,1.9,
6.7,1.4,2,
6.7,1.4,2.1,
6.7,1.4,2.2,
6.7,1.4,2.3,
6.7,1.4,2.4,
6.7,1.4,2.5,
6.7,1.4,2.6,
6.7,1.4,2.7,
6.7,1.4,2.8,
6.7,1.4,2.9,
6.7,1.4,3,
6.7,1.4,3.1,
6.7,1.4,3.2,
6.7,1.4,3.3,1.111433137
6.7,1.4,3.4,
6.7,1.4,3.5,
6.7,1.4,3.6,
6.8,1.4,0,
6.8,1.4,0.1,
6.8,1.4,0.2,
6.8,1.4,0.3,
6.8,1.4,0.4,
6.8,1.4,0.5,
6.8,1.4,0.6,
6.8,1.4,0.7,
6.8,1.4,0.8,
6.8,1.4,0.9,
6.8,1.4,1,
6.8,1.4,1.1,
6.8,1.4,1.2,
6.8,1.4,1.3,
6.8,1.4,1.4,
6.8,1.4,1.5,
6.8,1.4,1.6,
6.8,1.4,1.7,
6.8,1.4,1.8,
6.8,1.4,1.9,
6.8,1.4,2,
6.8,1.4,2.1,
6.8,1.4,2.2,
6.8,1.4,2.3,
6.8,1.4,2.4,
6.8,1.4,2.5,
6.8,1.4,2.6,
6.8,1.4,2.7,
6.8,1.4,2.8,
6.8,1.4,2.9,
6.8,1.4,3,
6.8,1.4,3.1,
6.8,1.4,3.2,
6.8,1.4,3.3,
6.8,1.4,3.4,
6.8,1.4,3.5,
6.8,1.4,3.6,
6.9,1.4,0,1.136116799
6.9,1.4,0.1,
6.9,1.4,0.2,
6.9,1.4,0.3,
6.9,1.4,0.4,
6.9,1.4,0.5,
6.9,1.4,0.6,
6.9,1.4,0.7,
6.9,1.4,0.8,
6.9,1.4,0.9,
6.9,1.4,1,
6.9,1.4,1.1,
6.9,1.4,1.2,
6.9,1.4,1.3,1.051180769
6.9,1.4,1.4,
6.9,1.4,1.5,
6.9,1.4,1.6,
6.9,1.4,1.7,
6.9,1.4,1.8,
6.9,1.4,1.9,
6.9,1.4,2,
6.9,1.4,2.1,
6.9,1.4,2.2,
6.9,1.4,2.3,
6.9,1.4,2.4,
6.9,1.4,2.5,
6.9,1.4,2.6,
6.9,1.4,2.7,
6.9,1.4,2.8,
6.9,1.4,2.9,
6.9,1.4,3,1.203440891
6.9,1.4,3.1,
6.9,1.4,3.2,
6.9,1.4,3.3,
6.9,1.4,3.4,
6.9,1.4,3.5,
6.9,1.4,3.6,
7,1.4,0,
7,1.4,0.1,
7,1.4,0.2,
7,1.4,0.3,
7,1.4,0.4,
7,1.4,0.5,
7,1.4,0.6,
7,1.4,0.7,
7,1.4,0.8,
7,1.4,0.9,
7,1.4,1,
7,1.4,1.1,
7,1.4,1.2,
7,1.4,1.3,
7,1.4,1.4,
7,1.4,1.5,
7,1.4,1.6,
7,1.4,1.7,
7,1.4,1.8,
7,1.4,1.9,
7,1.4,2,
7,1.4,2.1,
7,1.4,2.2,
7,1.4,2.3,
7,1.4,2.4,
7,1.4,2.5,
7,1.4,2.6,
7,1.4,2.7,
7,1.4,2.8,
7,1.4,2.9,1.077345809
7,1.4,3,
7,1.4,3.1,
7,1.4,3.2,
7,1.4,3.3,
7,1.4,3.4,
7,1.4,3.5,
7,1.4,3.6,
7.1,1.4,0,
7.1,1.4,0.1,
7.1,1.4,0.2,
7.1,1.4,0.3,
7.1,1.4,0.4,
7.1,1.4,0.5,
7.1,1.4,0.6,
7.1,1.4,0.7,
7.1,1.4,0.8,
7.1,1.4,0.9,
7.1,1.4,1,
7.1,1.4,1.1,
7.1,1.4,1.2,
7.1,1.4,1.3,
7.1,1.4,1.4,
7.1,1.4,1.5,
7.1,1.4,1.6,
7.1,1.4,1.7,
7.1,1.4,1.8,
7.1,1.4,1.9,
7.1,1.4,2,1.036096925
7.1,1.4,2.1,
7.1,1.4,2.2,
7.1,1.4,2.3,
7.1,1.4,2.4,
7.1,1.4,2.5,
7.1,1.4,2.6,
7.1,1.4,2.7,
7.1,1.4,2.8,
7.1,1.4,2.9,
7.1,1.4,3,
7.1,1.4,3.1,
7.1,1.4,3.2,
7.1,1.4,3.3,
7.1,1.4,3.4,
7.1,1.4,3.5,
7.1,1.4,3.6,
7.2,1.4,0,
7.2,1.4,0.1,
7.2,1.4,0.2,
7.2,1.4,0.3,
7.2,1.4,0.4,
7.2,1.4,0.5,
7.2,1.4,0.6,
7.2,1.4,0.7,
7.2,1.4,0.8,
7.2,1.4,0.9,
7.2,1.4,1,
7.2,1.4,1.1,
7.2,1.4,1.2,
7.2,1.4,1.3,
7.2,1.4,1.4,
7.2,1.4,1.5,
7.2,1.4,1.6,
7.2,1.4,1.7,
7.2,1.4,1.8,
7.2,1.4,1.9,
7.2,1.4,2,
7.2,1.4,2.1,
7.2,1.4,2.2,
7.2,1.4,2.3,
7.2,1.4,2.4,
7.2,1.4,2.5,
7.2,1.4,2.6,
7.2,1.4,2.7,
7.2,1.4,2.8,
7.2,1.4,2.9,
7.2,1.4,3,
7.2,1.4,3.1,
7.2,1.4,3.2,
7.2,1.4,3.3,
7.2,1.4,3.4,
7.2,1.4,3.5,
7.2,1.4,3.6,
7.3,1.4,0,
7.3,1.4,0.1,
7.3,1.4,0.2,
7.3,1.4,0.3,
7.3,1.4,0.4,
7.3,1.4,0.5,
7.3,1.4,0.6,
7.3,1.4,0.7,
7.3,1.4,0.8,
7.3,1.4,0.9,
7.3,1.4,1,
7.3,1.4,1.1,
7.3,1.4,1.2,
7.3,1.4,1.3,
7.3,1.4,1.4,
7.3,1.4,1.5,
7.3,1.4,1.6,
7.3,1.4,1.7,
7.3,1.4,1.8,
7.3,1.4,1.9,
7.3,1.4,2,
7.3,1.4,2.1,
7.3,1.4,2.2,
7.3,1.4,2.3,
7.3,1.4,2.4,
7.3,1.4,2.5,
7.3,1.4,2.6,1.149288014
7.3,1.4,2.7,
7.3,1.4,2.8,
7.3,1.4,2.9,
7.3,1.4,3,
7.3,1.4,3.1,1.038281041
7.3,1.4,3.2,
7.3,1.4,3.3,
7.3,1.4,3.4,
7.3,1.4,3.5,
7.3,1.4,3.6,
7.4,1.4,0,
7.4,1.4,0.1,
7.4,1.4,0.2,
7.4,1.4,0.3,
7.4,1.4,0.4,
7.4,1.4,0.5,
7.4,1.4,0.6,
7.4,1.4,0.7,1.067049224
7.4,1.4,0.8,
7.4,1.4,0.9,
7.4,1.4,1,
7.4,1.4,1.1,
7.4,1.4,1.2,
7.4,1.4,1.3,
7.4,1.4,1.4,
7.4,1.4,1.5,
7.4,1.4,1.6,
7.4,1.4,1.7,
7.4,1.4,1.8,
7.4,1.4,1.9,
7.4,1.4,2,
7.4,1.4,2.1,
7.4,1.4,2.2,
7.4,1.4,2.3,
7.4,1.4,2.4,
7.4,1.4,2.5,
7.4,1.4,2.6,
7.4,1.4,2.7,
7.4,1.4,2.8,
7.4,1.4,2.9,
7.4,1.4,3,
7.4,1.4,3.1,
7.4,1.4,3.2,
7.4,1.4,3.3,
7.4,1.4,3.4,
7.4,1.4,3.5,
7.4,1.4,3.6,
7.5,1.4,0,
7.5,1.4,0.1,
7.5,1.4,0.2,
7.5,1.4,0.3,
7.5,1.4,0.4,
7.5,1.4,0.5,
7.5,1.4,0.6,
7.5,1.4,0.7,
7.5,1.4,0.8,
7.5,1.4,0.9,
7.5,1.4,1,
7.5,1.4,1.1,
7.5,1.4,1.2,
7.5,1.4,1.3,
7.5,1.4,1.4,
7.5,1.4,1.5,1.039864191
7.5,1.4,1.6,
7.5,1.4,1.7,
7.5,1.4,1.8,
7.5,1.4,1.9,
7.5,1.4,2,
7.5,1.4,2.1,
7.5,1.4,2.2,
7.5,1.4,2.3,1.12715604
7.5,1.4,2.4,
7.5,1.4,2.5,
7.5,1.4,2.6,
7.5,1.4,2.7,
7.5,1.4,2.8,
7.5,1.4,2.9,
7.5,1.4,3,
7.5,1.4,3.1,
7.5,1.4,3.2,
7.5,1.4,3.3,
7.5,1.4,3.4,
7.5,1.4,3.5,
7.5,1.4,3.6,1.00764486
7.6,1.4,0,
7.6,1.4,0.1,
7.6,1.4,0.2,
7.6,1.4,0.3,
7.6,1.4,0.4,
7.6,1.4,0.5,
7.6,1.4,0.6,
7.6,1.4,0.7,
7.6,1.4,0.8,
7.6,1.4,0.9,
7.6,1.4,1,
7.6,1.4,1.1,
7.6,1.4,1.2,
7.6,1.4,1.3,
7.6,1.4,1.4,
7.6,1.4,1.5,
7.6,1.4,1.6,
7.6,1.4,1.7,
7.6,1.4,1.8,
7.6,1.4,1.9,
7.6,1.4,2,
7.6,1.4,2.1,
7.6,1.4,2.2,
7.6,1.4,2.3,
7.6,1.4,2.4,
7.6,1.4,2.5,
7.6,1.4,2.6,
7.6,1.4,2.7,
7.6,1.4,2.8,
7.6,1.4,2.9,
7.6,1.4,3,
7.6,1.4,3.1,
7.6,1.4,3.2,
7.6,1.4,3.3,
7.6,1.4,3.4,
7.6,1.4,3.5,
7.6,1.4,3.6,
7.7,1.4,0,
7.7,1.4,0.1,1.022656214
7.7,1.4,0.2,
7.7,1.4,0.3,
7.7,1.4,0.4,
7.7,1.4,0.5,
7.7,1.4,0.6,
7.7,1.4,0.7,
7.7,1.4,0.8,
7.7,1.4,0.9,
7.7,1.4,1,
7.7,1.4,1.1,
7.7,1.4,1.2,
7.7,1.4,1.3,
7.7,1.4,1.4,
7.7,1.4,1.5,
7.7,1.4,1.6,
7.7,1.4,1.7,
7.7,1.4,1.8,
7.7,1.4,1.9,
7.7,1.4,2,
7.7,1.4,2.1,
7.7,1.4,2.2,
7.7,1.4,2.3,
7.7,1.4,2.4,
7.7,1.4,2.5,
7.7,1.4,2.6,1.231304214
7.7,1.4,2.7,
7.7,1.4,2.8,
7.7,1.4,2.9,
7.7,1.4,3,
7.7,1.4,3.1,
7.7,1.4,3.2,
7.7,1.4,3.3,
7.7,1.4,3.4,
7.7,1.4,3.5,
7.7,1.4,3.6,
7.8,1.4,0,
7.8,1.4,0.1,
7.8,1.4,0.2,
7.8,1.4,0.3,
7.8,1.4,0.4,
7.8,1.4,0.5,
7.8,1.4,0.6,
7.8,1.4,0.7,
7.8,1.4,0.8,
7.8,1.4,0.9,
7.8,1.4,1,
7.8,1.4,1.1,
7.8,1.4,1.2,
7.8,1.4,1.3,
7.8,1.4,1.4,
7.8,1.4,1.5,
7.8,1.4,1.6,
7.8,1.4,1.7,
7.8,1.4,1.8,1.006063132
7.8,1.4,1.9,
7.8,1.4,2,
7.8,1.4,2.1,
7.8,1.4,2.2,
7.8,1.4,2.3,
7.8,1.4,2.4,
7.8,1.4,2.5,
7.8,1.4,2.6,
7.8,1.4,2.7,1.134731223
7.8,1.4,2.8,
7.8,1.4,2.9,
7.8,1.4,3,
7.8,1.4,3.1,
7.8,1.4,3.2,
7.8,1.4,3.3,
7.8,1.4,3.4,
7.8,1.4,3.5,
7.8,1.4,3.6,
7.9,1.4,0,
7.9,1.4,0.1,
7.9,1.4,0.2,
7.9,1.4,0.3,
7.9,1.4,0.4,
7.9,1.4,0.5,
7.9,1.4,0.6,
7.9,1.4,0.7,
7.9,1.4,0.8,
7.9,1.4,0.9,
7.9,1.4,1,
7.9,1.4,1.1,
7.9,1.4,1.2,
7.9,1.4,1.3,
7.9,1.4,1.4,
7.9,1.4,1.5,
7.9,1.4,1.6,
7.9,1.4,1.7,
7.9,1.4,1.8,
7.9,1.4,1.9,1.149153835
7.9,1.4,2,
7.9,1.4,2.1,1.014817504
7.9,1.4,2.2,
7.9,1.4,2.3,
7.9,1.4,2.4,
7.9,1.4,2.5,
7.9,1.4,2.6,
7.9,1.4,2.7,
7.9,1.4,2.8,
7.9,1.4,2.9,1.100927606
7.9,1.4,3,
7.9,1.4,3.1,
7.9,1.4,3.2,
7.9,1.4,3.3,
7.9,1.4,3.4,
7.9,1.4,3.5,
7.9,1.4,3.6,
8,1.4,0,
8,1.4,0.1,
8,1.4,0.2,
8,1.4,0.3,
8,1.4,0.4,
8,1.4,0.5,
8,1.4,0.6,
8,1.4,0.7,
8,1.4,0.8,
8,1.4,0.9,
8,1.4,1,
8,1.4,1.1,
8,1.4,1.2,1.05241056
8,1.4,1.3,
8,1.4,1.4,
8,1.4,1.5,
8,1.4,1.6,
8,1.4,1.7,
8,1.4,1.8,
8,1.4,1.9,
8,1.4,2,
8,1.4,2.1,
8,1.4,2.2,
8,1.4,2.3,
8,1.4,2.4,
8,1.4,2.5,
8,1.4,2.6,
8,1.4,2.7,
8,1.4,2.8,
8,1.4,2.9,
8,1.4,3,
8,1.4,3.1,
8,1.4,3.2,
8,1.4,3.3,
8,1.4,3.4,
8,1.4,3.5,
8,1.4,3.6,
0,1.5,0,
0,1.5,0.1,
0,1.5,0.2,
0,1.5,0.3,
0,1.5,0.4,
0,1.5,0.5,
0,1.5,0.6,
0,1.5,0.7,
0,1.5,0.8,
0,1.5,0.9,1.474650174
0,1.5,1,
0,1.5,1.1,
0,1.5,1.2,
0,1.5,1.3,
0,1.5,1.4,
0,1.5,1.5,
0,1.5,1.6,
0,1.5,1.7,
0,1.5,1.8,
0,1.5,1.9,
0,1.5,2,
0,1.5,2.1,
0,1.5,2.2,1.32802304
0,1.5,2.3,
0,1.5,2.4,
0,1.5,2.5,1.399864326
0,1.5,2.6,1.43233837
0,1.5,2.7,1.46892451
0,1.5,2.8,1.509526376
0,1.5,2.9,1.554028549
0,1.5,3,1.602238289
0,1.5,3.1,
0,1.5,3.2,
0,1.5,3.3,
0,1.5,3.4,
0,1.5,3.5,
0,1.5,3.6,
0.1,1.5,0,
0.1,1.5,0.1,
0.1,1.5,0.2,
0.1,1.5,0.3,
0.1,1.5,0.4,
0.1,1.5,0.5,1.118950327
0.1,1.5,0.6,
0.1,1.5,0.7,
0.1,1.5,0.8,1.180336968
0.1,1.5,0.9,
0.1,1.5,1,
0.1,1.5,1.1,
0.1,1.5,1.2,
0.1,1.5,1.3,
0.1,1.5,1.4,
0.1,1.5,1.5,
0.1,1.5,1.6,
0.1,1.5,1.7,
0.1,1.5,1.8,
0.1,1.5,1.9,
0.1,1.5,2,1.051962821
0.1,1.5,2.1,
0.1,1.5,2.2,
0.1,1.5,2.3,
0.1,1.5,2.4,1.094053455
0.1,1.5,2.5,1.111019795
0.1,1.5,2.6,1.130496319
0.1,1.5,2.7,
0.1,1.5,2.8,1.176597277
0.1,1.5,2.9,1.202225599
0.1,1.5,3,
0.1,1.5,3.1,
0.1,1.5,3.2,
0.1,1.5,3.3,1.121364708
0.1,1.5,3.4,
0.1,1.5,3.5,
0.1,1.5,3.6,
0.2,1.5,0,
0.2,1.5,0.1,
0.2,1.5,0.2,
0.2,1.5,0.3,
0.2,1.5,0.4,
0.2,1.5,0.5,
0.2,1.5,0.6,
0.2,1.5,0.7,
0.2,1.5,0.8,
0.2,1.5,0.9,1.179038665
0.2,1.5,1,
0.2,1.5,1.1,
0.2,1.5,1.2,1.098362557
0.2,1.5,1.3,
0.2,1.5,1.4,
0.2,1.5,1.5,1.061772152
0.2,1.5,1.6,
0.2,1.5,1.7,
0.2,1.5,1.8,
0.2,1.5,1.9,
0.2,1.5,2,
0.2,1.5,2.1,1.060579886
0.2,1.5,2.2,
0.2,1.5,2.3,1.081642687
0.2,1.5,2.4,1.096038291
0.2,1.5,2.5,1.112923896
0.2,1.5,2.6,
0.2,1.5,2.7,
0.2,1.5,2.8,1.161799133
0.2,1.5,2.9,
0.2,1.5,3,1.12462681
0.2,1.5,3.1,
0.2,1.5,3.2,
0.2,1.5,3.3,
0.2,1.5,3.4,
0.2,1.5,3.5,
0.2,1.5,3.6,
0.3,1.5,0,
0.3,1.5,0.1,
0.3,1.5,0.2,
0.3,1.5,0.3,
0.3,1.5,0.4,
0.3,1.5,0.5,
0.3,1.5,0.6,
0.3,1.5,0.7,
0.3,1.5,0.8,
0.3,1.5,0.9,1.169983526
0.3,1.5,1,
0.3,1.5,1.1,1.278741853
0.3,1.5,1.2,
0.3,1.5,1.3,
0.3,1.5,1.4,
0.3,1.5,1.5,
0.3,1.5,1.6,
0.3,1.5,1.7,
0.3,1.5,1.8,
0.3,1.5,1.9,
0.3,1.5,2,
0.3,1.5,2.1,
0.3,1.5,2.2,
0.3,1.5,2.3,1.238134586
0.3,1.5,2.4,1.255682845
0.3,1.5,2.5,1.275648613
0.3,1.5,2.6,1.296409509
0.3,1.5,2.7,
0.3,1.5,2.8,
0.3,1.5,2.9,1.132365169
0.3,1.5,3,
0.3,1.5,3.1,
0.3,1.5,3.2,
0.3,1.5,3.3,
0.3,1.5,3.4,
0.3,1.5,3.5,
0.3,1.5,3.6,
0.4,1.5,0,
0.4,1.5,0.1,
0.4,1.5,0.2,
0.4,1.5,0.3,
0.4,1.5,0.4,
0.4,1.5,0.5,
0.4,1.5,0.6,
0.4,1.5,0.7,
0.4,1.5,0.8,
0.4,1.5,0.9,
0.4,1.5,1,
0.4,1.5,1.1,
0.4,1.5,1.2,
0.4,1.5,1.3,
0.4,1.5,1.4,
0.4,1.5,1.5,
0.4,1.5,1.6,
0.4,1.5,1.7,
0.4,1.5,1.8,
0.4,1.5,1.9,
0.4,1.5,2,
0.4,1.5,2.1,
0.4,1.5,2.2,
0.4,1.5,2.3,1.214352941
0.4,1.5,2.4,
0.4,1.5,2.5,1.250441309
0.4,1.5,2.6,
0.4,1.5,2.7,1.16589929
0.4,1.5,2.8,
0.4,1.5,2.9,
0.4,1.5,3,
0.4,1.5,3.1,
0.4,1.5,3.2,
0.4,1.5,3.3,
0.4,1.5,3.4,
0.4,1.5,3.5,
0.4,1.5,3.6,
0.5,1.5,0,
0.5,1.5,0.1,1.062420593
0.5,1.5,0.2,
0.5,1.5,0.3,
0.5,1.5,0.4,
0.5,1.5,0.5,1.094863935
0.5,1.5,0.6,
0.5,1.5,0.7,
0.5,1.5,0.8,1.135478308
0.5,1.5,0.9,
0.5,1.5,1,
0.5,1.5,1.1,
0.5,1.5,1.2,
0.5,1.5,1.3,
0.5,1.5,1.4,1.180262771
0.5,1.5,1.5,
0.5,1.5,1.6,1.160741047
0.5,1.5,1.7,
0.5,1.5,1.8,
0.5,1.5,1.9,
0.5,1.5,2,
0.5,1.5,2.1,
0.5,1.5,2.2,
0.5,1.5,2.3,
0.5,1.5,2.4,
0.5,1.5,2.5,1.227133841
0.5,1.5,2.6,1.245630171
0.5,1.5,2.7,1.160496283
0.5,1.5,2.8,1.138525495
0.5,1.5,2.9,
0.5,1.5,3,
0.5,1.5,3.1,
0.5,1.5,3.2,
0.5,1.5,3.3,
0.5,1.5,3.4,
0.5,1.5,3.5,
0.5,1.5,3.6,
0.6,1.5,0,
0.6,1.5,0.1,
0.6,1.5,0.2,
0.6,1.5,0.3,
0.6,1.5,0.4,
0.6,1.5,0.5,
0.6,1.5,0.6,
0.6,1.5,0.7,1.112219737
0.6,1.5,0.8,
0.6,1.5,0.9,
0.6,1.5,1,1.177521468
0.6,1.5,1.1,1.208697495
0.6,1.5,1.2,1.190410394
0.6,1.5,1.3,
0.6,1.5,1.4,
0.6,1.5,1.5,
0.6,1.5,1.6,
0.6,1.5,1.7,
0.6,1.5,1.8,
0.6,1.5,1.9,
0.6,1.5,2,
0.6,1.5,2.1,
0.6,1.5,2.2,
0.6,1.5,2.3,
0.6,1.5,2.4,
0.6,1.5,2.5,1.205917814
0.6,1.5,2.6,1.224211737
0.6,1.5,2.7,
0.6,1.5,2.8,
0.6,1.5,2.9,
0.6,1.5,3,
0.6,1.5,3.1,
0.6,1.5,3.2,
0.6,1.5,3.3,
0.6,1.5,3.4,
0.6,1.5,3.5,
0.6,1.5,3.6,
0.7,1.5,0,
0.7,1.5,0.1,
0.7,1.5,0.2,
0.7,1.5,0.3,
0.7,1.5,0.4,
0.7,1.5,0.5,
0.7,1.5,0.6,
0.7,1.5,0.7,
0.7,1.5,0.8,
0.7,1.5,0.9,
0.7,1.5,1,1.207458607
0.7,1.5,1.1,1.189623226
0.7,1.5,1.2,1.171694886
0.7,1.5,1.3,
0.7,1.5,1.4,
0.7,1.5,1.5,
0.7,1.5,1.6,
0.7,1.5,1.7,
0.7,1.5,1.8,
0.7,1.5,1.9,
0.7,1.5,2,
0.7,1.5,2.1,
0.7,1.5,2.2,1.140484746
0.7,1.5,2.3,
0.7,1.5,2.4,
0.7,1.5,2.5,1.186903813
0.7,1.5,2.6,
0.7,1.5,2.7,
0.7,1.5,2.8,
0.7,1.5,2.9,
0.7,1.5,3,
0.7,1.5,3.1,
0.7,1.5,3.2,
0.7,1.5,3.3,
0.7,1.5,3.4,
0.7,1.5,3.5,
0.7,1.5,3.6,
0.8,1.5,0,
0.8,1.5,0.1,
0.8,1.5,0.2,
0.8,1.5,0.3,
0.8,1.5,0.4,
0.8,1.5,0.5,
0.8,1.5,0.6,
0.8,1.5,0.7,1.109824118
0.8,1.5,0.8,1.129145141
0.8,1.5,0.9,
0.8,1.5,1,
0.8,1.5,1.1,
0.8,1.5,1.2,
0.8,1.5,1.3,
0.8,1.5,1.4,
0.8,1.5,1.5,
0.8,1.5,1.6,
0.8,1.5,1.7,
0.8,1.5,1.8,
0.8,1.5,1.9,
0.8,1.5,2,
0.8,1.5,2.1,
0.8,1.5,2.2,
0.8,1.5,2.3,
0.8,1.5,2.4,1.152679463
0.8,1.5,2.5,1.170101502
0.8,1.5,2.6,
0.8,1.5,2.7,
0.8,1.5,2.8,
0.8,1.5,2.9,
0.8,1.5,3,
0.8,1.5,3.1,
0.8,1.5,3.2,
0.8,1.5,3.3,
0.8,1.5,3.4,
0.8,1.5,3.5,
0.8,1.5,3.6,1.047503052
0.9,1.5,0,
0.9,1.5,0.1,
0.9,1.5,0.2,1.051764678
0.9,1.5,0.3,
0.9,1.5,0.4,1.067774988
0.9,1.5,0.5,1.079693101
0.9,1.5,0.6,1.357607388
0.9,1.5,0.7,
0.9,1.5,0.8,
0.9,1.5,0.9,
0.9,1.5,1,
0.9,1.5,1.1,
0.9,1.5,1.2,
0.9,1.5,1.3,1.125272976
0.9,1.5,1.4,
0.9,1.5,1.5,
0.9,1.5,1.6,
0.9,1.5,1.7,
0.9,1.5,1.8,
0.9,1.5,1.9,
0.9,1.5,2,
0.9,1.5,2.1,
0.9,1.5,2.2,
0.9,1.5,2.3,
0.9,1.5,2.4,1.138301768
0.9,1.5,2.5,1.155550112
0.9,1.5,2.6,
0.9,1.5,2.7,
0.9,1.5,2.8,
0.9,1.5,2.9,
0.9,1.5,3,
0.9,1.5,3.1,1.081662586
0.9,1.5,3.2,
0.9,1.5,3.3,
0.9,1.5,3.4,
0.9,1.5,3.5,
0.9,1.5,3.6,
1,1.5,0,
1,1.5,0.1,
1,1.5,0.2,
1,1.5,0.3,
1,1.5,0.4,1.264399408
1,1.5,0.5,1.280286341
1,1.5,0.6,1.299322232
1,1.5,0.7,1.114599721
1,1.5,0.8,
1,1.5,0.9,
1,1.5,1,
1,1.5,1.1,
1,1.5,1.2,
1,1.5,1.3,
1,1.5,1.4,
1,1.5,1.5,
1,1.5,1.6,
1,1.5,1.7,
1,1.5,1.8,
1,1.5,1.9,
1,1.5,2,
1,1.5,2.1,
1,1.5,2.2,
1,1.5,2.3,
1,1.5,2.4,
1,1.5,2.5,
1,1.5,2.6,
1,1.5,2.7,
1,1.5,2.8,
1,1.5,2.9,
1,1.5,3,
1,1.5,3.1,
1,1.5,3.2,
1,1.5,3.3,
1,1.5,3.4,
1,1.5,3.5,
1,1.5,3.6,
1.1,1.5,0,
1.1,1.5,0.1,
1.1,1.5,0.2,1.217243774
1.1,1.5,0.3,1.225979384
1.1,1.5,0.4,
1.1,1.5,0.5,1.253386155
1.1,1.5,0.6,1.27163971
1.1,1.5,0.7,1.273759294
1.1,1.5,0.8,
1.1,1.5,0.9,
1.1,1.5,1,
1.1,1.5,1.1,
1.1,1.5,1.2,
1.1,1.5,1.3,
1.1,1.5,1.4,
1.1,1.5,1.5,
1.1,1.5,1.6,
1.1,1.5,1.7,
1.1,1.5,1.8,
1.1,1.5,1.9,
1.1,1.5,2,
1.1,1.5,2.1,
1.1,1.5,2.2,
1.1,1.5,2.3,
1.1,1.5,2.4,
1.1,1.5,2.5,1.132961586
1.1,1.5,2.6,
1.1,1.5,2.7,
1.1,1.5,2.8,
1.1,1.5,2.9,1.122451223
1.1,1.5,3,
1.1,1.5,3.1,
1.1,1.5,3.2,
1.1,1.5,3.3,1.227553153
1.1,1.5,3.4,1.218314653
1.1,1.5,3.5,
1.1,1.5,3.6,
1.2,1.5,0,
1.2,1.5,0.1,
1.2,1.5,0.2,
1.2,1.5,0.3,
1.2,1.5,0.4,1.213034739
1.2,1.5,0.5,1.227823502
1.2,1.5,0.6,
1.2,1.5,0.7,1.126955908
1.2,1.5,0.8,
1.2,1.5,0.9,
1.2,1.5,1,1.146897796
1.2,1.5,1.1,
1.2,1.5,1.2,
1.2,1.5,1.3,
1.2,1.5,1.4,1.082548684
1.2,1.5,1.5,1.072677664
1.2,1.5,1.6,
1.2,1.5,1.7,
1.2,1.5,1.8,
1.2,1.5,1.9,
1.2,1.5,2,
1.2,1.5,2.1,
1.2,1.5,2.2,
1.2,1.5,2.3,
1.2,1.5,2.4,
1.2,1.5,2.5,
1.2,1.5,2.6,
1.2,1.5,2.7,
1.2,1.5,2.8,
1.2,1.5,2.9,
1.2,1.5,3,
1.2,1.5,3.1,
1.2,1.5,3.2,
1.2,1.5,3.3,
1.2,1.5,3.4,
1.2,1.5,3.5,
1.2,1.5,3.6,
1.3,1.5,0,
1.3,1.5,0.1,
1.3,1.5,0.2,
1.3,1.5,0.3,1.178368051
1.3,1.5,0.4,
1.3,1.5,0.5,1.204085352
1.3,1.5,0.6,1.221114802
1.3,1.5,0.7,
1.3,1.5,0.8,
1.3,1.5,0.9,
1.3,1.5,1,1.140929643
1.3,1.5,1.1,
1.3,1.5,1.2,
1.3,1.5,1.3,
1.3,1.5,1.4,
1.3,1.5,1.5,
1.3,1.5,1.6,
1.3,1.5,1.7,
1.3,1.5,1.8,
1.3,1.5,1.9,
1.3,1.5,2,
1.3,1.5,2.1,
1.3,1.5,2.2,
1.3,1.5,2.3,
1.3,1.5,2.4,
1.3,1.5,2.5,
1.3,1.5,2.6,
1.3,1.5,2.7,
1.3,1.5,2.8,
1.3,1.5,2.9,
1.3,1.5,3,
1.3,1.5,3.1,
1.3,1.5,3.2,1.191671456
1.3,1.5,3.3,1.179845734
1.3,1.5,3.4,
1.3,1.5,3.5,
1.3,1.5,3.6,
1.4,1.5,0,
1.4,1.5,0.1,
1.4,1.5,0.2,
1.4,1.5,0.3,
1.4,1.5,0.4,1.168412885
1.4,1.5,0.5,1.182367857
1.4,1.5,0.6,
1.4,1.5,0.7,1.217467786
1.4,1.5,0.8,
1.4,1.5,0.9,
1.4,1.5,1,
1.4,1.5,1.1,
1.4,1.5,1.2,
1.4,1.5,1.3,
1.4,1.5,1.4,
1.4,1.5,1.5,
1.4,1.5,1.6,1.055503232
1.4,1.5,1.7,
1.4,1.5,1.8,
1.4,1.5,1.9,
1.4,1.5,2,
1.4,1.5,2.1,
1.4,1.5,2.2,
1.4,1.5,2.3,
1.4,1.5,2.4,
1.4,1.5,2.5,
1.4,1.5,2.6,
1.4,1.5,2.7,
1.4,1.5,2.8,
1.4,1.5,2.9,
1.4,1.5,3,
1.4,1.5,3.1,
1.4,1.5,3.2,
1.4,1.5,3.3,1.158786629
1.4,1.5,3.4,
1.4,1.5,3.5,
1.4,1.5,3.6,
1.5,1.5,0,
1.5,1.5,0.1,
1.5,1.5,0.2,
1.5,1.5,0.3,
1.5,1.5,0.4,1.149170891
1.5,1.5,0.5,1.16418395
1.5,1.5,0.6,1.178958214
1.5,1.5,0.7,1.197122222
1.5,1.5,0.8,
1.5,1.5,0.9,
1.5,1.5,1,
1.5,1.5,1.1,
1.5,1.5,1.2,
1.5,1.5,1.3,
1.5,1.5,1.4,
1.5,1.5,1.5,
1.5,1.5,1.6,
1.5,1.5,1.7,
1.5,1.5,1.8,
1.5,1.5,1.9,
1.5,1.5,2,
1.5,1.5,2.1,
1.5,1.5,2.2,
1.5,1.5,2.3,
1.5,1.5,2.4,1.094581077
1.5,1.5,2.5,
1.5,1.5,2.6,
1.5,1.5,2.7,
1.5,1.5,2.8,
1.5,1.5,2.9,
1.5,1.5,3,
1.5,1.5,3.1,
1.5,1.5,3.2,
1.5,1.5,3.3,
1.5,1.5,3.4,
1.5,1.5,3.5,1.126343571
1.5,1.5,3.6,
1.6,1.5,0,
1.6,1.5,0.1,
1.6,1.5,0.2,
1.6,1.5,0.3,1.121511681
1.6,1.5,0.4,
1.6,1.5,0.5,
1.6,1.5,0.6,1.161241094
1.6,1.5,0.7,1.179137879
1.6,1.5,0.8,
1.6,1.5,0.9,
1.6,1.5,1,
1.6,1.5,1.1,
1.6,1.5,1.2,1.096111351
1.6,1.5,1.3,
1.6,1.5,1.4,
1.6,1.5,1.5,
1.6,1.5,1.6,
1.6,1.5,1.7,
1.6,1.5,1.8,
1.6,1.5,1.9,
1.6,1.5,2,
1.6,1.5,2.1,
1.6,1.5,2.2,
1.6,1.5,2.3,
1.6,1.5,2.4,
1.6,1.5,2.5,
1.6,1.5,2.6,
1.6,1.5,2.7,
1.6,1.5,2.8,
1.6,1.5,2.9,
1.6,1.5,3,
1.6,1.5,3.1,1.147567842
1.6,1.5,3.2,
1.6,1.5,3.3,
1.6,1.5,3.4,
1.6,1.5,3.5,
1.6,1.5,3.6,
1.7,1.5,0,
1.7,1.5,0.1,
1.7,1.5,0.2,
1.7,1.5,0.3,
1.7,1.5,0.4,
1.7,1.5,0.5,
1.7,1.5,0.6,
1.7,1.5,0.7,1.16346444
1.7,1.5,0.8,
1.7,1.5,0.9,
1.7,1.5,1,
1.7,1.5,1.1,
1.7,1.5,1.2,
1.7,1.5,1.3,
1.7,1.5,1.4,
1.7,1.5,1.5,
1.7,1.5,1.6,
1.7,1.5,1.7,
1.7,1.5,1.8,
1.7,1.5,1.9,
1.7,1.5,2,
1.7,1.5,2.1,
1.7,1.5,2.2,
1.7,1.5,2.3,
1.7,1.5,2.4,
1.7,1.5,2.5,
1.7,1.5,2.6,
1.7,1.5,2.7,
1.7,1.5,2.8,
1.7,1.5,2.9,
1.7,1.5,3,
1.7,1.5,3.1,
1.7,1.5,3.2,
1.7,1.5,3.3,
1.7,1.5,3.4,
1.7,1.5,3.5,
1.7,1.5,3.6,
1.8,1.5,0,
1.8,1.5,0.1,
1.8,1.5,0.2,
1.8,1.5,0.3,
1.8,1.5,0.4,
1.8,1.5,0.5,
1.8,1.5,0.6,
1.8,1.5,0.7,
1.8,1.5,0.8,
1.8,1.5,0.9,
1.8,1.5,1,
1.8,1.5,1.1,
1.8,1.5,1.2,
1.8,1.5,1.3,
1.8,1.5,1.4,
1.8,1.5,1.5,
1.8,1.5,1.6,
1.8,1.5,1.7,
1.8,1.5,1.8,
1.8,1.5,1.9,
1.8,1.5,2,
1.8,1.5,2.1,
1.8,1.5,2.2,
1.8,1.5,2.3,
1.8,1.5,2.4,
1.8,1.5,2.5,
1.8,1.5,2.6,
1.8,1.5,2.7,
1.8,1.5,2.8,
1.8,1.5,2.9,
1.8,1.5,3,
1.8,1.5,3.1,
1.8,1.5,3.2,
1.8,1.5,3.3,
1.8,1.5,3.4,
1.8,1.5,3.5,
1.8,1.5,3.6,1.080945066
1.9,1.5,0,
1.9,1.5,0.1,
1.9,1.5,0.2,
1.9,1.5,0.3,
1.9,1.5,0.4,
1.9,1.5,0.5,
1.9,1.5,0.6,
1.9,1.5,0.7,
1.9,1.5,0.8,
1.9,1.5,0.9,
1.9,1.5,1,
1.9,1.5,1.1,
1.9,1.5,1.2,
1.9,1.5,1.3,
1.9,1.5,1.4,
1.9,1.5,1.5,
1.9,1.5,1.6,
1.9,1.5,1.7,
1.9,1.5,1.8,
1.9,1.5,1.9,
1.9,1.5,2,
1.9,1.5,2.1,
1.9,1.5,2.2,
1.9,1.5,2.3,
1.9,1.5,2.4,
1.9,1.5,2.5,
1.9,1.5,2.6,
1.9,1.5,2.7,
1.9,1.5,2.8,
1.9,1.5,2.9,
1.9,1.5,3,
1.9,1.5,3.1,
1.9,1.5,3.2,
1.9,1.5,3.3,
1.9,1.5,3.4,1.077235509
1.9,1.5,3.5,
1.9,1.5,3.6,1.070606691
2,1.5,0,
2,1.5,0.1,
2,1.5,0.2,
2,1.5,0.3,
2,1.5,0.4,
2,1.5,0.5,
2,1.5,0.6,
2,1.5,0.7,
2,1.5,0.8,
2,1.5,0.9,
2,1.5,1,
2,1.5,1.1,
2,1.5,1.2,
2,1.5,1.3,
2,1.5,1.4,
2,1.5,1.5,
2,1.5,1.6,
2,1.5,1.7,
2,1.5,1.8,
2,1.5,1.9,
2,1.5,2,
2,1.5,2.1,
2,1.5,2.2,
2,1.5,2.3,
2,1.5,2.4,
2,1.5,2.5,
2,1.5,2.6,
2,1.5,2.7,
2,1.5,2.8,1.152267258
2,1.5,2.9,
2,1.5,3,
2,1.5,3.1,
2,1.5,3.2,
2,1.5,3.3,
2,1.5,3.4,
2,1.5,3.5,
2,1.5,3.6,
2.1,1.5,0,
2.1,1.5,0.1,
2.1,1.5,0.2,
2.1,1.5,0.3,
2.1,1.5,0.4,
2.1,1.5,0.5,
2.1,1.5,0.6,
2.1,1.5,0.7,
2.1,1.5,0.8,
2.1,1.5,0.9,
2.1,1.5,1,
2.1,1.5,1.1,
2.1,1.5,1.2,
2.1,1.5,1.3,1.103290249
2.1,1.5,1.4,
2.1,1.5,1.5,
2.1,1.5,1.6,
2.1,1.5,1.7,
2.1,1.5,1.8,
2.1,1.5,1.9,
2.1,1.5,2,
2.1,1.5,2.1,1.079119426
2.1,1.5,2.2,
2.1,1.5,2.3,
2.1,1.5,2.4,
2.1,1.5,2.5,
2.1,1.5,2.6,
2.1,1.5,2.7,
2.1,1.5,2.8,
2.1,1.5,2.9,
2.1,1.5,3,
2.1,1.5,3.1,
2.1,1.5,3.2,
2.1,1.5,3.3,
2.1,1.5,3.4,1.062126648
2.1,1.5,3.5,
2.1,1.5,3.6,
2.2,1.5,0,
2.2,1.5,0.1,
2.2,1.5,0.2,
2.2,1.5,0.3,
2.2,1.5,0.4,
2.2,1.5,0.5,
2.2,1.5,0.6,
2.2,1.5,0.7,
2.2,1.5,0.8,
2.2,1.5,0.9,
2.2,1.5,1,
2.2,1.5,1.1,
2.2,1.5,1.2,
2.2,1.5,1.3,
2.2,1.5,1.4,
2.2,1.5,1.5,
2.2,1.5,1.6,
2.2,1.5,1.7,
2.2,1.5,1.8,
2.2,1.5,1.9,
2.2,1.5,2,
2.2,1.5,2.1,
2.2,1.5,2.2,
2.2,1.5,2.3,
2.2,1.5,2.4,
2.2,1.5,2.5,1.143820476
2.2,1.5,2.6,
2.2,1.5,2.7,
2.2,1.5,2.8,
2.2,1.5,2.9,
2.2,1.5,3,1.102466124
2.2,1.5,3.1,
2.2,1.5,3.2,
2.2,1.5,3.3,
2.2,1.5,3.4,
2.2,1.5,3.5,
2.2,1.5,3.6,
2.3,1.5,0,
2.3,1.5,0.1,
2.3,1.5,0.2,
2.3,1.5,0.3,
2.3,1.5,0.4,
2.3,1.5,0.5,
2.3,1.5,0.6,
2.3,1.5,0.7,
2.3,1.5,0.8,1.133975325
2.3,1.5,0.9,
2.3,1.5,1,
2.3,1.5,1.1,
2.3,1.5,1.2,
2.3,1.5,1.3,
2.3,1.5,1.4,
2.3,1.5,1.5,
2.3,1.5,1.6,
2.3,1.5,1.7,
2.3,1.5,1.8,
2.3,1.5,1.9,
2.3,1.5,2,1.09344453
2.3,1.5,2.1,
2.3,1.5,2.2,
2.3,1.5,2.3,
2.3,1.5,2.4,
2.3,1.5,2.5,
2.3,1.5,2.6,
2.3,1.5,2.7,
2.3,1.5,2.8,
2.3,1.5,2.9,
2.3,1.5,3,
2.3,1.5,3.1,
2.3,1.5,3.2,
2.3,1.5,3.3,
2.3,1.5,3.4,
2.3,1.5,3.5,
2.3,1.5,3.6,
2.4,1.5,0,
2.4,1.5,0.1,1.047854705
2.4,1.5,0.2,
2.4,1.5,0.3,
2.4,1.5,0.4,
2.4,1.5,0.5,
2.4,1.5,0.6,
2.4,1.5,0.7,
2.4,1.5,0.8,
2.4,1.5,0.9,
2.4,1.5,1,
2.4,1.5,1.1,
2.4,1.5,1.2,
2.4,1.5,1.3,
2.4,1.5,1.4,
2.4,1.5,1.5,
2.4,1.5,1.6,
2.4,1.5,1.7,
2.4,1.5,1.8,
2.4,1.5,1.9,
2.4,1.5,2,
2.4,1.5,2.1,1.114471227
2.4,1.5,2.2,
2.4,1.5,2.3,
2.4,1.5,2.4,
2.4,1.5,2.5,
2.4,1.5,2.6,
2.4,1.5,2.7,
2.4,1.5,2.8,
2.4,1.5,2.9,
2.4,1.5,3,
2.4,1.5,3.1,
2.4,1.5,3.2,
2.4,1.5,3.3,
2.4,1.5,3.4,
2.4,1.5,3.5,
2.4,1.5,3.6,
2.5,1.5,0,1.046658743
2.5,1.5,0.1,
2.5,1.5,0.2,
2.5,1.5,0.3,
2.5,1.5,0.4,
2.5,1.5,0.5,
2.5,1.5,0.6,
2.5,1.5,0.7,
2.5,1.5,0.8,
2.5,1.5,0.9,
2.5,1.5,1,
2.5,1.5,1.1,
2.5,1.5,1.2,
2.5,1.5,1.3,
2.5,1.5,1.4,
2.5,1.5,1.5,
2.5,1.5,1.6,
2.5,1.5,1.7,
2.5,1.5,1.8,
2.5,1.5,1.9,
2.5,1.5,2,
2.5,1.5,2.1,
2.5,1.5,2.2,
2.5,1.5,2.3,1.15418472
2.5,1.5,2.4,1.17004692
2.5,1.5,2.5,
2.5,1.5,2.6,
2.5,1.5,2.7,1.158214091
2.5,1.5,2.8,
2.5,1.5,2.9,
2.5,1.5,3,
2.5,1.5,3.1,
2.5,1.5,3.2,
2.5,1.5,3.3,
2.5,1.5,3.4,
2.5,1.5,3.5,
2.5,1.5,3.6,
2.6,1.5,0,
2.6,1.5,0.1,
2.6,1.5,0.2,
2.6,1.5,0.3,
2.6,1.5,0.4,
2.6,1.5,0.5,
2.6,1.5,0.6,
2.6,1.5,0.7,
2.6,1.5,0.8,
2.6,1.5,0.9,
2.6,1.5,1,
2.6,1.5,1.1,
2.6,1.5,1.2,
2.6,1.5,1.3,
2.6,1.5,1.4,
2.6,1.5,1.5,
2.6,1.5,1.6,
2.6,1.5,1.7,
2.6,1.5,1.8,
2.6,1.5,1.9,
2.6,1.5,2,
2.6,1.5,2.1,
2.6,1.5,2.2,
2.6,1.5,2.3,1.172822905
2.6,1.5,2.4,1.189033347
2.6,1.5,2.5,1.207313909
2.6,1.5,2.6,
2.6,1.5,2.7,
2.6,1.5,2.8,
2.6,1.5,2.9,
2.6,1.5,3,
2.6,1.5,3.1,
2.6,1.5,3.2,
2.6,1.5,3.3,
2.6,1.5,3.4,
2.6,1.5,3.5,
2.6,1.5,3.6,
2.7,1.5,0,
2.7,1.5,0.1,
2.7,1.5,0.2,
2.7,1.5,0.3,
2.7,1.5,0.4,
2.7,1.5,0.5,
2.7,1.5,0.6,
2.7,1.5,0.7,
2.7,1.5,0.8,
2.7,1.5,0.9,
2.7,1.5,1,
2.7,1.5,1.1,
2.7,1.5,1.2,
2.7,1.5,1.3,
2.7,1.5,1.4,
2.7,1.5,1.5,
2.7,1.5,1.6,
2.7,1.5,1.7,
2.7,1.5,1.8,
2.7,1.5,1.9,
2.7,1.5,2,1.160802167
2.7,1.5,2.1,
2.7,1.5,2.2,1.179682557
2.7,1.5,2.3,
2.7,1.5,2.4,
2.7,1.5,2.5,1.22899132
2.7,1.5,2.6,
2.7,1.5,2.7,1.162317658
2.7,1.5,2.8,
2.7,1.5,2.9,
2.7,1.5,3,
2.7,1.5,3.1,
2.7,1.5,3.2,
2.7,1.5,3.3,
2.7,1.5,3.4,
2.7,1.5,3.5,
2.7,1.5,3.6,
2.8,1.5,0,
2.8,1.5,0.1,
2.8,1.5,0.2,
2.8,1.5,0.3,1.069364961
2.8,1.5,0.4,
2.8,1.5,0.5,
2.8,1.5,0.6,
2.8,1.5,0.7,
2.8,1.5,0.8,1.142716052
2.8,1.5,0.9,
2.8,1.5,1,1.150937685
2.8,1.5,1.1,
2.8,1.5,1.2,
2.8,1.5,1.3,
2.8,1.5,1.4,
2.8,1.5,1.5,
2.8,1.5,1.6,
2.8,1.5,1.7,
2.8,1.5,1.8,
2.8,1.5,1.9,
2.8,1.5,2,
2.8,1.5,2.1,
2.8,1.5,2.2,1.202150265
2.8,1.5,2.3,
2.8,1.5,2.4,1.233627627
2.8,1.5,2.5,1.129272782
2.8,1.5,2.6,1.148031785
2.8,1.5,2.7,
2.8,1.5,2.8,
2.8,1.5,2.9,
2.8,1.5,3,
2.8,1.5,3.1,
2.8,1.5,3.2,
2.8,1.5,3.3,
2.8,1.5,3.4,
2.8,1.5,3.5,
2.8,1.5,3.6,
2.9,1.5,0,
2.9,1.5,0.1,
2.9,1.5,0.2,
2.9,1.5,0.3,
2.9,1.5,0.4,
2.9,1.5,0.5,
2.9,1.5,0.6,
2.9,1.5,0.7,
2.9,1.5,0.8,
2.9,1.5,0.9,
2.9,1.5,1,
2.9,1.5,1.1,
2.9,1.5,1.2,
2.9,1.5,1.3,
2.9,1.5,1.4,
2.9,1.5,1.5,
2.9,1.5,1.6,
2.9,1.5,1.7,
2.9,1.5,1.8,
2.9,1.5,1.9,
2.9,1.5,2,
2.9,1.5,2.1,
2.9,1.5,2.2,1.226471187
2.9,1.5,2.3,
2.9,1.5,2.4,1.259000381
2.9,1.5,2.5,
2.9,1.5,2.6,
2.9,1.5,2.7,
2.9,1.5,2.8,1.152756787
2.9,1.5,2.9,
2.9,1.5,3,
2.9,1.5,3.1,
2.9,1.5,3.2,
2.9,1.5,3.3,
2.9,1.5,3.4,
2.9,1.5,3.5,
2.9,1.5,3.6,
3,1.5,0,
3,1.5,0.1,
3,1.5,0.2,
3,1.5,0.3,
3,1.5,0.4,
3,1.5,0.5,
3,1.5,0.6,
3,1.5,0.7,
3,1.5,0.8,
3,1.5,0.9,
3,1.5,1,1.137123147
3,1.5,1.1,
3,1.5,1.2,
3,1.5,1.3,
3,1.5,1.4,
3,1.5,1.5,
3,1.5,1.6,
3,1.5,1.7,
3,1.5,1.8,
3,1.5,1.9,
3,1.5,2,
3,1.5,2.1,
3,1.5,2.2,
3,1.5,2.3,
3,1.5,2.4,1.286049529
3,1.5,2.5,1.115197275
3,1.5,2.6,
3,1.5,2.7,
3,1.5,2.8,1.161786909
3,1.5,2.9,
3,1.5,3,
3,1.5,3.1,
3,1.5,3.2,
3,1.5,3.3,
3,1.5,3.4,
3,1.5,3.5,
3,1.5,3.6,
3.1,1.5,0,
3.1,1.5,0.1,
3.1,1.5,0.2,
3.1,1.5,0.3,
3.1,1.5,0.4,
3.1,1.5,0.5,
3.1,1.5,0.6,
3.1,1.5,0.7,
3.1,1.5,0.8,
3.1,1.5,0.9,
3.1,1.5,1,
3.1,1.5,1.1,
3.1,1.5,1.2,
3.1,1.5,1.3,
3.1,1.5,1.4,
3.1,1.5,1.5,
3.1,1.5,1.6,
3.1,1.5,1.7,
3.1,1.5,1.8,
3.1,1.5,1.9,
3.1,1.5,2,
3.1,1.5,2.1,
3.1,1.5,2.2,
3.1,1.5,2.3,
3.1,1.5,2.4,
3.1,1.5,2.5,
3.1,1.5,2.6,
3.1,1.5,2.7,
3.1,1.5,2.8,
3.1,1.5,2.9,
3.1,1.5,3,
3.1,1.5,3.1,
3.1,1.5,3.2,
3.1,1.5,3.3,
3.1,1.5,3.4,
3.1,1.5,3.5,
3.1,1.5,3.6,
3.2,1.5,0,
3.2,1.5,0.1,
3.2,1.5,0.2,
3.2,1.5,0.3,
3.2,1.5,0.4,
3.2,1.5,0.5,
3.2,1.5,0.6,
3.2,1.5,0.7,
3.2,1.5,0.8,1.183546762
3.2,1.5,0.9,
3.2,1.5,1,
3.2,1.5,1.1,
3.2,1.5,1.2,
3.2,1.5,1.3,
3.2,1.5,1.4,
3.2,1.5,1.5,1.05944476
3.2,1.5,1.6,
3.2,1.5,1.7,
3.2,1.5,1.8,
3.2,1.5,1.9,
3.2,1.5,2,
3.2,1.5,2.1,
3.2,1.5,2.2,
3.2,1.5,2.3,
3.2,1.5,2.4,
3.2,1.5,2.5,
3.2,1.5,2.6,
3.2,1.5,2.7,
3.2,1.5,2.8,
3.2,1.5,2.9,
3.2,1.5,3,
3.2,1.5,3.1,
3.2,1.5,3.2,
3.2,1.5,3.3,
3.2,1.5,3.4,
3.2,1.5,3.5,
3.2,1.5,3.6,
3.3,1.5,0,
3.3,1.5,0.1,
3.3,1.5,0.2,
3.3,1.5,0.3,
3.3,1.5,0.4,
3.3,1.5,0.5,
3.3,1.5,0.6,
3.3,1.5,0.7,
3.3,1.5,0.8,
3.3,1.5,0.9,
3.3,1.5,1,
3.3,1.5,1.1,
3.3,1.5,1.2,
3.3,1.5,1.3,
3.3,1.5,1.4,
3.3,1.5,1.5,
3.3,1.5,1.6,
3.3,1.5,1.7,
3.3,1.5,1.8,
3.3,1.5,1.9,
3.3,1.5,2,
3.3,1.5,2.1,
3.3,1.5,2.2,1.069381733
3.3,1.5,2.3,
3.3,1.5,2.4,1.09186735
3.3,1.5,2.5,
3.3,1.5,2.6,
3.3,1.5,2.7,
3.3,1.5,2.8,
3.3,1.5,2.9,
3.3,1.5,3,
3.3,1.5,3.1,
3.3,1.5,3.2,
3.3,1.5,3.3,
3.3,1.5,3.4,
3.3,1.5,3.5,
3.3,1.5,3.6,
3.4,1.5,0,
3.4,1.5,0.1,
3.4,1.5,0.2,
3.4,1.5,0.3,
3.4,1.5,0.4,
3.4,1.5,0.5,1.164973393
3.4,1.5,0.6,
3.4,1.5,0.7,
3.4,1.5,0.8,
3.4,1.5,0.9,
3.4,1.5,1,
3.4,1.5,1.1,
3.4,1.5,1.2,
3.4,1.5,1.3,
3.4,1.5,1.4,
3.4,1.5,1.5,
3.4,1.5,1.6,
3.4,1.5,1.7,
3.4,1.5,1.8,
3.4,1.5,1.9,
3.4,1.5,2,
3.4,1.5,2.1,
3.4,1.5,2.2,
3.4,1.5,2.3,1.084848217
3.4,1.5,2.4,
3.4,1.5,2.5,
3.4,1.5,2.6,
3.4,1.5,2.7,
3.4,1.5,2.8,
3.4,1.5,2.9,
3.4,1.5,3,
3.4,1.5,3.1,
3.4,1.5,3.2,
3.4,1.5,3.3,
3.4,1.5,3.4,
3.4,1.5,3.5,
3.4,1.5,3.6,
3.5,1.5,0,
3.5,1.5,0.1,
3.5,1.5,0.2,
3.5,1.5,0.3,
3.5,1.5,0.4,
3.5,1.5,0.5,
3.5,1.5,0.6,
3.5,1.5,0.7,
3.5,1.5,0.8,
3.5,1.5,0.9,
3.5,1.5,1,
3.5,1.5,1.1,
3.5,1.5,1.2,
3.5,1.5,1.3,
3.5,1.5,1.4,
3.5,1.5,1.5,
3.5,1.5,1.6,
3.5,1.5,1.7,
3.5,1.5,1.8,1.058225203
3.5,1.5,1.9,
3.5,1.5,2,
3.5,1.5,2.1,
3.5,1.5,2.2,
3.5,1.5,2.3,
3.5,1.5,2.4,
3.5,1.5,2.5,
3.5,1.5,2.6,
3.5,1.5,2.7,
3.5,1.5,2.8,
3.5,1.5,2.9,
3.5,1.5,3,
3.5,1.5,3.1,
3.5,1.5,3.2,
3.5,1.5,3.3,
3.5,1.5,3.4,
3.5,1.5,3.5,
3.5,1.5,3.6,
3.6,1.5,0,
3.6,1.5,0.1,
3.6,1.5,0.2,
3.6,1.5,0.3,
3.6,1.5,0.4,
3.6,1.5,0.5,
3.6,1.5,0.6,
3.6,1.5,0.7,
3.6,1.5,0.8,1.182335165
3.6,1.5,0.9,
3.6,1.5,1,1.140182558
3.6,1.5,1.1,
3.6,1.5,1.2,
3.6,1.5,1.3,
3.6,1.5,1.4,
3.6,1.5,1.5,
3.6,1.5,1.6,
3.6,1.5,1.7,
3.6,1.5,1.8,
3.6,1.5,1.9,
3.6,1.5,2,
3.6,1.5,2.1,
3.6,1.5,2.2,
3.6,1.5,2.3,
3.6,1.5,2.4,1.101255664
3.6,1.5,2.5,
3.6,1.5,2.6,
3.6,1.5,2.7,
3.6,1.5,2.8,
3.6,1.5,2.9,
3.6,1.5,3,
3.6,1.5,3.1,
3.6,1.5,3.2,
3.6,1.5,3.3,
3.6,1.5,3.4,
3.6,1.5,3.5,
3.6,1.5,3.6,
3.7,1.5,0,
3.7,1.5,0.1,
3.7,1.5,0.2,
3.7,1.5,0.3,
3.7,1.5,0.4,
3.7,1.5,0.5,
3.7,1.5,0.6,
3.7,1.5,0.7,
3.7,1.5,0.8,
3.7,1.5,0.9,
3.7,1.5,1,
3.7,1.5,1.1,
3.7,1.5,1.2,
3.7,1.5,1.3,
3.7,1.5,1.4,
3.7,1.5,1.5,
3.7,1.5,1.6,
3.7,1.5,1.7,
3.7,1.5,1.8,
3.7,1.5,1.9,
3.7,1.5,2,
3.7,1.5,2.1,
3.7,1.5,2.2,
3.7,1.5,2.3,
3.7,1.5,2.4,
3.7,1.5,2.5,
3.7,1.5,2.6,
3.7,1.5,2.7,1.165235782
3.7,1.5,2.8,
3.7,1.5,2.9,
3.7,1.5,3,
3.7,1.5,3.1,
3.7,1.5,3.2,
3.7,1.5,3.3,
3.7,1.5,3.4,
3.7,1.5,3.5,
3.7,1.5,3.6,
3.8,1.5,0,
3.8,1.5,0.1,
3.8,1.5,0.2,
3.8,1.5,0.3,
3.8,1.5,0.4,
3.8,1.5,0.5,
3.8,1.5,0.6,
3.8,1.5,0.7,
3.8,1.5,0.8,
3.8,1.5,0.9,
3.8,1.5,1,
3.8,1.5,1.1,1.136668585
3.8,1.5,1.2,
3.8,1.5,1.3,
3.8,1.5,1.4,
3.8,1.5,1.5,
3.8,1.5,1.6,
3.8,1.5,1.7,
3.8,1.5,1.8,
3.8,1.5,1.9,
3.8,1.5,2,
3.8,1.5,2.1,
3.8,1.5,2.2,
3.8,1.5,2.3,
3.8,1.5,2.4,
3.8,1.5,2.5,
3.8,1.5,2.6,
3.8,1.5,2.7,1.173813617
3.8,1.5,2.8,
3.8,1.5,2.9,
3.8,1.5,3,
3.8,1.5,3.1,
3.8,1.5,3.2,
3.8,1.5,3.3,
3.8,1.5,3.4,
3.8,1.5,3.5,
3.8,1.5,3.6,
3.9,1.5,0,
3.9,1.5,0.1,
3.9,1.5,0.2,
3.9,1.5,0.3,
3.9,1.5,0.4,1.069173641
3.9,1.5,0.5,
3.9,1.5,0.6,1.095828494
3.9,1.5,0.7,
3.9,1.5,0.8,
3.9,1.5,0.9,1.154519317
3.9,1.5,1,
3.9,1.5,1.1,
3.9,1.5,1.2,
3.9,1.5,1.3,
3.9,1.5,1.4,
3.9,1.5,1.5,
3.9,1.5,1.6,
3.9,1.5,1.7,
3.9,1.5,1.8,
3.9,1.5,1.9,
3.9,1.5,2,
3.9,1.5,2.1,
3.9,1.5,2.2,
3.9,1.5,2.3,
3.9,1.5,2.4,
3.9,1.5,2.5,
3.9,1.5,2.6,
3.9,1.5,2.7,
3.9,1.5,2.8,
3.9,1.5,2.9,1.115691068
3.9,1.5,3,
3.9,1.5,3.1,
3.9,1.5,3.2,
3.9,1.5,3.3,
3.9,1.5,3.4,
3.9,1.5,3.5,
3.9,1.5,3.6,
4,1.5,0,
4,1.5,0.1,
4,1.5,0.2,
4,1.5,0.3,
4,1.5,0.4,
4,1.5,0.5,
4,1.5,0.6,
4,1.5,0.7,
4,1.5,0.8,
4,1.5,0.9,
4,1.5,1,
4,1.5,1.1,
4,1.5,1.2,
4,1.5,1.3,
4,1.5,1.4,
4,1.5,1.5,
4,1.5,1.6,
4,1.5,1.7,
4,1.5,1.8,
4,1.5,1.9,
4,1.5,2,
4,1.5,2.1,
4,1.5,2.2,
4,1.5,2.3,
4,1.5,2.4,
4,1.5,2.5,
4,1.5,2.6,
4,1.5,2.7,
4,1.5,2.8,
4,1.5,2.9,
4,1.5,3,
4,1.5,3.1,
4,1.5,3.2,
4,1.5,3.3,
4,1.5,3.4,
4,1.5,3.5,
4,1.5,3.6,
4.1,1.5,0,
4.1,1.5,0.1,
4.1,1.5,0.2,
4.1,1.5,0.3,
4.1,1.5,0.4,
4.1,1.5,0.5,
4.1,1.5,0.6,
4.1,1.5,0.7,
4.1,1.5,0.8,
4.1,1.5,0.9,
4.1,1.5,1,
4.1,1.5,1.1,
4.1,1.5,1.2,
4.1,1.5,1.3,
4.1,1.5,1.4,
4.1,1.5,1.5,
4.1,1.5,1.6,
4.1,1.5,1.7,
4.1,1.5,1.8,
4.1,1.5,1.9,
4.1,1.5,2,
4.1,1.5,2.1,
4.1,1.5,2.2,
4.1,1.5,2.3,
4.1,1.5,2.4,
4.1,1.5,2.5,
4.1,1.5,2.6,
4.1,1.5,2.7,
4.1,1.5,2.8,
4.1,1.5,2.9,
4.1,1.5,3,
4.1,1.5,3.1,
4.1,1.5,3.2,1.069762098
4.1,1.5,3.3,
4.1,1.5,3.4,
4.1,1.5,3.5,
4.1,1.5,3.6,
4.2,1.5,0,1.047932882
4.2,1.5,0.1,
4.2,1.5,0.2,
4.2,1.5,0.3,
4.2,1.5,0.4,
4.2,1.5,0.5,
4.2,1.5,0.6,
4.2,1.5,0.7,
4.2,1.5,0.8,
4.2,1.5,0.9,
4.2,1.5,1,1.165213324
4.2,1.5,1.1,
4.2,1.5,1.2,
4.2,1.5,1.3,
4.2,1.5,1.4,
4.2,1.5,1.5,
4.2,1.5,1.6,
4.2,1.5,1.7,
4.2,1.5,1.8,
4.2,1.5,1.9,
4.2,1.5,2,
4.2,1.5,2.1,
4.2,1.5,2.2,
4.2,1.5,2.3,
4.2,1.5,2.4,
4.2,1.5,2.5,
4.2,1.5,2.6,
4.2,1.5,2.7,1.158156098
4.2,1.5,2.8,
4.2,1.5,2.9,
4.2,1.5,3,
4.2,1.5,3.1,
4.2,1.5,3.2,
4.2,1.5,3.3,
4.2,1.5,3.4,
4.2,1.5,3.5,
4.2,1.5,3.6,
4.3,1.5,0,
4.3,1.5,0.1,
4.3,1.5,0.2,
4.3,1.5,0.3,
4.3,1.5,0.4,
4.3,1.5,0.5,
4.3,1.5,0.6,
4.3,1.5,0.7,
4.3,1.5,0.8,
4.3,1.5,0.9,
4.3,1.5,1,
4.3,1.5,1.1,
4.3,1.5,1.2,
4.3,1.5,1.3,
4.3,1.5,1.4,
4.3,1.5,1.5,
4.3,1.5,1.6,
4.3,1.5,1.7,
4.3,1.5,1.8,
4.3,1.5,1.9,
4.3,1.5,2,
4.3,1.5,2.1,
4.3,1.5,2.2,
4.3,1.5,2.3,
4.3,1.5,2.4,
4.3,1.5,2.5,
4.3,1.5,2.6,
4.3,1.5,2.7,
4.3,1.5,2.8,
4.3,1.5,2.9,
4.3,1.5,3,
4.3,1.5,3.1,
4.3,1.5,3.2,
4.3,1.5,3.3,
4.3,1.5,3.4,
4.3,1.5,3.5,
4.3,1.5,3.6,1.050963012
4.4,1.5,0,
4.4,1.5,0.1,
4.4,1.5,0.2,
4.4,1.5,0.3,
4.4,1.5,0.4,
4.4,1.5,0.5,
4.4,1.5,0.6,
4.4,1.5,0.7,
4.4,1.5,0.8,
4.4,1.5,0.9,
4.4,1.5,1,
4.4,1.5,1.1,
4.4,1.5,1.2,
4.4,1.5,1.3,1.094385209
4.4,1.5,1.4,
4.4,1.5,1.5,
4.4,1.5,1.6,
4.4,1.5,1.7,
4.4,1.5,1.8,
4.4,1.5,1.9,
4.4,1.5,2,
4.4,1.5,2.1,
4.4,1.5,2.2,
4.4,1.5,2.3,
4.4,1.5,2.4,
4.4,1.5,2.5,
4.4,1.5,2.6,
4.4,1.5,2.7,
4.4,1.5,2.8,1.282863614
4.4,1.5,2.9,
4.4,1.5,3,
4.4,1.5,3.1,
4.4,1.5,3.2,
4.4,1.5,3.3,
4.4,1.5,3.4,
4.4,1.5,3.5,
4.4,1.5,3.6,
4.5,1.5,0,
4.5,1.5,0.1,
4.5,1.5,0.2,
4.5,1.5,0.3,
4.5,1.5,0.4,
4.5,1.5,0.5,
4.5,1.5,0.6,
4.5,1.5,0.7,
4.5,1.5,0.8,
4.5,1.5,0.9,
4.5,1.5,1,
4.5,1.5,1.1,
4.5,1.5,1.2,
4.5,1.5,1.3,
4.5,1.5,1.4,
4.5,1.5,1.5,
4.5,1.5,1.6,
4.5,1.5,1.7,
4.5,1.5,1.8,
4.5,1.5,1.9,
4.5,1.5,2,
4.5,1.5,2.1,
4.5,1.5,2.2,
4.5,1.5,2.3,
4.5,1.5,2.4,
4.5,1.5,2.5,
4.5,1.5,2.6,
4.5,1.5,2.7,
4.5,1.5,2.8,
4.5,1.5,2.9,
4.5,1.5,3,1.221425519
4.5,1.5,3.1,
4.5,1.5,3.2,
4.5,1.5,3.3,
4.5,1.5,3.4,
4.5,1.5,3.5,
4.5,1.5,3.6,
4.6,1.5,0,
4.6,1.5,0.1,
4.6,1.5,0.2,
4.6,1.5,0.3,
4.6,1.5,0.4,
4.6,1.5,0.5,
4.6,1.5,0.6,
4.6,1.5,0.7,
4.6,1.5,0.8,
4.6,1.5,0.9,
4.6,1.5,1,
4.6,1.5,1.1,
4.6,1.5,1.2,
4.6,1.5,1.3,
4.6,1.5,1.4,
4.6,1.5,1.5,
4.6,1.5,1.6,
4.6,1.5,1.7,
4.6,1.5,1.8,
4.6,1.5,1.9,
4.6,1.5,2,
4.6,1.5,2.1,1.068587742
4.6,1.5,2.2,
4.6,1.5,2.3,
4.6,1.5,2.4,
4.6,1.5,2.5,
4.6,1.5,2.6,
4.6,1.5,2.7,
4.6,1.5,2.8,
4.6,1.5,2.9,1.21838686
4.6,1.5,3,
4.6,1.5,3.1,
4.6,1.5,3.2,
4.6,1.5,3.3,
4.6,1.5,3.4,
4.6,1.5,3.5,
4.6,1.5,3.6,
4.7,1.5,0,
4.7,1.5,0.1,
4.7,1.5,0.2,
4.7,1.5,0.3,
4.7,1.5,0.4,
4.7,1.5,0.5,1.161811926
4.7,1.5,0.6,
4.7,1.5,0.7,
4.7,1.5,0.8,
4.7,1.5,0.9,
4.7,1.5,1,
4.7,1.5,1.1,
4.7,1.5,1.2,
4.7,1.5,1.3,
4.7,1.5,1.4,
4.7,1.5,1.5,
4.7,1.5,1.6,
4.7,1.5,1.7,
4.7,1.5,1.8,
4.7,1.5,1.9,
4.7,1.5,2,
4.7,1.5,2.1,
4.7,1.5,2.2,
4.7,1.5,2.3,
4.7,1.5,2.4,
4.7,1.5,2.5,
4.7,1.5,2.6,
4.7,1.5,2.7,
4.7,1.5,2.8,
4.7,1.5,2.9,1.198423935
4.7,1.5,3,
4.7,1.5,3.1,
4.7,1.5,3.2,
4.7,1.5,3.3,
4.7,1.5,3.4,
4.7,1.5,3.5,
4.7,1.5,3.6,
4.8,1.5,0,
4.8,1.5,0.1,
4.8,1.5,0.2,
4.8,1.5,0.3,
4.8,1.5,0.4,
4.8,1.5,0.5,
4.8,1.5,0.6,
4.8,1.5,0.7,
4.8,1.5,0.8,
4.8,1.5,0.9,
4.8,1.5,1,
4.8,1.5,1.1,1.111045665
4.8,1.5,1.2,
4.8,1.5,1.3,
4.8,1.5,1.4,
4.8,1.5,1.5,
4.8,1.5,1.6,
4.8,1.5,1.7,
4.8,1.5,1.8,
4.8,1.5,1.9,
4.8,1.5,2,
4.8,1.5,2.1,
4.8,1.5,2.2,
4.8,1.5,2.3,
4.8,1.5,2.4,
4.8,1.5,2.5,
4.8,1.5,2.6,
4.8,1.5,2.7,
4.8,1.5,2.8,1.198622646
4.8,1.5,2.9,
4.8,1.5,3,
4.8,1.5,3.1,
4.8,1.5,3.2,
4.8,1.5,3.3,
4.8,1.5,3.4,
4.8,1.5,3.5,
4.8,1.5,3.6,
4.9,1.5,0,
4.9,1.5,0.1,
4.9,1.5,0.2,
4.9,1.5,0.3,
4.9,1.5,0.4,
4.9,1.5,0.5,
4.9,1.5,0.6,
4.9,1.5,0.7,
4.9,1.5,0.8,1.181090023
4.9,1.5,0.9,
4.9,1.5,1,
4.9,1.5,1.1,
4.9,1.5,1.2,
4.9,1.5,1.3,
4.9,1.5,1.4,
4.9,1.5,1.5,
4.9,1.5,1.6,
4.9,1.5,1.7,
4.9,1.5,1.8,
4.9,1.5,1.9,
4.9,1.5,2,
4.9,1.5,2.1,
4.9,1.5,2.2,
4.9,1.5,2.3,
4.9,1.5,2.4,
4.9,1.5,2.5,1.109129908
4.9,1.5,2.6,
4.9,1.5,2.7,
4.9,1.5,2.8,
4.9,1.5,2.9,1.165258525
4.9,1.5,3,
4.9,1.5,3.1,
4.9,1.5,3.2,
4.9,1.5,3.3,
4.9,1.5,3.4,
4.9,1.5,3.5,
4.9,1.5,3.6,
5,1.5,0,
5,1.5,0.1,
5,1.5,0.2,
5,1.5,0.3,
5,1.5,0.4,
5,1.5,0.5,
5,1.5,0.6,
5,1.5,0.7,
5,1.5,0.8,
5,1.5,0.9,
5,1.5,1,
5,1.5,1.1,
5,1.5,1.2,
5,1.5,1.3,
5,1.5,1.4,
5,1.5,1.5,
5,1.5,1.6,1.0523122
5,1.5,1.7,
5,1.5,1.8,
5,1.5,1.9,
5,1.5,2,
5,1.5,2.1,
5,1.5,2.2,
5,1.5,2.3,
5,1.5,2.4,
5,1.5,2.5,
5,1.5,2.6,
5,1.5,2.7,
5,1.5,2.8,
5,1.5,2.9,
5,1.5,3,
5,1.5,3.1,
5,1.5,3.2,
5,1.5,3.3,
5,1.5,3.4,
5,1.5,3.5,
5,1.5,3.6,
5.1,1.5,0,
5.1,1.5,0.1,1.072243854
5.1,1.5,0.2,
5.1,1.5,0.3,1.083625533
5.1,1.5,0.4,
5.1,1.5,0.5,
5.1,1.5,0.6,1.120982922
5.1,1.5,0.7,
5.1,1.5,0.8,
5.1,1.5,0.9,
5.1,1.5,1,
5.1,1.5,1.1,
5.1,1.5,1.2,
5.1,1.5,1.3,
5.1,1.5,1.4,
5.1,1.5,1.5,
5.1,1.5,1.6,
5.1,1.5,1.7,
5.1,1.5,1.8,
5.1,1.5,1.9,
5.1,1.5,2,
5.1,1.5,2.1,
5.1,1.5,2.2,
5.1,1.5,2.3,
5.1,1.5,2.4,
5.1,1.5,2.5,
5.1,1.5,2.6,
5.1,1.5,2.7,
5.1,1.5,2.8,
5.1,1.5,2.9,
5.1,1.5,3,
5.1,1.5,3.1,
5.1,1.5,3.2,
5.1,1.5,3.3,
5.1,1.5,3.4,
5.1,1.5,3.5,
5.1,1.5,3.6,
5.2,1.5,0,
5.2,1.5,0.1,
5.2,1.5,0.2,
5.2,1.5,0.3,
5.2,1.5,0.4,
5.2,1.5,0.5,
5.2,1.5,0.6,
5.2,1.5,0.7,
5.2,1.5,0.8,1.148453655
5.2,1.5,0.9,
5.2,1.5,1,
5.2,1.5,1.1,
5.2,1.5,1.2,
5.2,1.5,1.3,
5.2,1.5,1.4,
5.2,1.5,1.5,
5.2,1.5,1.6,
5.2,1.5,1.7,
5.2,1.5,1.8,
5.2,1.5,1.9,
5.2,1.5,2,
5.2,1.5,2.1,
5.2,1.5,2.2,
5.2,1.5,2.3,
5.2,1.5,2.4,
5.2,1.5,2.5,
5.2,1.5,2.6,
5.2,1.5,2.7,
5.2,1.5,2.8,
5.2,1.5,2.9,
5.2,1.5,3,
5.2,1.5,3.1,
5.2,1.5,3.2,
5.2,1.5,3.3,
5.2,1.5,3.4,
5.2,1.5,3.5,
5.2,1.5,3.6,
5.3,1.5,0,
5.3,1.5,0.1,
5.3,1.5,0.2,
5.3,1.5,0.3,
5.3,1.5,0.4,
5.3,1.5,0.5,
5.3,1.5,0.6,
5.3,1.5,0.7,
5.3,1.5,0.8,
5.3,1.5,0.9,
5.3,1.5,1,
5.3,1.5,1.1,
5.3,1.5,1.2,
5.3,1.5,1.3,
5.3,1.5,1.4,
5.3,1.5,1.5,
5.3,1.5,1.6,
5.3,1.5,1.7,
5.3,1.5,1.8,
5.3,1.5,1.9,1.174031659
5.3,1.5,2,
5.3,1.5,2.1,
5.3,1.5,2.2,
5.3,1.5,2.3,
5.3,1.5,2.4,
5.3,1.5,2.5,
5.3,1.5,2.6,
5.3,1.5,2.7,
5.3,1.5,2.8,1.144698614
5.3,1.5,2.9,
5.3,1.5,3,
5.3,1.5,3.1,
5.3,1.5,3.2,
5.3,1.5,3.3,
5.3,1.5,3.4,
5.3,1.5,3.5,
5.3,1.5,3.6,
5.4,1.5,0,
5.4,1.5,0.1,
5.4,1.5,0.2,
5.4,1.5,0.3,
5.4,1.5,0.4,
5.4,1.5,0.5,
5.4,1.5,0.6,
5.4,1.5,0.7,
5.4,1.5,0.8,
5.4,1.5,0.9,
5.4,1.5,1,1.162906969
5.4,1.5,1.1,
5.4,1.5,1.2,
5.4,1.5,1.3,
5.4,1.5,1.4,
5.4,1.5,1.5,
5.4,1.5,1.6,
5.4,1.5,1.7,
5.4,1.5,1.8,
5.4,1.5,1.9,
5.4,1.5,2,
5.4,1.5,2.1,
5.4,1.5,2.2,
5.4,1.5,2.3,
5.4,1.5,2.4,
5.4,1.5,2.5,
5.4,1.5,2.6,
5.4,1.5,2.7,
5.4,1.5,2.8,
5.4,1.5,2.9,
5.4,1.5,3,
5.4,1.5,3.1,
5.4,1.5,3.2,
5.4,1.5,3.3,
5.4,1.5,3.4,
5.4,1.5,3.5,
5.4,1.5,3.6,1.051128746
5.5,1.5,0,
5.5,1.5,0.1,
5.5,1.5,0.2,
5.5,1.5,0.3,
5.5,1.5,0.4,
5.5,1.5,0.5,
5.5,1.5,0.6,
5.5,1.5,0.7,
5.5,1.5,0.8,
5.5,1.5,0.9,
5.5,1.5,1,
5.5,1.5,1.1,
5.5,1.5,1.2,
5.5,1.5,1.3,
5.5,1.5,1.4,
5.5,1.5,1.5,
5.5,1.5,1.6,
5.5,1.5,1.7,
5.5,1.5,1.8,
5.5,1.5,1.9,
5.5,1.5,2,
5.5,1.5,2.1,
5.5,1.5,2.2,
5.5,1.5,2.3,
5.5,1.5,2.4,
5.5,1.5,2.5,
5.5,1.5,2.6,1.183200226
5.5,1.5,2.7,
5.5,1.5,2.8,
5.5,1.5,2.9,
5.5,1.5,3,
5.5,1.5,3.1,
5.5,1.5,3.2,
5.5,1.5,3.3,
5.5,1.5,3.4,
5.5,1.5,3.5,
5.5,1.5,3.6,
5.6,1.5,0,
5.6,1.5,0.1,
5.6,1.5,0.2,
5.6,1.5,0.3,
5.6,1.5,0.4,
5.6,1.5,0.5,
5.6,1.5,0.6,
5.6,1.5,0.7,
5.6,1.5,0.8,
5.6,1.5,0.9,
5.6,1.5,1,
5.6,1.5,1.1,
5.6,1.5,1.2,
5.6,1.5,1.3,
5.6,1.5,1.4,
5.6,1.5,1.5,
5.6,1.5,1.6,
5.6,1.5,1.7,
5.6,1.5,1.8,
5.6,1.5,1.9,
5.6,1.5,2,
5.6,1.5,2.1,
5.6,1.5,2.2,
5.6,1.5,2.3,
5.6,1.5,2.4,
5.6,1.5,2.5,
5.6,1.5,2.6,
5.6,1.5,2.7,
5.6,1.5,2.8,
5.6,1.5,2.9,
5.6,1.5,3,
5.6,1.5,3.1,
5.6,1.5,3.2,
5.6,1.5,3.3,
5.6,1.5,3.4,
5.6,1.5,3.5,
5.6,1.5,3.6,
5.7,1.5,0,
5.7,1.5,0.1,
5.7,1.5,0.2,
5.7,1.5,0.3,
5.7,1.5,0.4,
5.7,1.5,0.5,
5.7,1.5,0.6,
5.7,1.5,0.7,
5.7,1.5,0.8,
5.7,1.5,0.9,
5.7,1.5,1,
5.7,1.5,1.1,
5.7,1.5,1.2,
5.7,1.5,1.3,
5.7,1.5,1.4,
5.7,1.5,1.5,
5.7,1.5,1.6,
5.7,1.5,1.7,
5.7,1.5,1.8,
5.7,1.5,1.9,
5.7,1.5,2,
5.7,1.5,2.1,1.111930625
5.7,1.5,2.2,
5.7,1.5,2.3,
5.7,1.5,2.4,
5.7,1.5,2.5,
5.7,1.5,2.6,
5.7,1.5,2.7,
5.7,1.5,2.8,
5.7,1.5,2.9,
5.7,1.5,3,
5.7,1.5,3.1,
5.7,1.5,3.2,
5.7,1.5,3.3,
5.7,1.5,3.4,1.052898383
5.7,1.5,3.5,
5.7,1.5,3.6,
5.8,1.5,0,
5.8,1.5,0.1,
5.8,1.5,0.2,
5.8,1.5,0.3,
5.8,1.5,0.4,
5.8,1.5,0.5,
5.8,1.5,0.6,
5.8,1.5,0.7,
5.8,1.5,0.8,1.134424486
5.8,1.5,0.9,
5.8,1.5,1,
5.8,1.5,1.1,
5.8,1.5,1.2,
5.8,1.5,1.3,
5.8,1.5,1.4,
5.8,1.5,1.5,
5.8,1.5,1.6,1.092156462
5.8,1.5,1.7,
5.8,1.5,1.8,
5.8,1.5,1.9,
5.8,1.5,2,
5.8,1.5,2.1,1.098446419
5.8,1.5,2.2,
5.8,1.5,2.3,
5.8,1.5,2.4,
5.8,1.5,2.5,1.153975207
5.8,1.5,2.6,1.173352801
5.8,1.5,2.7,
5.8,1.5,2.8,
5.8,1.5,2.9,
5.8,1.5,3,
5.8,1.5,3.1,
5.8,1.5,3.2,
5.8,1.5,3.3,
5.8,1.5,3.4,
5.8,1.5,3.5,
5.8,1.5,3.6,
5.9,1.5,0,
5.9,1.5,0.1,
5.9,1.5,0.2,
5.9,1.5,0.3,
5.9,1.5,0.4,
5.9,1.5,0.5,
5.9,1.5,0.6,
5.9,1.5,0.7,
5.9,1.5,0.8,
5.9,1.5,0.9,
5.9,1.5,1,
5.9,1.5,1.1,
5.9,1.5,1.2,1.126911845
5.9,1.5,1.3,
5.9,1.5,1.4,
5.9,1.5,1.5,
5.9,1.5,1.6,
5.9,1.5,1.7,
5.9,1.5,1.8,
5.9,1.5,1.9,
5.9,1.5,2,
5.9,1.5,2.1,
5.9,1.5,2.2,
5.9,1.5,2.3,
5.9,1.5,2.4,
5.9,1.5,2.5,
5.9,1.5,2.6,
5.9,1.5,2.7,
5.9,1.5,2.8,
5.9,1.5,2.9,
5.9,1.5,3,
5.9,1.5,3.1,
5.9,1.5,3.2,
5.9,1.5,3.3,
5.9,1.5,3.4,
5.9,1.5,3.5,
5.9,1.5,3.6,
6,1.5,0,
6,1.5,0.1,
6,1.5,0.2,
6,1.5,0.3,
6,1.5,0.4,
6,1.5,0.5,
6,1.5,0.6,
6,1.5,0.7,
6,1.5,0.8,
6,1.5,0.9,
6,1.5,1,
6,1.5,1.1,
6,1.5,1.2,
6,1.5,1.3,
6,1.5,1.4,
6,1.5,1.5,
6,1.5,1.6,
6,1.5,1.7,
6,1.5,1.8,
6,1.5,1.9,
6,1.5,2,
6,1.5,2.1,
6,1.5,2.2,
6,1.5,2.3,
6,1.5,2.4,
6,1.5,2.5,
6,1.5,2.6,
6,1.5,2.7,
6,1.5,2.8,1.146460859
6,1.5,2.9,
6,1.5,3,
6,1.5,3.1,
6,1.5,3.2,
6,1.5,3.3,
6,1.5,3.4,
6,1.5,3.5,
6,1.5,3.6,
6.1,1.5,0,
6.1,1.5,0.1,
6.1,1.5,0.2,
6.1,1.5,0.3,1.076283743
6.1,1.5,0.4,1.086124914
6.1,1.5,0.5,
6.1,1.5,0.6,
6.1,1.5,0.7,
6.1,1.5,0.8,
6.1,1.5,0.9,
6.1,1.5,1,
6.1,1.5,1.1,
6.1,1.5,1.2,
6.1,1.5,1.3,
6.1,1.5,1.4,
6.1,1.5,1.5,
6.1,1.5,1.6,
6.1,1.5,1.7,
6.1,1.5,1.8,
6.1,1.5,1.9,
6.1,1.5,2,
6.1,1.5,2.1,
6.1,1.5,2.2,
6.1,1.5,2.3,
6.1,1.5,2.4,
6.1,1.5,2.5,
6.1,1.5,2.6,
6.1,1.5,2.7,
6.1,1.5,2.8,
6.1,1.5,2.9,1.133949172
6.1,1.5,3,
6.1,1.5,3.1,
6.1,1.5,3.2,
6.1,1.5,3.3,
6.1,1.5,3.4,
6.1,1.5,3.5,1.065386192
6.1,1.5,3.6,
6.2,1.5,0,
6.2,1.5,0.1,
6.2,1.5,0.2,
6.2,1.5,0.3,
6.2,1.5,0.4,
6.2,1.5,0.5,
6.2,1.5,0.6,
6.2,1.5,0.7,
6.2,1.5,0.8,
6.2,1.5,0.9,
6.2,1.5,1,
6.2,1.5,1.1,
6.2,1.5,1.2,
6.2,1.5,1.3,
6.2,1.5,1.4,
6.2,1.5,1.5,
6.2,1.5,1.6,
6.2,1.5,1.7,
6.2,1.5,1.8,
6.2,1.5,1.9,
6.2,1.5,2,
6.2,1.5,2.1,
6.2,1.5,2.2,
6.2,1.5,2.3,
6.2,1.5,2.4,
6.2,1.5,2.5,
6.2,1.5,2.6,
6.2,1.5,2.7,1.159194001
6.2,1.5,2.8,
6.2,1.5,2.9,
6.2,1.5,3,
6.2,1.5,3.1,
6.2,1.5,3.2,
6.2,1.5,3.3,
6.2,1.5,3.4,
6.2,1.5,3.5,
6.2,1.5,3.6,
6.3,1.5,0,
6.3,1.5,0.1,
6.3,1.5,0.2,
6.3,1.5,0.3,
6.3,1.5,0.4,
6.3,1.5,0.5,
6.3,1.5,0.6,
6.3,1.5,0.7,
6.3,1.5,0.8,
6.3,1.5,0.9,
6.3,1.5,1,
6.3,1.5,1.1,
6.3,1.5,1.2,
6.3,1.5,1.3,
6.3,1.5,1.4,
6.3,1.5,1.5,
6.3,1.5,1.6,
6.3,1.5,1.7,
6.3,1.5,1.8,
6.3,1.5,1.9,
6.3,1.5,2,
6.3,1.5,2.1,
6.3,1.5,2.2,
6.3,1.5,2.3,
6.3,1.5,2.4,
6.3,1.5,2.5,
6.3,1.5,2.6,
6.3,1.5,2.7,
6.3,1.5,2.8,
6.3,1.5,2.9,
6.3,1.5,3,
6.3,1.5,3.1,
6.3,1.5,3.2,
6.3,1.5,3.3,
6.3,1.5,3.4,
6.3,1.5,3.5,
6.3,1.5,3.6,
6.4,1.5,0,1.095626371
6.4,1.5,0.1,
6.4,1.5,0.2,
6.4,1.5,0.3,
6.4,1.5,0.4,
6.4,1.5,0.5,
6.4,1.5,0.6,
6.4,1.5,0.7,
6.4,1.5,0.8,
6.4,1.5,0.9,
6.4,1.5,1,
6.4,1.5,1.1,
6.4,1.5,1.2,
6.4,1.5,1.3,
6.4,1.5,1.4,
6.4,1.5,1.5,
6.4,1.5,1.6,
6.4,1.5,1.7,
6.4,1.5,1.8,
6.4,1.5,1.9,
6.4,1.5,2,
6.4,1.5,2.1,
6.4,1.5,2.2,
6.4,1.5,2.3,
6.4,1.5,2.4,
6.4,1.5,2.5,
6.4,1.5,2.6,
6.4,1.5,2.7,
6.4,1.5,2.8,
6.4,1.5,2.9,
6.4,1.5,3,
6.4,1.5,3.1,
6.4,1.5,3.2,1.121288806
6.4,1.5,3.3,
6.4,1.5,3.4,
6.4,1.5,3.5,
6.4,1.5,3.6,
6.5,1.5,0,
6.5,1.5,0.1,
6.5,1.5,0.2,1.116621229
6.5,1.5,0.3,
6.5,1.5,0.4,
6.5,1.5,0.5,
6.5,1.5,0.6,
6.5,1.5,0.7,
6.5,1.5,0.8,
6.5,1.5,0.9,
6.5,1.5,1,
6.5,1.5,1.1,
6.5,1.5,1.2,
6.5,1.5,1.3,
6.5,1.5,1.4,
6.5,1.5,1.5,
6.5,1.5,1.6,1.052247669
6.5,1.5,1.7,
6.5,1.5,1.8,
6.5,1.5,1.9,
6.5,1.5,2,
6.5,1.5,2.1,
6.5,1.5,2.2,
6.5,1.5,2.3,
6.5,1.5,2.4,1.093770882
6.5,1.5,2.5,
6.5,1.5,2.6,
6.5,1.5,2.7,
6.5,1.5,2.8,
6.5,1.5,2.9,
6.5,1.5,3,
6.5,1.5,3.1,
6.5,1.5,3.2,
6.5,1.5,3.3,
6.5,1.5,3.4,
6.5,1.5,3.5,
6.5,1.5,3.6,
6.6,1.5,0,
6.6,1.5,0.1,
6.6,1.5,0.2,1.133666883
6.6,1.5,0.3,
6.6,1.5,0.4,
6.6,1.5,0.5,
6.6,1.5,0.6,
6.6,1.5,0.7,
6.6,1.5,0.8,
6.6,1.5,0.9,
6.6,1.5,1,
6.6,1.5,1.1,
6.6,1.5,1.2,
6.6,1.5,1.3,
6.6,1.5,1.4,
6.6,1.5,1.5,
6.6,1.5,1.6,
6.6,1.5,1.7,
6.6,1.5,1.8,
6.6,1.5,1.9,
6.6,1.5,2,
6.6,1.5,2.1,
6.6,1.5,2.2,
6.6,1.5,2.3,
6.6,1.5,2.4,
6.6,1.5,2.5,
6.6,1.5,2.6,
6.6,1.5,2.7,
6.6,1.5,2.8,
6.6,1.5,2.9,
6.6,1.5,3,1.18482886
6.6,1.5,3.1,
6.6,1.5,3.2,
6.6,1.5,3.3,
6.6,1.5,3.4,
6.6,1.5,3.5,
6.6,1.5,3.6,
6.7,1.5,0,
6.7,1.5,0.1,
6.7,1.5,0.2,
6.7,1.5,0.3,
6.7,1.5,0.4,
6.7,1.5,0.5,
6.7,1.5,0.6,
6.7,1.5,0.7,
6.7,1.5,0.8,1.164202997
6.7,1.5,0.9,
6.7,1.5,1,
6.7,1.5,1.1,
6.7,1.5,1.2,
6.7,1.5,1.3,
6.7,1.5,1.4,
6.7,1.5,1.5,
6.7,1.5,1.6,
6.7,1.5,1.7,
6.7,1.5,1.8,
6.7,1.5,1.9,
6.7,1.5,2,
6.7,1.5,2.1,
6.7,1.5,2.2,
6.7,1.5,2.3,
6.7,1.5,2.4,
6.7,1.5,2.5,
6.7,1.5,2.6,
6.7,1.5,2.7,
6.7,1.5,2.8,
6.7,1.5,2.9,
6.7,1.5,3,
6.7,1.5,3.1,1.188273753
6.7,1.5,3.2,
6.7,1.5,3.3,
6.7,1.5,3.4,
6.7,1.5,3.5,
6.7,1.5,3.6,
6.8,1.5,0,
6.8,1.5,0.1,1.168942496
6.8,1.5,0.2,
6.8,1.5,0.3,
6.8,1.5,0.4,
6.8,1.5,0.5,
6.8,1.5,0.6,
6.8,1.5,0.7,
6.8,1.5,0.8,
6.8,1.5,0.9,
6.8,1.5,1,
6.8,1.5,1.1,
6.8,1.5,1.2,
6.8,1.5,1.3,
6.8,1.5,1.4,
6.8,1.5,1.5,
6.8,1.5,1.6,
6.8,1.5,1.7,
6.8,1.5,1.8,
6.8,1.5,1.9,
6.8,1.5,2,
6.8,1.5,2.1,
6.8,1.5,2.2,
6.8,1.5,2.3,
6.8,1.5,2.4,
6.8,1.5,2.5,
6.8,1.5,2.6,
6.8,1.5,2.7,1.159864899
6.8,1.5,2.8,1.156213051
6.8,1.5,2.9,
6.8,1.5,3,
6.8,1.5,3.1,1.210413687
6.8,1.5,3.2,
6.8,1.5,3.3,
6.8,1.5,3.4,1.174953008
6.8,1.5,3.5,
6.8,1.5,3.6,
6.9,1.5,0,
6.9,1.5,0.1,
6.9,1.5,0.2,
6.9,1.5,0.3,
6.9,1.5,0.4,
6.9,1.5,0.5,
6.9,1.5,0.6,
6.9,1.5,0.7,
6.9,1.5,0.8,
6.9,1.5,0.9,1.168166415
6.9,1.5,1,
6.9,1.5,1.1,
6.9,1.5,1.2,
6.9,1.5,1.3,
6.9,1.5,1.4,
6.9,1.5,1.5,
6.9,1.5,1.6,
6.9,1.5,1.7,
6.9,1.5,1.8,
6.9,1.5,1.9,
6.9,1.5,2,
6.9,1.5,2.1,
6.9,1.5,2.2,
6.9,1.5,2.3,
6.9,1.5,2.4,
6.9,1.5,2.5,
6.9,1.5,2.6,
6.9,1.5,2.7,
6.9,1.5,2.8,
6.9,1.5,2.9,
6.9,1.5,3,1.252650157
6.9,1.5,3.1,
6.9,1.5,3.2,1.219267557
6.9,1.5,3.3,
6.9,1.5,3.4,1.198017701
6.9,1.5,3.5,
6.9,1.5,3.6,
7,1.5,0,1.21451896
7,1.5,0.1,
7,1.5,0.2,
7,1.5,0.3,
7,1.5,0.4,
7,1.5,0.5,
7,1.5,0.6,
7,1.5,0.7,
7,1.5,0.8,
7,1.5,0.9,
7,1.5,1,
7,1.5,1.1,
7,1.5,1.2,
7,1.5,1.3,
7,1.5,1.4,
7,1.5,1.5,
7,1.5,1.6,
7,1.5,1.7,
7,1.5,1.8,
7,1.5,1.9,
7,1.5,2,
7,1.5,2.1,
7,1.5,2.2,
7,1.5,2.3,
7,1.5,2.4,
7,1.5,2.5,
7,1.5,2.6,
7,1.5,2.7,
7,1.5,2.8,
7,1.5,2.9,1.121420427
7,1.5,3,
7,1.5,3.1,
7,1.5,3.2,
7,1.5,3.3,
7,1.5,3.4,1.222679189
7,1.5,3.5,
7,1.5,3.6,
7.1,1.5,0,
7.1,1.5,0.1,
7.1,1.5,0.2,
7.1,1.5,0.3,
7.1,1.5,0.4,
7.1,1.5,0.5,
7.1,1.5,0.6,
7.1,1.5,0.7,
7.1,1.5,0.8,
7.1,1.5,0.9,
7.1,1.5,1,
7.1,1.5,1.1,1.147855248
7.1,1.5,1.2,
7.1,1.5,1.3,
7.1,1.5,1.4,
7.1,1.5,1.5,
7.1,1.5,1.6,
7.1,1.5,1.7,
7.1,1.5,1.8,
7.1,1.5,1.9,
7.1,1.5,2,
7.1,1.5,2.1,
7.1,1.5,2.2,
7.1,1.5,2.3,
7.1,1.5,2.4,
7.1,1.5,2.5,
7.1,1.5,2.6,
7.1,1.5,2.7,
7.1,1.5,2.8,
7.1,1.5,2.9,
7.1,1.5,3,
7.1,1.5,3.1,
7.1,1.5,3.2,
7.1,1.5,3.3,
7.1,1.5,3.4,1.247603351
7.1,1.5,3.5,
7.1,1.5,3.6,
7.2,1.5,0,
7.2,1.5,0.1,1.047810926
7.2,1.5,0.2,
7.2,1.5,0.3,
7.2,1.5,0.4,1.067820757
7.2,1.5,0.5,
7.2,1.5,0.6,
7.2,1.5,0.7,1.110919445
7.2,1.5,0.8,
7.2,1.5,0.9,
7.2,1.5,1,
7.2,1.5,1.1,1.160592653
7.2,1.5,1.2,
7.2,1.5,1.3,
7.2,1.5,1.4,
7.2,1.5,1.5,
7.2,1.5,1.6,
7.2,1.5,1.7,
7.2,1.5,1.8,
7.2,1.5,1.9,
7.2,1.5,2,
7.2,1.5,2.1,
7.2,1.5,2.2,
7.2,1.5,2.3,
7.2,1.5,2.4,1.140635698
7.2,1.5,2.5,
7.2,1.5,2.6,
7.2,1.5,2.7,
7.2,1.5,2.8,
7.2,1.5,2.9,
7.2,1.5,3,
7.2,1.5,3.1,
7.2,1.5,3.2,
7.2,1.5,3.3,
7.2,1.5,3.4,1.052646796
7.2,1.5,3.5,
7.2,1.5,3.6,
7.3,1.5,0,
7.3,1.5,0.1,
7.3,1.5,0.2,
7.3,1.5,0.3,
7.3,1.5,0.4,
7.3,1.5,0.5,
7.3,1.5,0.6,
7.3,1.5,0.7,
7.3,1.5,0.8,
7.3,1.5,0.9,
7.3,1.5,1,
7.3,1.5,1.1,
7.3,1.5,1.2,
7.3,1.5,1.3,
7.3,1.5,1.4,1.128846648
7.3,1.5,1.5,
7.3,1.5,1.6,
7.3,1.5,1.7,
7.3,1.5,1.8,1.104115511
7.3,1.5,1.9,
7.3,1.5,2,
7.3,1.5,2.1,
7.3,1.5,2.2,
7.3,1.5,2.3,
7.3,1.5,2.4,
7.3,1.5,2.5,1.172847353
7.3,1.5,2.6,
7.3,1.5,2.7,
7.3,1.5,2.8,
7.3,1.5,2.9,
7.3,1.5,3,
7.3,1.5,3.1,
7.3,1.5,3.2,
7.3,1.5,3.3,
7.3,1.5,3.4,
7.3,1.5,3.5,
7.3,1.5,3.6,
7.4,1.5,0,
7.4,1.5,0.1,
7.4,1.5,0.2,
7.4,1.5,0.3,
7.4,1.5,0.4,
7.4,1.5,0.5,
7.4,1.5,0.6,
7.4,1.5,0.7,
7.4,1.5,0.8,
7.4,1.5,0.9,
7.4,1.5,1,1.210543034
7.4,1.5,1.1,1.19276792
7.4,1.5,1.2,
7.4,1.5,1.3,
7.4,1.5,1.4,
7.4,1.5,1.5,
7.4,1.5,1.6,
7.4,1.5,1.7,
7.4,1.5,1.8,
7.4,1.5,1.9,
7.4,1.5,2,
7.4,1.5,2.1,
7.4,1.5,2.2,
7.4,1.5,2.3,
7.4,1.5,2.4,
7.4,1.5,2.5,
7.4,1.5,2.6,
7.4,1.5,2.7,
7.4,1.5,2.8,
7.4,1.5,2.9,
7.4,1.5,3,
7.4,1.5,3.1,
7.4,1.5,3.2,
7.4,1.5,3.3,
7.4,1.5,3.4,
7.4,1.5,3.5,
7.4,1.5,3.6,
7.5,1.5,0,
7.5,1.5,0.1,
7.5,1.5,0.2,
7.5,1.5,0.3,
7.5,1.5,0.4,
7.5,1.5,0.5,
7.5,1.5,0.6,1.095919463
7.5,1.5,0.7,
7.5,1.5,0.8,
7.5,1.5,0.9,
7.5,1.5,1,1.177946465
7.5,1.5,1.1,1.212219143
7.5,1.5,1.2,
7.5,1.5,1.3,1.177460064
7.5,1.5,1.4,
7.5,1.5,1.5,
7.5,1.5,1.6,
7.5,1.5,1.7,
7.5,1.5,1.8,
7.5,1.5,1.9,
7.5,1.5,2,
7.5,1.5,2.1,1.151164256
7.5,1.5,2.2,
7.5,1.5,2.3,
7.5,1.5,2.4,
7.5,1.5,2.5,1.209434346
7.5,1.5,2.6,
7.5,1.5,2.7,
7.5,1.5,2.8,
7.5,1.5,2.9,1.115452842
7.5,1.5,3,
7.5,1.5,3.1,
7.5,1.5,3.2,
7.5,1.5,3.3,
7.5,1.5,3.4,
7.5,1.5,3.5,
7.5,1.5,3.6,1.055707344
7.6,1.5,0,
7.6,1.5,0.1,
7.6,1.5,0.2,1.067769018
7.6,1.5,0.3,
7.6,1.5,0.4,
7.6,1.5,0.5,
7.6,1.5,0.6,
7.6,1.5,0.7,
7.6,1.5,0.8,
7.6,1.5,0.9,1.157962788
7.6,1.5,1,
7.6,1.5,1.1,
7.6,1.5,1.2,1.215003372
7.6,1.5,1.3,
7.6,1.5,1.4,
7.6,1.5,1.5,
7.6,1.5,1.6,
7.6,1.5,1.7,
7.6,1.5,1.8,
7.6,1.5,1.9,
7.6,1.5,2,
7.6,1.5,2.1,
7.6,1.5,2.2,
7.6,1.5,2.3,
7.6,1.5,2.4,
7.6,1.5,2.5,
7.6,1.5,2.6,1.153518086
7.6,1.5,2.7,
7.6,1.5,2.8,
7.6,1.5,2.9,
7.6,1.5,3,
7.6,1.5,3.1,
7.6,1.5,3.2,1.085429283
7.6,1.5,3.3,
7.6,1.5,3.4,
7.6,1.5,3.5,
7.6,1.5,3.6,
7.7,1.5,0,
7.7,1.5,0.1,1.072423234
7.7,1.5,0.2,1.076502922
7.7,1.5,0.3,1.083274448
7.7,1.5,0.4,1.09270114
7.7,1.5,0.5,
7.7,1.5,0.6,
7.7,1.5,0.7,
7.7,1.5,0.8,
7.7,1.5,0.9,
7.7,1.5,1,
7.7,1.5,1.1,1.257648919
7.7,1.5,1.2,1.238093934
7.7,1.5,1.3,
7.7,1.5,1.4,
7.7,1.5,1.5,
7.7,1.5,1.6,
7.7,1.5,1.7,1.180576615
7.7,1.5,1.8,
7.7,1.5,1.9,
7.7,1.5,2,
7.7,1.5,2.1,
7.7,1.5,2.2,
7.7,1.5,2.3,
7.7,1.5,2.4,
7.7,1.5,2.5,
7.7,1.5,2.6,
7.7,1.5,2.7,
7.7,1.5,2.8,
7.7,1.5,2.9,
7.7,1.5,3,
7.7,1.5,3.1,
7.7,1.5,3.2,
7.7,1.5,3.3,
7.7,1.5,3.4,
7.7,1.5,3.5,
7.7,1.5,3.6,
7.8,1.5,0,1.081869826
7.8,1.5,0.1,1.083248579
7.8,1.5,0.2,1.087472396
7.8,1.5,0.3,
7.8,1.5,0.4,
7.8,1.5,0.5,
7.8,1.5,0.6,
7.8,1.5,0.7,
7.8,1.5,0.8,
7.8,1.5,0.9,1.171432496
7.8,1.5,1,1.141956174
7.8,1.5,1.1,
7.8,1.5,1.2,
7.8,1.5,1.3,
7.8,1.5,1.4,
7.8,1.5,1.5,
7.8,1.5,1.6,
7.8,1.5,1.7,1.05346552
7.8,1.5,1.8,
7.8,1.5,1.9,
7.8,1.5,2,
7.8,1.5,2.1,
7.8,1.5,2.2,
7.8,1.5,2.3,
7.8,1.5,2.4,
7.8,1.5,2.5,1.280170355
7.8,1.5,2.6,
7.8,1.5,2.7,
7.8,1.5,2.8,
7.8,1.5,2.9,1.133913637
7.8,1.5,3,
7.8,1.5,3.1,
7.8,1.5,3.2,
7.8,1.5,3.3,
7.8,1.5,3.4,
7.8,1.5,3.5,
7.8,1.5,3.6,
7.9,1.5,0,1.094922496
7.9,1.5,0.1,1.096320296
7.9,1.5,0.2,1.100500335
7.9,1.5,0.3,
7.9,1.5,0.4,
7.9,1.5,0.5,
7.9,1.5,0.6,
7.9,1.5,0.7,
7.9,1.5,0.8,
7.9,1.5,0.9,
7.9,1.5,1,
7.9,1.5,1.1,
7.9,1.5,1.2,
7.9,1.5,1.3,
7.9,1.5,1.4,
7.9,1.5,1.5,
7.9,1.5,1.6,
7.9,1.5,1.7,
7.9,1.5,1.8,
7.9,1.5,1.9,
7.9,1.5,2,
7.9,1.5,2.1,
7.9,1.5,2.2,
7.9,1.5,2.3,
7.9,1.5,2.4,
7.9,1.5,2.5,
7.9,1.5,2.6,1.133772919
7.9,1.5,2.7,1.179346824
7.9,1.5,2.8,
7.9,1.5,2.9,
7.9,1.5,3,
7.9,1.5,3.1,
7.9,1.5,3.2,
7.9,1.5,3.3,
7.9,1.5,3.4,
7.9,1.5,3.5,
7.9,1.5,3.6,
8,1.5,0,2.497327708
8,1.5,0.1,2.491581008
8,1.5,0.2,
8,1.5,0.3,1.122962641
8,1.5,0.4,
8,1.5,0.5,
8,1.5,0.6,
8,1.5,0.7,
8,1.5,0.8,1.180361416
8,1.5,0.9,
8,1.5,1,
8,1.5,1.1,
8,1.5,1.2,1.096211986
8,1.5,1.3,
8,1.5,1.4,
8,1.5,1.5,
8,1.5,1.6,
8,1.5,1.7,
8,1.5,1.8,
8,1.5,1.9,
8,1.5,2,
8,1.5,2.1,1.05831532
8,1.5,2.2,
8,1.5,2.3,
8,1.5,2.4,1.093867821
8,1.5,2.5,
8,1.5,2.6,
8,1.5,2.7,1.152293696
8,1.5,2.8,1.176591023
8,1.5,2.9,
8,1.5,3,
8,1.5,3.1,1.123209395
8,1.5,3.2,
8,1.5,3.3,
8,1.5,3.4,
8,1.5,3.5,
8,1.5,3.6,
