dx,gb,dz,gb_energy
0,1,0,
0,1,0.1,
0,1,0.2,
0,1,0.3,
0,1,0.4,
0,1,0.5,
0,1,0.6,
0,1,0.7,
0,1,0.8,
0,1,0.9,
0,1,1,
0,1,1.1,1.071495063
0,1,1.2,
0,1,1.3,
0,1,1.4,
0,1,1.5,
0,1,1.6,
0,1,1.7,
0,1,1.8,
0,1,1.9,1.189974026
0,1,2,
0,1,2.1,
0,1,2.2,
0,1,2.3,1.250645705
0,1,2.4,
0,1,2.5,
0,1,2.6,
0,1,2.7,
0,1,2.8,1.146468819
0,1,2.9,
0,1,3,
0,1,3.1,
0,1,3.2,
0,1,3.3,
0,1,3.4,
0,1,3.5,
0,1,3.6,1.0130527
0.1,1,0,
0.1,1,0.1,
0.1,1,0.2,
0.1,1,0.3,
0.1,1,0.4,
0.1,1,0.5,
0.1,1,0.6,
0.1,1,0.7,
0.1,1,0.8,
0.1,1,0.9,
0.1,1,1,
0.1,1,1.1,
0.1,1,1.2,
0.1,1,1.3,
0.1,1,1.4,
0.1,1,1.5,
0.1,1,1.6,
0.1,1,1.7,
0.1,1,1.8,
0.1,1,1.9,
0.1,1,2,
0.1,1,2.1,
0.1,1,2.2,1.016216725
0.1,1,2.3,
0.1,1,2.4,
0.1,1,2.5,
0.1,1,2.6,
0.1,1,2.7,
0.1,1,2.8,
0.1,1,2.9,
0.1,1,3,
0.1,1,3.1,
0.1,1,3.2,
0.1,1,3.3,
0.1,1,3.4,
0.1,1,3.5,
0.1,1,3.6,
0.2,1,0,0.997970846
0.2,1,0.1,
0.2,1,0.2,
0.2,1,0.3,1.014331956
0.2,1,0.4,1.027009378
0.2,1,0.5,
0.2,1,0.6,
0.2,1,0.7,
0.2,1,0.8,
0.2,1,0.9,
0.2,1,1,
0.2,1,1.1,
0.2,1,1.2,
0.2,1,1.3,
0.2,1,1.4,
0.2,1,1.5,
0.2,1,1.6,
0.2,1,1.7,
0.2,1,1.8,
0.2,1,1.9,
0.2,1,2,
0.2,1,2.1,
0.2,1,2.2,
0.2,1,2.3,
0.2,1,2.4,
0.2,1,2.5,
0.2,1,2.6,1.095605335
0.2,1,2.7,
0.2,1,2.8,
0.2,1,2.9,
0.2,1,3,
0.2,1,3.1,
0.2,1,3.2,
0.2,1,3.3,
0.2,1,3.4,
0.2,1,3.5,
0.2,1,3.6,
0.3,1,0,
0.3,1,0.1,
0.3,1,0.2,1.000969989
0.3,1,0.3,
0.3,1,0.4,
0.3,1,0.5,
0.3,1,0.6,
0.3,1,0.7,
0.3,1,0.8,
0.3,1,0.9,
0.3,1,1,
0.3,1,1.1,
0.3,1,1.2,
0.3,1,1.3,
0.3,1,1.4,
0.3,1,1.5,1.008814384
0.3,1,1.6,
0.3,1,1.7,
0.3,1,1.8,
0.3,1,1.9,
0.3,1,2,
0.3,1,2.1,
0.3,1,2.2,
0.3,1,2.3,
0.3,1,2.4,
0.3,1,2.5,
0.3,1,2.6,
0.3,1,2.7,
0.3,1,2.8,
0.3,1,2.9,
0.3,1,3,
0.3,1,3.1,
0.3,1,3.2,
0.3,1,3.3,
0.3,1,3.4,
0.3,1,3.5,
0.3,1,3.6,
0.4,1,0,
0.4,1,0.1,0.993202918
0.4,1,0.2,
0.4,1,0.3,
0.4,1,0.4,
0.4,1,0.5,
0.4,1,0.6,1.055264437
0.4,1,0.7,
0.4,1,0.8,
0.4,1,0.9,
0.4,1,1,
0.4,1,1.1,
0.4,1,1.2,
0.4,1,1.3,
0.4,1,1.4,
0.4,1,1.5,
0.4,1,1.6,
0.4,1,1.7,
0.4,1,1.8,
0.4,1,1.9,
0.4,1,2,
0.4,1,2.1,
0.4,1,2.2,
0.4,1,2.3,
0.4,1,2.4,
0.4,1,2.5,
0.4,1,2.6,
0.4,1,2.7,
0.4,1,2.8,
0.4,1,2.9,
0.4,1,3,
0.4,1,3.1,
0.4,1,3.2,
0.4,1,3.3,
0.4,1,3.4,
0.4,1,3.5,
0.4,1,3.6,
0.5,1,0,
0.5,1,0.1,
0.5,1,0.2,
0.5,1,0.3,
0.5,1,0.4,
0.5,1,0.5,
0.5,1,0.6,
0.5,1,0.7,
0.5,1,0.8,
0.5,1,0.9,
0.5,1,1,
0.5,1,1.1,
0.5,1,1.2,
0.5,1,1.3,
0.5,1,1.4,
0.5,1,1.5,
0.5,1,1.6,
0.5,1,1.7,
0.5,1,1.8,
0.5,1,1.9,
0.5,1,2,
0.5,1,2.1,
0.5,1,2.2,
0.5,1,2.3,
0.5,1,2.4,
0.5,1,2.5,
0.5,1,2.6,
0.5,1,2.7,
0.5,1,2.8,
0.5,1,2.9,
0.5,1,3,
0.5,1,3.1,
0.5,1,3.2,
0.5,1,3.3,
0.5,1,3.4,0.998615875
0.5,1,3.5,
0.5,1,3.6,
0.6,1,0,0.990432335
0.6,1,0.1,
0.6,1,0.2,
0.6,1,0.3,
0.6,1,0.4,
0.6,1,0.5,
0.6,1,0.6,
0.6,1,0.7,
0.6,1,0.8,
0.6,1,0.9,
0.6,1,1,
0.6,1,1.1,
0.6,1,1.2,
0.6,1,1.3,
0.6,1,1.4,
0.6,1,1.5,
0.6,1,1.6,
0.6,1,1.7,
0.6,1,1.8,
0.6,1,1.9,
0.6,1,2,1.01113467
0.6,1,2.1,
0.6,1,2.2,
0.6,1,2.3,
0.6,1,2.4,
0.6,1,2.5,
0.6,1,2.6,
0.6,1,2.7,
0.6,1,2.8,
0.6,1,2.9,
0.6,1,3,
0.6,1,3.1,
0.6,1,3.2,
0.6,1,3.3,
0.6,1,3.4,
0.6,1,3.5,
0.6,1,3.6,
0.7,1,0,
0.7,1,0.1,
0.7,1,0.2,
0.7,1,0.3,
0.7,1,0.4,
0.7,1,0.5,
0.7,1,0.6,
0.7,1,0.7,
0.7,1,0.8,
0.7,1,0.9,
0.7,1,1,
0.7,1,1.1,
0.7,1,1.2,
0.7,1,1.3,
0.7,1,1.4,
0.7,1,1.5,
0.7,1,1.6,
0.7,1,1.7,
0.7,1,1.8,
0.7,1,1.9,
0.7,1,2,
0.7,1,2.1,
0.7,1,2.2,
0.7,1,2.3,
0.7,1,2.4,
0.7,1,2.5,1.120761184
0.7,1,2.6,
0.7,1,2.7,
0.7,1,2.8,
0.7,1,2.9,
0.7,1,3,
0.7,1,3.1,
0.7,1,3.2,
0.7,1,3.3,
0.7,1,3.4,
0.7,1,3.5,
0.7,1,3.6,
0.8,1,0,
0.8,1,0.1,
0.8,1,0.2,
0.8,1,0.3,
0.8,1,0.4,
0.8,1,0.5,1.034649376
0.8,1,0.6,
0.8,1,0.7,
0.8,1,0.8,1.206706404
0.8,1,0.9,
0.8,1,1,
0.8,1,1.1,
0.8,1,1.2,
0.8,1,1.3,
0.8,1,1.4,
0.8,1,1.5,
0.8,1,1.6,
0.8,1,1.7,1.016263916
0.8,1,1.8,
0.8,1,1.9,
0.8,1,2,
0.8,1,2.1,
0.8,1,2.2,
0.8,1,2.3,
0.8,1,2.4,
0.8,1,2.5,
0.8,1,2.6,
0.8,1,2.7,
0.8,1,2.8,
0.8,1,2.9,
0.8,1,3,
0.8,1,3.1,
0.8,1,3.2,
0.8,1,3.3,
0.8,1,3.4,
0.8,1,3.5,0.99294991
0.8,1,3.6,
0.9,1,0,
0.9,1,0.1,
0.9,1,0.2,
0.9,1,0.3,
0.9,1,0.4,
0.9,1,0.5,
0.9,1,0.6,
0.9,1,0.7,
0.9,1,0.8,
0.9,1,0.9,
0.9,1,1,
0.9,1,1.1,
0.9,1,1.2,
0.9,1,1.3,
0.9,1,1.4,
0.9,1,1.5,
0.9,1,1.6,
0.9,1,1.7,
0.9,1,1.8,
0.9,1,1.9,
0.9,1,2,
0.9,1,2.1,
0.9,1,2.2,
0.9,1,2.3,
0.9,1,2.4,
0.9,1,2.5,
0.9,1,2.6,
0.9,1,2.7,
0.9,1,2.8,
0.9,1,2.9,
0.9,1,3,
0.9,1,3.1,
0.9,1,3.2,
0.9,1,3.3,
0.9,1,3.4,
0.9,1,3.5,
0.9,1,3.6,
1,1,0,
1,1,0.1,0.992400967
1,1,0.2,
1,1,0.3,
1,1,0.4,
1,1,0.5,
1,1,0.6,
1,1,0.7,
1,1,0.8,
1,1,0.9,
1,1,1,1.121290512
1,1,1.1,
1,1,1.2,
1,1,1.3,
1,1,1.4,
1,1,1.5,
1,1,1.6,
1,1,1.7,
1,1,1.8,
1,1,1.9,
1,1,2,
1,1,2.1,
1,1,2.2,
1,1,2.3,
1,1,2.4,
1,1,2.5,
1,1,2.6,
1,1,2.7,
1,1,2.8,
1,1,2.9,
1,1,3,
1,1,3.1,
1,1,3.2,
1,1,3.3,
1,1,3.4,
1,1,3.5,
1,1,3.6,
1.1,1,0,
1.1,1,0.1,
1.1,1,0.2,
1.1,1,0.3,1.008878347
1.1,1,0.4,
1.1,1,0.5,
1.1,1,0.6,
1.1,1,0.7,
1.1,1,0.8,
1.1,1,0.9,
1.1,1,1,
1.1,1,1.1,
1.1,1,1.2,
1.1,1,1.3,
1.1,1,1.4,
1.1,1,1.5,
1.1,1,1.6,
1.1,1,1.7,
1.1,1,1.8,
1.1,1,1.9,
1.1,1,2,
1.1,1,2.1,
1.1,1,2.2,
1.1,1,2.3,
1.1,1,2.4,
1.1,1,2.5,
1.1,1,2.6,
1.1,1,2.7,
1.1,1,2.8,
1.1,1,2.9,
1.1,1,3,
1.1,1,3.1,
1.1,1,3.2,
1.1,1,3.3,
1.1,1,3.4,
1.1,1,3.5,
1.1,1,3.6,
1.2,1,0,
1.2,1,0.1,
1.2,1,0.2,1.001359451
1.2,1,0.3,
1.2,1,0.4,
1.2,1,0.5,
1.2,1,0.6,
1.2,1,0.7,
1.2,1,0.8,
1.2,1,0.9,
1.2,1,1,
1.2,1,1.1,
1.2,1,1.2,
1.2,1,1.3,
1.2,1,1.4,
1.2,1,1.5,
1.2,1,1.6,
1.2,1,1.7,
1.2,1,1.8,
1.2,1,1.9,
1.2,1,2,
1.2,1,2.1,
1.2,1,2.2,
1.2,1,2.3,
1.2,1,2.4,
1.2,1,2.5,
1.2,1,2.6,
1.2,1,2.7,
1.2,1,2.8,
1.2,1,2.9,1.091998118
1.2,1,3,
1.2,1,3.1,
1.2,1,3.2,
1.2,1,3.3,
1.2,1,3.4,
1.2,1,3.5,
1.2,1,3.6,
1.3,1,0,0.996623079
1.3,1,0.1,
1.3,1,0.2,
1.3,1,0.3,
1.3,1,0.4,
1.3,1,0.5,
1.3,1,0.6,
1.3,1,0.7,
1.3,1,0.8,
1.3,1,0.9,
1.3,1,1,
1.3,1,1.1,
1.3,1,1.2,
1.3,1,1.3,
1.3,1,1.4,
1.3,1,1.5,
1.3,1,1.6,
1.3,1,1.7,
1.3,1,1.8,
1.3,1,1.9,
1.3,1,2,
1.3,1,2.1,
1.3,1,2.2,
1.3,1,2.3,
1.3,1,2.4,
1.3,1,2.5,
1.3,1,2.6,
1.3,1,2.7,
1.3,1,2.8,
1.3,1,2.9,
1.3,1,3,
1.3,1,3.1,
1.3,1,3.2,
1.3,1,3.3,
1.3,1,3.4,
1.3,1,3.5,
1.3,1,3.6,
1.4,1,0,
1.4,1,0.1,
1.4,1,0.2,
1.4,1,0.3,
1.4,1,0.4,
1.4,1,0.5,
1.4,1,0.6,
1.4,1,0.7,
1.4,1,0.8,
1.4,1,0.9,
1.4,1,1,
1.4,1,1.1,
1.4,1,1.2,
1.4,1,1.3,
1.4,1,1.4,
1.4,1,1.5,
1.4,1,1.6,
1.4,1,1.7,
1.4,1,1.8,0.990435462
1.4,1,1.9,
1.4,1,2,
1.4,1,2.1,
1.4,1,2.2,
1.4,1,2.3,
1.4,1,2.4,
1.4,1,2.5,1.07218046
1.4,1,2.6,
1.4,1,2.7,
1.4,1,2.8,
1.4,1,2.9,
1.4,1,3,
1.4,1,3.1,1.057300728
1.4,1,3.2,
1.4,1,3.3,
1.4,1,3.4,
1.4,1,3.5,
1.4,1,3.6,
1.5,1,0,1.022711079
1.5,1,0.1,
1.5,1,0.2,
1.5,1,0.3,1.042715225
1.5,1,0.4,
1.5,1,0.5,
1.5,1,0.6,
1.5,1,0.7,
1.5,1,0.8,
1.5,1,0.9,
1.5,1,1,
1.5,1,1.1,
1.5,1,1.2,
1.5,1,1.3,
1.5,1,1.4,
1.5,1,1.5,
1.5,1,1.6,
1.5,1,1.7,
1.5,1,1.8,
1.5,1,1.9,
1.5,1,2,
1.5,1,2.1,
1.5,1,2.2,
1.5,1,2.3,
1.5,1,2.4,
1.5,1,2.5,
1.5,1,2.6,
1.5,1,2.7,
1.5,1,2.8,
1.5,1,2.9,
1.5,1,3,
1.5,1,3.1,
1.5,1,3.2,
1.5,1,3.3,
1.5,1,3.4,
1.5,1,3.5,
1.5,1,3.6,
1.6,1,0,
1.6,1,0.1,1.01585029
1.6,1,0.2,
1.6,1,0.3,
1.6,1,0.4,
1.6,1,0.5,
1.6,1,0.6,
1.6,1,0.7,
1.6,1,0.8,
1.6,1,0.9,
1.6,1,1,
1.6,1,1.1,
1.6,1,1.2,
1.6,1,1.3,
1.6,1,1.4,
1.6,1,1.5,
1.6,1,1.6,
1.6,1,1.7,
1.6,1,1.8,
1.6,1,1.9,
1.6,1,2,
1.6,1,2.1,
1.6,1,2.2,
1.6,1,2.3,
1.6,1,2.4,
1.6,1,2.5,
1.6,1,2.6,
1.6,1,2.7,
1.6,1,2.8,
1.6,1,2.9,
1.6,1,3,
1.6,1,3.1,
1.6,1,3.2,
1.6,1,3.3,
1.6,1,3.4,
1.6,1,3.5,
1.6,1,3.6,
1.7,1,0,
1.7,1,0.1,
1.7,1,0.2,
1.7,1,0.3,
1.7,1,0.4,
1.7,1,0.5,
1.7,1,0.6,
1.7,1,0.7,
1.7,1,0.8,
1.7,1,0.9,
1.7,1,1,
1.7,1,1.1,
1.7,1,1.2,
1.7,1,1.3,
1.7,1,1.4,
1.7,1,1.5,
1.7,1,1.6,
1.7,1,1.7,
1.7,1,1.8,
1.7,1,1.9,
1.7,1,2,
1.7,1,2.1,
1.7,1,2.2,
1.7,1,2.3,
1.7,1,2.4,
1.7,1,2.5,
1.7,1,2.6,
1.7,1,2.7,
1.7,1,2.8,
1.7,1,2.9,
1.7,1,3,
1.7,1,3.1,
1.7,1,3.2,
1.7,1,3.3,
1.7,1,3.4,
1.7,1,3.5,
1.7,1,3.6,
1.8,1,0,
1.8,1,0.1,
1.8,1,0.2,1.007880528
1.8,1,0.3,
1.8,1,0.4,
1.8,1,0.5,
1.8,1,0.6,
1.8,1,0.7,
1.8,1,0.8,
1.8,1,0.9,
1.8,1,1,
1.8,1,1.1,
1.8,1,1.2,
1.8,1,1.3,
1.8,1,1.4,
1.8,1,1.5,
1.8,1,1.6,
1.8,1,1.7,
1.8,1,1.8,
1.8,1,1.9,
1.8,1,2,
1.8,1,2.1,
1.8,1,2.2,
1.8,1,2.3,
1.8,1,2.4,
1.8,1,2.5,
1.8,1,2.6,
1.8,1,2.7,
1.8,1,2.8,
1.8,1,2.9,
1.8,1,3,
1.8,1,3.1,
1.8,1,3.2,
1.8,1,3.3,
1.8,1,3.4,
1.8,1,3.5,
1.8,1,3.6,
1.9,1,0,
1.9,1,0.1,
1.9,1,0.2,
1.9,1,0.3,
1.9,1,0.4,
1.9,1,0.5,
1.9,1,0.6,
1.9,1,0.7,
1.9,1,0.8,1.115622557
1.9,1,0.9,
1.9,1,1,
1.9,1,1.1,
1.9,1,1.2,
1.9,1,1.3,
1.9,1,1.4,
1.9,1,1.5,
1.9,1,1.6,
1.9,1,1.7,
1.9,1,1.8,
1.9,1,1.9,
1.9,1,2,
1.9,1,2.1,
1.9,1,2.2,
1.9,1,2.3,
1.9,1,2.4,
1.9,1,2.5,
1.9,1,2.6,
1.9,1,2.7,
1.9,1,2.8,
1.9,1,2.9,
1.9,1,3,
1.9,1,3.1,
1.9,1,3.2,
1.9,1,3.3,
1.9,1,3.4,
1.9,1,3.5,
1.9,1,3.6,
2,1,0,
2,1,0.1,
2,1,0.2,
2,1,0.3,
2,1,0.4,
2,1,0.5,
2,1,0.6,
2,1,0.7,
2,1,0.8,
2,1,0.9,
2,1,1,
2,1,1.1,
2,1,1.2,1.059041653
2,1,1.3,
2,1,1.4,
2,1,1.5,
2,1,1.6,
2,1,1.7,
2,1,1.8,
2,1,1.9,
2,1,2,0.998556176
2,1,2.1,
2,1,2.2,
2,1,2.3,
2,1,2.4,
2,1,2.5,
2,1,2.6,
2,1,2.7,
2,1,2.8,
2,1,2.9,
2,1,3,
2,1,3.1,
2,1,3.2,
2,1,3.3,
2,1,3.4,
2,1,3.5,
2,1,3.6,
2.1,1,0,
2.1,1,0.1,
2.1,1,0.2,
2.1,1,0.3,
2.1,1,0.4,
2.1,1,0.5,
2.1,1,0.6,
2.1,1,0.7,
2.1,1,0.8,
2.1,1,0.9,
2.1,1,1,
2.1,1,1.1,
2.1,1,1.2,
2.1,1,1.3,
2.1,1,1.4,
2.1,1,1.5,
2.1,1,1.6,
2.1,1,1.7,
2.1,1,1.8,
2.1,1,1.9,
2.1,1,2,
2.1,1,2.1,
2.1,1,2.2,
2.1,1,2.3,
2.1,1,2.4,
2.1,1,2.5,
2.1,1,2.6,
2.1,1,2.7,1.16498846
2.1,1,2.8,
2.1,1,2.9,1.08191133
2.1,1,3,
2.1,1,3.1,
2.1,1,3.2,
2.1,1,3.3,
2.1,1,3.4,
2.1,1,3.5,
2.1,1,3.6,
2.2,1,0,
2.2,1,0.1,
2.2,1,0.2,
2.2,1,0.3,
2.2,1,0.4,
2.2,1,0.5,
2.2,1,0.6,
2.2,1,0.7,
2.2,1,0.8,
2.2,1,0.9,
2.2,1,1,
2.2,1,1.1,
2.2,1,1.2,
2.2,1,1.3,
2.2,1,1.4,
2.2,1,1.5,
2.2,1,1.6,
2.2,1,1.7,
2.2,1,1.8,
2.2,1,1.9,
2.2,1,2,
2.2,1,2.1,
2.2,1,2.2,
2.2,1,2.3,
2.2,1,2.4,
2.2,1,2.5,1.090505653
2.2,1,2.6,
2.2,1,2.7,
2.2,1,2.8,
2.2,1,2.9,
2.2,1,3,
2.2,1,3.1,
2.2,1,3.2,
2.2,1,3.3,
2.2,1,3.4,
2.2,1,3.5,
2.2,1,3.6,
2.3,1,0,
2.3,1,0.1,
2.3,1,0.2,
2.3,1,0.3,
2.3,1,0.4,
2.3,1,0.5,
2.3,1,0.6,
2.3,1,0.7,
2.3,1,0.8,
2.3,1,0.9,
2.3,1,1,
2.3,1,1.1,
2.3,1,1.2,
2.3,1,1.3,
2.3,1,1.4,
2.3,1,1.5,
2.3,1,1.6,
2.3,1,1.7,
2.3,1,1.8,
2.3,1,1.9,
2.3,1,2,
2.3,1,2.1,
2.3,1,2.2,
2.3,1,2.3,
2.3,1,2.4,
2.3,1,2.5,
2.3,1,2.6,
2.3,1,2.7,
2.3,1,2.8,
2.3,1,2.9,
2.3,1,3,
2.3,1,3.1,
2.3,1,3.2,
2.3,1,3.3,
2.3,1,3.4,
2.3,1,3.5,
2.3,1,3.6,
2.4,1,0,
2.4,1,0.1,
2.4,1,0.2,
2.4,1,0.3,
2.4,1,0.4,
2.4,1,0.5,
2.4,1,0.6,
2.4,1,0.7,
2.4,1,0.8,
2.4,1,0.9,
2.4,1,1,
2.4,1,1.1,
2.4,1,1.2,
2.4,1,1.3,
2.4,1,1.4,
2.4,1,1.5,
2.4,1,1.6,
2.4,1,1.7,
2.4,1,1.8,
2.4,1,1.9,
2.4,1,2,
2.4,1,2.1,
2.4,1,2.2,
2.4,1,2.3,
2.4,1,2.4,
2.4,1,2.5,
2.4,1,2.6,
2.4,1,2.7,
2.4,1,2.8,
2.4,1,2.9,
2.4,1,3,
2.4,1,3.1,
2.4,1,3.2,
2.4,1,3.3,
2.4,1,3.4,
2.4,1,3.5,
2.4,1,3.6,
2.5,1,0,
2.5,1,0.1,
2.5,1,0.2,
2.5,1,0.3,
2.5,1,0.4,
2.5,1,0.5,1.032718838
2.5,1,0.6,
2.5,1,0.7,
2.5,1,0.8,
2.5,1,0.9,
2.5,1,1,
2.5,1,1.1,
2.5,1,1.2,
2.5,1,1.3,
2.5,1,1.4,
2.5,1,1.5,
2.5,1,1.6,
2.5,1,1.7,
2.5,1,1.8,
2.5,1,1.9,
2.5,1,2,
2.5,1,2.1,
2.5,1,2.2,
2.5,1,2.3,
2.5,1,2.4,
2.5,1,2.5,
2.5,1,2.6,
2.5,1,2.7,
2.5,1,2.8,
2.5,1,2.9,
2.5,1,3,
2.5,1,3.1,
2.5,1,3.2,
2.5,1,3.3,
2.5,1,3.4,
2.5,1,3.5,
2.5,1,3.6,0.990580729
2.6,1,0,
2.6,1,0.1,
2.6,1,0.2,
2.6,1,0.3,
2.6,1,0.4,
2.6,1,0.5,
2.6,1,0.6,
2.6,1,0.7,
2.6,1,0.8,
2.6,1,0.9,
2.6,1,1,
2.6,1,1.1,
2.6,1,1.2,
2.6,1,1.3,
2.6,1,1.4,
2.6,1,1.5,1.02448697
2.6,1,1.6,
2.6,1,1.7,
2.6,1,1.8,
2.6,1,1.9,
2.6,1,2,
2.6,1,2.1,
2.6,1,2.2,
2.6,1,2.3,
2.6,1,2.4,
2.6,1,2.5,
2.6,1,2.6,
2.6,1,2.7,
2.6,1,2.8,
2.6,1,2.9,
2.6,1,3,
2.6,1,3.1,
2.6,1,3.2,
2.6,1,3.3,
2.6,1,3.4,0.998355191
2.6,1,3.5,
2.6,1,3.6,
2.7,1,0,
2.7,1,0.1,
2.7,1,0.2,
2.7,1,0.3,
2.7,1,0.4,
2.7,1,0.5,
2.7,1,0.6,
2.7,1,0.7,
2.7,1,0.8,
2.7,1,0.9,
2.7,1,1,
2.7,1,1.1,
2.7,1,1.2,
2.7,1,1.3,
2.7,1,1.4,
2.7,1,1.5,
2.7,1,1.6,
2.7,1,1.7,
2.7,1,1.8,
2.7,1,1.9,
2.7,1,2,
2.7,1,2.1,
2.7,1,2.2,
2.7,1,2.3,
2.7,1,2.4,
2.7,1,2.5,
2.7,1,2.6,
2.7,1,2.7,1.132330203
2.7,1,2.8,
2.7,1,2.9,
2.7,1,3,
2.7,1,3.1,
2.7,1,3.2,
2.7,1,3.3,
2.7,1,3.4,
2.7,1,3.5,
2.7,1,3.6,
2.8,1,0,
2.8,1,0.1,
2.8,1,0.2,
2.8,1,0.3,
2.8,1,0.4,
2.8,1,0.5,
2.8,1,0.6,
2.8,1,0.7,
2.8,1,0.8,
2.8,1,0.9,
2.8,1,1,
2.8,1,1.1,
2.8,1,1.2,
2.8,1,1.3,
2.8,1,1.4,
2.8,1,1.5,
2.8,1,1.6,
2.8,1,1.7,
2.8,1,1.8,
2.8,1,1.9,
2.8,1,2,
2.8,1,2.1,
2.8,1,2.2,
2.8,1,2.3,
2.8,1,2.4,
2.8,1,2.5,
2.8,1,2.6,
2.8,1,2.7,
2.8,1,2.8,
2.8,1,2.9,1.081971598
2.8,1,3,
2.8,1,3.1,
2.8,1,3.2,
2.8,1,3.3,
2.8,1,3.4,
2.8,1,3.5,
2.8,1,3.6,
2.9,1,0,0.994225754
2.9,1,0.1,
2.9,1,0.2,
2.9,1,0.3,
2.9,1,0.4,
2.9,1,0.5,
2.9,1,0.6,
2.9,1,0.7,
2.9,1,0.8,
2.9,1,0.9,
2.9,1,1,
2.9,1,1.1,
2.9,1,1.2,1.06290472
2.9,1,1.3,
2.9,1,1.4,
2.9,1,1.5,
2.9,1,1.6,
2.9,1,1.7,
2.9,1,1.8,
2.9,1,1.9,
2.9,1,2,
2.9,1,2.1,
2.9,1,2.2,
2.9,1,2.3,
2.9,1,2.4,
2.9,1,2.5,
2.9,1,2.6,
2.9,1,2.7,
2.9,1,2.8,
2.9,1,2.9,
2.9,1,3,
2.9,1,3.1,
2.9,1,3.2,
2.9,1,3.3,
2.9,1,3.4,
2.9,1,3.5,0.996686473
2.9,1,3.6,
3,1,0,
3,1,0.1,1.000045514
3,1,0.2,
3,1,0.3,
3,1,0.4,
3,1,0.5,
3,1,0.6,
3,1,0.7,
3,1,0.8,
3,1,0.9,
3,1,1,
3,1,1.1,
3,1,1.2,
3,1,1.3,
3,1,1.4,
3,1,1.5,
3,1,1.6,
3,1,1.7,
3,1,1.8,
3,1,1.9,
3,1,2,
3,1,2.1,
3,1,2.2,
3,1,2.3,
3,1,2.4,
3,1,2.5,
3,1,2.6,
3,1,2.7,
3,1,2.8,
3,1,2.9,
3,1,3,
3,1,3.1,
3,1,3.2,
3,1,3.3,
3,1,3.4,
3,1,3.5,
3,1,3.6,
3.1,1,0,
3.1,1,0.1,
3.1,1,0.2,
3.1,1,0.3,
3.1,1,0.4,
3.1,1,0.5,
3.1,1,0.6,
3.1,1,0.7,
3.1,1,0.8,1.124601509
3.1,1,0.9,
3.1,1,1,
3.1,1,1.1,
3.1,1,1.2,
3.1,1,1.3,
3.1,1,1.4,
3.1,1,1.5,
3.1,1,1.6,
3.1,1,1.7,
3.1,1,1.8,
3.1,1,1.9,
3.1,1,2,0.997300516
3.1,1,2.1,
3.1,1,2.2,
3.1,1,2.3,
3.1,1,2.4,
3.1,1,2.5,
3.1,1,2.6,
3.1,1,2.7,
3.1,1,2.8,
3.1,1,2.9,
3.1,1,3,
3.1,1,3.1,
3.1,1,3.2,
3.1,1,3.3,
3.1,1,3.4,
3.1,1,3.5,
3.1,1,3.6,
3.2,1,0,
3.2,1,0.1,
3.2,1,0.2,
3.2,1,0.3,
3.2,1,0.4,
3.2,1,0.5,
3.2,1,0.6,
3.2,1,0.7,
3.2,1,0.8,
3.2,1,0.9,
3.2,1,1,
3.2,1,1.1,
3.2,1,1.2,
3.2,1,1.3,
3.2,1,1.4,
3.2,1,1.5,
3.2,1,1.6,
3.2,1,1.7,
3.2,1,1.8,
3.2,1,1.9,
3.2,1,2,
3.2,1,2.1,
3.2,1,2.2,
3.2,1,2.3,
3.2,1,2.4,
3.2,1,2.5,
3.2,1,2.6,
3.2,1,2.7,
3.2,1,2.8,
3.2,1,2.9,
3.2,1,3,
3.2,1,3.1,
3.2,1,3.2,
3.2,1,3.3,
3.2,1,3.4,
3.2,1,3.5,
3.2,1,3.6,1.010672716
3.3,1,0,
3.3,1,0.1,
3.3,1,0.2,
3.3,1,0.3,
3.3,1,0.4,
3.3,1,0.5,
3.3,1,0.6,
3.3,1,0.7,
3.3,1,0.8,
3.3,1,0.9,
3.3,1,1,
3.3,1,1.1,
3.3,1,1.2,
3.3,1,1.3,
3.3,1,1.4,
3.3,1,1.5,
3.3,1,1.6,
3.3,1,1.7,
3.3,1,1.8,
3.3,1,1.9,
3.3,1,2,
3.3,1,2.1,
3.3,1,2.2,
3.3,1,2.3,
3.3,1,2.4,
3.3,1,2.5,
3.3,1,2.6,1.218003652
3.3,1,2.7,1.183846392
3.3,1,2.8,
3.3,1,2.9,
3.3,1,3,
3.3,1,3.1,
3.3,1,3.2,
3.3,1,3.3,
3.3,1,3.4,
3.3,1,3.5,
3.3,1,3.6,
3.4,1,0,
3.4,1,0.1,
3.4,1,0.2,
3.4,1,0.3,
3.4,1,0.4,
3.4,1,0.5,
3.4,1,0.6,
3.4,1,0.7,
3.4,1,0.8,
3.4,1,0.9,
3.4,1,1,
3.4,1,1.1,
3.4,1,1.2,
3.4,1,1.3,
3.4,1,1.4,
3.4,1,1.5,
3.4,1,1.6,
3.4,1,1.7,
3.4,1,1.8,
3.4,1,1.9,
3.4,1,2,
3.4,1,2.1,
3.4,1,2.2,
3.4,1,2.3,
3.4,1,2.4,
3.4,1,2.5,
3.4,1,2.6,1.234302221
3.4,1,2.7,
3.4,1,2.8,
3.4,1,2.9,
3.4,1,3,
3.4,1,3.1,
3.4,1,3.2,
3.4,1,3.3,
3.4,1,3.4,
3.4,1,3.5,
3.4,1,3.6,
3.5,1,0,
3.5,1,0.1,
3.5,1,0.2,
3.5,1,0.3,
3.5,1,0.4,
3.5,1,0.5,
3.5,1,0.6,
3.5,1,0.7,
3.5,1,0.8,
3.5,1,0.9,
3.5,1,1,
3.5,1,1.1,
3.5,1,1.2,
3.5,1,1.3,
3.5,1,1.4,
3.5,1,1.5,
3.5,1,1.6,
3.5,1,1.7,
3.5,1,1.8,
3.5,1,1.9,
3.5,1,2,
3.5,1,2.1,
3.5,1,2.2,
3.5,1,2.3,
3.5,1,2.4,
3.5,1,2.5,
3.5,1,2.6,
3.5,1,2.7,
3.5,1,2.8,
3.5,1,2.9,
3.5,1,3,1.069895425
3.5,1,3.1,
3.5,1,3.2,
3.5,1,3.3,
3.5,1,3.4,
3.5,1,3.5,
3.5,1,3.6,
3.6,1,0,
3.6,1,0.1,
3.6,1,0.2,
3.6,1,0.3,
3.6,1,0.4,
3.6,1,0.5,
3.6,1,0.6,
3.6,1,0.7,
3.6,1,0.8,
3.6,1,0.9,
3.6,1,1,
3.6,1,1.1,
3.6,1,1.2,
3.6,1,1.3,
3.6,1,1.4,
3.6,1,1.5,
3.6,1,1.6,
3.6,1,1.7,
3.6,1,1.8,
3.6,1,1.9,0.992421719
3.6,1,2,
3.6,1,2.1,
3.6,1,2.2,
3.6,1,2.3,
3.6,1,2.4,
3.6,1,2.5,
3.6,1,2.6,
3.6,1,2.7,
3.6,1,2.8,
3.6,1,2.9,
3.6,1,3,
3.6,1,3.1,
3.6,1,3.2,
3.6,1,3.3,
3.6,1,3.4,
3.6,1,3.5,
3.6,1,3.6,
3.7,1,0,
3.7,1,0.1,
3.7,1,0.2,
3.7,1,0.3,
3.7,1,0.4,
3.7,1,0.5,
3.7,1,0.6,
3.7,1,0.7,
3.7,1,0.8,
3.7,1,0.9,
3.7,1,1,
3.7,1,1.1,
3.7,1,1.2,
3.7,1,1.3,
3.7,1,1.4,1.022151618
3.7,1,1.5,
3.7,1,1.6,
3.7,1,1.7,
3.7,1,1.8,
3.7,1,1.9,
3.7,1,2,
3.7,1,2.1,
3.7,1,2.2,
3.7,1,2.3,1.035706041
3.7,1,2.4,
3.7,1,2.5,
3.7,1,2.6,
3.7,1,2.7,
3.7,1,2.8,
3.7,1,2.9,
3.7,1,3,
3.7,1,3.1,
3.7,1,3.2,
3.7,1,3.3,
3.7,1,3.4,
3.7,1,3.5,
3.7,1,3.6,
3.8,1,0,
3.8,1,0.1,
3.8,1,0.2,
3.8,1,0.3,1.006896069
3.8,1,0.4,
3.8,1,0.5,
3.8,1,0.6,
3.8,1,0.7,
3.8,1,0.8,
3.8,1,0.9,
3.8,1,1,
3.8,1,1.1,
3.8,1,1.2,
3.8,1,1.3,
3.8,1,1.4,
3.8,1,1.5,
3.8,1,1.6,
3.8,1,1.7,
3.8,1,1.8,
3.8,1,1.9,
3.8,1,2,
3.8,1,2.1,1.011462159
3.8,1,2.2,
3.8,1,2.3,
3.8,1,2.4,
3.8,1,2.5,
3.8,1,2.6,1.157886601
3.8,1,2.7,
3.8,1,2.8,
3.8,1,2.9,
3.8,1,3,
3.8,1,3.1,
3.8,1,3.2,
3.8,1,3.3,
3.8,1,3.4,
3.8,1,3.5,
3.8,1,3.6,
3.9,1,0,
3.9,1,0.1,
3.9,1,0.2,
3.9,1,0.3,
3.9,1,0.4,
3.9,1,0.5,
3.9,1,0.6,
3.9,1,0.7,1.071501886
3.9,1,0.8,
3.9,1,0.9,
3.9,1,1,
3.9,1,1.1,
3.9,1,1.2,
3.9,1,1.3,
3.9,1,1.4,
3.9,1,1.5,
3.9,1,1.6,
3.9,1,1.7,
3.9,1,1.8,
3.9,1,1.9,
3.9,1,2,
3.9,1,2.1,
3.9,1,2.2,
3.9,1,2.3,
3.9,1,2.4,
3.9,1,2.5,
3.9,1,2.6,
3.9,1,2.7,
3.9,1,2.8,
3.9,1,2.9,
3.9,1,3,
3.9,1,3.1,
3.9,1,3.2,
3.9,1,3.3,
3.9,1,3.4,
3.9,1,3.5,
3.9,1,3.6,
4,1,0,
4,1,0.1,
4,1,0.2,
4,1,0.3,
4,1,0.4,
4,1,0.5,
4,1,0.6,
4,1,0.7,
4,1,0.8,
4,1,0.9,
4,1,1,
4,1,1.1,
4,1,1.2,
4,1,1.3,
4,1,1.4,
4,1,1.5,
4,1,1.6,
4,1,1.7,
4,1,1.8,
4,1,1.9,
4,1,2,
4,1,2.1,
4,1,2.2,
4,1,2.3,
4,1,2.4,
4,1,2.5,
4,1,2.6,
4,1,2.7,
4,1,2.8,
4,1,2.9,
4,1,3,
4,1,3.1,
4,1,3.2,
4,1,3.3,
4,1,3.4,
4,1,3.5,
4,1,3.6,
4.1,1,0,
4.1,1,0.1,
4.1,1,0.2,
4.1,1,0.3,
4.1,1,0.4,
4.1,1,0.5,
4.1,1,0.6,
4.1,1,0.7,
4.1,1,0.8,
4.1,1,0.9,1.120415217
4.1,1,1,
4.1,1,1.1,1.180757701
4.1,1,1.2,
4.1,1,1.3,
4.1,1,1.4,
4.1,1,1.5,
4.1,1,1.6,
4.1,1,1.7,
4.1,1,1.8,
4.1,1,1.9,
4.1,1,2,
4.1,1,2.1,
4.1,1,2.2,
4.1,1,2.3,
4.1,1,2.4,
4.1,1,2.5,1.185549508
4.1,1,2.6,
4.1,1,2.7,
4.1,1,2.8,
4.1,1,2.9,
4.1,1,3,
4.1,1,3.1,
4.1,1,3.2,
4.1,1,3.3,
4.1,1,3.4,
4.1,1,3.5,
4.1,1,3.6,0.990443706
4.2,1,0,
4.2,1,0.1,
4.2,1,0.2,
4.2,1,0.3,
4.2,1,0.4,
4.2,1,0.5,
4.2,1,0.6,
4.2,1,0.7,
4.2,1,0.8,
4.2,1,0.9,
4.2,1,1,
4.2,1,1.1,
4.2,1,1.2,
4.2,1,1.3,
4.2,1,1.4,
4.2,1,1.5,
4.2,1,1.6,
4.2,1,1.7,
4.2,1,1.8,
4.2,1,1.9,
4.2,1,2,
4.2,1,2.1,
4.2,1,2.2,
4.2,1,2.3,
4.2,1,2.4,
4.2,1,2.5,
4.2,1,2.6,
4.2,1,2.7,
4.2,1,2.8,
4.2,1,2.9,
4.2,1,3,
4.2,1,3.1,
4.2,1,3.2,
4.2,1,3.3,
4.2,1,3.4,
4.2,1,3.5,
4.2,1,3.6,
4.3,1,0,
4.3,1,0.1,
4.3,1,0.2,
4.3,1,0.3,
4.3,1,0.4,
4.3,1,0.5,
4.3,1,0.6,
4.3,1,0.7,
4.3,1,0.8,
4.3,1,0.9,
4.3,1,1,
4.3,1,1.1,
4.3,1,1.2,
4.3,1,1.3,
4.3,1,1.4,
4.3,1,1.5,
4.3,1,1.6,
4.3,1,1.7,
4.3,1,1.8,
4.3,1,1.9,
4.3,1,2,
4.3,1,2.1,
4.3,1,2.2,
4.3,1,2.3,
4.3,1,2.4,
4.3,1,2.5,
4.3,1,2.6,
4.3,1,2.7,
4.3,1,2.8,
4.3,1,2.9,
4.3,1,3,
4.3,1,3.1,
4.3,1,3.2,
4.3,1,3.3,
4.3,1,3.4,
4.3,1,3.5,
4.3,1,3.6,
4.4,1,0,
4.4,1,0.1,
4.4,1,0.2,
4.4,1,0.3,
4.4,1,0.4,
4.4,1,0.5,
4.4,1,0.6,
4.4,1,0.7,
4.4,1,0.8,
4.4,1,0.9,
4.4,1,1,
4.4,1,1.1,
4.4,1,1.2,
4.4,1,1.3,
4.4,1,1.4,
4.4,1,1.5,
4.4,1,1.6,
4.4,1,1.7,
4.4,1,1.8,
4.4,1,1.9,
4.4,1,2,
4.4,1,2.1,
4.4,1,2.2,
4.4,1,2.3,
4.4,1,2.4,
4.4,1,2.5,
4.4,1,2.6,
4.4,1,2.7,
4.4,1,2.8,
4.4,1,2.9,1.081828605
4.4,1,3,
4.4,1,3.1,
4.4,1,3.2,
4.4,1,3.3,
4.4,1,3.4,
4.4,1,3.5,0.995870592
4.4,1,3.6,
4.5,1,0,
4.5,1,0.1,
4.5,1,0.2,
4.5,1,0.3,
4.5,1,0.4,
4.5,1,0.5,
4.5,1,0.6,
4.5,1,0.7,
4.5,1,0.8,
4.5,1,0.9,
4.5,1,1,
4.5,1,1.1,
4.5,1,1.2,
4.5,1,1.3,
4.5,1,1.4,
4.5,1,1.5,
4.5,1,1.6,
4.5,1,1.7,
4.5,1,1.8,
4.5,1,1.9,
4.5,1,2,
4.5,1,2.1,
4.5,1,2.2,
4.5,1,2.3,
4.5,1,2.4,
4.5,1,2.5,
4.5,1,2.6,
4.5,1,2.7,
4.5,1,2.8,
4.5,1,2.9,
4.5,1,3,
4.5,1,3.1,
4.5,1,3.2,
4.5,1,3.3,
4.5,1,3.4,
4.5,1,3.5,
4.5,1,3.6,
4.6,1,0,
4.6,1,0.1,
4.6,1,0.2,
4.6,1,0.3,
4.6,1,0.4,
4.6,1,0.5,
4.6,1,0.6,
4.6,1,0.7,
4.6,1,0.8,
4.6,1,0.9,
4.6,1,1,
4.6,1,1.1,
4.6,1,1.2,
4.6,1,1.3,
4.6,1,1.4,1.01933356
4.6,1,1.5,
4.6,1,1.6,0.997933321
4.6,1,1.7,
4.6,1,1.8,
4.6,1,1.9,
4.6,1,2,
4.6,1,2.1,
4.6,1,2.2,
4.6,1,2.3,1.032602283
4.6,1,2.4,
4.6,1,2.5,
4.6,1,2.6,
4.6,1,2.7,
4.6,1,2.8,
4.6,1,2.9,
4.6,1,3,
4.6,1,3.1,
4.6,1,3.2,
4.6,1,3.3,
4.6,1,3.4,
4.6,1,3.5,
4.6,1,3.6,
4.7,1,0,
4.7,1,0.1,
4.7,1,0.2,
4.7,1,0.3,
4.7,1,0.4,
4.7,1,0.5,
4.7,1,0.6,
4.7,1,0.7,
4.7,1,0.8,
4.7,1,0.9,
4.7,1,1,
4.7,1,1.1,
4.7,1,1.2,
4.7,1,1.3,
4.7,1,1.4,
4.7,1,1.5,
4.7,1,1.6,
4.7,1,1.7,
4.7,1,1.8,
4.7,1,1.9,
4.7,1,2,
4.7,1,2.1,
4.7,1,2.2,
4.7,1,2.3,
4.7,1,2.4,
4.7,1,2.5,
4.7,1,2.6,
4.7,1,2.7,
4.7,1,2.8,
4.7,1,2.9,
4.7,1,3,
4.7,1,3.1,
4.7,1,3.2,
4.7,1,3.3,
4.7,1,3.4,
4.7,1,3.5,
4.7,1,3.6,
4.8,1,0,
4.8,1,0.1,
4.8,1,0.2,
4.8,1,0.3,1.035875756
4.8,1,0.4,
4.8,1,0.5,
4.8,1,0.6,
4.8,1,0.7,
4.8,1,0.8,
4.8,1,0.9,
4.8,1,1,
4.8,1,1.1,
4.8,1,1.2,
4.8,1,1.3,1.035642079
4.8,1,1.4,
4.8,1,1.5,
4.8,1,1.6,
4.8,1,1.7,
4.8,1,1.8,
4.8,1,1.9,
4.8,1,2,
4.8,1,2.1,
4.8,1,2.2,
4.8,1,2.3,
4.8,1,2.4,
4.8,1,2.5,
4.8,1,2.6,
4.8,1,2.7,
4.8,1,2.8,
4.8,1,2.9,
4.8,1,3,
4.8,1,3.1,
4.8,1,3.2,
4.8,1,3.3,
4.8,1,3.4,
4.8,1,3.5,
4.8,1,3.6,
4.9,1,0,
4.9,1,0.1,
4.9,1,0.2,
4.9,1,0.3,
4.9,1,0.4,
4.9,1,0.5,
4.9,1,0.6,
4.9,1,0.7,
4.9,1,0.8,
4.9,1,0.9,
4.9,1,1,
4.9,1,1.1,
4.9,1,1.2,
4.9,1,1.3,
4.9,1,1.4,
4.9,1,1.5,
4.9,1,1.6,
4.9,1,1.7,
4.9,1,1.8,
4.9,1,1.9,
4.9,1,2,
4.9,1,2.1,
4.9,1,2.2,
4.9,1,2.3,
4.9,1,2.4,
4.9,1,2.5,
4.9,1,2.6,
4.9,1,2.7,
4.9,1,2.8,
4.9,1,2.9,
4.9,1,3,
4.9,1,3.1,
4.9,1,3.2,
4.9,1,3.3,
4.9,1,3.4,
4.9,1,3.5,
4.9,1,3.6,
5,1,0,
5,1,0.1,
5,1,0.2,
5,1,0.3,
5,1,0.4,
5,1,0.5,
5,1,0.6,
5,1,0.7,1.095758845
5,1,0.8,
5,1,0.9,
5,1,1,
5,1,1.1,
5,1,1.2,
5,1,1.3,
5,1,1.4,
5,1,1.5,
5,1,1.6,
5,1,1.7,
5,1,1.8,
5,1,1.9,
5,1,2,
5,1,2.1,
5,1,2.2,
5,1,2.3,
5,1,2.4,1.054337972
5,1,2.5,
5,1,2.6,
5,1,2.7,
5,1,2.8,
5,1,2.9,
5,1,3,
5,1,3.1,
5,1,3.2,
5,1,3.3,
5,1,3.4,
5,1,3.5,
5,1,3.6,
5.1,1,0,0.997338609
5.1,1,0.1,0.999251523
5.1,1,0.2,
5.1,1,0.3,
5.1,1,0.4,
5.1,1,0.5,
5.1,1,0.6,
5.1,1,0.7,
5.1,1,0.8,
5.1,1,0.9,
5.1,1,1,
5.1,1,1.1,
5.1,1,1.2,
5.1,1,1.3,
5.1,1,1.4,
5.1,1,1.5,
5.1,1,1.6,0.999163112
5.1,1,1.7,
5.1,1,1.8,
5.1,1,1.9,
5.1,1,2,
5.1,1,2.1,
5.1,1,2.2,
5.1,1,2.3,
5.1,1,2.4,
5.1,1,2.5,
5.1,1,2.6,
5.1,1,2.7,
5.1,1,2.8,
5.1,1,2.9,
5.1,1,3,
5.1,1,3.1,
5.1,1,3.2,
5.1,1,3.3,
5.1,1,3.4,
5.1,1,3.5,
5.1,1,3.6,
5.2,1,0,
5.2,1,0.1,
5.2,1,0.2,1.001133165
5.2,1,0.3,
5.2,1,0.4,
5.2,1,0.5,
5.2,1,0.6,
5.2,1,0.7,
5.2,1,0.8,
5.2,1,0.9,
5.2,1,1,
5.2,1,1.1,
5.2,1,1.2,
5.2,1,1.3,
5.2,1,1.4,
5.2,1,1.5,
5.2,1,1.6,
5.2,1,1.7,
5.2,1,1.8,
5.2,1,1.9,
5.2,1,2,
5.2,1,2.1,
5.2,1,2.2,
5.2,1,2.3,
5.2,1,2.4,
5.2,1,2.5,
5.2,1,2.6,
5.2,1,2.7,
5.2,1,2.8,
5.2,1,2.9,
5.2,1,3,
5.2,1,3.1,
5.2,1,3.2,
5.2,1,3.3,
5.2,1,3.4,
5.2,1,3.5,
5.2,1,3.6,
5.3,1,0,
5.3,1,0.1,0.993343636
5.3,1,0.2,0.99875972
5.3,1,0.3,
5.3,1,0.4,
5.3,1,0.5,
5.3,1,0.6,
5.3,1,0.7,
5.3,1,0.8,
5.3,1,0.9,
5.3,1,1,
5.3,1,1.1,
5.3,1,1.2,
5.3,1,1.3,
5.3,1,1.4,
5.3,1,1.5,
5.3,1,1.6,
5.3,1,1.7,
5.3,1,1.8,
5.3,1,1.9,
5.3,1,2,
5.3,1,2.1,
5.3,1,2.2,
5.3,1,2.3,
5.3,1,2.4,
5.3,1,2.5,
5.3,1,2.6,
5.3,1,2.7,
5.3,1,2.8,
5.3,1,2.9,
5.3,1,3,
5.3,1,3.1,
5.3,1,3.2,
5.3,1,3.3,
5.3,1,3.4,
5.3,1,3.5,
5.3,1,3.6,
5.4,1,0,
5.4,1,0.1,
5.4,1,0.2,
5.4,1,0.3,
5.4,1,0.4,
5.4,1,0.5,
5.4,1,0.6,
5.4,1,0.7,
5.4,1,0.8,
5.4,1,0.9,
5.4,1,1,1.157742188
5.4,1,1.1,
5.4,1,1.2,
5.4,1,1.3,
5.4,1,1.4,
5.4,1,1.5,
5.4,1,1.6,
5.4,1,1.7,
5.4,1,1.8,0.999358127
5.4,1,1.9,
5.4,1,2,
5.4,1,2.1,
5.4,1,2.2,
5.4,1,2.3,
5.4,1,2.4,
5.4,1,2.5,
5.4,1,2.6,
5.4,1,2.7,
5.4,1,2.8,
5.4,1,2.9,
5.4,1,3,
5.4,1,3.1,
5.4,1,3.2,
5.4,1,3.3,
5.4,1,3.4,
5.4,1,3.5,
5.4,1,3.6,
5.5,1,0,
5.5,1,0.1,
5.5,1,0.2,
5.5,1,0.3,
5.5,1,0.4,
5.5,1,0.5,
5.5,1,0.6,
5.5,1,0.7,
5.5,1,0.8,
5.5,1,0.9,
5.5,1,1,
5.5,1,1.1,
5.5,1,1.2,
5.5,1,1.3,
5.5,1,1.4,
5.5,1,1.5,
5.5,1,1.6,
5.5,1,1.7,
5.5,1,1.8,
5.5,1,1.9,
5.5,1,2,
5.5,1,2.1,
5.5,1,2.2,
5.5,1,2.3,
5.5,1,2.4,
5.5,1,2.5,
5.5,1,2.6,
5.5,1,2.7,
5.5,1,2.8,1.101695444
5.5,1,2.9,
5.5,1,3,
5.5,1,3.1,
5.5,1,3.2,
5.5,1,3.3,
5.5,1,3.4,
5.5,1,3.5,
5.5,1,3.6,
5.6,1,0,
5.6,1,0.1,
5.6,1,0.2,
5.6,1,0.3,
5.6,1,0.4,
5.6,1,0.5,
5.6,1,0.6,
5.6,1,0.7,
5.6,1,0.8,
5.6,1,0.9,
5.6,1,1,
5.6,1,1.1,
5.6,1,1.2,
5.6,1,1.3,
5.6,1,1.4,
5.6,1,1.5,
5.6,1,1.6,
5.6,1,1.7,
5.6,1,1.8,
5.6,1,1.9,
5.6,1,2,
5.6,1,2.1,
5.6,1,2.2,
5.6,1,2.3,
5.6,1,2.4,
5.6,1,2.5,
5.6,1,2.6,
5.6,1,2.7,
5.6,1,2.8,
5.6,1,2.9,
5.6,1,3,
5.6,1,3.1,
5.6,1,3.2,
5.6,1,3.3,
5.6,1,3.4,
5.6,1,3.5,
5.6,1,3.6,
5.7,1,0,
5.7,1,0.1,
5.7,1,0.2,
5.7,1,0.3,
5.7,1,0.4,
5.7,1,0.5,
5.7,1,0.6,
5.7,1,0.7,
5.7,1,0.8,
5.7,1,0.9,
5.7,1,1,
5.7,1,1.1,
5.7,1,1.2,
5.7,1,1.3,
5.7,1,1.4,
5.7,1,1.5,
5.7,1,1.6,
5.7,1,1.7,
5.7,1,1.8,
5.7,1,1.9,
5.7,1,2,
5.7,1,2.1,
5.7,1,2.2,
5.7,1,2.3,1.060907944
5.7,1,2.4,
5.7,1,2.5,
5.7,1,2.6,
5.7,1,2.7,
5.7,1,2.8,
5.7,1,2.9,
5.7,1,3,
5.7,1,3.1,
5.7,1,3.2,
5.7,1,3.3,
5.7,1,3.4,
5.7,1,3.5,
5.7,1,3.6,
5.8,1,0,
5.8,1,0.1,
5.8,1,0.2,
5.8,1,0.3,
5.8,1,0.4,
5.8,1,0.5,
5.8,1,0.6,
5.8,1,0.7,1.07375565
5.8,1,0.8,1.098652806
5.8,1,0.9,
5.8,1,1,
5.8,1,1.1,
5.8,1,1.2,
5.8,1,1.3,
5.8,1,1.4,
5.8,1,1.5,
5.8,1,1.6,
5.8,1,1.7,
5.8,1,1.8,
5.8,1,1.9,
5.8,1,2,
5.8,1,2.1,
5.8,1,2.2,
5.8,1,2.3,
5.8,1,2.4,
5.8,1,2.5,
5.8,1,2.6,
5.8,1,2.7,
5.8,1,2.8,
5.8,1,2.9,
5.8,1,3,
5.8,1,3.1,
5.8,1,3.2,1.02006899
5.8,1,3.3,
5.8,1,3.4,
5.8,1,3.5,
5.8,1,3.6,
5.9,1,0,
5.9,1,0.1,
5.9,1,0.2,
5.9,1,0.3,
5.9,1,0.4,
5.9,1,0.5,
5.9,1,0.6,
5.9,1,0.7,
5.9,1,0.8,
5.9,1,0.9,
5.9,1,1,
5.9,1,1.1,
5.9,1,1.2,
5.9,1,1.3,
5.9,1,1.4,
5.9,1,1.5,
5.9,1,1.6,
5.9,1,1.7,
5.9,1,1.8,
5.9,1,1.9,
5.9,1,2,
5.9,1,2.1,
5.9,1,2.2,
5.9,1,2.3,
5.9,1,2.4,
5.9,1,2.5,
5.9,1,2.6,
5.9,1,2.7,
5.9,1,2.8,
5.9,1,2.9,
5.9,1,3,
5.9,1,3.1,
5.9,1,3.2,
5.9,1,3.3,
5.9,1,3.4,
5.9,1,3.5,
5.9,1,3.6,
6,1,0,
6,1,0.1,
6,1,0.2,
6,1,0.3,
6,1,0.4,
6,1,0.5,
6,1,0.6,
6,1,0.7,
6,1,0.8,
6,1,0.9,
6,1,1,
6,1,1.1,
6,1,1.2,
6,1,1.3,
6,1,1.4,
6,1,1.5,1.011484617
6,1,1.6,
6,1,1.7,
6,1,1.8,
6,1,1.9,
6,1,2,
6,1,2.1,
6,1,2.2,
6,1,2.3,
6,1,2.4,
6,1,2.5,
6,1,2.6,
6,1,2.7,
6,1,2.8,
6,1,2.9,
6,1,3,
6,1,3.1,
6,1,3.2,
6,1,3.3,
6,1,3.4,
6,1,3.5,
6,1,3.6,
6.1,1,0,
6.1,1,0.1,
6.1,1,0.2,
6.1,1,0.3,
6.1,1,0.4,
6.1,1,0.5,
6.1,1,0.6,
6.1,1,0.7,
6.1,1,0.8,
6.1,1,0.9,
6.1,1,1,
6.1,1,1.1,
6.1,1,1.2,
6.1,1,1.3,
6.1,1,1.4,1.021923342
6.1,1,1.5,
6.1,1,1.6,
6.1,1,1.7,
6.1,1,1.8,
6.1,1,1.9,
6.1,1,2,
6.1,1,2.1,
6.1,1,2.2,
6.1,1,2.3,
6.1,1,2.4,
6.1,1,2.5,
6.1,1,2.6,
6.1,1,2.7,
6.1,1,2.8,
6.1,1,2.9,
6.1,1,3,
6.1,1,3.1,
6.1,1,3.2,
6.1,1,3.3,
6.1,1,3.4,
6.1,1,3.5,
6.1,1,3.6,0.992837335
6.2,1,0,
6.2,1,0.1,
6.2,1,0.2,
6.2,1,0.3,
6.2,1,0.4,
6.2,1,0.5,
6.2,1,0.6,
6.2,1,0.7,
6.2,1,0.8,
6.2,1,0.9,
6.2,1,1,
6.2,1,1.1,
6.2,1,1.2,
6.2,1,1.3,
6.2,1,1.4,
6.2,1,1.5,
6.2,1,1.6,
6.2,1,1.7,
6.2,1,1.8,
6.2,1,1.9,
6.2,1,2,
6.2,1,2.1,
6.2,1,2.2,
6.2,1,2.3,
6.2,1,2.4,
6.2,1,2.5,
6.2,1,2.6,
6.2,1,2.7,
6.2,1,2.8,
6.2,1,2.9,
6.2,1,3,
6.2,1,3.1,
6.2,1,3.2,
6.2,1,3.3,
6.2,1,3.4,
6.2,1,3.5,
6.2,1,3.6,
6.3,1,0,
6.3,1,0.1,
6.3,1,0.2,
6.3,1,0.3,
6.3,1,0.4,
6.3,1,0.5,
6.3,1,0.6,
6.3,1,0.7,
6.3,1,0.8,
6.3,1,0.9,1.129026881
6.3,1,1,
6.3,1,1.1,
6.3,1,1.2,
6.3,1,1.3,
6.3,1,1.4,
6.3,1,1.5,
6.3,1,1.6,
6.3,1,1.7,
6.3,1,1.8,
6.3,1,1.9,
6.3,1,2,
6.3,1,2.1,
6.3,1,2.2,
6.3,1,2.3,
6.3,1,2.4,
6.3,1,2.5,
6.3,1,2.6,
6.3,1,2.7,
6.3,1,2.8,
6.3,1,2.9,
6.3,1,3,
6.3,1,3.1,
6.3,1,3.2,
6.3,1,3.3,
6.3,1,3.4,
6.3,1,3.5,
6.3,1,3.6,
6.4,1,0,
6.4,1,0.1,1.009261839
6.4,1,0.2,
6.4,1,0.3,
6.4,1,0.4,
6.4,1,0.5,
6.4,1,0.6,
6.4,1,0.7,
6.4,1,0.8,
6.4,1,0.9,
6.4,1,1,
6.4,1,1.1,
6.4,1,1.2,
6.4,1,1.3,
6.4,1,1.4,
6.4,1,1.5,
6.4,1,1.6,
6.4,1,1.7,
6.4,1,1.8,
6.4,1,1.9,
6.4,1,2,
6.4,1,2.1,
6.4,1,2.2,
6.4,1,2.3,
6.4,1,2.4,
6.4,1,2.5,
6.4,1,2.6,
6.4,1,2.7,
6.4,1,2.8,
6.4,1,2.9,
6.4,1,3,
6.4,1,3.1,
6.4,1,3.2,
6.4,1,3.3,
6.4,1,3.4,
6.4,1,3.5,
6.4,1,3.6,1.007200248
6.5,1,0,
6.5,1,0.1,
6.5,1,0.2,
6.5,1,0.3,
6.5,1,0.4,
6.5,1,0.5,
6.5,1,0.6,
6.5,1,0.7,
6.5,1,0.8,1.148420679
6.5,1,0.9,
6.5,1,1,
6.5,1,1.1,
6.5,1,1.2,
6.5,1,1.3,
6.5,1,1.4,
6.5,1,1.5,
6.5,1,1.6,
6.5,1,1.7,
6.5,1,1.8,
6.5,1,1.9,
6.5,1,2,
6.5,1,2.1,
6.5,1,2.2,
6.5,1,2.3,
6.5,1,2.4,
6.5,1,2.5,
6.5,1,2.6,
6.5,1,2.7,1.122236592
6.5,1,2.8,
6.5,1,2.9,
6.5,1,3,
6.5,1,3.1,
6.5,1,3.2,
6.5,1,3.3,
6.5,1,3.4,
6.5,1,3.5,
6.5,1,3.6,
6.6,1,0,
6.6,1,0.1,
6.6,1,0.2,
6.6,1,0.3,
6.6,1,0.4,
6.6,1,0.5,
6.6,1,0.6,
6.6,1,0.7,
6.6,1,0.8,
6.6,1,0.9,
6.6,1,1,
6.6,1,1.1,
6.6,1,1.2,
6.6,1,1.3,
6.6,1,1.4,
6.6,1,1.5,
6.6,1,1.6,
6.6,1,1.7,
6.6,1,1.8,
6.6,1,1.9,
6.6,1,2,
6.6,1,2.1,
6.6,1,2.2,
6.6,1,2.3,
6.6,1,2.4,
6.6,1,2.5,1.07109423
6.6,1,2.6,
6.6,1,2.7,
6.6,1,2.8,
6.6,1,2.9,
6.6,1,3,
6.6,1,3.1,
6.6,1,3.2,
6.6,1,3.3,
6.6,1,3.4,
6.6,1,3.5,
6.6,1,3.6,
6.7,1,0,
6.7,1,0.1,
6.7,1,0.2,
6.7,1,0.3,
6.7,1,0.4,
6.7,1,0.5,
6.7,1,0.6,
6.7,1,0.7,
6.7,1,0.8,
6.7,1,0.9,
6.7,1,1,
6.7,1,1.1,
6.7,1,1.2,
6.7,1,1.3,
6.7,1,1.4,
6.7,1,1.5,
6.7,1,1.6,
6.7,1,1.7,
6.7,1,1.8,
6.7,1,1.9,
6.7,1,2,
6.7,1,2.1,
6.7,1,2.2,
6.7,1,2.3,
6.7,1,2.4,
6.7,1,2.5,
6.7,1,2.6,
6.7,1,2.7,
6.7,1,2.8,
6.7,1,2.9,
6.7,1,3,
6.7,1,3.1,
6.7,1,3.2,
6.7,1,3.3,
6.7,1,3.4,
6.7,1,3.5,
6.7,1,3.6,
6.8,1,0,
6.8,1,0.1,
6.8,1,0.2,
6.8,1,0.3,
6.8,1,0.4,
6.8,1,0.5,
6.8,1,0.6,
6.8,1,0.7,
6.8,1,0.8,
6.8,1,0.9,1.132075773
6.8,1,1,
6.8,1,1.1,
6.8,1,1.2,
6.8,1,1.3,
6.8,1,1.4,
6.8,1,1.5,
6.8,1,1.6,
6.8,1,1.7,
6.8,1,1.8,
6.8,1,1.9,
6.8,1,2,
6.8,1,2.1,
6.8,1,2.2,
6.8,1,2.3,
6.8,1,2.4,
6.8,1,2.5,
6.8,1,2.6,
6.8,1,2.7,
6.8,1,2.8,
6.8,1,2.9,
6.8,1,3,
6.8,1,3.1,
6.8,1,3.2,
6.8,1,3.3,
6.8,1,3.4,
6.8,1,3.5,
6.8,1,3.6,
6.9,1,0,
6.9,1,0.1,
6.9,1,0.2,
6.9,1,0.3,
6.9,1,0.4,
6.9,1,0.5,
6.9,1,0.6,
6.9,1,0.7,
6.9,1,0.8,
6.9,1,0.9,
6.9,1,1,
6.9,1,1.1,
6.9,1,1.2,
6.9,1,1.3,
6.9,1,1.4,
6.9,1,1.5,
6.9,1,1.6,
6.9,1,1.7,
6.9,1,1.8,
6.9,1,1.9,
6.9,1,2,0.99990508
6.9,1,2.1,
6.9,1,2.2,
6.9,1,2.3,
6.9,1,2.4,
6.9,1,2.5,
6.9,1,2.6,
6.9,1,2.7,
6.9,1,2.8,
6.9,1,2.9,
6.9,1,3,1.066459913
6.9,1,3.1,
6.9,1,3.2,
6.9,1,3.3,
6.9,1,3.4,
6.9,1,3.5,
6.9,1,3.6,
7,1,0,
7,1,0.1,
7,1,0.2,
7,1,0.3,
7,1,0.4,
7,1,0.5,
7,1,0.6,
7,1,0.7,
7,1,0.8,
7,1,0.9,
7,1,1,
7,1,1.1,
7,1,1.2,
7,1,1.3,
7,1,1.4,
7,1,1.5,
7,1,1.6,
7,1,1.7,
7,1,1.8,
7,1,1.9,
7,1,2,
7,1,2.1,
7,1,2.2,
7,1,2.3,
7,1,2.4,
7,1,2.5,
7,1,2.6,
7,1,2.7,
7,1,2.8,
7,1,2.9,
7,1,3,
7,1,3.1,
7,1,3.2,
7,1,3.3,
7,1,3.4,
7,1,3.5,
7,1,3.6,
7.1,1,0,
7.1,1,0.1,
7.1,1,0.2,
7.1,1,0.3,
7.1,1,0.4,
7.1,1,0.5,
7.1,1,0.6,1.05642657
7.1,1,0.7,
7.1,1,0.8,
7.1,1,0.9,
7.1,1,1,
7.1,1,1.1,
7.1,1,1.2,
7.1,1,1.3,
7.1,1,1.4,
7.1,1,1.5,
7.1,1,1.6,
7.1,1,1.7,
7.1,1,1.8,
7.1,1,1.9,
7.1,1,2,
7.1,1,2.1,
7.1,1,2.2,
7.1,1,2.3,
7.1,1,2.4,
7.1,1,2.5,
7.1,1,2.6,1.118642453
7.1,1,2.7,
7.1,1,2.8,
7.1,1,2.9,
7.1,1,3,
7.1,1,3.1,
7.1,1,3.2,
7.1,1,3.3,
7.1,1,3.4,
7.1,1,3.5,
7.1,1,3.6,
7.2,1,0,
7.2,1,0.1,
7.2,1,0.2,
7.2,1,0.3,
7.2,1,0.4,
7.2,1,0.5,
7.2,1,0.6,
7.2,1,0.7,
7.2,1,0.8,
7.2,1,0.9,
7.2,1,1,
7.2,1,1.1,
7.2,1,1.2,
7.2,1,1.3,1.058270119
7.2,1,1.4,
7.2,1,1.5,
7.2,1,1.6,
7.2,1,1.7,
7.2,1,1.8,
7.2,1,1.9,
7.2,1,2,
7.2,1,2.1,
7.2,1,2.2,
7.2,1,2.3,
7.2,1,2.4,
7.2,1,2.5,
7.2,1,2.6,
7.2,1,2.7,
7.2,1,2.8,
7.2,1,2.9,
7.2,1,3,
7.2,1,3.1,
7.2,1,3.2,
7.2,1,3.3,
7.2,1,3.4,
7.2,1,3.5,
7.2,1,3.6,
7.3,1,0,
7.3,1,0.1,
7.3,1,0.2,
7.3,1,0.3,
7.3,1,0.4,
7.3,1,0.5,
7.3,1,0.6,
7.3,1,0.7,
7.3,1,0.8,
7.3,1,0.9,1.175737902
7.3,1,1,
7.3,1,1.1,
7.3,1,1.2,
7.3,1,1.3,
7.3,1,1.4,
7.3,1,1.5,
7.3,1,1.6,
7.3,1,1.7,
7.3,1,1.8,
7.3,1,1.9,
7.3,1,2,
7.3,1,2.1,
7.3,1,2.2,
7.3,1,2.3,
7.3,1,2.4,
7.3,1,2.5,
7.3,1,2.6,
7.3,1,2.7,
7.3,1,2.8,1.204250802
7.3,1,2.9,
7.3,1,3,
7.3,1,3.1,
7.3,1,3.2,
7.3,1,3.3,
7.3,1,3.4,
7.3,1,3.5,
7.3,1,3.6,
7.4,1,0,
7.4,1,0.1,
7.4,1,0.2,
7.4,1,0.3,
7.4,1,0.4,
7.4,1,0.5,
7.4,1,0.6,
7.4,1,0.7,
7.4,1,0.8,
7.4,1,0.9,
7.4,1,1,
7.4,1,1.1,
7.4,1,1.2,
7.4,1,1.3,
7.4,1,1.4,
7.4,1,1.5,
7.4,1,1.6,
7.4,1,1.7,
7.4,1,1.8,
7.4,1,1.9,
7.4,1,2,
7.4,1,2.1,
7.4,1,2.2,
7.4,1,2.3,
7.4,1,2.4,
7.4,1,2.5,
7.4,1,2.6,
7.4,1,2.7,
7.4,1,2.8,
7.4,1,2.9,
7.4,1,3,
7.4,1,3.1,
7.4,1,3.2,
7.4,1,3.3,
7.4,1,3.4,0.99868069
7.4,1,3.5,
7.4,1,3.6,
7.5,1,0,
7.5,1,0.1,
7.5,1,0.2,
7.5,1,0.3,1.00614671
7.5,1,0.4,
7.5,1,0.5,
7.5,1,0.6,
7.5,1,0.7,
7.5,1,0.8,
7.5,1,0.9,
7.5,1,1,
7.5,1,1.1,
7.5,1,1.2,
7.5,1,1.3,
7.5,1,1.4,
7.5,1,1.5,
7.5,1,1.6,
7.5,1,1.7,
7.5,1,1.8,
7.5,1,1.9,
7.5,1,2,
7.5,1,2.1,
7.5,1,2.2,
7.5,1,2.3,
7.5,1,2.4,
7.5,1,2.5,
7.5,1,2.6,
7.5,1,2.7,
7.5,1,2.8,
7.5,1,2.9,
7.5,1,3,
7.5,1,3.1,
7.5,1,3.2,
7.5,1,3.3,
7.5,1,3.4,
7.5,1,3.5,
7.5,1,3.6,
7.6,1,0,
7.6,1,0.1,
7.6,1,0.2,
7.6,1,0.3,
7.6,1,0.4,
7.6,1,0.5,
7.6,1,0.6,
7.6,1,0.7,
7.6,1,0.8,
7.6,1,0.9,
7.6,1,1,
7.6,1,1.1,
7.6,1,1.2,
7.6,1,1.3,
7.6,1,1.4,
7.6,1,1.5,
7.6,1,1.6,
7.6,1,1.7,
7.6,1,1.8,
7.6,1,1.9,
7.6,1,2,
7.6,1,2.1,
7.6,1,2.2,1.026215102
7.6,1,2.3,
7.6,1,2.4,
7.6,1,2.5,
7.6,1,2.6,
7.6,1,2.7,
7.6,1,2.8,
7.6,1,2.9,
7.6,1,3,
7.6,1,3.1,
7.6,1,3.2,
7.6,1,3.3,
7.6,1,3.4,
7.6,1,3.5,
7.6,1,3.6,
7.7,1,0,
7.7,1,0.1,
7.7,1,0.2,
7.7,1,0.3,
7.7,1,0.4,
7.7,1,0.5,
7.7,1,0.6,
7.7,1,0.7,
7.7,1,0.8,
7.7,1,0.9,
7.7,1,1,
7.7,1,1.1,
7.7,1,1.2,
7.7,1,1.3,
7.7,1,1.4,
7.7,1,1.5,
7.7,1,1.6,
7.7,1,1.7,
7.7,1,1.8,
7.7,1,1.9,
7.7,1,2,
7.7,1,2.1,
7.7,1,2.2,
7.7,1,2.3,
7.7,1,2.4,
7.7,1,2.5,
7.7,1,2.6,
7.7,1,2.7,
7.7,1,2.8,
7.7,1,2.9,
7.7,1,3,
7.7,1,3.1,
7.7,1,3.2,
7.7,1,3.3,
7.7,1,3.4,
7.7,1,3.5,
7.7,1,3.6,
7.8,1,0,
7.8,1,0.1,
7.8,1,0.2,
7.8,1,0.3,
7.8,1,0.4,
7.8,1,0.5,
7.8,1,0.6,
7.8,1,0.7,
7.8,1,0.8,
7.8,1,0.9,
7.8,1,1,
7.8,1,1.1,
7.8,1,1.2,
7.8,1,1.3,
7.8,1,1.4,
7.8,1,1.5,
7.8,1,1.6,
7.8,1,1.7,
7.8,1,1.8,
7.8,1,1.9,
7.8,1,2,
7.8,1,2.1,
7.8,1,2.2,
7.8,1,2.3,
7.8,1,2.4,
7.8,1,2.5,
7.8,1,2.6,
7.8,1,2.7,
7.8,1,2.8,
7.8,1,2.9,
7.8,1,3,
7.8,1,3.1,
7.8,1,3.2,
7.8,1,3.3,
7.8,1,3.4,
7.8,1,3.5,
7.8,1,3.6,
7.9,1,0,
7.9,1,0.1,
7.9,1,0.2,
7.9,1,0.3,
7.9,1,0.4,
7.9,1,0.5,
7.9,1,0.6,
7.9,1,0.7,
7.9,1,0.8,1.153422
7.9,1,0.9,
7.9,1,1,
7.9,1,1.1,
7.9,1,1.2,
7.9,1,1.3,
7.9,1,1.4,
7.9,1,1.5,
7.9,1,1.6,
7.9,1,1.7,
7.9,1,1.8,
7.9,1,1.9,
7.9,1,2,
7.9,1,2.1,
7.9,1,2.2,
7.9,1,2.3,
7.9,1,2.4,
7.9,1,2.5,
7.9,1,2.6,
7.9,1,2.7,
7.9,1,2.8,
7.9,1,2.9,1.179594999
7.9,1,3,
7.9,1,3.1,
7.9,1,3.2,
7.9,1,3.3,
7.9,1,3.4,
7.9,1,3.5,
7.9,1,3.6,0.998950187
8,1,0,
8,1,0.1,1.007499025
8,1,0.2,
8,1,0.3,
8,1,0.4,
8,1,0.5,
8,1,0.6,
8,1,0.7,
8,1,0.8,
8,1,0.9,
8,1,1,
8,1,1.1,
8,1,1.2,1.051124482
8,1,1.3,
8,1,1.4,
8,1,1.5,
8,1,1.6,
8,1,1.7,
8,1,1.8,0.990406181
8,1,1.9,
8,1,2,
8,1,2.1,
8,1,2.2,
8,1,2.3,1.030667765
8,1,2.4,
8,1,2.5,
8,1,2.6,
8,1,2.7,
8,1,2.8,
8,1,2.9,
8,1,3,1.074626965
8,1,3.1,
8,1,3.2,
8,1,3.3,
8,1,3.4,
8,1,3.5,
8,1,3.6,
0,1.1,0,
0,1.1,0.1,
0,1.1,0.2,1.008337648
0,1.1,0.3,1.017164796
0,1.1,0.4,1.661358942
0,1.1,0.5,1.597667367
0,1.1,0.6,2.310394928
0,1.1,0.7,1.482303249
0,1.1,0.8,1.431010503
0,1.1,0.9,1.384209081
0,1.1,1,1.341986825
0,1.1,1.1,
0,1.1,1.2,
0,1.1,1.3,
0,1.1,1.4,
0,1.1,1.5,
0,1.1,1.6,
0,1.1,1.7,1.18210234
0,1.1,1.8,
0,1.1,1.9,
0,1.1,2,
0,1.1,2.1,
0,1.1,2.2,
0,1.1,2.3,
0,1.1,2.4,
0,1.1,2.5,
0,1.1,2.6,
0,1.1,2.7,
0,1.1,2.8,
0,1.1,2.9,
0,1.1,3,
0,1.1,3.1,
0,1.1,3.2,
0,1.1,3.3,
0,1.1,3.4,
0,1.1,3.5,
0,1.1,3.6,
0.1,1.1,0,
0.1,1.1,0.1,
0.1,1.1,0.2,
0.1,1.1,0.3,1.005630459
0.1,1.1,0.4,2.615888544
0.1,1.1,0.5,1.032583237
0.1,1.1,0.6,1.051934962
0.1,1.1,0.7,1.15039386
0.1,1.1,0.8,1.12003144
0.1,1.1,0.9,
0.1,1.1,1,1.066189848
0.1,1.1,1.1,
0.1,1.1,1.2,1.022910359
0.1,1.1,1.3,
0.1,1.1,1.4,
0.1,1.1,1.5,
0.1,1.1,1.6,
0.1,1.1,1.7,
0.1,1.1,1.8,
0.1,1.1,1.9,
0.1,1.1,2,
0.1,1.1,2.1,
0.1,1.1,2.2,
0.1,1.1,2.3,1.003224038
0.1,1.1,2.4,
0.1,1.1,2.5,
0.1,1.1,2.6,
0.1,1.1,2.7,
0.1,1.1,2.8,
0.1,1.1,2.9,
0.1,1.1,3,
0.1,1.1,3.1,
0.1,1.1,3.2,1.018759317
0.1,1.1,3.3,1.007207924
0.1,1.1,3.4,
0.1,1.1,3.5,
0.1,1.1,3.6,
0.2,1.1,0,
0.2,1.1,0.1,
0.2,1.1,0.2,
0.2,1.1,0.3,
0.2,1.1,0.4,1.477372714
0.2,1.1,0.5,1.023490004
0.2,1.1,0.6,1.042621981
0.2,1.1,0.7,1.337082444
0.2,1.1,0.8,
0.2,1.1,0.9,
0.2,1.1,1,
0.2,1.1,1.1,
0.2,1.1,1.2,
0.2,1.1,1.3,
0.2,1.1,1.4,
0.2,1.1,1.5,
0.2,1.1,1.6,
0.2,1.1,1.7,
0.2,1.1,1.8,0.965937434
0.2,1.1,1.9,
0.2,1.1,2,
0.2,1.1,2.1,
0.2,1.1,2.2,
0.2,1.1,2.3,
0.2,1.1,2.4,
0.2,1.1,2.5,
0.2,1.1,2.6,
0.2,1.1,2.7,
0.2,1.1,2.8,
0.2,1.1,2.9,
0.2,1.1,3,1.045377213
0.2,1.1,3.1,
0.2,1.1,3.2,
0.2,1.1,3.3,
0.2,1.1,3.4,
0.2,1.1,3.5,
0.2,1.1,3.6,
0.3,1.1,0,0.9741639
0.3,1.1,0.1,
0.3,1.1,0.2,
0.3,1.1,0.3,0.989537709
0.3,1.1,0.4,1.001432795
0.3,1.1,0.5,1.016637458
0.3,1.1,0.6,1.034534243
0.3,1.1,0.7,
0.3,1.1,0.8,1.25582669
0.3,1.1,0.9,
0.3,1.1,1,
0.3,1.1,1.1,
0.3,1.1,1.2,
0.3,1.1,1.3,
0.3,1.1,1.4,
0.3,1.1,1.5,
0.3,1.1,1.6,
0.3,1.1,1.7,
0.3,1.1,1.8,
0.3,1.1,1.9,
0.3,1.1,2,
0.3,1.1,2.1,
0.3,1.1,2.2,
0.3,1.1,2.3,
0.3,1.1,2.4,
0.3,1.1,2.5,
0.3,1.1,2.6,
0.3,1.1,2.7,
0.3,1.1,2.8,
0.3,1.1,2.9,
0.3,1.1,3,
0.3,1.1,3.1,
0.3,1.1,3.2,
0.3,1.1,3.3,
0.3,1.1,3.4,
0.3,1.1,3.5,
0.3,1.1,3.6,
0.4,1.1,0,
0.4,1.1,0.1,
0.4,1.1,0.2,
0.4,1.1,0.3,
0.4,1.1,0.4,
0.4,1.1,0.5,
0.4,1.1,0.6,
0.4,1.1,0.7,
0.4,1.1,0.8,
0.4,1.1,0.9,
0.4,1.1,1,
0.4,1.1,1.1,
0.4,1.1,1.2,
0.4,1.1,1.3,
0.4,1.1,1.4,
0.4,1.1,1.5,
0.4,1.1,1.6,
0.4,1.1,1.7,
0.4,1.1,1.8,
0.4,1.1,1.9,
0.4,1.1,2,
0.4,1.1,2.1,
0.4,1.1,2.2,
0.4,1.1,2.3,
0.4,1.1,2.4,
0.4,1.1,2.5,
0.4,1.1,2.6,1.074323639
0.4,1.1,2.7,
0.4,1.1,2.8,
0.4,1.1,2.9,
0.4,1.1,3,
0.4,1.1,3.1,
0.4,1.1,3.2,
0.4,1.1,3.3,
0.4,1.1,3.4,
0.4,1.1,3.5,
0.4,1.1,3.6,
0.5,1.1,0,
0.5,1.1,0.1,
0.5,1.1,0.2,
0.5,1.1,0.3,
0.5,1.1,0.4,
0.5,1.1,0.5,
0.5,1.1,0.6,
0.5,1.1,0.7,
0.5,1.1,0.8,1.067973415
0.5,1.1,0.9,
0.5,1.1,1,
0.5,1.1,1.1,
0.5,1.1,1.2,
0.5,1.1,1.3,
0.5,1.1,1.4,
0.5,1.1,1.5,
0.5,1.1,1.6,
0.5,1.1,1.7,
0.5,1.1,1.8,
0.5,1.1,1.9,
0.5,1.1,2,
0.5,1.1,2.1,
0.5,1.1,2.2,
0.5,1.1,2.3,
0.5,1.1,2.4,
0.5,1.1,2.5,
0.5,1.1,2.6,
0.5,1.1,2.7,
0.5,1.1,2.8,
0.5,1.1,2.9,
0.5,1.1,3,
0.5,1.1,3.1,
0.5,1.1,3.2,
0.5,1.1,3.3,
0.5,1.1,3.4,
0.5,1.1,3.5,
0.5,1.1,3.6,
0.6,1.1,0,
0.6,1.1,0.1,
0.6,1.1,0.2,
0.6,1.1,0.3,
0.6,1.1,0.4,
0.6,1.1,0.5,
0.6,1.1,0.6,
0.6,1.1,0.7,
0.6,1.1,0.8,
0.6,1.1,0.9,
0.6,1.1,1,
0.6,1.1,1.1,
0.6,1.1,1.2,
0.6,1.1,1.3,
0.6,1.1,1.4,
0.6,1.1,1.5,
0.6,1.1,1.6,
0.6,1.1,1.7,
0.6,1.1,1.8,
0.6,1.1,1.9,
0.6,1.1,2,
0.6,1.1,2.1,
0.6,1.1,2.2,
0.6,1.1,2.3,
0.6,1.1,2.4,
0.6,1.1,2.5,
0.6,1.1,2.6,
0.6,1.1,2.7,
0.6,1.1,2.8,
0.6,1.1,2.9,
0.6,1.1,3,
0.6,1.1,3.1,
0.6,1.1,3.2,
0.6,1.1,3.3,
0.6,1.1,3.4,
0.6,1.1,3.5,
0.6,1.1,3.6,0.96475597
0.7,1.1,0,0.963948049
0.7,1.1,0.1,
0.7,1.1,0.2,
0.7,1.1,0.3,
0.7,1.1,0.4,
0.7,1.1,0.5,
0.7,1.1,0.6,
0.7,1.1,0.7,
0.7,1.1,0.8,
0.7,1.1,0.9,
0.7,1.1,1,
0.7,1.1,1.1,
0.7,1.1,1.2,
0.7,1.1,1.3,
0.7,1.1,1.4,
0.7,1.1,1.5,
0.7,1.1,1.6,
0.7,1.1,1.7,
0.7,1.1,1.8,
0.7,1.1,1.9,
0.7,1.1,2,
0.7,1.1,2.1,
0.7,1.1,2.2,
0.7,1.1,2.3,
0.7,1.1,2.4,
0.7,1.1,2.5,
0.7,1.1,2.6,
0.7,1.1,2.7,
0.7,1.1,2.8,
0.7,1.1,2.9,
0.7,1.1,3,
0.7,1.1,3.1,
0.7,1.1,3.2,
0.7,1.1,3.3,
0.7,1.1,3.4,
0.7,1.1,3.5,
0.7,1.1,3.6,
0.8,1.1,0,
0.8,1.1,0.1,
0.8,1.1,0.2,
0.8,1.1,0.3,
0.8,1.1,0.4,
0.8,1.1,0.5,
0.8,1.1,0.6,
0.8,1.1,0.7,
0.8,1.1,0.8,
0.8,1.1,0.9,
0.8,1.1,1,
0.8,1.1,1.1,1.090936052
0.8,1.1,1.2,
0.8,1.1,1.3,
0.8,1.1,1.4,
0.8,1.1,1.5,
0.8,1.1,1.6,
0.8,1.1,1.7,
0.8,1.1,1.8,
0.8,1.1,1.9,
0.8,1.1,2,
0.8,1.1,2.1,
0.8,1.1,2.2,
0.8,1.1,2.3,
0.8,1.1,2.4,
0.8,1.1,2.5,1.08724412
0.8,1.1,2.6,
0.8,1.1,2.7,
0.8,1.1,2.8,
0.8,1.1,2.9,
0.8,1.1,3,
0.8,1.1,3.1,
0.8,1.1,3.2,
0.8,1.1,3.3,
0.8,1.1,3.4,
0.8,1.1,3.5,
0.8,1.1,3.6,
0.9,1.1,0,
0.9,1.1,0.1,
0.9,1.1,0.2,
0.9,1.1,0.3,
0.9,1.1,0.4,
0.9,1.1,0.5,
0.9,1.1,0.6,
0.9,1.1,0.7,
0.9,1.1,0.8,
0.9,1.1,0.9,
0.9,1.1,1,
0.9,1.1,1.1,
0.9,1.1,1.2,
0.9,1.1,1.3,
0.9,1.1,1.4,
0.9,1.1,1.5,
0.9,1.1,1.6,
0.9,1.1,1.7,
0.9,1.1,1.8,
0.9,1.1,1.9,
0.9,1.1,2,
0.9,1.1,2.1,
0.9,1.1,2.2,
0.9,1.1,2.3,
0.9,1.1,2.4,
0.9,1.1,2.5,
0.9,1.1,2.6,
0.9,1.1,2.7,
0.9,1.1,2.8,
0.9,1.1,2.9,
0.9,1.1,3,
0.9,1.1,3.1,
0.9,1.1,3.2,
0.9,1.1,3.3,
0.9,1.1,3.4,
0.9,1.1,3.5,
0.9,1.1,3.6,
1,1.1,0,
1,1.1,0.1,
1,1.1,0.2,0.971897628
1,1.1,0.3,
1,1.1,0.4,
1,1.1,0.5,
1,1.1,0.6,
1,1.1,0.7,
1,1.1,0.8,
1,1.1,0.9,
1,1.1,1,
1,1.1,1.1,
1,1.1,1.2,
1,1.1,1.3,
1,1.1,1.4,
1,1.1,1.5,
1,1.1,1.6,
1,1.1,1.7,
1,1.1,1.8,
1,1.1,1.9,
1,1.1,2,
1,1.1,2.1,
1,1.1,2.2,
1,1.1,2.3,
1,1.1,2.4,
1,1.1,2.5,
1,1.1,2.6,
1,1.1,2.7,
1,1.1,2.8,
1,1.1,2.9,
1,1.1,3,
1,1.1,3.1,
1,1.1,3.2,
1,1.1,3.3,
1,1.1,3.4,
1,1.1,3.5,
1,1.1,3.6,
1.1,1.1,0,
1.1,1.1,0.1,
1.1,1.1,0.2,
1.1,1.1,0.3,
1.1,1.1,0.4,
1.1,1.1,0.5,
1.1,1.1,0.6,
1.1,1.1,0.7,
1.1,1.1,0.8,
1.1,1.1,0.9,
1.1,1.1,1,
1.1,1.1,1.1,
1.1,1.1,1.2,
1.1,1.1,1.3,
1.1,1.1,1.4,
1.1,1.1,1.5,
1.1,1.1,1.6,
1.1,1.1,1.7,
1.1,1.1,1.8,
1.1,1.1,1.9,
1.1,1.1,2,
1.1,1.1,2.1,
1.1,1.1,2.2,
1.1,1.1,2.3,
1.1,1.1,2.4,
1.1,1.1,2.5,
1.1,1.1,2.6,
1.1,1.1,2.7,
1.1,1.1,2.8,
1.1,1.1,2.9,
1.1,1.1,3,
1.1,1.1,3.1,1.013498165
1.1,1.1,3.2,
1.1,1.1,3.3,
1.1,1.1,3.4,
1.1,1.1,3.5,
1.1,1.1,3.6,
1.2,1.1,0,
1.2,1.1,0.1,
1.2,1.1,0.2,0.976930788
1.2,1.1,0.3,
1.2,1.1,0.4,
1.2,1.1,0.5,
1.2,1.1,0.6,
1.2,1.1,0.7,
1.2,1.1,0.8,
1.2,1.1,0.9,
1.2,1.1,1,
1.2,1.1,1.1,
1.2,1.1,1.2,
1.2,1.1,1.3,1.014161388
1.2,1.1,1.4,
1.2,1.1,1.5,
1.2,1.1,1.6,
1.2,1.1,1.7,
1.2,1.1,1.8,
1.2,1.1,1.9,
1.2,1.1,2,
1.2,1.1,2.1,
1.2,1.1,2.2,
1.2,1.1,2.3,
1.2,1.1,2.4,
1.2,1.1,2.5,
1.2,1.1,2.6,
1.2,1.1,2.7,
1.2,1.1,2.8,1.129944533
1.2,1.1,2.9,
1.2,1.1,3,
1.2,1.1,3.1,
1.2,1.1,3.2,
1.2,1.1,3.3,
1.2,1.1,3.4,
1.2,1.1,3.5,
1.2,1.1,3.6,
1.3,1.1,0,
1.3,1.1,0.1,
1.3,1.1,0.2,
1.3,1.1,0.3,
1.3,1.1,0.4,
1.3,1.1,0.5,
1.3,1.1,0.6,
1.3,1.1,0.7,
1.3,1.1,0.8,
1.3,1.1,0.9,1.100351657
1.3,1.1,1,
1.3,1.1,1.1,
1.3,1.1,1.2,
1.3,1.1,1.3,
1.3,1.1,1.4,
1.3,1.1,1.5,
1.3,1.1,1.6,
1.3,1.1,1.7,
1.3,1.1,1.8,
1.3,1.1,1.9,0.968303488
1.3,1.1,2,
1.3,1.1,2.1,
1.3,1.1,2.2,
1.3,1.1,2.3,
1.3,1.1,2.4,
1.3,1.1,2.5,
1.3,1.1,2.6,
1.3,1.1,2.7,
1.3,1.1,2.8,
1.3,1.1,2.9,
1.3,1.1,3,
1.3,1.1,3.1,
1.3,1.1,3.2,
1.3,1.1,3.3,
1.3,1.1,3.4,
1.3,1.1,3.5,
1.3,1.1,3.6,
1.4,1.1,0,
1.4,1.1,0.1,
1.4,1.1,0.2,
1.4,1.1,0.3,
1.4,1.1,0.4,
1.4,1.1,0.5,
1.4,1.1,0.6,
1.4,1.1,0.7,
1.4,1.1,0.8,
1.4,1.1,0.9,
1.4,1.1,1,
1.4,1.1,1.1,
1.4,1.1,1.2,
1.4,1.1,1.3,
1.4,1.1,1.4,0.99238391
1.4,1.1,1.5,
1.4,1.1,1.6,
1.4,1.1,1.7,
1.4,1.1,1.8,
1.4,1.1,1.9,
1.4,1.1,2,
1.4,1.1,2.1,
1.4,1.1,2.2,
1.4,1.1,2.3,
1.4,1.1,2.4,
1.4,1.1,2.5,
1.4,1.1,2.6,
1.4,1.1,2.7,
1.4,1.1,2.8,
1.4,1.1,2.9,
1.4,1.1,3,
1.4,1.1,3.1,
1.4,1.1,3.2,
1.4,1.1,3.3,
1.4,1.1,3.4,
1.4,1.1,3.5,
1.4,1.1,3.6,
1.5,1.1,0,
1.5,1.1,0.1,
1.5,1.1,0.2,
1.5,1.1,0.3,
1.5,1.1,0.4,
1.5,1.1,0.5,
1.5,1.1,0.6,
1.5,1.1,0.7,
1.5,1.1,0.8,
1.5,1.1,0.9,
1.5,1.1,1,
1.5,1.1,1.1,
1.5,1.1,1.2,
1.5,1.1,1.3,
1.5,1.1,1.4,
1.5,1.1,1.5,
1.5,1.1,1.6,
1.5,1.1,1.7,
1.5,1.1,1.8,
1.5,1.1,1.9,
1.5,1.1,2,
1.5,1.1,2.1,
1.5,1.1,2.2,
1.5,1.1,2.3,
1.5,1.1,2.4,
1.5,1.1,2.5,
1.5,1.1,2.6,
1.5,1.1,2.7,
1.5,1.1,2.8,
1.5,1.1,2.9,
1.5,1.1,3,
1.5,1.1,3.1,
1.5,1.1,3.2,
1.5,1.1,3.3,
1.5,1.1,3.4,
1.5,1.1,3.5,
1.5,1.1,3.6,
1.6,1.1,0,
1.6,1.1,0.1,
1.6,1.1,0.2,
1.6,1.1,0.3,
1.6,1.1,0.4,
1.6,1.1,0.5,
1.6,1.1,0.6,
1.6,1.1,0.7,
1.6,1.1,0.8,
1.6,1.1,0.9,
1.6,1.1,1,
1.6,1.1,1.1,
1.6,1.1,1.2,
1.6,1.1,1.3,
1.6,1.1,1.4,
1.6,1.1,1.5,
1.6,1.1,1.6,
1.6,1.1,1.7,
1.6,1.1,1.8,
1.6,1.1,1.9,
1.6,1.1,2,
1.6,1.1,2.1,
1.6,1.1,2.2,
1.6,1.1,2.3,
1.6,1.1,2.4,
1.6,1.1,2.5,
1.6,1.1,2.6,
1.6,1.1,2.7,
1.6,1.1,2.8,
1.6,1.1,2.9,
1.6,1.1,3,
1.6,1.1,3.1,
1.6,1.1,3.2,
1.6,1.1,3.3,
1.6,1.1,3.4,
1.6,1.1,3.5,
1.6,1.1,3.6,
1.7,1.1,0,
1.7,1.1,0.1,
1.7,1.1,0.2,
1.7,1.1,0.3,
1.7,1.1,0.4,
1.7,1.1,0.5,
1.7,1.1,0.6,
1.7,1.1,0.7,
1.7,1.1,0.8,
1.7,1.1,0.9,
1.7,1.1,1,
1.7,1.1,1.1,
1.7,1.1,1.2,
1.7,1.1,1.3,
1.7,1.1,1.4,
1.7,1.1,1.5,
1.7,1.1,1.6,
1.7,1.1,1.7,
1.7,1.1,1.8,
1.7,1.1,1.9,
1.7,1.1,2,
1.7,1.1,2.1,
1.7,1.1,2.2,
1.7,1.1,2.3,
1.7,1.1,2.4,
1.7,1.1,2.5,
1.7,1.1,2.6,
1.7,1.1,2.7,
1.7,1.1,2.8,
1.7,1.1,2.9,
1.7,1.1,3,
1.7,1.1,3.1,
1.7,1.1,3.2,
1.7,1.1,3.3,
1.7,1.1,3.4,
1.7,1.1,3.5,
1.7,1.1,3.6,
1.8,1.1,0,
1.8,1.1,0.1,
1.8,1.1,0.2,0.988461144
1.8,1.1,0.3,
1.8,1.1,0.4,
1.8,1.1,0.5,
1.8,1.1,0.6,1.047609941
1.8,1.1,0.7,
1.8,1.1,0.8,
1.8,1.1,0.9,
1.8,1.1,1,
1.8,1.1,1.1,
1.8,1.1,1.2,
1.8,1.1,1.3,
1.8,1.1,1.4,
1.8,1.1,1.5,
1.8,1.1,1.6,
1.8,1.1,1.7,
1.8,1.1,1.8,
1.8,1.1,1.9,
1.8,1.1,2,
1.8,1.1,2.1,
1.8,1.1,2.2,
1.8,1.1,2.3,
1.8,1.1,2.4,
1.8,1.1,2.5,
1.8,1.1,2.6,
1.8,1.1,2.7,
1.8,1.1,2.8,
1.8,1.1,2.9,
1.8,1.1,3,
1.8,1.1,3.1,
1.8,1.1,3.2,
1.8,1.1,3.3,
1.8,1.1,3.4,
1.8,1.1,3.5,
1.8,1.1,3.6,
1.9,1.1,0,
1.9,1.1,0.1,
1.9,1.1,0.2,
1.9,1.1,0.3,
1.9,1.1,0.4,
1.9,1.1,0.5,
1.9,1.1,0.6,
1.9,1.1,0.7,
1.9,1.1,0.8,
1.9,1.1,0.9,
1.9,1.1,1,
1.9,1.1,1.1,
1.9,1.1,1.2,
1.9,1.1,1.3,
1.9,1.1,1.4,
1.9,1.1,1.5,
1.9,1.1,1.6,
1.9,1.1,1.7,
1.9,1.1,1.8,
1.9,1.1,1.9,
1.9,1.1,2,
1.9,1.1,2.1,
1.9,1.1,2.2,
1.9,1.1,2.3,
1.9,1.1,2.4,
1.9,1.1,2.5,
1.9,1.1,2.6,
1.9,1.1,2.7,
1.9,1.1,2.8,
1.9,1.1,2.9,
1.9,1.1,3,
1.9,1.1,3.1,
1.9,1.1,3.2,1.005960792
1.9,1.1,3.3,
1.9,1.1,3.4,
1.9,1.1,3.5,
1.9,1.1,3.6,
2,1.1,0,
2,1.1,0.1,
2,1.1,0.2,
2,1.1,0.3,
2,1.1,0.4,
2,1.1,0.5,
2,1.1,0.6,
2,1.1,0.7,
2,1.1,0.8,
2,1.1,0.9,
2,1.1,1,
2,1.1,1.1,
2,1.1,1.2,
2,1.1,1.3,
2,1.1,1.4,
2,1.1,1.5,
2,1.1,1.6,
2,1.1,1.7,
2,1.1,1.8,
2,1.1,1.9,
2,1.1,2,
2,1.1,2.1,
2,1.1,2.2,
2,1.1,2.3,
2,1.1,2.4,
2,1.1,2.5,
2,1.1,2.6,
2,1.1,2.7,
2,1.1,2.8,1.083927437
2,1.1,2.9,
2,1.1,3,
2,1.1,3.1,
2,1.1,3.2,
2,1.1,3.3,
2,1.1,3.4,
2,1.1,3.5,
2,1.1,3.6,
2.1,1.1,0,
2.1,1.1,0.1,
2.1,1.1,0.2,
2.1,1.1,0.3,
2.1,1.1,0.4,
2.1,1.1,0.5,
2.1,1.1,0.6,
2.1,1.1,0.7,
2.1,1.1,0.8,
2.1,1.1,0.9,
2.1,1.1,1,
2.1,1.1,1.1,
2.1,1.1,1.2,
2.1,1.1,1.3,
2.1,1.1,1.4,
2.1,1.1,1.5,
2.1,1.1,1.6,
2.1,1.1,1.7,
2.1,1.1,1.8,
2.1,1.1,1.9,
2.1,1.1,2,
2.1,1.1,2.1,
2.1,1.1,2.2,1.000258155
2.1,1.1,2.3,
2.1,1.1,2.4,
2.1,1.1,2.5,
2.1,1.1,2.6,
2.1,1.1,2.7,
2.1,1.1,2.8,
2.1,1.1,2.9,
2.1,1.1,3,
2.1,1.1,3.1,
2.1,1.1,3.2,
2.1,1.1,3.3,
2.1,1.1,3.4,
2.1,1.1,3.5,
2.1,1.1,3.6,
2.2,1.1,0,
2.2,1.1,0.1,
2.2,1.1,0.2,
2.2,1.1,0.3,
2.2,1.1,0.4,
2.2,1.1,0.5,
2.2,1.1,0.6,
2.2,1.1,0.7,
2.2,1.1,0.8,
2.2,1.1,0.9,1.097138167
2.2,1.1,1,
2.2,1.1,1.1,
2.2,1.1,1.2,1.045438618
2.2,1.1,1.3,
2.2,1.1,1.4,
2.2,1.1,1.5,
2.2,1.1,1.6,
2.2,1.1,1.7,
2.2,1.1,1.8,
2.2,1.1,1.9,
2.2,1.1,2,
2.2,1.1,2.1,
2.2,1.1,2.2,
2.2,1.1,2.3,
2.2,1.1,2.4,
2.2,1.1,2.5,
2.2,1.1,2.6,
2.2,1.1,2.7,
2.2,1.1,2.8,
2.2,1.1,2.9,
2.2,1.1,3,
2.2,1.1,3.1,
2.2,1.1,3.2,
2.2,1.1,3.3,
2.2,1.1,3.4,
2.2,1.1,3.5,
2.2,1.1,3.6,
2.3,1.1,0,
2.3,1.1,0.1,
2.3,1.1,0.2,
2.3,1.1,0.3,
2.3,1.1,0.4,
2.3,1.1,0.5,
2.3,1.1,0.6,
2.3,1.1,0.7,
2.3,1.1,0.8,
2.3,1.1,0.9,
2.3,1.1,1,
2.3,1.1,1.1,
2.3,1.1,1.2,
2.3,1.1,1.3,
2.3,1.1,1.4,
2.3,1.1,1.5,
2.3,1.1,1.6,
2.3,1.1,1.7,
2.3,1.1,1.8,
2.3,1.1,1.9,
2.3,1.1,2,
2.3,1.1,2.1,
2.3,1.1,2.2,
2.3,1.1,2.3,
2.3,1.1,2.4,
2.3,1.1,2.5,
2.3,1.1,2.6,
2.3,1.1,2.7,
2.3,1.1,2.8,
2.3,1.1,2.9,
2.3,1.1,3,
2.3,1.1,3.1,
2.3,1.1,3.2,
2.3,1.1,3.3,
2.3,1.1,3.4,
2.3,1.1,3.5,
2.3,1.1,3.6,
2.4,1.1,0,
2.4,1.1,0.1,
2.4,1.1,0.2,
2.4,1.1,0.3,
2.4,1.1,0.4,
2.4,1.1,0.5,
2.4,1.1,0.6,
2.4,1.1,0.7,
2.4,1.1,0.8,
2.4,1.1,0.9,
2.4,1.1,1,
2.4,1.1,1.1,
2.4,1.1,1.2,
2.4,1.1,1.3,
2.4,1.1,1.4,
2.4,1.1,1.5,
2.4,1.1,1.6,1.002936631
2.4,1.1,1.7,
2.4,1.1,1.8,
2.4,1.1,1.9,
2.4,1.1,2,
2.4,1.1,2.1,
2.4,1.1,2.2,
2.4,1.1,2.3,
2.4,1.1,2.4,
2.4,1.1,2.5,
2.4,1.1,2.6,
2.4,1.1,2.7,
2.4,1.1,2.8,
2.4,1.1,2.9,
2.4,1.1,3,
2.4,1.1,3.1,
2.4,1.1,3.2,
2.4,1.1,3.3,
2.4,1.1,3.4,
2.4,1.1,3.5,
2.4,1.1,3.6,
2.5,1.1,0,
2.5,1.1,0.1,
2.5,1.1,0.2,
2.5,1.1,0.3,
2.5,1.1,0.4,
2.5,1.1,0.5,
2.5,1.1,0.6,
2.5,1.1,0.7,
2.5,1.1,0.8,
2.5,1.1,0.9,
2.5,1.1,1,
2.5,1.1,1.1,
2.5,1.1,1.2,
2.5,1.1,1.3,
2.5,1.1,1.4,
2.5,1.1,1.5,
2.5,1.1,1.6,
2.5,1.1,1.7,
2.5,1.1,1.8,
2.5,1.1,1.9,
2.5,1.1,2,
2.5,1.1,2.1,
2.5,1.1,2.2,
2.5,1.1,2.3,
2.5,1.1,2.4,
2.5,1.1,2.5,
2.5,1.1,2.6,
2.5,1.1,2.7,
2.5,1.1,2.8,
2.5,1.1,2.9,
2.5,1.1,3,
2.5,1.1,3.1,
2.5,1.1,3.2,
2.5,1.1,3.3,
2.5,1.1,3.4,
2.5,1.1,3.5,
2.5,1.1,3.6,
2.6,1.1,0,
2.6,1.1,0.1,
2.6,1.1,0.2,
2.6,1.1,0.3,
2.6,1.1,0.4,
2.6,1.1,0.5,
2.6,1.1,0.6,
2.6,1.1,0.7,
2.6,1.1,0.8,
2.6,1.1,0.9,
2.6,1.1,1,
2.6,1.1,1.1,
2.6,1.1,1.2,
2.6,1.1,1.3,
2.6,1.1,1.4,
2.6,1.1,1.5,
2.6,1.1,1.6,
2.6,1.1,1.7,
2.6,1.1,1.8,
2.6,1.1,1.9,
2.6,1.1,2,
2.6,1.1,2.1,
2.6,1.1,2.2,
2.6,1.1,2.3,
2.6,1.1,2.4,
2.6,1.1,2.5,
2.6,1.1,2.6,
2.6,1.1,2.7,
2.6,1.1,2.8,
2.6,1.1,2.9,
2.6,1.1,3,
2.6,1.1,3.1,
2.6,1.1,3.2,
2.6,1.1,3.3,
2.6,1.1,3.4,
2.6,1.1,3.5,
2.6,1.1,3.6,
2.7,1.1,0,
2.7,1.1,0.1,
2.7,1.1,0.2,
2.7,1.1,0.3,
2.7,1.1,0.4,
2.7,1.1,0.5,
2.7,1.1,0.6,
2.7,1.1,0.7,
2.7,1.1,0.8,
2.7,1.1,0.9,
2.7,1.1,1,
2.7,1.1,1.1,1.135623006
2.7,1.1,1.2,
2.7,1.1,1.3,
2.7,1.1,1.4,
2.7,1.1,1.5,
2.7,1.1,1.6,
2.7,1.1,1.7,
2.7,1.1,1.8,
2.7,1.1,1.9,
2.7,1.1,2,
2.7,1.1,2.1,
2.7,1.1,2.2,
2.7,1.1,2.3,
2.7,1.1,2.4,
2.7,1.1,2.5,
2.7,1.1,2.6,
2.7,1.1,2.7,
2.7,1.1,2.8,
2.7,1.1,2.9,
2.7,1.1,3,
2.7,1.1,3.1,
2.7,1.1,3.2,
2.7,1.1,3.3,
2.7,1.1,3.4,
2.7,1.1,3.5,
2.7,1.1,3.6,
2.8,1.1,0,
2.8,1.1,0.1,
2.8,1.1,0.2,
2.8,1.1,0.3,
2.8,1.1,0.4,
2.8,1.1,0.5,
2.8,1.1,0.6,
2.8,1.1,0.7,
2.8,1.1,0.8,
2.8,1.1,0.9,
2.8,1.1,1,
2.8,1.1,1.1,
2.8,1.1,1.2,
2.8,1.1,1.3,
2.8,1.1,1.4,
2.8,1.1,1.5,
2.8,1.1,1.6,
2.8,1.1,1.7,
2.8,1.1,1.8,
2.8,1.1,1.9,
2.8,1.1,2,
2.8,1.1,2.1,
2.8,1.1,2.2,
2.8,1.1,2.3,
2.8,1.1,2.4,
2.8,1.1,2.5,
2.8,1.1,2.6,
2.8,1.1,2.7,
2.8,1.1,2.8,
2.8,1.1,2.9,
2.8,1.1,3,
2.8,1.1,3.1,
2.8,1.1,3.2,
2.8,1.1,3.3,
2.8,1.1,3.4,
2.8,1.1,3.5,
2.8,1.1,3.6,
2.9,1.1,0,
2.9,1.1,0.1,
2.9,1.1,0.2,
2.9,1.1,0.3,
2.9,1.1,0.4,
2.9,1.1,0.5,
2.9,1.1,0.6,1.034463742
2.9,1.1,0.7,
2.9,1.1,0.8,
2.9,1.1,0.9,
2.9,1.1,1,
2.9,1.1,1.1,1.055456326
2.9,1.1,1.2,
2.9,1.1,1.3,
2.9,1.1,1.4,
2.9,1.1,1.5,
2.9,1.1,1.6,
2.9,1.1,1.7,
2.9,1.1,1.8,
2.9,1.1,1.9,
2.9,1.1,2,
2.9,1.1,2.1,
2.9,1.1,2.2,
2.9,1.1,2.3,
2.9,1.1,2.4,
2.9,1.1,2.5,
2.9,1.1,2.6,
2.9,1.1,2.7,
2.9,1.1,2.8,
2.9,1.1,2.9,
2.9,1.1,3,
2.9,1.1,3.1,1.018328918
2.9,1.1,3.2,
2.9,1.1,3.3,
2.9,1.1,3.4,
2.9,1.1,3.5,
2.9,1.1,3.6,0.972378344
3,1.1,0,
3,1.1,0.1,
3,1.1,0.2,0.984997773
3,1.1,0.3,
3,1.1,0.4,
3,1.1,0.5,
3,1.1,0.6,
3,1.1,0.7,
3,1.1,0.8,
3,1.1,0.9,
3,1.1,1,
3,1.1,1.1,
3,1.1,1.2,
3,1.1,1.3,
3,1.1,1.4,
3,1.1,1.5,
3,1.1,1.6,
3,1.1,1.7,
3,1.1,1.8,
3,1.1,1.9,
3,1.1,2,
3,1.1,2.1,
3,1.1,2.2,
3,1.1,2.3,
3,1.1,2.4,
3,1.1,2.5,
3,1.1,2.6,
3,1.1,2.7,
3,1.1,2.8,
3,1.1,2.9,
3,1.1,3,
3,1.1,3.1,
3,1.1,3.2,
3,1.1,3.3,
3,1.1,3.4,
3,1.1,3.5,
3,1.1,3.6,
3.1,1.1,0,
3.1,1.1,0.1,
3.1,1.1,0.2,
3.1,1.1,0.3,
3.1,1.1,0.4,
3.1,1.1,0.5,
3.1,1.1,0.6,
3.1,1.1,0.7,
3.1,1.1,0.8,
3.1,1.1,0.9,
3.1,1.1,1,
3.1,1.1,1.1,
3.1,1.1,1.2,
3.1,1.1,1.3,
3.1,1.1,1.4,
3.1,1.1,1.5,
3.1,1.1,1.6,
3.1,1.1,1.7,
3.1,1.1,1.8,
3.1,1.1,1.9,
3.1,1.1,2,
3.1,1.1,2.1,
3.1,1.1,2.2,
3.1,1.1,2.3,
3.1,1.1,2.4,
3.1,1.1,2.5,1.037035899
3.1,1.1,2.6,
3.1,1.1,2.7,
3.1,1.1,2.8,
3.1,1.1,2.9,
3.1,1.1,3,
3.1,1.1,3.1,
3.1,1.1,3.2,
3.1,1.1,3.3,
3.1,1.1,3.4,
3.1,1.1,3.5,
3.1,1.1,3.6,
3.2,1.1,0,
3.2,1.1,0.1,
3.2,1.1,0.2,
3.2,1.1,0.3,
3.2,1.1,0.4,
3.2,1.1,0.5,
3.2,1.1,0.6,
3.2,1.1,0.7,
3.2,1.1,0.8,
3.2,1.1,0.9,
3.2,1.1,1,
3.2,1.1,1.1,
3.2,1.1,1.2,
3.2,1.1,1.3,
3.2,1.1,1.4,
3.2,1.1,1.5,
3.2,1.1,1.6,
3.2,1.1,1.7,
3.2,1.1,1.8,
3.2,1.1,1.9,
3.2,1.1,2,
3.2,1.1,2.1,
3.2,1.1,2.2,
3.2,1.1,2.3,
3.2,1.1,2.4,
3.2,1.1,2.5,
3.2,1.1,2.6,
3.2,1.1,2.7,
3.2,1.1,2.8,
3.2,1.1,2.9,
3.2,1.1,3,
3.2,1.1,3.1,
3.2,1.1,3.2,
3.2,1.1,3.3,
3.2,1.1,3.4,
3.2,1.1,3.5,
3.2,1.1,3.6,
3.3,1.1,0,
3.3,1.1,0.1,
3.3,1.1,0.2,
3.3,1.1,0.3,
3.3,1.1,0.4,
3.3,1.1,0.5,
3.3,1.1,0.6,
3.3,1.1,0.7,
3.3,1.1,0.8,
3.3,1.1,0.9,
3.3,1.1,1,
3.3,1.1,1.1,
3.3,1.1,1.2,
3.3,1.1,1.3,
3.3,1.1,1.4,
3.3,1.1,1.5,
3.3,1.1,1.6,
3.3,1.1,1.7,
3.3,1.1,1.8,
3.3,1.1,1.9,
3.3,1.1,2,
3.3,1.1,2.1,
3.3,1.1,2.2,
3.3,1.1,2.3,
3.3,1.1,2.4,
3.3,1.1,2.5,
3.3,1.1,2.6,
3.3,1.1,2.7,
3.3,1.1,2.8,
3.3,1.1,2.9,
3.3,1.1,3,
3.3,1.1,3.1,
3.3,1.1,3.2,
3.3,1.1,3.3,
3.3,1.1,3.4,
3.3,1.1,3.5,
3.3,1.1,3.6,
3.4,1.1,0,
3.4,1.1,0.1,
3.4,1.1,0.2,
3.4,1.1,0.3,
3.4,1.1,0.4,
3.4,1.1,0.5,
3.4,1.1,0.6,
3.4,1.1,0.7,
3.4,1.1,0.8,
3.4,1.1,0.9,
3.4,1.1,1,
3.4,1.1,1.1,
3.4,1.1,1.2,
3.4,1.1,1.3,
3.4,1.1,1.4,
3.4,1.1,1.5,
3.4,1.1,1.6,
3.4,1.1,1.7,
3.4,1.1,1.8,
3.4,1.1,1.9,
3.4,1.1,2,
3.4,1.1,2.1,
3.4,1.1,2.2,
3.4,1.1,2.3,
3.4,1.1,2.4,
3.4,1.1,2.5,
3.4,1.1,2.6,
3.4,1.1,2.7,
3.4,1.1,2.8,
3.4,1.1,2.9,
3.4,1.1,3,
3.4,1.1,3.1,
3.4,1.1,3.2,
3.4,1.1,3.3,
3.4,1.1,3.4,
3.4,1.1,3.5,
3.4,1.1,3.6,
3.5,1.1,0,
3.5,1.1,0.1,
3.5,1.1,0.2,
3.5,1.1,0.3,
3.5,1.1,0.4,
3.5,1.1,0.5,
3.5,1.1,0.6,
3.5,1.1,0.7,
3.5,1.1,0.8,
3.5,1.1,0.9,
3.5,1.1,1,
3.5,1.1,1.1,
3.5,1.1,1.2,
3.5,1.1,1.3,
3.5,1.1,1.4,
3.5,1.1,1.5,
3.5,1.1,1.6,
3.5,1.1,1.7,
3.5,1.1,1.8,
3.5,1.1,1.9,
3.5,1.1,2,
3.5,1.1,2.1,
3.5,1.1,2.2,
3.5,1.1,2.3,
3.5,1.1,2.4,
3.5,1.1,2.5,
3.5,1.1,2.6,
3.5,1.1,2.7,
3.5,1.1,2.8,
3.5,1.1,2.9,
3.5,1.1,3,
3.5,1.1,3.1,
3.5,1.1,3.2,
3.5,1.1,3.3,
3.5,1.1,3.4,
3.5,1.1,3.5,
3.5,1.1,3.6,
3.6,1.1,0,
3.6,1.1,0.1,
3.6,1.1,0.2,
3.6,1.1,0.3,
3.6,1.1,0.4,
3.6,1.1,0.5,
3.6,1.1,0.6,
3.6,1.1,0.7,
3.6,1.1,0.8,
3.6,1.1,0.9,
3.6,1.1,1,
3.6,1.1,1.1,
3.6,1.1,1.2,
3.6,1.1,1.3,
3.6,1.1,1.4,
3.6,1.1,1.5,
3.6,1.1,1.6,
3.6,1.1,1.7,
3.6,1.1,1.8,
3.6,1.1,1.9,
3.6,1.1,2,
3.6,1.1,2.1,
3.6,1.1,2.2,
3.6,1.1,2.3,
3.6,1.1,2.4,
3.6,1.1,2.5,
3.6,1.1,2.6,
3.6,1.1,2.7,
3.6,1.1,2.8,
3.6,1.1,2.9,
3.6,1.1,3,
3.6,1.1,3.1,
3.6,1.1,3.2,
3.6,1.1,3.3,
3.6,1.1,3.4,
3.6,1.1,3.5,
3.6,1.1,3.6,
3.7,1.1,0,
3.7,1.1,0.1,
3.7,1.1,0.2,
3.7,1.1,0.3,
3.7,1.1,0.4,
3.7,1.1,0.5,
3.7,1.1,0.6,
3.7,1.1,0.7,
3.7,1.1,0.8,
3.7,1.1,0.9,
3.7,1.1,1,
3.7,1.1,1.1,
3.7,1.1,1.2,
3.7,1.1,1.3,
3.7,1.1,1.4,
3.7,1.1,1.5,
3.7,1.1,1.6,
3.7,1.1,1.7,
3.7,1.1,1.8,
3.7,1.1,1.9,0.973451497
3.7,1.1,2,
3.7,1.1,2.1,
3.7,1.1,2.2,
3.7,1.1,2.3,
3.7,1.1,2.4,
3.7,1.1,2.5,
3.7,1.1,2.6,
3.7,1.1,2.7,
3.7,1.1,2.8,
3.7,1.1,2.9,
3.7,1.1,3,
3.7,1.1,3.1,
3.7,1.1,3.2,
3.7,1.1,3.3,
3.7,1.1,3.4,
3.7,1.1,3.5,
3.7,1.1,3.6,
3.8,1.1,0,
3.8,1.1,0.1,
3.8,1.1,0.2,
3.8,1.1,0.3,
3.8,1.1,0.4,
3.8,1.1,0.5,
3.8,1.1,0.6,
3.8,1.1,0.7,
3.8,1.1,0.8,
3.8,1.1,0.9,
3.8,1.1,1,
3.8,1.1,1.1,
3.8,1.1,1.2,
3.8,1.1,1.3,
3.8,1.1,1.4,
3.8,1.1,1.5,
3.8,1.1,1.6,
3.8,1.1,1.7,
3.8,1.1,1.8,
3.8,1.1,1.9,
3.8,1.1,2,
3.8,1.1,2.1,
3.8,1.1,2.2,
3.8,1.1,2.3,1.019084816
3.8,1.1,2.4,
3.8,1.1,2.5,
3.8,1.1,2.6,
3.8,1.1,2.7,
3.8,1.1,2.8,
3.8,1.1,2.9,
3.8,1.1,3,
3.8,1.1,3.1,
3.8,1.1,3.2,
3.8,1.1,3.3,
3.8,1.1,3.4,
3.8,1.1,3.5,
3.8,1.1,3.6,
3.9,1.1,0,
3.9,1.1,0.1,
3.9,1.1,0.2,
3.9,1.1,0.3,
3.9,1.1,0.4,
3.9,1.1,0.5,1.00506645
3.9,1.1,0.6,
3.9,1.1,0.7,
3.9,1.1,0.8,
3.9,1.1,0.9,
3.9,1.1,1,
3.9,1.1,1.1,
3.9,1.1,1.2,
3.9,1.1,1.3,
3.9,1.1,1.4,
3.9,1.1,1.5,
3.9,1.1,1.6,
3.9,1.1,1.7,
3.9,1.1,1.8,
3.9,1.1,1.9,
3.9,1.1,2,
3.9,1.1,2.1,
3.9,1.1,2.2,
3.9,1.1,2.3,1.027460813
3.9,1.1,2.4,
3.9,1.1,2.5,
3.9,1.1,2.6,
3.9,1.1,2.7,
3.9,1.1,2.8,
3.9,1.1,2.9,1.045664619
3.9,1.1,3,
3.9,1.1,3.1,
3.9,1.1,3.2,0.992698039
3.9,1.1,3.3,
3.9,1.1,3.4,
3.9,1.1,3.5,
3.9,1.1,3.6,
4,1.1,0,
4,1.1,0.1,
4,1.1,0.2,
4,1.1,0.3,
4,1.1,0.4,
4,1.1,0.5,
4,1.1,0.6,
4,1.1,0.7,
4,1.1,0.8,
4,1.1,0.9,
4,1.1,1,
4,1.1,1.1,
4,1.1,1.2,
4,1.1,1.3,
4,1.1,1.4,
4,1.1,1.5,
4,1.1,1.6,
4,1.1,1.7,
4,1.1,1.8,
4,1.1,1.9,
4,1.1,2,
4,1.1,2.1,
4,1.1,2.2,
4,1.1,2.3,
4,1.1,2.4,
4,1.1,2.5,
4,1.1,2.6,
4,1.1,2.7,
4,1.1,2.8,
4,1.1,2.9,
4,1.1,3,
4,1.1,3.1,
4,1.1,3.2,
4,1.1,3.3,
4,1.1,3.4,
4,1.1,3.5,
4,1.1,3.6,
4.1,1.1,0,
4.1,1.1,0.1,
4.1,1.1,0.2,
4.1,1.1,0.3,
4.1,1.1,0.4,
4.1,1.1,0.5,
4.1,1.1,0.6,
4.1,1.1,0.7,
4.1,1.1,0.8,
4.1,1.1,0.9,
4.1,1.1,1,
4.1,1.1,1.1,
4.1,1.1,1.2,
4.1,1.1,1.3,1.038392762
4.1,1.1,1.4,
4.1,1.1,1.5,
4.1,1.1,1.6,
4.1,1.1,1.7,
4.1,1.1,1.8,
4.1,1.1,1.9,
4.1,1.1,2,
4.1,1.1,2.1,
4.1,1.1,2.2,
4.1,1.1,2.3,
4.1,1.1,2.4,
4.1,1.1,2.5,
4.1,1.1,2.6,
4.1,1.1,2.7,
4.1,1.1,2.8,
4.1,1.1,2.9,
4.1,1.1,3,
4.1,1.1,3.1,
4.1,1.1,3.2,
4.1,1.1,3.3,
4.1,1.1,3.4,
4.1,1.1,3.5,
4.1,1.1,3.6,0.964240004
4.2,1.1,0,
4.2,1.1,0.1,
4.2,1.1,0.2,
4.2,1.1,0.3,
4.2,1.1,0.4,
4.2,1.1,0.5,
4.2,1.1,0.6,
4.2,1.1,0.7,1.042848552
4.2,1.1,0.8,
4.2,1.1,0.9,
4.2,1.1,1,
4.2,1.1,1.1,
4.2,1.1,1.2,
4.2,1.1,1.3,
4.2,1.1,1.4,
4.2,1.1,1.5,
4.2,1.1,1.6,
4.2,1.1,1.7,
4.2,1.1,1.8,
4.2,1.1,1.9,
4.2,1.1,2,
4.2,1.1,2.1,
4.2,1.1,2.2,
4.2,1.1,2.3,
4.2,1.1,2.4,
4.2,1.1,2.5,
4.2,1.1,2.6,
4.2,1.1,2.7,
4.2,1.1,2.8,
4.2,1.1,2.9,
4.2,1.1,3,
4.2,1.1,3.1,
4.2,1.1,3.2,
4.2,1.1,3.3,
4.2,1.1,3.4,
4.2,1.1,3.5,
4.2,1.1,3.6,
4.3,1.1,0,
4.3,1.1,0.1,
4.3,1.1,0.2,
4.3,1.1,0.3,
4.3,1.1,0.4,
4.3,1.1,0.5,
4.3,1.1,0.6,
4.3,1.1,0.7,
4.3,1.1,0.8,
4.3,1.1,0.9,
4.3,1.1,1,
4.3,1.1,1.1,
4.3,1.1,1.2,
4.3,1.1,1.3,
4.3,1.1,1.4,
4.3,1.1,1.5,
4.3,1.1,1.6,
4.3,1.1,1.7,
4.3,1.1,1.8,
4.3,1.1,1.9,
4.3,1.1,2,
4.3,1.1,2.1,
4.3,1.1,2.2,
4.3,1.1,2.3,
4.3,1.1,2.4,
4.3,1.1,2.5,
4.3,1.1,2.6,
4.3,1.1,2.7,
4.3,1.1,2.8,
4.3,1.1,2.9,
4.3,1.1,3,
4.3,1.1,3.1,
4.3,1.1,3.2,
4.3,1.1,3.3,
4.3,1.1,3.4,
4.3,1.1,3.5,
4.3,1.1,3.6,
4.4,1.1,0,
4.4,1.1,0.1,
4.4,1.1,0.2,
4.4,1.1,0.3,
4.4,1.1,0.4,
4.4,1.1,0.5,
4.4,1.1,0.6,
4.4,1.1,0.7,
4.4,1.1,0.8,
4.4,1.1,0.9,
4.4,1.1,1,
4.4,1.1,1.1,
4.4,1.1,1.2,
4.4,1.1,1.3,
4.4,1.1,1.4,
4.4,1.1,1.5,
4.4,1.1,1.6,
4.4,1.1,1.7,
4.4,1.1,1.8,
4.4,1.1,1.9,
4.4,1.1,2,
4.4,1.1,2.1,
4.4,1.1,2.2,
4.4,1.1,2.3,
4.4,1.1,2.4,
4.4,1.1,2.5,
4.4,1.1,2.6,
4.4,1.1,2.7,
4.4,1.1,2.8,
4.4,1.1,2.9,
4.4,1.1,3,
4.4,1.1,3.1,
4.4,1.1,3.2,
4.4,1.1,3.3,
4.4,1.1,3.4,
4.4,1.1,3.5,
4.4,1.1,3.6,
4.5,1.1,0,
4.5,1.1,0.1,
4.5,1.1,0.2,
4.5,1.1,0.3,
4.5,1.1,0.4,
4.5,1.1,0.5,
4.5,1.1,0.6,
4.5,1.1,0.7,
4.5,1.1,0.8,
4.5,1.1,0.9,
4.5,1.1,1,
4.5,1.1,1.1,
4.5,1.1,1.2,
4.5,1.1,1.3,
4.5,1.1,1.4,
4.5,1.1,1.5,
4.5,1.1,1.6,
4.5,1.1,1.7,
4.5,1.1,1.8,
4.5,1.1,1.9,
4.5,1.1,2,
4.5,1.1,2.1,
4.5,1.1,2.2,
4.5,1.1,2.3,
4.5,1.1,2.4,
4.5,1.1,2.5,
4.5,1.1,2.6,
4.5,1.1,2.7,
4.5,1.1,2.8,
4.5,1.1,2.9,
4.5,1.1,3,
4.5,1.1,3.1,
4.5,1.1,3.2,
4.5,1.1,3.3,0.991943846
4.5,1.1,3.4,
4.5,1.1,3.5,
4.5,1.1,3.6,
4.6,1.1,0,
4.6,1.1,0.1,
4.6,1.1,0.2,0.988027903
4.6,1.1,0.3,
4.6,1.1,0.4,
4.6,1.1,0.5,
4.6,1.1,0.6,
4.6,1.1,0.7,
4.6,1.1,0.8,
4.6,1.1,0.9,
4.6,1.1,1,
4.6,1.1,1.1,
4.6,1.1,1.2,
4.6,1.1,1.3,
4.6,1.1,1.4,
4.6,1.1,1.5,
4.6,1.1,1.6,
4.6,1.1,1.7,
4.6,1.1,1.8,
4.6,1.1,1.9,
4.6,1.1,2,
4.6,1.1,2.1,
4.6,1.1,2.2,
4.6,1.1,2.3,
4.6,1.1,2.4,
4.6,1.1,2.5,
4.6,1.1,2.6,
4.6,1.1,2.7,
4.6,1.1,2.8,
4.6,1.1,2.9,
4.6,1.1,3,
4.6,1.1,3.1,
4.6,1.1,3.2,
4.6,1.1,3.3,
4.6,1.1,3.4,
4.6,1.1,3.5,
4.6,1.1,3.6,
4.7,1.1,0,
4.7,1.1,0.1,
4.7,1.1,0.2,
4.7,1.1,0.3,
4.7,1.1,0.4,
4.7,1.1,0.5,
4.7,1.1,0.6,
4.7,1.1,0.7,
4.7,1.1,0.8,
4.7,1.1,0.9,
4.7,1.1,1,
4.7,1.1,1.1,
4.7,1.1,1.2,
4.7,1.1,1.3,
4.7,1.1,1.4,
4.7,1.1,1.5,
4.7,1.1,1.6,
4.7,1.1,1.7,
4.7,1.1,1.8,
4.7,1.1,1.9,
4.7,1.1,2,
4.7,1.1,2.1,
4.7,1.1,2.2,
4.7,1.1,2.3,
4.7,1.1,2.4,
4.7,1.1,2.5,1.037981979
4.7,1.1,2.6,
4.7,1.1,2.7,
4.7,1.1,2.8,
4.7,1.1,2.9,
4.7,1.1,3,
4.7,1.1,3.1,
4.7,1.1,3.2,
4.7,1.1,3.3,
4.7,1.1,3.4,
4.7,1.1,3.5,
4.7,1.1,3.6,
4.8,1.1,0,1.002232188
4.8,1.1,0.1,
4.8,1.1,0.2,
4.8,1.1,0.3,
4.8,1.1,0.4,
4.8,1.1,0.5,
4.8,1.1,0.6,
4.8,1.1,0.7,
4.8,1.1,0.8,
4.8,1.1,0.9,
4.8,1.1,1,
4.8,1.1,1.1,
4.8,1.1,1.2,
4.8,1.1,1.3,
4.8,1.1,1.4,
4.8,1.1,1.5,
4.8,1.1,1.6,
4.8,1.1,1.7,
4.8,1.1,1.8,
4.8,1.1,1.9,
4.8,1.1,2,
4.8,1.1,2.1,0.978049141
4.8,1.1,2.2,
4.8,1.1,2.3,
4.8,1.1,2.4,
4.8,1.1,2.5,
4.8,1.1,2.6,
4.8,1.1,2.7,
4.8,1.1,2.8,
4.8,1.1,2.9,
4.8,1.1,3,
4.8,1.1,3.1,
4.8,1.1,3.2,
4.8,1.1,3.3,
4.8,1.1,3.4,
4.8,1.1,3.5,
4.8,1.1,3.6,
4.9,1.1,0,
4.9,1.1,0.1,
4.9,1.1,0.2,
4.9,1.1,0.3,
4.9,1.1,0.4,
4.9,1.1,0.5,
4.9,1.1,0.6,
4.9,1.1,0.7,
4.9,1.1,0.8,
4.9,1.1,0.9,
4.9,1.1,1,
4.9,1.1,1.1,
4.9,1.1,1.2,
4.9,1.1,1.3,
4.9,1.1,1.4,
4.9,1.1,1.5,
4.9,1.1,1.6,
4.9,1.1,1.7,
4.9,1.1,1.8,
4.9,1.1,1.9,
4.9,1.1,2,
4.9,1.1,2.1,
4.9,1.1,2.2,
4.9,1.1,2.3,
4.9,1.1,2.4,
4.9,1.1,2.5,
4.9,1.1,2.6,
4.9,1.1,2.7,
4.9,1.1,2.8,
4.9,1.1,2.9,1.085540436
4.9,1.1,3,
4.9,1.1,3.1,
4.9,1.1,3.2,
4.9,1.1,3.3,
4.9,1.1,3.4,
4.9,1.1,3.5,
4.9,1.1,3.6,
5,1.1,0,
5,1.1,0.1,
5,1.1,0.2,
5,1.1,0.3,
5,1.1,0.4,
5,1.1,0.5,
5,1.1,0.6,
5,1.1,0.7,
5,1.1,0.8,
5,1.1,0.9,
5,1.1,1,
5,1.1,1.1,
5,1.1,1.2,
5,1.1,1.3,
5,1.1,1.4,
5,1.1,1.5,
5,1.1,1.6,
5,1.1,1.7,
5,1.1,1.8,
5,1.1,1.9,
5,1.1,2,
5,1.1,2.1,
5,1.1,2.2,
5,1.1,2.3,
5,1.1,2.4,
5,1.1,2.5,
5,1.1,2.6,
5,1.1,2.7,
5,1.1,2.8,
5,1.1,2.9,
5,1.1,3,
5,1.1,3.1,
5,1.1,3.2,
5,1.1,3.3,
5,1.1,3.4,
5,1.1,3.5,
5,1.1,3.6,
5.1,1.1,0,
5.1,1.1,0.1,
5.1,1.1,0.2,
5.1,1.1,0.3,
5.1,1.1,0.4,
5.1,1.1,0.5,
5.1,1.1,0.6,
5.1,1.1,0.7,
5.1,1.1,0.8,
5.1,1.1,0.9,
5.1,1.1,1,
5.1,1.1,1.1,
5.1,1.1,1.2,
5.1,1.1,1.3,1.010841578
5.1,1.1,1.4,0.995041066
5.1,1.1,1.5,
5.1,1.1,1.6,
5.1,1.1,1.7,
5.1,1.1,1.8,
5.1,1.1,1.9,
5.1,1.1,2,
5.1,1.1,2.1,
5.1,1.1,2.2,
5.1,1.1,2.3,
5.1,1.1,2.4,
5.1,1.1,2.5,
5.1,1.1,2.6,
5.1,1.1,2.7,
5.1,1.1,2.8,
5.1,1.1,2.9,
5.1,1.1,3,
5.1,1.1,3.1,
5.1,1.1,3.2,
5.1,1.1,3.3,
5.1,1.1,3.4,
5.1,1.1,3.5,
5.1,1.1,3.6,
5.2,1.1,0,
5.2,1.1,0.1,
5.2,1.1,0.2,
5.2,1.1,0.3,
5.2,1.1,0.4,
5.2,1.1,0.5,
5.2,1.1,0.6,
5.2,1.1,0.7,
5.2,1.1,0.8,
5.2,1.1,0.9,
5.2,1.1,1,
5.2,1.1,1.1,
5.2,1.1,1.2,
5.2,1.1,1.3,
5.2,1.1,1.4,
5.2,1.1,1.5,
5.2,1.1,1.6,
5.2,1.1,1.7,
5.2,1.1,1.8,
5.2,1.1,1.9,
5.2,1.1,2,
5.2,1.1,2.1,
5.2,1.1,2.2,
5.2,1.1,2.3,
5.2,1.1,2.4,
5.2,1.1,2.5,
5.2,1.1,2.6,
5.2,1.1,2.7,1.110487341
5.2,1.1,2.8,
5.2,1.1,2.9,
5.2,1.1,3,
5.2,1.1,3.1,
5.2,1.1,3.2,
5.2,1.1,3.3,
5.2,1.1,3.4,
5.2,1.1,3.5,
5.2,1.1,3.6,
5.3,1.1,0,
5.3,1.1,0.1,
5.3,1.1,0.2,
5.3,1.1,0.3,
5.3,1.1,0.4,
5.3,1.1,0.5,
5.3,1.1,0.6,
5.3,1.1,0.7,
5.3,1.1,0.8,
5.3,1.1,0.9,
5.3,1.1,1,1.129057583
5.3,1.1,1.1,
5.3,1.1,1.2,
5.3,1.1,1.3,
5.3,1.1,1.4,
5.3,1.1,1.5,
5.3,1.1,1.6,
5.3,1.1,1.7,
5.3,1.1,1.8,
5.3,1.1,1.9,
5.3,1.1,2,
5.3,1.1,2.1,
5.3,1.1,2.2,
5.3,1.1,2.3,
5.3,1.1,2.4,
5.3,1.1,2.5,
5.3,1.1,2.6,
5.3,1.1,2.7,
5.3,1.1,2.8,
5.3,1.1,2.9,
5.3,1.1,3,
5.3,1.1,3.1,
5.3,1.1,3.2,
5.3,1.1,3.3,
5.3,1.1,3.4,
5.3,1.1,3.5,
5.3,1.1,3.6,
5.4,1.1,0,
5.4,1.1,0.1,
5.4,1.1,0.2,
5.4,1.1,0.3,
5.4,1.1,0.4,
5.4,1.1,0.5,
5.4,1.1,0.6,1.02497593
5.4,1.1,0.7,
5.4,1.1,0.8,
5.4,1.1,0.9,
5.4,1.1,1,
5.4,1.1,1.1,
5.4,1.1,1.2,
5.4,1.1,1.3,
5.4,1.1,1.4,
5.4,1.1,1.5,
5.4,1.1,1.6,
5.4,1.1,1.7,
5.4,1.1,1.8,
5.4,1.1,1.9,
5.4,1.1,2,
5.4,1.1,2.1,
5.4,1.1,2.2,
5.4,1.1,2.3,
5.4,1.1,2.4,
5.4,1.1,2.5,
5.4,1.1,2.6,
5.4,1.1,2.7,
5.4,1.1,2.8,
5.4,1.1,2.9,
5.4,1.1,3,
5.4,1.1,3.1,
5.4,1.1,3.2,
5.4,1.1,3.3,
5.4,1.1,3.4,
5.4,1.1,3.5,
5.4,1.1,3.6,
5.5,1.1,0,
5.5,1.1,0.1,
5.5,1.1,0.2,
5.5,1.1,0.3,
5.5,1.1,0.4,
5.5,1.1,0.5,
5.5,1.1,0.6,1.022848955
5.5,1.1,0.7,
5.5,1.1,0.8,
5.5,1.1,0.9,
5.5,1.1,1,
5.5,1.1,1.1,
5.5,1.1,1.2,
5.5,1.1,1.3,
5.5,1.1,1.4,
5.5,1.1,1.5,
5.5,1.1,1.6,
5.5,1.1,1.7,
5.5,1.1,1.8,
5.5,1.1,1.9,1.017095716
5.5,1.1,2,
5.5,1.1,2.1,
5.5,1.1,2.2,
5.5,1.1,2.3,
5.5,1.1,2.4,
5.5,1.1,2.5,
5.5,1.1,2.6,
5.5,1.1,2.7,
5.5,1.1,2.8,
5.5,1.1,2.9,
5.5,1.1,3,
5.5,1.1,3.1,
5.5,1.1,3.2,
5.5,1.1,3.3,
5.5,1.1,3.4,
5.5,1.1,3.5,
5.5,1.1,3.6,
5.6,1.1,0,
5.6,1.1,0.1,
5.6,1.1,0.2,
5.6,1.1,0.3,
5.6,1.1,0.4,
5.6,1.1,0.5,1.004280987
5.6,1.1,0.6,
5.6,1.1,0.7,
5.6,1.1,0.8,
5.6,1.1,0.9,
5.6,1.1,1,
5.6,1.1,1.1,
5.6,1.1,1.2,
5.6,1.1,1.3,
5.6,1.1,1.4,
5.6,1.1,1.5,
5.6,1.1,1.6,
5.6,1.1,1.7,
5.6,1.1,1.8,
5.6,1.1,1.9,
5.6,1.1,2,
5.6,1.1,2.1,
5.6,1.1,2.2,
5.6,1.1,2.3,
5.6,1.1,2.4,
5.6,1.1,2.5,
5.6,1.1,2.6,
5.6,1.1,2.7,
5.6,1.1,2.8,
5.6,1.1,2.9,
5.6,1.1,3,
5.6,1.1,3.1,
5.6,1.1,3.2,
5.6,1.1,3.3,
5.6,1.1,3.4,
5.6,1.1,3.5,
5.6,1.1,3.6,
5.7,1.1,0,
5.7,1.1,0.1,
5.7,1.1,0.2,
5.7,1.1,0.3,
5.7,1.1,0.4,
5.7,1.1,0.5,
5.7,1.1,0.6,
5.7,1.1,0.7,
5.7,1.1,0.8,
5.7,1.1,0.9,
5.7,1.1,1,
5.7,1.1,1.1,
5.7,1.1,1.2,
5.7,1.1,1.3,
5.7,1.1,1.4,
5.7,1.1,1.5,
5.7,1.1,1.6,
5.7,1.1,1.7,
5.7,1.1,1.8,
5.7,1.1,1.9,
5.7,1.1,2,
5.7,1.1,2.1,
5.7,1.1,2.2,1.022859757
5.7,1.1,2.3,
5.7,1.1,2.4,
5.7,1.1,2.5,
5.7,1.1,2.6,
5.7,1.1,2.7,
5.7,1.1,2.8,
5.7,1.1,2.9,
5.7,1.1,3,
5.7,1.1,3.1,
5.7,1.1,3.2,
5.7,1.1,3.3,
5.7,1.1,3.4,
5.7,1.1,3.5,
5.7,1.1,3.6,
5.8,1.1,0,
5.8,1.1,0.1,
5.8,1.1,0.2,
5.8,1.1,0.3,
5.8,1.1,0.4,
5.8,1.1,0.5,
5.8,1.1,0.6,
5.8,1.1,0.7,
5.8,1.1,0.8,
5.8,1.1,0.9,
5.8,1.1,1,
5.8,1.1,1.1,
5.8,1.1,1.2,1.05296064
5.8,1.1,1.3,
5.8,1.1,1.4,
5.8,1.1,1.5,
5.8,1.1,1.6,
5.8,1.1,1.7,
5.8,1.1,1.8,
5.8,1.1,1.9,
5.8,1.1,2,
5.8,1.1,2.1,
5.8,1.1,2.2,
5.8,1.1,2.3,
5.8,1.1,2.4,
5.8,1.1,2.5,
5.8,1.1,2.6,
5.8,1.1,2.7,
5.8,1.1,2.8,
5.8,1.1,2.9,
5.8,1.1,3,
5.8,1.1,3.1,
5.8,1.1,3.2,
5.8,1.1,3.3,
5.8,1.1,3.4,
5.8,1.1,3.5,
5.8,1.1,3.6,
5.9,1.1,0,
5.9,1.1,0.1,
5.9,1.1,0.2,
5.9,1.1,0.3,
5.9,1.1,0.4,
5.9,1.1,0.5,
5.9,1.1,0.6,
5.9,1.1,0.7,
5.9,1.1,0.8,
5.9,1.1,0.9,
5.9,1.1,1,
5.9,1.1,1.1,
5.9,1.1,1.2,
5.9,1.1,1.3,
5.9,1.1,1.4,
5.9,1.1,1.5,
5.9,1.1,1.6,
5.9,1.1,1.7,
5.9,1.1,1.8,
5.9,1.1,1.9,
5.9,1.1,2,
5.9,1.1,2.1,
5.9,1.1,2.2,
5.9,1.1,2.3,
5.9,1.1,2.4,
5.9,1.1,2.5,
5.9,1.1,2.6,
5.9,1.1,2.7,
5.9,1.1,2.8,
5.9,1.1,2.9,
5.9,1.1,3,
5.9,1.1,3.1,
5.9,1.1,3.2,
5.9,1.1,3.3,
5.9,1.1,3.4,
5.9,1.1,3.5,
5.9,1.1,3.6,
6,1.1,0,
6,1.1,0.1,
6,1.1,0.2,
6,1.1,0.3,
6,1.1,0.4,
6,1.1,0.5,
6,1.1,0.6,
6,1.1,0.7,
6,1.1,0.8,1.075156293
6,1.1,0.9,
6,1.1,1,
6,1.1,1.1,
6,1.1,1.2,
6,1.1,1.3,
6,1.1,1.4,
6,1.1,1.5,
6,1.1,1.6,
6,1.1,1.7,
6,1.1,1.8,
6,1.1,1.9,
6,1.1,2,
6,1.1,2.1,
6,1.1,2.2,
6,1.1,2.3,
6,1.1,2.4,
6,1.1,2.5,
6,1.1,2.6,
6,1.1,2.7,1.106675728
6,1.1,2.8,
6,1.1,2.9,
6,1.1,3,
6,1.1,3.1,
6,1.1,3.2,
6,1.1,3.3,
6,1.1,3.4,
6,1.1,3.5,
6,1.1,3.6,
6.1,1.1,0,
6.1,1.1,0.1,
6.1,1.1,0.2,
6.1,1.1,0.3,
6.1,1.1,0.4,
6.1,1.1,0.5,
6.1,1.1,0.6,
6.1,1.1,0.7,
6.1,1.1,0.8,
6.1,1.1,0.9,
6.1,1.1,1,
6.1,1.1,1.1,
6.1,1.1,1.2,
6.1,1.1,1.3,
6.1,1.1,1.4,
6.1,1.1,1.5,
6.1,1.1,1.6,
6.1,1.1,1.7,
6.1,1.1,1.8,
6.1,1.1,1.9,
6.1,1.1,2,
6.1,1.1,2.1,
6.1,1.1,2.2,
6.1,1.1,2.3,
6.1,1.1,2.4,
6.1,1.1,2.5,
6.1,1.1,2.6,
6.1,1.1,2.7,
6.1,1.1,2.8,
6.1,1.1,2.9,
6.1,1.1,3,
6.1,1.1,3.1,1.017555964
6.1,1.1,3.2,
6.1,1.1,3.3,
6.1,1.1,3.4,
6.1,1.1,3.5,
6.1,1.1,3.6,
6.2,1.1,0,
6.2,1.1,0.1,
6.2,1.1,0.2,
6.2,1.1,0.3,
6.2,1.1,0.4,
6.2,1.1,0.5,
6.2,1.1,0.6,
6.2,1.1,0.7,
6.2,1.1,0.8,
6.2,1.1,0.9,
6.2,1.1,1,
6.2,1.1,1.1,
6.2,1.1,1.2,
6.2,1.1,1.3,
6.2,1.1,1.4,
6.2,1.1,1.5,
6.2,1.1,1.6,
6.2,1.1,1.7,
6.2,1.1,1.8,
6.2,1.1,1.9,
6.2,1.1,2,
6.2,1.1,2.1,
6.2,1.1,2.2,
6.2,1.1,2.3,
6.2,1.1,2.4,
6.2,1.1,2.5,
6.2,1.1,2.6,
6.2,1.1,2.7,
6.2,1.1,2.8,
6.2,1.1,2.9,
6.2,1.1,3,
6.2,1.1,3.1,
6.2,1.1,3.2,
6.2,1.1,3.3,
6.2,1.1,3.4,
6.2,1.1,3.5,
6.2,1.1,3.6,
6.3,1.1,0,
6.3,1.1,0.1,
6.3,1.1,0.2,
6.3,1.1,0.3,
6.3,1.1,0.4,
6.3,1.1,0.5,
6.3,1.1,0.6,
6.3,1.1,0.7,
6.3,1.1,0.8,
6.3,1.1,0.9,
6.3,1.1,1,
6.3,1.1,1.1,
6.3,1.1,1.2,
6.3,1.1,1.3,
6.3,1.1,1.4,
6.3,1.1,1.5,
6.3,1.1,1.6,
6.3,1.1,1.7,
6.3,1.1,1.8,
6.3,1.1,1.9,
6.3,1.1,2,
6.3,1.1,2.1,
6.3,1.1,2.2,
6.3,1.1,2.3,
6.3,1.1,2.4,
6.3,1.1,2.5,
6.3,1.1,2.6,
6.3,1.1,2.7,
6.3,1.1,2.8,
6.3,1.1,2.9,
6.3,1.1,3,
6.3,1.1,3.1,
6.3,1.1,3.2,
6.3,1.1,3.3,
6.3,1.1,3.4,
6.3,1.1,3.5,
6.3,1.1,3.6,
6.4,1.1,0,
6.4,1.1,0.1,
6.4,1.1,0.2,
6.4,1.1,0.3,
6.4,1.1,0.4,
6.4,1.1,0.5,
6.4,1.1,0.6,
6.4,1.1,0.7,
6.4,1.1,0.8,
6.4,1.1,0.9,
6.4,1.1,1,
6.4,1.1,1.1,
6.4,1.1,1.2,
6.4,1.1,1.3,
6.4,1.1,1.4,
6.4,1.1,1.5,
6.4,1.1,1.6,
6.4,1.1,1.7,
6.4,1.1,1.8,
6.4,1.1,1.9,
6.4,1.1,2,
6.4,1.1,2.1,
6.4,1.1,2.2,
6.4,1.1,2.3,
6.4,1.1,2.4,
6.4,1.1,2.5,
6.4,1.1,2.6,
6.4,1.1,2.7,
6.4,1.1,2.8,
6.4,1.1,2.9,
6.4,1.1,3,
6.4,1.1,3.1,
6.4,1.1,3.2,
6.4,1.1,3.3,
6.4,1.1,3.4,
6.4,1.1,3.5,
6.4,1.1,3.6,
6.5,1.1,0,
6.5,1.1,0.1,
6.5,1.1,0.2,
6.5,1.1,0.3,
6.5,1.1,0.4,
6.5,1.1,0.5,
6.5,1.1,0.6,
6.5,1.1,0.7,
6.5,1.1,0.8,
6.5,1.1,0.9,
6.5,1.1,1,
6.5,1.1,1.1,
6.5,1.1,1.2,
6.5,1.1,1.3,
6.5,1.1,1.4,
6.5,1.1,1.5,
6.5,1.1,1.6,
6.5,1.1,1.7,
6.5,1.1,1.8,
6.5,1.1,1.9,
6.5,1.1,2,
6.5,1.1,2.1,
6.5,1.1,2.2,
6.5,1.1,2.3,
6.5,1.1,2.4,
6.5,1.1,2.5,
6.5,1.1,2.6,
6.5,1.1,2.7,
6.5,1.1,2.8,
6.5,1.1,2.9,
6.5,1.1,3,
6.5,1.1,3.1,
6.5,1.1,3.2,
6.5,1.1,3.3,
6.5,1.1,3.4,
6.5,1.1,3.5,1.003358217
6.5,1.1,3.6,
6.6,1.1,0,
6.6,1.1,0.1,
6.6,1.1,0.2,
6.6,1.1,0.3,
6.6,1.1,0.4,
6.6,1.1,0.5,
6.6,1.1,0.6,
6.6,1.1,0.7,
6.6,1.1,0.8,
6.6,1.1,0.9,
6.6,1.1,1,
6.6,1.1,1.1,
6.6,1.1,1.2,
6.6,1.1,1.3,
6.6,1.1,1.4,
6.6,1.1,1.5,
6.6,1.1,1.6,0.971234689
6.6,1.1,1.7,
6.6,1.1,1.8,
6.6,1.1,1.9,
6.6,1.1,2,
6.6,1.1,2.1,
6.6,1.1,2.2,
6.6,1.1,2.3,
6.6,1.1,2.4,
6.6,1.1,2.5,
6.6,1.1,2.6,
6.6,1.1,2.7,
6.6,1.1,2.8,
6.6,1.1,2.9,
6.6,1.1,3,
6.6,1.1,3.1,
6.6,1.1,3.2,
6.6,1.1,3.3,
6.6,1.1,3.4,
6.6,1.1,3.5,
6.6,1.1,3.6,
6.7,1.1,0,
6.7,1.1,0.1,
6.7,1.1,0.2,
6.7,1.1,0.3,
6.7,1.1,0.4,
6.7,1.1,0.5,
6.7,1.1,0.6,
6.7,1.1,0.7,
6.7,1.1,0.8,
6.7,1.1,0.9,
6.7,1.1,1,
6.7,1.1,1.1,
6.7,1.1,1.2,
6.7,1.1,1.3,
6.7,1.1,1.4,
6.7,1.1,1.5,
6.7,1.1,1.6,
6.7,1.1,1.7,
6.7,1.1,1.8,
6.7,1.1,1.9,
6.7,1.1,2,
6.7,1.1,2.1,
6.7,1.1,2.2,
6.7,1.1,2.3,
6.7,1.1,2.4,
6.7,1.1,2.5,
6.7,1.1,2.6,
6.7,1.1,2.7,
6.7,1.1,2.8,
6.7,1.1,2.9,
6.7,1.1,3,
6.7,1.1,3.1,
6.7,1.1,3.2,
6.7,1.1,3.3,
6.7,1.1,3.4,
6.7,1.1,3.5,
6.7,1.1,3.6,
6.8,1.1,0,
6.8,1.1,0.1,0.974868912
6.8,1.1,0.2,
6.8,1.1,0.3,
6.8,1.1,0.4,
6.8,1.1,0.5,
6.8,1.1,0.6,
6.8,1.1,0.7,
6.8,1.1,0.8,
6.8,1.1,0.9,
6.8,1.1,1,
6.8,1.1,1.1,
6.8,1.1,1.2,
6.8,1.1,1.3,
6.8,1.1,1.4,
6.8,1.1,1.5,
6.8,1.1,1.6,
6.8,1.1,1.7,
6.8,1.1,1.8,
6.8,1.1,1.9,
6.8,1.1,2,
6.8,1.1,2.1,
6.8,1.1,2.2,
6.8,1.1,2.3,
6.8,1.1,2.4,
6.8,1.1,2.5,
6.8,1.1,2.6,
6.8,1.1,2.7,
6.8,1.1,2.8,1.125595633
6.8,1.1,2.9,
6.8,1.1,3,
6.8,1.1,3.1,
6.8,1.1,3.2,
6.8,1.1,3.3,
6.8,1.1,3.4,
6.8,1.1,3.5,
6.8,1.1,3.6,
6.9,1.1,0,
6.9,1.1,0.1,
6.9,1.1,0.2,
6.9,1.1,0.3,
6.9,1.1,0.4,
6.9,1.1,0.5,
6.9,1.1,0.6,
6.9,1.1,0.7,
6.9,1.1,0.8,1.135269648
6.9,1.1,0.9,
6.9,1.1,1,
6.9,1.1,1.1,
6.9,1.1,1.2,
6.9,1.1,1.3,
6.9,1.1,1.4,
6.9,1.1,1.5,
6.9,1.1,1.6,
6.9,1.1,1.7,
6.9,1.1,1.8,
6.9,1.1,1.9,
6.9,1.1,2,
6.9,1.1,2.1,
6.9,1.1,2.2,
6.9,1.1,2.3,
6.9,1.1,2.4,
6.9,1.1,2.5,
6.9,1.1,2.6,
6.9,1.1,2.7,
6.9,1.1,2.8,
6.9,1.1,2.9,
6.9,1.1,3,
6.9,1.1,3.1,
6.9,1.1,3.2,
6.9,1.1,3.3,
6.9,1.1,3.4,
6.9,1.1,3.5,
6.9,1.1,3.6,
7,1.1,0,
7,1.1,0.1,
7,1.1,0.2,
7,1.1,0.3,
7,1.1,0.4,
7,1.1,0.5,
7,1.1,0.6,
7,1.1,0.7,
7,1.1,0.8,
7,1.1,0.9,
7,1.1,1,
7,1.1,1.1,
7,1.1,1.2,
7,1.1,1.3,
7,1.1,1.4,
7,1.1,1.5,
7,1.1,1.6,
7,1.1,1.7,
7,1.1,1.8,
7,1.1,1.9,
7,1.1,2,
7,1.1,2.1,
7,1.1,2.2,
7,1.1,2.3,
7,1.1,2.4,
7,1.1,2.5,
7,1.1,2.6,
7,1.1,2.7,
7,1.1,2.8,
7,1.1,2.9,
7,1.1,3,
7,1.1,3.1,
7,1.1,3.2,
7,1.1,3.3,
7,1.1,3.4,
7,1.1,3.5,
7,1.1,3.6,
7.1,1.1,0,
7.1,1.1,0.1,
7.1,1.1,0.2,
7.1,1.1,0.3,
7.1,1.1,0.4,
7.1,1.1,0.5,
7.1,1.1,0.6,
7.1,1.1,0.7,
7.1,1.1,0.8,
7.1,1.1,0.9,
7.1,1.1,1,
7.1,1.1,1.1,
7.1,1.1,1.2,
7.1,1.1,1.3,
7.1,1.1,1.4,
7.1,1.1,1.5,
7.1,1.1,1.6,
7.1,1.1,1.7,
7.1,1.1,1.8,
7.1,1.1,1.9,
7.1,1.1,2,
7.1,1.1,2.1,
7.1,1.1,2.2,
7.1,1.1,2.3,
7.1,1.1,2.4,
7.1,1.1,2.5,
7.1,1.1,2.6,
7.1,1.1,2.7,
7.1,1.1,2.8,
7.1,1.1,2.9,
7.1,1.1,3,
7.1,1.1,3.1,
7.1,1.1,3.2,
7.1,1.1,3.3,
7.1,1.1,3.4,
7.1,1.1,3.5,
7.1,1.1,3.6,
7.2,1.1,0,
7.2,1.1,0.1,
7.2,1.1,0.2,
7.2,1.1,0.3,
7.2,1.1,0.4,
7.2,1.1,0.5,
7.2,1.1,0.6,
7.2,1.1,0.7,
7.2,1.1,0.8,
7.2,1.1,0.9,
7.2,1.1,1,
7.2,1.1,1.1,
7.2,1.1,1.2,
7.2,1.1,1.3,
7.2,1.1,1.4,
7.2,1.1,1.5,
7.2,1.1,1.6,
7.2,1.1,1.7,0.992053862
7.2,1.1,1.8,
7.2,1.1,1.9,
7.2,1.1,2,
7.2,1.1,2.1,
7.2,1.1,2.2,
7.2,1.1,2.3,
7.2,1.1,2.4,1.054524459
7.2,1.1,2.5,
7.2,1.1,2.6,
7.2,1.1,2.7,
7.2,1.1,2.8,
7.2,1.1,2.9,
7.2,1.1,3,1.026970716
7.2,1.1,3.1,
7.2,1.1,3.2,
7.2,1.1,3.3,
7.2,1.1,3.4,
7.2,1.1,3.5,
7.2,1.1,3.6,
7.3,1.1,0,
7.3,1.1,0.1,
7.3,1.1,0.2,
7.3,1.1,0.3,
7.3,1.1,0.4,
7.3,1.1,0.5,
7.3,1.1,0.6,
7.3,1.1,0.7,
7.3,1.1,0.8,
7.3,1.1,0.9,
7.3,1.1,1,1.119999316
7.3,1.1,1.1,
7.3,1.1,1.2,
7.3,1.1,1.3,
7.3,1.1,1.4,
7.3,1.1,1.5,
7.3,1.1,1.6,
7.3,1.1,1.7,
7.3,1.1,1.8,
7.3,1.1,1.9,1.001320505
7.3,1.1,2,
7.3,1.1,2.1,
7.3,1.1,2.2,
7.3,1.1,2.3,
7.3,1.1,2.4,
7.3,1.1,2.5,
7.3,1.1,2.6,
7.3,1.1,2.7,
7.3,1.1,2.8,
7.3,1.1,2.9,
7.3,1.1,3,
7.3,1.1,3.1,
7.3,1.1,3.2,
7.3,1.1,3.3,
7.3,1.1,3.4,
7.3,1.1,3.5,
7.3,1.1,3.6,0.963795392
7.4,1.1,0,
7.4,1.1,0.1,
7.4,1.1,0.2,
7.4,1.1,0.3,
7.4,1.1,0.4,
7.4,1.1,0.5,
7.4,1.1,0.6,
7.4,1.1,0.7,
7.4,1.1,0.8,
7.4,1.1,0.9,
7.4,1.1,1,
7.4,1.1,1.1,
7.4,1.1,1.2,
7.4,1.1,1.3,
7.4,1.1,1.4,
7.4,1.1,1.5,
7.4,1.1,1.6,
7.4,1.1,1.7,
7.4,1.1,1.8,
7.4,1.1,1.9,
7.4,1.1,2,
7.4,1.1,2.1,
7.4,1.1,2.2,
7.4,1.1,2.3,
7.4,1.1,2.4,
7.4,1.1,2.5,
7.4,1.1,2.6,
7.4,1.1,2.7,
7.4,1.1,2.8,
7.4,1.1,2.9,
7.4,1.1,3,
7.4,1.1,3.1,
7.4,1.1,3.2,
7.4,1.1,3.3,
7.4,1.1,3.4,
7.4,1.1,3.5,
7.4,1.1,3.6,0.9640683
7.5,1.1,0,
7.5,1.1,0.1,
7.5,1.1,0.2,
7.5,1.1,0.3,
7.5,1.1,0.4,
7.5,1.1,0.5,
7.5,1.1,0.6,
7.5,1.1,0.7,
7.5,1.1,0.8,
7.5,1.1,0.9,
7.5,1.1,1,
7.5,1.1,1.1,
7.5,1.1,1.2,
7.5,1.1,1.3,
7.5,1.1,1.4,
7.5,1.1,1.5,
7.5,1.1,1.6,
7.5,1.1,1.7,
7.5,1.1,1.8,
7.5,1.1,1.9,
7.5,1.1,2,
7.5,1.1,2.1,
7.5,1.1,2.2,
7.5,1.1,2.3,
7.5,1.1,2.4,
7.5,1.1,2.5,
7.5,1.1,2.6,
7.5,1.1,2.7,
7.5,1.1,2.8,
7.5,1.1,2.9,
7.5,1.1,3,
7.5,1.1,3.1,
7.5,1.1,3.2,
7.5,1.1,3.3,
7.5,1.1,3.4,
7.5,1.1,3.5,
7.5,1.1,3.6,
7.6,1.1,0,
7.6,1.1,0.1,
7.6,1.1,0.2,
7.6,1.1,0.3,
7.6,1.1,0.4,
7.6,1.1,0.5,
7.6,1.1,0.6,
7.6,1.1,0.7,
7.6,1.1,0.8,
7.6,1.1,0.9,
7.6,1.1,1,
7.6,1.1,1.1,
7.6,1.1,1.2,
7.6,1.1,1.3,
7.6,1.1,1.4,
7.6,1.1,1.5,
7.6,1.1,1.6,
7.6,1.1,1.7,
7.6,1.1,1.8,
7.6,1.1,1.9,
7.6,1.1,2,
7.6,1.1,2.1,
7.6,1.1,2.2,
7.6,1.1,2.3,1.017745578
7.6,1.1,2.4,
7.6,1.1,2.5,
7.6,1.1,2.6,
7.6,1.1,2.7,
7.6,1.1,2.8,1.072507665
7.6,1.1,2.9,
7.6,1.1,3,
7.6,1.1,3.1,
7.6,1.1,3.2,
7.6,1.1,3.3,
7.6,1.1,3.4,
7.6,1.1,3.5,
7.6,1.1,3.6,
7.7,1.1,0,0.970121452
7.7,1.1,0.1,
7.7,1.1,0.2,
7.7,1.1,0.3,
7.7,1.1,0.4,
7.7,1.1,0.5,
7.7,1.1,0.6,1.030868181
7.7,1.1,0.7,
7.7,1.1,0.8,
7.7,1.1,0.9,
7.7,1.1,1,
7.7,1.1,1.1,
7.7,1.1,1.2,
7.7,1.1,1.3,
7.7,1.1,1.4,
7.7,1.1,1.5,
7.7,1.1,1.6,
7.7,1.1,1.7,
7.7,1.1,1.8,
7.7,1.1,1.9,
7.7,1.1,2,
7.7,1.1,2.1,
7.7,1.1,2.2,
7.7,1.1,2.3,
7.7,1.1,2.4,
7.7,1.1,2.5,
7.7,1.1,2.6,
7.7,1.1,2.7,
7.7,1.1,2.8,
7.7,1.1,2.9,
7.7,1.1,3,
7.7,1.1,3.1,
7.7,1.1,3.2,
7.7,1.1,3.3,
7.7,1.1,3.4,
7.7,1.1,3.5,
7.7,1.1,3.6,
7.8,1.1,0,
7.8,1.1,0.1,
7.8,1.1,0.2,
7.8,1.1,0.3,
7.8,1.1,0.4,
7.8,1.1,0.5,
7.8,1.1,0.6,
7.8,1.1,0.7,
7.8,1.1,0.8,
7.8,1.1,0.9,
7.8,1.1,1,
7.8,1.1,1.1,
7.8,1.1,1.2,
7.8,1.1,1.3,1.010032804
7.8,1.1,1.4,
7.8,1.1,1.5,
7.8,1.1,1.6,
7.8,1.1,1.7,
7.8,1.1,1.8,
7.8,1.1,1.9,
7.8,1.1,2,
7.8,1.1,2.1,
7.8,1.1,2.2,
7.8,1.1,2.3,
7.8,1.1,2.4,
7.8,1.1,2.5,
7.8,1.1,2.6,
7.8,1.1,2.7,
7.8,1.1,2.8,
7.8,1.1,2.9,
7.8,1.1,3,
7.8,1.1,3.1,
7.8,1.1,3.2,
7.8,1.1,3.3,
7.8,1.1,3.4,
7.8,1.1,3.5,
7.8,1.1,3.6,
7.9,1.1,0,
7.9,1.1,0.1,
7.9,1.1,0.2,
7.9,1.1,0.3,
7.9,1.1,0.4,
7.9,1.1,0.5,
7.9,1.1,0.6,
7.9,1.1,0.7,
7.9,1.1,0.8,1.121630509
7.9,1.1,0.9,
7.9,1.1,1,
7.9,1.1,1.1,
7.9,1.1,1.2,
7.9,1.1,1.3,
7.9,1.1,1.4,
7.9,1.1,1.5,
7.9,1.1,1.6,
7.9,1.1,1.7,
7.9,1.1,1.8,0.965632118
7.9,1.1,1.9,
7.9,1.1,2,
7.9,1.1,2.1,
7.9,1.1,2.2,
7.9,1.1,2.3,
7.9,1.1,2.4,
7.9,1.1,2.5,
7.9,1.1,2.6,
7.9,1.1,2.7,
7.9,1.1,2.8,
7.9,1.1,2.9,
7.9,1.1,3,
7.9,1.1,3.1,
7.9,1.1,3.2,
7.9,1.1,3.3,
7.9,1.1,3.4,
7.9,1.1,3.5,
7.9,1.1,3.6,
8,1.1,0,
8,1.1,0.1,
8,1.1,0.2,
8,1.1,0.3,
8,1.1,0.4,
8,1.1,0.5,
8,1.1,0.6,
8,1.1,0.7,1.151985253
8,1.1,0.8,1.119822211
8,1.1,0.9,
8,1.1,1,
8,1.1,1.1,
8,1.1,1.2,
8,1.1,1.3,
8,1.1,1.4,
8,1.1,1.5,
8,1.1,1.6,
8,1.1,1.7,
8,1.1,1.8,
8,1.1,1.9,0.965773689
8,1.1,2,
8,1.1,2.1,
8,1.1,2.2,
8,1.1,2.3,
8,1.1,2.4,
8,1.1,2.5,
8,1.1,2.6,
8,1.1,2.7,
8,1.1,2.8,
8,1.1,2.9,
8,1.1,3,
8,1.1,3.1,1.036985866
8,1.1,3.2,
8,1.1,3.3,
8,1.1,3.4,
8,1.1,3.5,0.993990655
8,1.1,3.6,
0,1.2,0,
0,1.2,0.1,
0,1.2,0.2,
0,1.2,0.3,
0,1.2,0.4,
0,1.2,0.5,
0,1.2,0.6,
0,1.2,0.7,1.138170715
0,1.2,0.8,1.108035719
0,1.2,0.9,
0,1.2,1,1.344738078
0,1.2,1.1,
0,1.2,1.2,1.276673723
0,1.2,1.3,
0,1.2,1.4,
0,1.2,1.5,
0,1.2,1.6,
0,1.2,1.7,
0,1.2,1.8,
0,1.2,1.9,
0,1.2,2,1.195993066
0,1.2,2.1,
0,1.2,2.2,1.224567655
0,1.2,2.3,
0,1.2,2.4,
0,1.2,2.5,
0,1.2,2.6,1.339115607
0,1.2,2.7,
0,1.2,2.8,1.103818724
0,1.2,2.9,
0,1.2,3,
0,1.2,3.1,
0,1.2,3.2,
0,1.2,3.3,
0,1.2,3.4,
0,1.2,3.5,
0,1.2,3.6,
0.1,1.2,0,
0.1,1.2,0.1,
0.1,1.2,0.2,
0.1,1.2,0.3,
0.1,1.2,0.4,
0.1,1.2,0.5,
0.1,1.2,0.6,
0.1,1.2,0.7,
0.1,1.2,0.8,1.108421201
0.1,1.2,0.9,
0.1,1.2,1,
0.1,1.2,1.1,1.034048411
0.1,1.2,1.2,
0.1,1.2,1.3,
0.1,1.2,1.4,
0.1,1.2,1.5,
0.1,1.2,1.6,
0.1,1.2,1.7,
0.1,1.2,1.8,
0.1,1.2,1.9,
0.1,1.2,2,0.964205322
0.1,1.2,2.1,0.971665372
0.1,1.2,2.2,0.982141622
0.1,1.2,2.3,0.995566698
0.1,1.2,2.4,
0.1,1.2,2.5,1.03100293
0.1,1.2,2.6,
0.1,1.2,2.7,1.077300609
0.1,1.2,2.8,
0.1,1.2,2.9,
0.1,1.2,3,
0.1,1.2,3.1,
0.1,1.2,3.2,
0.1,1.2,3.3,
0.1,1.2,3.4,
0.1,1.2,3.5,
0.1,1.2,3.6,
0.2,1.2,0,
0.2,1.2,0.1,
0.2,1.2,0.2,
0.2,1.2,0.3,
0.2,1.2,0.4,
0.2,1.2,0.5,
0.2,1.2,0.6,
0.2,1.2,0.7,
0.2,1.2,0.8,
0.2,1.2,0.9,
0.2,1.2,1,
0.2,1.2,1.1,
0.2,1.2,1.2,
0.2,1.2,1.3,
0.2,1.2,1.4,
0.2,1.2,1.5,
0.2,1.2,1.6,
0.2,1.2,1.7,
0.2,1.2,1.8,
0.2,1.2,1.9,
0.2,1.2,2,
0.2,1.2,2.1,0.973721562
0.2,1.2,2.2,0.984281959
0.2,1.2,2.3,
0.2,1.2,2.4,
0.2,1.2,2.5,
0.2,1.2,2.6,
0.2,1.2,2.7,
0.2,1.2,2.8,
0.2,1.2,2.9,
0.2,1.2,3,
0.2,1.2,3.1,
0.2,1.2,3.2,
0.2,1.2,3.3,
0.2,1.2,3.4,
0.2,1.2,3.5,
0.2,1.2,3.6,
0.3,1.2,0,
0.3,1.2,0.1,
0.3,1.2,0.2,
0.3,1.2,0.3,
0.3,1.2,0.4,
0.3,1.2,0.5,1.010753736
0.3,1.2,0.6,
0.3,1.2,0.7,
0.3,1.2,0.8,
0.3,1.2,0.9,
0.3,1.2,1,
0.3,1.2,1.1,
0.3,1.2,1.2,
0.3,1.2,1.3,
0.3,1.2,1.4,
0.3,1.2,1.5,0.9784025
0.3,1.2,1.6,
0.3,1.2,1.7,
0.3,1.2,1.8,
0.3,1.2,1.9,
0.3,1.2,2,
0.3,1.2,2.1,
0.3,1.2,2.2,
0.3,1.2,2.3,
0.3,1.2,2.4,
0.3,1.2,2.5,
0.3,1.2,2.6,
0.3,1.2,2.7,
0.3,1.2,2.8,
0.3,1.2,2.9,
0.3,1.2,3,
0.3,1.2,3.1,
0.3,1.2,3.2,
0.3,1.2,3.3,
0.3,1.2,3.4,
0.3,1.2,3.5,
0.3,1.2,3.6,
0.4,1.2,0,
0.4,1.2,0.1,
0.4,1.2,0.2,
0.4,1.2,0.3,
0.4,1.2,0.4,
0.4,1.2,0.5,
0.4,1.2,0.6,
0.4,1.2,0.7,
0.4,1.2,0.8,
0.4,1.2,0.9,
0.4,1.2,1,
0.4,1.2,1.1,
0.4,1.2,1.2,
0.4,1.2,1.3,
0.4,1.2,1.4,
0.4,1.2,1.5,
0.4,1.2,1.6,
0.4,1.2,1.7,
0.4,1.2,1.8,
0.4,1.2,1.9,
0.4,1.2,2,
0.4,1.2,2.1,
0.4,1.2,2.2,0.992617019
0.4,1.2,2.3,
0.4,1.2,2.4,
0.4,1.2,2.5,
0.4,1.2,2.6,
0.4,1.2,2.7,
0.4,1.2,2.8,
0.4,1.2,2.9,
0.4,1.2,3,
0.4,1.2,3.1,
0.4,1.2,3.2,
0.4,1.2,3.3,
0.4,1.2,3.4,
0.4,1.2,3.5,
0.4,1.2,3.6,
0.5,1.2,0,
0.5,1.2,0.1,
0.5,1.2,0.2,
0.5,1.2,0.3,
0.5,1.2,0.4,
0.5,1.2,0.5,
0.5,1.2,0.6,
0.5,1.2,0.7,
0.5,1.2,0.8,
0.5,1.2,0.9,
0.5,1.2,1,
0.5,1.2,1.1,
0.5,1.2,1.2,
0.5,1.2,1.3,
0.5,1.2,1.4,
0.5,1.2,1.5,
0.5,1.2,1.6,
0.5,1.2,1.7,
0.5,1.2,1.8,
0.5,1.2,1.9,
0.5,1.2,2,
0.5,1.2,2.1,
0.5,1.2,2.2,
0.5,1.2,2.3,
0.5,1.2,2.4,
0.5,1.2,2.5,
0.5,1.2,2.6,
0.5,1.2,2.7,
0.5,1.2,2.8,
0.5,1.2,2.9,
0.5,1.2,3,
0.5,1.2,3.1,
0.5,1.2,3.2,
0.5,1.2,3.3,
0.5,1.2,3.4,
0.5,1.2,3.5,
0.5,1.2,3.6,
0.6,1.2,0,
0.6,1.2,0.1,
0.6,1.2,0.2,
0.6,1.2,0.3,
0.6,1.2,0.4,
0.6,1.2,0.5,
0.6,1.2,0.6,
0.6,1.2,0.7,
0.6,1.2,0.8,1.054046586
0.6,1.2,0.9,
0.6,1.2,1,
0.6,1.2,1.1,
0.6,1.2,1.2,
0.6,1.2,1.3,
0.6,1.2,1.4,
0.6,1.2,1.5,
0.6,1.2,1.6,
0.6,1.2,1.7,
0.6,1.2,1.8,
0.6,1.2,1.9,
0.6,1.2,2,
0.6,1.2,2.1,
0.6,1.2,2.2,
0.6,1.2,2.3,
0.6,1.2,2.4,
0.6,1.2,2.5,
0.6,1.2,2.6,
0.6,1.2,2.7,
0.6,1.2,2.8,
0.6,1.2,2.9,
0.6,1.2,3,
0.6,1.2,3.1,
0.6,1.2,3.2,
0.6,1.2,3.3,
0.6,1.2,3.4,
0.6,1.2,3.5,
0.6,1.2,3.6,
0.7,1.2,0,
0.7,1.2,0.1,
0.7,1.2,0.2,
0.7,1.2,0.3,
0.7,1.2,0.4,
0.7,1.2,0.5,
0.7,1.2,0.6,
0.7,1.2,0.7,
0.7,1.2,0.8,
0.7,1.2,0.9,
0.7,1.2,1,
0.7,1.2,1.1,
0.7,1.2,1.2,
0.7,1.2,1.3,
0.7,1.2,1.4,
0.7,1.2,1.5,
0.7,1.2,1.6,
0.7,1.2,1.7,
0.7,1.2,1.8,
0.7,1.2,1.9,
0.7,1.2,2,
0.7,1.2,2.1,
0.7,1.2,2.2,
0.7,1.2,2.3,
0.7,1.2,2.4,
0.7,1.2,2.5,
0.7,1.2,2.6,
0.7,1.2,2.7,
0.7,1.2,2.8,
0.7,1.2,2.9,
0.7,1.2,3,
0.7,1.2,3.1,
0.7,1.2,3.2,
0.7,1.2,3.3,
0.7,1.2,3.4,
0.7,1.2,3.5,
0.7,1.2,3.6,
0.8,1.2,0,
0.8,1.2,0.1,
0.8,1.2,0.2,
0.8,1.2,0.3,
0.8,1.2,0.4,
0.8,1.2,0.5,
0.8,1.2,0.6,
0.8,1.2,0.7,
0.8,1.2,0.8,
0.8,1.2,0.9,
0.8,1.2,1,
0.8,1.2,1.1,
0.8,1.2,1.2,
0.8,1.2,1.3,
0.8,1.2,1.4,
0.8,1.2,1.5,
0.8,1.2,1.6,
0.8,1.2,1.7,
0.8,1.2,1.8,
0.8,1.2,1.9,
0.8,1.2,2,
0.8,1.2,2.1,
0.8,1.2,2.2,
0.8,1.2,2.3,
0.8,1.2,2.4,
0.8,1.2,2.5,
0.8,1.2,2.6,
0.8,1.2,2.7,
0.8,1.2,2.8,
0.8,1.2,2.9,
0.8,1.2,3,
0.8,1.2,3.1,
0.8,1.2,3.2,
0.8,1.2,3.3,
0.8,1.2,3.4,
0.8,1.2,3.5,
0.8,1.2,3.6,
0.9,1.2,0,
0.9,1.2,0.1,
0.9,1.2,0.2,
0.9,1.2,0.3,
0.9,1.2,0.4,
0.9,1.2,0.5,
0.9,1.2,0.6,
0.9,1.2,0.7,
0.9,1.2,0.8,
0.9,1.2,0.9,
0.9,1.2,1,
0.9,1.2,1.1,
0.9,1.2,1.2,
0.9,1.2,1.3,
0.9,1.2,1.4,
0.9,1.2,1.5,
0.9,1.2,1.6,
0.9,1.2,1.7,0.990599207
0.9,1.2,1.8,0.98857315
0.9,1.2,1.9,
0.9,1.2,2,
0.9,1.2,2.1,
0.9,1.2,2.2,
0.9,1.2,2.3,
0.9,1.2,2.4,
0.9,1.2,2.5,
0.9,1.2,2.6,
0.9,1.2,2.7,
0.9,1.2,2.8,
0.9,1.2,2.9,
0.9,1.2,3,1.017137221
0.9,1.2,3.1,
0.9,1.2,3.2,
0.9,1.2,3.3,
0.9,1.2,3.4,
0.9,1.2,3.5,
0.9,1.2,3.6,0.957687941
1,1.2,0,
1,1.2,0.1,
1,1.2,0.2,
1,1.2,0.3,0.973425627
1,1.2,0.4,
1,1.2,0.5,
1,1.2,0.6,
1,1.2,0.7,
1,1.2,0.8,
1,1.2,0.9,
1,1.2,1,
1,1.2,1.1,
1,1.2,1.2,1.041383378
1,1.2,1.3,
1,1.2,1.4,
1,1.2,1.5,
1,1.2,1.6,
1,1.2,1.7,
1,1.2,1.8,
1,1.2,1.9,
1,1.2,2,
1,1.2,2.1,
1,1.2,2.2,
1,1.2,2.3,
1,1.2,2.4,
1,1.2,2.5,
1,1.2,2.6,
1,1.2,2.7,
1,1.2,2.8,
1,1.2,2.9,
1,1.2,3,
1,1.2,3.1,
1,1.2,3.2,
1,1.2,3.3,
1,1.2,3.4,
1,1.2,3.5,
1,1.2,3.6,
1.1,1.2,0,
1.1,1.2,0.1,
1.1,1.2,0.2,
1.1,1.2,0.3,
1.1,1.2,0.4,
1.1,1.2,0.5,
1.1,1.2,0.6,
1.1,1.2,0.7,
1.1,1.2,0.8,
1.1,1.2,0.9,
1.1,1.2,1,
1.1,1.2,1.1,
1.1,1.2,1.2,
1.1,1.2,1.3,
1.1,1.2,1.4,
1.1,1.2,1.5,
1.1,1.2,1.6,
1.1,1.2,1.7,
1.1,1.2,1.8,
1.1,1.2,1.9,
1.1,1.2,2,
1.1,1.2,2.1,
1.1,1.2,2.2,
1.1,1.2,2.3,
1.1,1.2,2.4,
1.1,1.2,2.5,1.051239615
1.1,1.2,2.6,
1.1,1.2,2.7,
1.1,1.2,2.8,
1.1,1.2,2.9,
1.1,1.2,3,
1.1,1.2,3.1,
1.1,1.2,3.2,
1.1,1.2,3.3,
1.1,1.2,3.4,
1.1,1.2,3.5,
1.1,1.2,3.6,
1.2,1.2,0,
1.2,1.2,0.1,
1.2,1.2,0.2,
1.2,1.2,0.3,
1.2,1.2,0.4,
1.2,1.2,0.5,
1.2,1.2,0.6,
1.2,1.2,0.7,
1.2,1.2,0.8,
1.2,1.2,0.9,
1.2,1.2,1,
1.2,1.2,1.1,
1.2,1.2,1.2,
1.2,1.2,1.3,1.00812984
1.2,1.2,1.4,
1.2,1.2,1.5,
1.2,1.2,1.6,
1.2,1.2,1.7,
1.2,1.2,1.8,
1.2,1.2,1.9,
1.2,1.2,2,
1.2,1.2,2.1,
1.2,1.2,2.2,
1.2,1.2,2.3,
1.2,1.2,2.4,
1.2,1.2,2.5,
1.2,1.2,2.6,
1.2,1.2,2.7,
1.2,1.2,2.8,
1.2,1.2,2.9,
1.2,1.2,3,
1.2,1.2,3.1,
1.2,1.2,3.2,
1.2,1.2,3.3,
1.2,1.2,3.4,
1.2,1.2,3.5,
1.2,1.2,3.6,
1.3,1.2,0,
1.3,1.2,0.1,
1.3,1.2,0.2,
1.3,1.2,0.3,
1.3,1.2,0.4,
1.3,1.2,0.5,
1.3,1.2,0.6,
1.3,1.2,0.7,
1.3,1.2,0.8,
1.3,1.2,0.9,
1.3,1.2,1,
1.3,1.2,1.1,
1.3,1.2,1.2,
1.3,1.2,1.3,1.003264689
1.3,1.2,1.4,
1.3,1.2,1.5,
1.3,1.2,1.6,
1.3,1.2,1.7,
1.3,1.2,1.8,
1.3,1.2,1.9,
1.3,1.2,2,
1.3,1.2,2.1,
1.3,1.2,2.2,
1.3,1.2,2.3,
1.3,1.2,2.4,
1.3,1.2,2.5,
1.3,1.2,2.6,
1.3,1.2,2.7,
1.3,1.2,2.8,
1.3,1.2,2.9,
1.3,1.2,3,
1.3,1.2,3.1,
1.3,1.2,3.2,
1.3,1.2,3.3,
1.3,1.2,3.4,
1.3,1.2,3.5,
1.3,1.2,3.6,
1.4,1.2,0,
1.4,1.2,0.1,
1.4,1.2,0.2,
1.4,1.2,0.3,
1.4,1.2,0.4,
1.4,1.2,0.5,
1.4,1.2,0.6,
1.4,1.2,0.7,
1.4,1.2,0.8,
1.4,1.2,0.9,
1.4,1.2,1,
1.4,1.2,1.1,
1.4,1.2,1.2,1.017142054
1.4,1.2,1.3,
1.4,1.2,1.4,
1.4,1.2,1.5,
1.4,1.2,1.6,
1.4,1.2,1.7,
1.4,1.2,1.8,
1.4,1.2,1.9,
1.4,1.2,2,
1.4,1.2,2.1,
1.4,1.2,2.2,
1.4,1.2,2.3,
1.4,1.2,2.4,
1.4,1.2,2.5,
1.4,1.2,2.6,
1.4,1.2,2.7,
1.4,1.2,2.8,
1.4,1.2,2.9,
1.4,1.2,3,
1.4,1.2,3.1,
1.4,1.2,3.2,
1.4,1.2,3.3,
1.4,1.2,3.4,
1.4,1.2,3.5,
1.4,1.2,3.6,
1.5,1.2,0,
1.5,1.2,0.1,
1.5,1.2,0.2,
1.5,1.2,0.3,
1.5,1.2,0.4,
1.5,1.2,0.5,
1.5,1.2,0.6,
1.5,1.2,0.7,
1.5,1.2,0.8,
1.5,1.2,0.9,
1.5,1.2,1,
1.5,1.2,1.1,
1.5,1.2,1.2,
1.5,1.2,1.3,
1.5,1.2,1.4,
1.5,1.2,1.5,
1.5,1.2,1.6,
1.5,1.2,1.7,
1.5,1.2,1.8,
1.5,1.2,1.9,
1.5,1.2,2,
1.5,1.2,2.1,
1.5,1.2,2.2,
1.5,1.2,2.3,
1.5,1.2,2.4,
1.5,1.2,2.5,
1.5,1.2,2.6,
1.5,1.2,2.7,
1.5,1.2,2.8,
1.5,1.2,2.9,
1.5,1.2,3,
1.5,1.2,3.1,
1.5,1.2,3.2,
1.5,1.2,3.3,
1.5,1.2,3.4,
1.5,1.2,3.5,
1.5,1.2,3.6,
1.6,1.2,0,
1.6,1.2,0.1,
1.6,1.2,0.2,
1.6,1.2,0.3,
1.6,1.2,0.4,
1.6,1.2,0.5,
1.6,1.2,0.6,
1.6,1.2,0.7,
1.6,1.2,0.8,
1.6,1.2,0.9,
1.6,1.2,1,1.057291062
1.6,1.2,1.1,
1.6,1.2,1.2,
1.6,1.2,1.3,
1.6,1.2,1.4,
1.6,1.2,1.5,
1.6,1.2,1.6,
1.6,1.2,1.7,
1.6,1.2,1.8,
1.6,1.2,1.9,
1.6,1.2,2,
1.6,1.2,2.1,
1.6,1.2,2.2,
1.6,1.2,2.3,
1.6,1.2,2.4,
1.6,1.2,2.5,
1.6,1.2,2.6,
1.6,1.2,2.7,
1.6,1.2,2.8,
1.6,1.2,2.9,
1.6,1.2,3,
1.6,1.2,3.1,
1.6,1.2,3.2,
1.6,1.2,3.3,
1.6,1.2,3.4,
1.6,1.2,3.5,
1.6,1.2,3.6,
1.7,1.2,0,
1.7,1.2,0.1,
1.7,1.2,0.2,
1.7,1.2,0.3,
1.7,1.2,0.4,
1.7,1.2,0.5,
1.7,1.2,0.6,
1.7,1.2,0.7,
1.7,1.2,0.8,
1.7,1.2,0.9,
1.7,1.2,1,
1.7,1.2,1.1,
1.7,1.2,1.2,1.015029861
1.7,1.2,1.3,
1.7,1.2,1.4,
1.7,1.2,1.5,
1.7,1.2,1.6,
1.7,1.2,1.7,
1.7,1.2,1.8,
1.7,1.2,1.9,
1.7,1.2,2,
1.7,1.2,2.1,
1.7,1.2,2.2,
1.7,1.2,2.3,
1.7,1.2,2.4,
1.7,1.2,2.5,
1.7,1.2,2.6,
1.7,1.2,2.7,
1.7,1.2,2.8,
1.7,1.2,2.9,
1.7,1.2,3,
1.7,1.2,3.1,
1.7,1.2,3.2,
1.7,1.2,3.3,
1.7,1.2,3.4,
1.7,1.2,3.5,
1.7,1.2,3.6,
1.8,1.2,0,
1.8,1.2,0.1,
1.8,1.2,0.2,
1.8,1.2,0.3,
1.8,1.2,0.4,
1.8,1.2,0.5,
1.8,1.2,0.6,
1.8,1.2,0.7,
1.8,1.2,0.8,
1.8,1.2,0.9,
1.8,1.2,1,
1.8,1.2,1.1,
1.8,1.2,1.2,
1.8,1.2,1.3,
1.8,1.2,1.4,
1.8,1.2,1.5,
1.8,1.2,1.6,
1.8,1.2,1.7,
1.8,1.2,1.8,
1.8,1.2,1.9,
1.8,1.2,2,
1.8,1.2,2.1,
1.8,1.2,2.2,
1.8,1.2,2.3,0.99736192
1.8,1.2,2.4,
1.8,1.2,2.5,
1.8,1.2,2.6,
1.8,1.2,2.7,
1.8,1.2,2.8,
1.8,1.2,2.9,
1.8,1.2,3,
1.8,1.2,3.1,
1.8,1.2,3.2,
1.8,1.2,3.3,
1.8,1.2,3.4,
1.8,1.2,3.5,
1.8,1.2,3.6,
1.9,1.2,0,
1.9,1.2,0.1,
1.9,1.2,0.2,
1.9,1.2,0.3,
1.9,1.2,0.4,
1.9,1.2,0.5,
1.9,1.2,0.6,
1.9,1.2,0.7,
1.9,1.2,0.8,
1.9,1.2,0.9,
1.9,1.2,1,
1.9,1.2,1.1,
1.9,1.2,1.2,1.020420359
1.9,1.2,1.3,
1.9,1.2,1.4,
1.9,1.2,1.5,0.976848915
1.9,1.2,1.6,
1.9,1.2,1.7,
1.9,1.2,1.8,
1.9,1.2,1.9,
1.9,1.2,2,
1.9,1.2,2.1,
1.9,1.2,2.2,
1.9,1.2,2.3,
1.9,1.2,2.4,
1.9,1.2,2.5,
1.9,1.2,2.6,
1.9,1.2,2.7,
1.9,1.2,2.8,
1.9,1.2,2.9,
1.9,1.2,3,
1.9,1.2,3.1,
1.9,1.2,3.2,
1.9,1.2,3.3,
1.9,1.2,3.4,
1.9,1.2,3.5,
1.9,1.2,3.6,
2,1.2,0,
2,1.2,0.1,
2,1.2,0.2,
2,1.2,0.3,
2,1.2,0.4,
2,1.2,0.5,
2,1.2,0.6,
2,1.2,0.7,
2,1.2,0.8,
2,1.2,0.9,
2,1.2,1,
2,1.2,1.1,
2,1.2,1.2,
2,1.2,1.3,
2,1.2,1.4,
2,1.2,1.5,
2,1.2,1.6,
2,1.2,1.7,
2,1.2,1.8,
2,1.2,1.9,
2,1.2,2,
2,1.2,2.1,
2,1.2,2.2,
2,1.2,2.3,
2,1.2,2.4,
2,1.2,2.5,
2,1.2,2.6,
2,1.2,2.7,
2,1.2,2.8,
2,1.2,2.9,
2,1.2,3,1.029471803
2,1.2,3.1,
2,1.2,3.2,
2,1.2,3.3,
2,1.2,3.4,
2,1.2,3.5,
2,1.2,3.6,
2.1,1.2,0,
2.1,1.2,0.1,
2.1,1.2,0.2,
2.1,1.2,0.3,
2.1,1.2,0.4,
2.1,1.2,0.5,
2.1,1.2,0.6,
2.1,1.2,0.7,
2.1,1.2,0.8,
2.1,1.2,0.9,
2.1,1.2,1,
2.1,1.2,1.1,
2.1,1.2,1.2,
2.1,1.2,1.3,
2.1,1.2,1.4,
2.1,1.2,1.5,
2.1,1.2,1.6,
2.1,1.2,1.7,
2.1,1.2,1.8,
2.1,1.2,1.9,
2.1,1.2,2,
2.1,1.2,2.1,
2.1,1.2,2.2,
2.1,1.2,2.3,
2.1,1.2,2.4,
2.1,1.2,2.5,
2.1,1.2,2.6,
2.1,1.2,2.7,
2.1,1.2,2.8,
2.1,1.2,2.9,
2.1,1.2,3,
2.1,1.2,3.1,
2.1,1.2,3.2,
2.1,1.2,3.3,
2.1,1.2,3.4,
2.1,1.2,3.5,
2.1,1.2,3.6,0.962821452
2.2,1.2,0,
2.2,1.2,0.1,
2.2,1.2,0.2,
2.2,1.2,0.3,
2.2,1.2,0.4,
2.2,1.2,0.5,
2.2,1.2,0.6,
2.2,1.2,0.7,
2.2,1.2,0.8,
2.2,1.2,0.9,
2.2,1.2,1,
2.2,1.2,1.1,
2.2,1.2,1.2,
2.2,1.2,1.3,
2.2,1.2,1.4,
2.2,1.2,1.5,
2.2,1.2,1.6,
2.2,1.2,1.7,
2.2,1.2,1.8,0.977351521
2.2,1.2,1.9,
2.2,1.2,2,
2.2,1.2,2.1,
2.2,1.2,2.2,
2.2,1.2,2.3,
2.2,1.2,2.4,
2.2,1.2,2.5,
2.2,1.2,2.6,
2.2,1.2,2.7,
2.2,1.2,2.8,
2.2,1.2,2.9,
2.2,1.2,3,
2.2,1.2,3.1,
2.2,1.2,3.2,
2.2,1.2,3.3,
2.2,1.2,3.4,
2.2,1.2,3.5,
2.2,1.2,3.6,
2.3,1.2,0,
2.3,1.2,0.1,
2.3,1.2,0.2,
2.3,1.2,0.3,
2.3,1.2,0.4,
2.3,1.2,0.5,
2.3,1.2,0.6,
2.3,1.2,0.7,
2.3,1.2,0.8,
2.3,1.2,0.9,
2.3,1.2,1,
2.3,1.2,1.1,
2.3,1.2,1.2,
2.3,1.2,1.3,
2.3,1.2,1.4,
2.3,1.2,1.5,
2.3,1.2,1.6,
2.3,1.2,1.7,
2.3,1.2,1.8,
2.3,1.2,1.9,
2.3,1.2,2,
2.3,1.2,2.1,
2.3,1.2,2.2,
2.3,1.2,2.3,
2.3,1.2,2.4,
2.3,1.2,2.5,
2.3,1.2,2.6,1.094321815
2.3,1.2,2.7,
2.3,1.2,2.8,
2.3,1.2,2.9,
2.3,1.2,3,
2.3,1.2,3.1,
2.3,1.2,3.2,
2.3,1.2,3.3,
2.3,1.2,3.4,
2.3,1.2,3.5,
2.3,1.2,3.6,
2.4,1.2,0,
2.4,1.2,0.1,
2.4,1.2,0.2,
2.4,1.2,0.3,
2.4,1.2,0.4,
2.4,1.2,0.5,
2.4,1.2,0.6,
2.4,1.2,0.7,
2.4,1.2,0.8,
2.4,1.2,0.9,
2.4,1.2,1,
2.4,1.2,1.1,
2.4,1.2,1.2,
2.4,1.2,1.3,
2.4,1.2,1.4,
2.4,1.2,1.5,
2.4,1.2,1.6,
2.4,1.2,1.7,
2.4,1.2,1.8,
2.4,1.2,1.9,
2.4,1.2,2,
2.4,1.2,2.1,
2.4,1.2,2.2,
2.4,1.2,2.3,
2.4,1.2,2.4,
2.4,1.2,2.5,
2.4,1.2,2.6,
2.4,1.2,2.7,
2.4,1.2,2.8,
2.4,1.2,2.9,
2.4,1.2,3,
2.4,1.2,3.1,
2.4,1.2,3.2,
2.4,1.2,3.3,
2.4,1.2,3.4,
2.4,1.2,3.5,
2.4,1.2,3.6,
2.5,1.2,0,
2.5,1.2,0.1,
2.5,1.2,0.2,
2.5,1.2,0.3,
2.5,1.2,0.4,
2.5,1.2,0.5,0.99645109
2.5,1.2,0.6,
2.5,1.2,0.7,
2.5,1.2,0.8,
2.5,1.2,0.9,
2.5,1.2,1,
2.5,1.2,1.1,
2.5,1.2,1.2,
2.5,1.2,1.3,
2.5,1.2,1.4,
2.5,1.2,1.5,
2.5,1.2,1.6,
2.5,1.2,1.7,
2.5,1.2,1.8,
2.5,1.2,1.9,
2.5,1.2,2,
2.5,1.2,2.1,
2.5,1.2,2.2,
2.5,1.2,2.3,
2.5,1.2,2.4,
2.5,1.2,2.5,
2.5,1.2,2.6,
2.5,1.2,2.7,
2.5,1.2,2.8,
2.5,1.2,2.9,
2.5,1.2,3,
2.5,1.2,3.1,
2.5,1.2,3.2,
2.5,1.2,3.3,
2.5,1.2,3.4,
2.5,1.2,3.5,
2.5,1.2,3.6,
2.6,1.2,0,
2.6,1.2,0.1,
2.6,1.2,0.2,
2.6,1.2,0.3,
2.6,1.2,0.4,0.983873734
2.6,1.2,0.5,
2.6,1.2,0.6,
2.6,1.2,0.7,
2.6,1.2,0.8,1.057338537
2.6,1.2,0.9,
2.6,1.2,1,
2.6,1.2,1.1,
2.6,1.2,1.2,
2.6,1.2,1.3,
2.6,1.2,1.4,
2.6,1.2,1.5,1.042069627
2.6,1.2,1.6,
2.6,1.2,1.7,
2.6,1.2,1.8,
2.6,1.2,1.9,
2.6,1.2,2,
2.6,1.2,2.1,
2.6,1.2,2.2,
2.6,1.2,2.3,
2.6,1.2,2.4,
2.6,1.2,2.5,
2.6,1.2,2.6,
2.6,1.2,2.7,
2.6,1.2,2.8,
2.6,1.2,2.9,
2.6,1.2,3,
2.6,1.2,3.1,
2.6,1.2,3.2,
2.6,1.2,3.3,
2.6,1.2,3.4,
2.6,1.2,3.5,
2.6,1.2,3.6,
2.7,1.2,0,0.961022534
2.7,1.2,0.1,
2.7,1.2,0.2,
2.7,1.2,0.3,0.975365263
2.7,1.2,0.4,0.986440489
2.7,1.2,0.5,
2.7,1.2,0.6,
2.7,1.2,0.7,
2.7,1.2,0.8,
2.7,1.2,0.9,
2.7,1.2,1,
2.7,1.2,1.1,
2.7,1.2,1.2,
2.7,1.2,1.3,
2.7,1.2,1.4,
2.7,1.2,1.5,
2.7,1.2,1.6,
2.7,1.2,1.7,
2.7,1.2,1.8,
2.7,1.2,1.9,
2.7,1.2,2,
2.7,1.2,2.1,
2.7,1.2,2.2,
2.7,1.2,2.3,
2.7,1.2,2.4,
2.7,1.2,2.5,
2.7,1.2,2.6,
2.7,1.2,2.7,1.089653953
2.7,1.2,2.8,
2.7,1.2,2.9,
2.7,1.2,3,
2.7,1.2,3.1,
2.7,1.2,3.2,
2.7,1.2,3.3,
2.7,1.2,3.4,
2.7,1.2,3.5,
2.7,1.2,3.6,
2.8,1.2,0,
2.8,1.2,0.1,
2.8,1.2,0.2,
2.8,1.2,0.3,0.979130254
2.8,1.2,0.4,
2.8,1.2,0.5,
2.8,1.2,0.6,
2.8,1.2,0.7,
2.8,1.2,0.8,
2.8,1.2,0.9,
2.8,1.2,1,
2.8,1.2,1.1,
2.8,1.2,1.2,
2.8,1.2,1.3,
2.8,1.2,1.4,
2.8,1.2,1.5,
2.8,1.2,1.6,
2.8,1.2,1.7,
2.8,1.2,1.8,
2.8,1.2,1.9,
2.8,1.2,2,
2.8,1.2,2.1,
2.8,1.2,2.2,
2.8,1.2,2.3,
2.8,1.2,2.4,
2.8,1.2,2.5,
2.8,1.2,2.6,
2.8,1.2,2.7,
2.8,1.2,2.8,
2.8,1.2,2.9,
2.8,1.2,3,
2.8,1.2,3.1,
2.8,1.2,3.2,
2.8,1.2,3.3,
2.8,1.2,3.4,
2.8,1.2,3.5,
2.8,1.2,3.6,
2.9,1.2,0,
2.9,1.2,0.1,0.971173853
2.9,1.2,0.2,
2.9,1.2,0.3,
2.9,1.2,0.4,
2.9,1.2,0.5,
2.9,1.2,0.6,
2.9,1.2,0.7,
2.9,1.2,0.8,
2.9,1.2,0.9,
2.9,1.2,1,1.123383089
2.9,1.2,1.1,
2.9,1.2,1.2,
2.9,1.2,1.3,
2.9,1.2,1.4,
2.9,1.2,1.5,
2.9,1.2,1.6,
2.9,1.2,1.7,
2.9,1.2,1.8,
2.9,1.2,1.9,
2.9,1.2,2,
2.9,1.2,2.1,
2.9,1.2,2.2,
2.9,1.2,2.3,
2.9,1.2,2.4,
2.9,1.2,2.5,
2.9,1.2,2.6,
2.9,1.2,2.7,
2.9,1.2,2.8,
2.9,1.2,2.9,
2.9,1.2,3,
2.9,1.2,3.1,
2.9,1.2,3.2,
2.9,1.2,3.3,
2.9,1.2,3.4,0.977172709
2.9,1.2,3.5,
2.9,1.2,3.6,
3,1.2,0,
3,1.2,0.1,
3,1.2,0.2,0.982950111
3,1.2,0.3,
3,1.2,0.4,
3,1.2,0.5,
3,1.2,0.6,
3,1.2,0.7,
3,1.2,0.8,
3,1.2,0.9,
3,1.2,1,
3,1.2,1.1,
3,1.2,1.2,
3,1.2,1.3,
3,1.2,1.4,
3,1.2,1.5,
3,1.2,1.6,
3,1.2,1.7,
3,1.2,1.8,
3,1.2,1.9,
3,1.2,2,
3,1.2,2.1,
3,1.2,2.2,
3,1.2,2.3,
3,1.2,2.4,
3,1.2,2.5,
3,1.2,2.6,
3,1.2,2.7,
3,1.2,2.8,
3,1.2,2.9,
3,1.2,3,
3,1.2,3.1,
3,1.2,3.2,
3,1.2,3.3,
3,1.2,3.4,
3,1.2,3.5,
3,1.2,3.6,
3.1,1.2,0,
3.1,1.2,0.1,
3.1,1.2,0.2,
3.1,1.2,0.3,
3.1,1.2,0.4,
3.1,1.2,0.5,
3.1,1.2,0.6,
3.1,1.2,0.7,1.067160661
3.1,1.2,0.8,
3.1,1.2,0.9,
3.1,1.2,1,
3.1,1.2,1.1,
3.1,1.2,1.2,
3.1,1.2,1.3,
3.1,1.2,1.4,
3.1,1.2,1.5,
3.1,1.2,1.6,
3.1,1.2,1.7,
3.1,1.2,1.8,
3.1,1.2,1.9,
3.1,1.2,2,
3.1,1.2,2.1,
3.1,1.2,2.2,
3.1,1.2,2.3,
3.1,1.2,2.4,
3.1,1.2,2.5,
3.1,1.2,2.6,
3.1,1.2,2.7,
3.1,1.2,2.8,
3.1,1.2,2.9,1.070521123
3.1,1.2,3,
3.1,1.2,3.1,
3.1,1.2,3.2,
3.1,1.2,3.3,
3.1,1.2,3.4,
3.1,1.2,3.5,
3.1,1.2,3.6,
3.2,1.2,0,
3.2,1.2,0.1,
3.2,1.2,0.2,
3.2,1.2,0.3,
3.2,1.2,0.4,
3.2,1.2,0.5,1.038709733
3.2,1.2,0.6,
3.2,1.2,0.7,
3.2,1.2,0.8,
3.2,1.2,0.9,
3.2,1.2,1,
3.2,1.2,1.1,
3.2,1.2,1.2,
3.2,1.2,1.3,
3.2,1.2,1.4,
3.2,1.2,1.5,
3.2,1.2,1.6,
3.2,1.2,1.7,
3.2,1.2,1.8,
3.2,1.2,1.9,
3.2,1.2,2,
3.2,1.2,2.1,
3.2,1.2,2.2,
3.2,1.2,2.3,
3.2,1.2,2.4,
3.2,1.2,2.5,
3.2,1.2,2.6,
3.2,1.2,2.7,
3.2,1.2,2.8,
3.2,1.2,2.9,
3.2,1.2,3,
3.2,1.2,3.1,
3.2,1.2,3.2,
3.2,1.2,3.3,
3.2,1.2,3.4,
3.2,1.2,3.5,
3.2,1.2,3.6,0.994784078
3.3,1.2,0,
3.3,1.2,0.1,
3.3,1.2,0.2,
3.3,1.2,0.3,
3.3,1.2,0.4,
3.3,1.2,0.5,
3.3,1.2,0.6,
3.3,1.2,0.7,
3.3,1.2,0.8,
3.3,1.2,0.9,
3.3,1.2,1,
3.3,1.2,1.1,
3.3,1.2,1.2,
3.3,1.2,1.3,
3.3,1.2,1.4,
3.3,1.2,1.5,
3.3,1.2,1.6,
3.3,1.2,1.7,
3.3,1.2,1.8,
3.3,1.2,1.9,0.959164202
3.3,1.2,2,
3.3,1.2,2.1,
3.3,1.2,2.2,
3.3,1.2,2.3,
3.3,1.2,2.4,1.012509159
3.3,1.2,2.5,
3.3,1.2,2.6,
3.3,1.2,2.7,
3.3,1.2,2.8,
3.3,1.2,2.9,
3.3,1.2,3,
3.3,1.2,3.1,
3.3,1.2,3.2,
3.3,1.2,3.3,
3.3,1.2,3.4,
3.3,1.2,3.5,
3.3,1.2,3.6,
3.4,1.2,0,
3.4,1.2,0.1,
3.4,1.2,0.2,
3.4,1.2,0.3,
3.4,1.2,0.4,
3.4,1.2,0.5,
3.4,1.2,0.6,
3.4,1.2,0.7,
3.4,1.2,0.8,
3.4,1.2,0.9,
3.4,1.2,1,
3.4,1.2,1.1,
3.4,1.2,1.2,
3.4,1.2,1.3,
3.4,1.2,1.4,
3.4,1.2,1.5,
3.4,1.2,1.6,
3.4,1.2,1.7,
3.4,1.2,1.8,
3.4,1.2,1.9,
3.4,1.2,2,
3.4,1.2,2.1,
3.4,1.2,2.2,
3.4,1.2,2.3,
3.4,1.2,2.4,
3.4,1.2,2.5,
3.4,1.2,2.6,
3.4,1.2,2.7,
3.4,1.2,2.8,
3.4,1.2,2.9,
3.4,1.2,3,1.089574071
3.4,1.2,3.1,
3.4,1.2,3.2,
3.4,1.2,3.3,
3.4,1.2,3.4,
3.4,1.2,3.5,
3.4,1.2,3.6,
3.5,1.2,0,
3.5,1.2,0.1,
3.5,1.2,0.2,
3.5,1.2,0.3,
3.5,1.2,0.4,
3.5,1.2,0.5,
3.5,1.2,0.6,
3.5,1.2,0.7,
3.5,1.2,0.8,
3.5,1.2,0.9,
3.5,1.2,1,
3.5,1.2,1.1,
3.5,1.2,1.2,
3.5,1.2,1.3,
3.5,1.2,1.4,
3.5,1.2,1.5,
3.5,1.2,1.6,
3.5,1.2,1.7,
3.5,1.2,1.8,
3.5,1.2,1.9,
3.5,1.2,2,
3.5,1.2,2.1,
3.5,1.2,2.2,
3.5,1.2,2.3,
3.5,1.2,2.4,
3.5,1.2,2.5,
3.5,1.2,2.6,
3.5,1.2,2.7,
3.5,1.2,2.8,
3.5,1.2,2.9,
3.5,1.2,3,
3.5,1.2,3.1,
3.5,1.2,3.2,
3.5,1.2,3.3,
3.5,1.2,3.4,
3.5,1.2,3.5,
3.5,1.2,3.6,
3.6,1.2,0,
3.6,1.2,0.1,
3.6,1.2,0.2,
3.6,1.2,0.3,
3.6,1.2,0.4,
3.6,1.2,0.5,
3.6,1.2,0.6,
3.6,1.2,0.7,
3.6,1.2,0.8,
3.6,1.2,0.9,
3.6,1.2,1,
3.6,1.2,1.1,
3.6,1.2,1.2,1.020339055
3.6,1.2,1.3,
3.6,1.2,1.4,
3.6,1.2,1.5,
3.6,1.2,1.6,
3.6,1.2,1.7,
3.6,1.2,1.8,
3.6,1.2,1.9,
3.6,1.2,2,
3.6,1.2,2.1,
3.6,1.2,2.2,
3.6,1.2,2.3,
3.6,1.2,2.4,
3.6,1.2,2.5,
3.6,1.2,2.6,
3.6,1.2,2.7,
3.6,1.2,2.8,
3.6,1.2,2.9,
3.6,1.2,3,
3.6,1.2,3.1,
3.6,1.2,3.2,
3.6,1.2,3.3,
3.6,1.2,3.4,
3.6,1.2,3.5,
3.6,1.2,3.6,
3.7,1.2,0,
3.7,1.2,0.1,
3.7,1.2,0.2,
3.7,1.2,0.3,
3.7,1.2,0.4,
3.7,1.2,0.5,
3.7,1.2,0.6,
3.7,1.2,0.7,
3.7,1.2,0.8,
3.7,1.2,0.9,
3.7,1.2,1,
3.7,1.2,1.1,
3.7,1.2,1.2,1.026598026
3.7,1.2,1.3,
3.7,1.2,1.4,
3.7,1.2,1.5,
3.7,1.2,1.6,
3.7,1.2,1.7,
3.7,1.2,1.8,
3.7,1.2,1.9,
3.7,1.2,2,
3.7,1.2,2.1,
3.7,1.2,2.2,
3.7,1.2,2.3,
3.7,1.2,2.4,
3.7,1.2,2.5,
3.7,1.2,2.6,
3.7,1.2,2.7,
3.7,1.2,2.8,
3.7,1.2,2.9,
3.7,1.2,3,1.024031271
3.7,1.2,3.1,
3.7,1.2,3.2,
3.7,1.2,3.3,
3.7,1.2,3.4,
3.7,1.2,3.5,
3.7,1.2,3.6,
3.8,1.2,0,
3.8,1.2,0.1,
3.8,1.2,0.2,
3.8,1.2,0.3,
3.8,1.2,0.4,
3.8,1.2,0.5,
3.8,1.2,0.6,
3.8,1.2,0.7,
3.8,1.2,0.8,
3.8,1.2,0.9,
3.8,1.2,1,
3.8,1.2,1.1,
3.8,1.2,1.2,
3.8,1.2,1.3,
3.8,1.2,1.4,
3.8,1.2,1.5,
3.8,1.2,1.6,
3.8,1.2,1.7,
3.8,1.2,1.8,
3.8,1.2,1.9,
3.8,1.2,2,
3.8,1.2,2.1,
3.8,1.2,2.2,
3.8,1.2,2.3,
3.8,1.2,2.4,
3.8,1.2,2.5,
3.8,1.2,2.6,
3.8,1.2,2.7,
3.8,1.2,2.8,
3.8,1.2,2.9,
3.8,1.2,3,
3.8,1.2,3.1,
3.8,1.2,3.2,
3.8,1.2,3.3,
3.8,1.2,3.4,
3.8,1.2,3.5,
3.8,1.2,3.6,
3.9,1.2,0,0.95913748
3.9,1.2,0.1,
3.9,1.2,0.2,
3.9,1.2,0.3,
3.9,1.2,0.4,
3.9,1.2,0.5,
3.9,1.2,0.6,
3.9,1.2,0.7,
3.9,1.2,0.8,
3.9,1.2,0.9,
3.9,1.2,1,1.107106979
3.9,1.2,1.1,
3.9,1.2,1.2,
3.9,1.2,1.3,
3.9,1.2,1.4,
3.9,1.2,1.5,
3.9,1.2,1.6,
3.9,1.2,1.7,
3.9,1.2,1.8,
3.9,1.2,1.9,
3.9,1.2,2,
3.9,1.2,2.1,
3.9,1.2,2.2,
3.9,1.2,2.3,
3.9,1.2,2.4,
3.9,1.2,2.5,1.06210419
3.9,1.2,2.6,
3.9,1.2,2.7,
3.9,1.2,2.8,
3.9,1.2,2.9,
3.9,1.2,3,
3.9,1.2,3.1,
3.9,1.2,3.2,
3.9,1.2,3.3,
3.9,1.2,3.4,
3.9,1.2,3.5,
3.9,1.2,3.6,
4,1.2,0,
4,1.2,0.1,
4,1.2,0.2,
4,1.2,0.3,
4,1.2,0.4,
4,1.2,0.5,
4,1.2,0.6,
4,1.2,0.7,1.031870833
4,1.2,0.8,
4,1.2,0.9,
4,1.2,1,
4,1.2,1.1,
4,1.2,1.2,
4,1.2,1.3,
4,1.2,1.4,
4,1.2,1.5,
4,1.2,1.6,
4,1.2,1.7,
4,1.2,1.8,
4,1.2,1.9,
4,1.2,2,
4,1.2,2.1,
4,1.2,2.2,
4,1.2,2.3,
4,1.2,2.4,
4,1.2,2.5,
4,1.2,2.6,
4,1.2,2.7,
4,1.2,2.8,
4,1.2,2.9,
4,1.2,3,
4,1.2,3.1,
4,1.2,3.2,
4,1.2,3.3,
4,1.2,3.4,
4,1.2,3.5,
4,1.2,3.6,
4.1,1.2,0,
4.1,1.2,0.1,
4.1,1.2,0.2,
4.1,1.2,0.3,
4.1,1.2,0.4,
4.1,1.2,0.5,
4.1,1.2,0.6,
4.1,1.2,0.7,
4.1,1.2,0.8,
4.1,1.2,0.9,
4.1,1.2,1,
4.1,1.2,1.1,
4.1,1.2,1.2,
4.1,1.2,1.3,
4.1,1.2,1.4,
4.1,1.2,1.5,1.015676311
4.1,1.2,1.6,
4.1,1.2,1.7,
4.1,1.2,1.8,
4.1,1.2,1.9,
4.1,1.2,2,
4.1,1.2,2.1,
4.1,1.2,2.2,
4.1,1.2,2.3,
4.1,1.2,2.4,
4.1,1.2,2.5,
4.1,1.2,2.6,
4.1,1.2,2.7,
4.1,1.2,2.8,
4.1,1.2,2.9,
4.1,1.2,3,
4.1,1.2,3.1,
4.1,1.2,3.2,
4.1,1.2,3.3,
4.1,1.2,3.4,
4.1,1.2,3.5,
4.1,1.2,3.6,
4.2,1.2,0,
4.2,1.2,0.1,
4.2,1.2,0.2,
4.2,1.2,0.3,
4.2,1.2,0.4,
4.2,1.2,0.5,
4.2,1.2,0.6,
4.2,1.2,0.7,
4.2,1.2,0.8,
4.2,1.2,0.9,
4.2,1.2,1,
4.2,1.2,1.1,
4.2,1.2,1.2,
4.2,1.2,1.3,
4.2,1.2,1.4,
4.2,1.2,1.5,
4.2,1.2,1.6,
4.2,1.2,1.7,
4.2,1.2,1.8,
4.2,1.2,1.9,
4.2,1.2,2,
4.2,1.2,2.1,
4.2,1.2,2.2,
4.2,1.2,2.3,
4.2,1.2,2.4,
4.2,1.2,2.5,
4.2,1.2,2.6,
4.2,1.2,2.7,
4.2,1.2,2.8,
4.2,1.2,2.9,
4.2,1.2,3,
4.2,1.2,3.1,
4.2,1.2,3.2,
4.2,1.2,3.3,
4.2,1.2,3.4,
4.2,1.2,3.5,
4.2,1.2,3.6,
4.3,1.2,0,
4.3,1.2,0.1,
4.3,1.2,0.2,
4.3,1.2,0.3,
4.3,1.2,0.4,
4.3,1.2,0.5,
4.3,1.2,0.6,
4.3,1.2,0.7,
4.3,1.2,0.8,
4.3,1.2,0.9,
4.3,1.2,1,
4.3,1.2,1.1,
4.3,1.2,1.2,
4.3,1.2,1.3,
4.3,1.2,1.4,
4.3,1.2,1.5,
4.3,1.2,1.6,
4.3,1.2,1.7,
4.3,1.2,1.8,
4.3,1.2,1.9,
4.3,1.2,2,
4.3,1.2,2.1,
4.3,1.2,2.2,
4.3,1.2,2.3,
4.3,1.2,2.4,
4.3,1.2,2.5,1.050307749
4.3,1.2,2.6,
4.3,1.2,2.7,
4.3,1.2,2.8,
4.3,1.2,2.9,
4.3,1.2,3,
4.3,1.2,3.1,
4.3,1.2,3.2,
4.3,1.2,3.3,0.977585198
4.3,1.2,3.4,
4.3,1.2,3.5,
4.3,1.2,3.6,
4.4,1.2,0,
4.4,1.2,0.1,
4.4,1.2,0.2,
4.4,1.2,0.3,
4.4,1.2,0.4,
4.4,1.2,0.5,
4.4,1.2,0.6,
4.4,1.2,0.7,
4.4,1.2,0.8,
4.4,1.2,0.9,
4.4,1.2,1,
4.4,1.2,1.1,
4.4,1.2,1.2,
4.4,1.2,1.3,
4.4,1.2,1.4,
4.4,1.2,1.5,
4.4,1.2,1.6,
4.4,1.2,1.7,
4.4,1.2,1.8,
4.4,1.2,1.9,
4.4,1.2,2,
4.4,1.2,2.1,
4.4,1.2,2.2,
4.4,1.2,2.3,
4.4,1.2,2.4,
4.4,1.2,2.5,
4.4,1.2,2.6,
4.4,1.2,2.7,
4.4,1.2,2.8,
4.4,1.2,2.9,
4.4,1.2,3,
4.4,1.2,3.1,
4.4,1.2,3.2,
4.4,1.2,3.3,
4.4,1.2,3.4,
4.4,1.2,3.5,
4.4,1.2,3.6,
4.5,1.2,0,
4.5,1.2,0.1,
4.5,1.2,0.2,
4.5,1.2,0.3,
4.5,1.2,0.4,
4.5,1.2,0.5,
4.5,1.2,0.6,
4.5,1.2,0.7,1.142016157
4.5,1.2,0.8,
4.5,1.2,0.9,1.199601988
4.5,1.2,1,
4.5,1.2,1.1,
4.5,1.2,1.2,
4.5,1.2,1.3,
4.5,1.2,1.4,
4.5,1.2,1.5,
4.5,1.2,1.6,
4.5,1.2,1.7,
4.5,1.2,1.8,
4.5,1.2,1.9,
4.5,1.2,2,
4.5,1.2,2.1,
4.5,1.2,2.2,
4.5,1.2,2.3,
4.5,1.2,2.4,
4.5,1.2,2.5,
4.5,1.2,2.6,
4.5,1.2,2.7,
4.5,1.2,2.8,
4.5,1.2,2.9,
4.5,1.2,3,
4.5,1.2,3.1,
4.5,1.2,3.2,
4.5,1.2,3.3,
4.5,1.2,3.4,
4.5,1.2,3.5,
4.5,1.2,3.6,
4.6,1.2,0,
4.6,1.2,0.1,
4.6,1.2,0.2,
4.6,1.2,0.3,
4.6,1.2,0.4,
4.6,1.2,0.5,1.079824154
4.6,1.2,0.6,
4.6,1.2,0.7,
4.6,1.2,0.8,
4.6,1.2,0.9,
4.6,1.2,1,
4.6,1.2,1.1,
4.6,1.2,1.2,
4.6,1.2,1.3,1.001605637
4.6,1.2,1.4,
4.6,1.2,1.5,
4.6,1.2,1.6,
4.6,1.2,1.7,
4.6,1.2,1.8,
4.6,1.2,1.9,
4.6,1.2,2,
4.6,1.2,2.1,
4.6,1.2,2.2,
4.6,1.2,2.3,
4.6,1.2,2.4,
4.6,1.2,2.5,
4.6,1.2,2.6,
4.6,1.2,2.7,
4.6,1.2,2.8,
4.6,1.2,2.9,
4.6,1.2,3,
4.6,1.2,3.1,
4.6,1.2,3.2,
4.6,1.2,3.3,
4.6,1.2,3.4,
4.6,1.2,3.5,
4.6,1.2,3.6,
4.7,1.2,0,
4.7,1.2,0.1,
4.7,1.2,0.2,
4.7,1.2,0.3,
4.7,1.2,0.4,1.047484005
4.7,1.2,0.5,
4.7,1.2,0.6,
4.7,1.2,0.7,
4.7,1.2,0.8,
4.7,1.2,0.9,
4.7,1.2,1,
4.7,1.2,1.1,
4.7,1.2,1.2,
4.7,1.2,1.3,
4.7,1.2,1.4,
4.7,1.2,1.5,
4.7,1.2,1.6,
4.7,1.2,1.7,
4.7,1.2,1.8,
4.7,1.2,1.9,
4.7,1.2,2,
4.7,1.2,2.1,
4.7,1.2,2.2,
4.7,1.2,2.3,
4.7,1.2,2.4,
4.7,1.2,2.5,
4.7,1.2,2.6,
4.7,1.2,2.7,
4.7,1.2,2.8,
4.7,1.2,2.9,
4.7,1.2,3,
4.7,1.2,3.1,
4.7,1.2,3.2,
4.7,1.2,3.3,
4.7,1.2,3.4,
4.7,1.2,3.5,
4.7,1.2,3.6,
4.8,1.2,0,
4.8,1.2,0.1,
4.8,1.2,0.2,
4.8,1.2,0.3,
4.8,1.2,0.4,
4.8,1.2,0.5,
4.8,1.2,0.6,
4.8,1.2,0.7,
4.8,1.2,0.8,
4.8,1.2,0.9,
4.8,1.2,1,
4.8,1.2,1.1,
4.8,1.2,1.2,
4.8,1.2,1.3,
4.8,1.2,1.4,
4.8,1.2,1.5,
4.8,1.2,1.6,
4.8,1.2,1.7,
4.8,1.2,1.8,
4.8,1.2,1.9,
4.8,1.2,2,
4.8,1.2,2.1,
4.8,1.2,2.2,
4.8,1.2,2.3,
4.8,1.2,2.4,
4.8,1.2,2.5,
4.8,1.2,2.6,
4.8,1.2,2.7,
4.8,1.2,2.8,
4.8,1.2,2.9,
4.8,1.2,3,
4.8,1.2,3.1,
4.8,1.2,3.2,
4.8,1.2,3.3,
4.8,1.2,3.4,
4.8,1.2,3.5,
4.8,1.2,3.6,
4.9,1.2,0,
4.9,1.2,0.1,
4.9,1.2,0.2,
4.9,1.2,0.3,
4.9,1.2,0.4,
4.9,1.2,0.5,
4.9,1.2,0.6,
4.9,1.2,0.7,
4.9,1.2,0.8,1.101340095
4.9,1.2,0.9,
4.9,1.2,1,
4.9,1.2,1.1,
4.9,1.2,1.2,
4.9,1.2,1.3,
4.9,1.2,1.4,
4.9,1.2,1.5,
4.9,1.2,1.6,
4.9,1.2,1.7,0.959312027
4.9,1.2,1.8,
4.9,1.2,1.9,
4.9,1.2,2,
4.9,1.2,2.1,
4.9,1.2,2.2,
4.9,1.2,2.3,
4.9,1.2,2.4,
4.9,1.2,2.5,
4.9,1.2,2.6,
4.9,1.2,2.7,
4.9,1.2,2.8,
4.9,1.2,2.9,
4.9,1.2,3,
4.9,1.2,3.1,
4.9,1.2,3.2,
4.9,1.2,3.3,
4.9,1.2,3.4,
4.9,1.2,3.5,
4.9,1.2,3.6,
5,1.2,0,
5,1.2,0.1,
5,1.2,0.2,
5,1.2,0.3,
5,1.2,0.4,
5,1.2,0.5,
5,1.2,0.6,
5,1.2,0.7,
5,1.2,0.8,
5,1.2,0.9,
5,1.2,1,
5,1.2,1.1,
5,1.2,1.2,
5,1.2,1.3,
5,1.2,1.4,
5,1.2,1.5,
5,1.2,1.6,
5,1.2,1.7,
5,1.2,1.8,
5,1.2,1.9,
5,1.2,2,
5,1.2,2.1,
5,1.2,2.2,
5,1.2,2.3,
5,1.2,2.4,
5,1.2,2.5,1.029072675
5,1.2,2.6,
5,1.2,2.7,
5,1.2,2.8,
5,1.2,2.9,
5,1.2,3,
5,1.2,3.1,
5,1.2,3.2,
5,1.2,3.3,
5,1.2,3.4,
5,1.2,3.5,
5,1.2,3.6,
5.1,1.2,0,
5.1,1.2,0.1,
5.1,1.2,0.2,
5.1,1.2,0.3,
5.1,1.2,0.4,
5.1,1.2,0.5,
5.1,1.2,0.6,
5.1,1.2,0.7,
5.1,1.2,0.8,
5.1,1.2,0.9,
5.1,1.2,1,
5.1,1.2,1.1,
5.1,1.2,1.2,
5.1,1.2,1.3,
5.1,1.2,1.4,
5.1,1.2,1.5,
5.1,1.2,1.6,
5.1,1.2,1.7,
5.1,1.2,1.8,
5.1,1.2,1.9,
5.1,1.2,2,
5.1,1.2,2.1,
5.1,1.2,2.2,
5.1,1.2,2.3,
5.1,1.2,2.4,
5.1,1.2,2.5,
5.1,1.2,2.6,
5.1,1.2,2.7,
5.1,1.2,2.8,
5.1,1.2,2.9,
5.1,1.2,3,
5.1,1.2,3.1,
5.1,1.2,3.2,
5.1,1.2,3.3,
5.1,1.2,3.4,
5.1,1.2,3.5,
5.1,1.2,3.6,
5.2,1.2,0,
5.2,1.2,0.1,
5.2,1.2,0.2,
5.2,1.2,0.3,
5.2,1.2,0.4,
5.2,1.2,0.5,
5.2,1.2,0.6,
5.2,1.2,0.7,
5.2,1.2,0.8,
5.2,1.2,0.9,
5.2,1.2,1,
5.2,1.2,1.1,
5.2,1.2,1.2,
5.2,1.2,1.3,
5.2,1.2,1.4,
5.2,1.2,1.5,
5.2,1.2,1.6,
5.2,1.2,1.7,
5.2,1.2,1.8,
5.2,1.2,1.9,
5.2,1.2,2,
5.2,1.2,2.1,
5.2,1.2,2.2,
5.2,1.2,2.3,
5.2,1.2,2.4,
5.2,1.2,2.5,
5.2,1.2,2.6,
5.2,1.2,2.7,
5.2,1.2,2.8,
5.2,1.2,2.9,
5.2,1.2,3,
5.2,1.2,3.1,
5.2,1.2,3.2,
5.2,1.2,3.3,
5.2,1.2,3.4,
5.2,1.2,3.5,
5.2,1.2,3.6,
5.3,1.2,0,
5.3,1.2,0.1,
5.3,1.2,0.2,
5.3,1.2,0.3,
5.3,1.2,0.4,
5.3,1.2,0.5,
5.3,1.2,0.6,
5.3,1.2,0.7,
5.3,1.2,0.8,
5.3,1.2,0.9,
5.3,1.2,1,
5.3,1.2,1.1,1.15312038
5.3,1.2,1.2,
5.3,1.2,1.3,
5.3,1.2,1.4,
5.3,1.2,1.5,
5.3,1.2,1.6,
5.3,1.2,1.7,
5.3,1.2,1.8,
5.3,1.2,1.9,
5.3,1.2,2,
5.3,1.2,2.1,
5.3,1.2,2.2,
5.3,1.2,2.3,
5.3,1.2,2.4,
5.3,1.2,2.5,
5.3,1.2,2.6,
5.3,1.2,2.7,
5.3,1.2,2.8,
5.3,1.2,2.9,
5.3,1.2,3,1.024023311
5.3,1.2,3.1,
5.3,1.2,3.2,
5.3,1.2,3.3,
5.3,1.2,3.4,
5.3,1.2,3.5,
5.3,1.2,3.6,
5.4,1.2,0,
5.4,1.2,0.1,
5.4,1.2,0.2,
5.4,1.2,0.3,
5.4,1.2,0.4,
5.4,1.2,0.5,
5.4,1.2,0.6,
5.4,1.2,0.7,
5.4,1.2,0.8,
5.4,1.2,0.9,
5.4,1.2,1,
5.4,1.2,1.1,
5.4,1.2,1.2,
5.4,1.2,1.3,
5.4,1.2,1.4,
5.4,1.2,1.5,
5.4,1.2,1.6,
5.4,1.2,1.7,
5.4,1.2,1.8,
5.4,1.2,1.9,
5.4,1.2,2,1.044097105
5.4,1.2,2.1,
5.4,1.2,2.2,
5.4,1.2,2.3,
5.4,1.2,2.4,
5.4,1.2,2.5,
5.4,1.2,2.6,
5.4,1.2,2.7,
5.4,1.2,2.8,
5.4,1.2,2.9,
5.4,1.2,3,
5.4,1.2,3.1,
5.4,1.2,3.2,
5.4,1.2,3.3,
5.4,1.2,3.4,
5.4,1.2,3.5,
5.4,1.2,3.6,
5.5,1.2,0,
5.5,1.2,0.1,
5.5,1.2,0.2,
5.5,1.2,0.3,
5.5,1.2,0.4,
5.5,1.2,0.5,
5.5,1.2,0.6,
5.5,1.2,0.7,
5.5,1.2,0.8,
5.5,1.2,0.9,
5.5,1.2,1,
5.5,1.2,1.1,
5.5,1.2,1.2,
5.5,1.2,1.3,
5.5,1.2,1.4,
5.5,1.2,1.5,
5.5,1.2,1.6,
5.5,1.2,1.7,
5.5,1.2,1.8,
5.5,1.2,1.9,
5.5,1.2,2,
5.5,1.2,2.1,
5.5,1.2,2.2,
5.5,1.2,2.3,
5.5,1.2,2.4,
5.5,1.2,2.5,
5.5,1.2,2.6,
5.5,1.2,2.7,
5.5,1.2,2.8,
5.5,1.2,2.9,
5.5,1.2,3,
5.5,1.2,3.1,
5.5,1.2,3.2,
5.5,1.2,3.3,
5.5,1.2,3.4,
5.5,1.2,3.5,
5.5,1.2,3.6,
5.6,1.2,0,
5.6,1.2,0.1,
5.6,1.2,0.2,
5.6,1.2,0.3,
5.6,1.2,0.4,
5.6,1.2,0.5,
5.6,1.2,0.6,
5.6,1.2,0.7,
5.6,1.2,0.8,
5.6,1.2,0.9,
5.6,1.2,1,
5.6,1.2,1.1,
5.6,1.2,1.2,
5.6,1.2,1.3,
5.6,1.2,1.4,
5.6,1.2,1.5,
5.6,1.2,1.6,
5.6,1.2,1.7,
5.6,1.2,1.8,
5.6,1.2,1.9,
5.6,1.2,2,
5.6,1.2,2.1,
5.6,1.2,2.2,
5.6,1.2,2.3,
5.6,1.2,2.4,
5.6,1.2,2.5,
5.6,1.2,2.6,
5.6,1.2,2.7,
5.6,1.2,2.8,
5.6,1.2,2.9,
5.6,1.2,3,
5.6,1.2,3.1,
5.6,1.2,3.2,
5.6,1.2,3.3,
5.6,1.2,3.4,
5.6,1.2,3.5,0.959627009
5.6,1.2,3.6,
5.7,1.2,0,
5.7,1.2,0.1,
5.7,1.2,0.2,
5.7,1.2,0.3,
5.7,1.2,0.4,
5.7,1.2,0.5,
5.7,1.2,0.6,
5.7,1.2,0.7,1.033158617
5.7,1.2,0.8,
5.7,1.2,0.9,
5.7,1.2,1,
5.7,1.2,1.1,
5.7,1.2,1.2,
5.7,1.2,1.3,
5.7,1.2,1.4,
5.7,1.2,1.5,
5.7,1.2,1.6,
5.7,1.2,1.7,
5.7,1.2,1.8,
5.7,1.2,1.9,
5.7,1.2,2,
5.7,1.2,2.1,
5.7,1.2,2.2,
5.7,1.2,2.3,
5.7,1.2,2.4,
5.7,1.2,2.5,
5.7,1.2,2.6,
5.7,1.2,2.7,
5.7,1.2,2.8,
5.7,1.2,2.9,
5.7,1.2,3,
5.7,1.2,3.1,
5.7,1.2,3.2,
5.7,1.2,3.3,
5.7,1.2,3.4,
5.7,1.2,3.5,
5.7,1.2,3.6,
5.8,1.2,0,
5.8,1.2,0.1,
5.8,1.2,0.2,
5.8,1.2,0.3,
5.8,1.2,0.4,
5.8,1.2,0.5,
5.8,1.2,0.6,
5.8,1.2,0.7,
5.8,1.2,0.8,
5.8,1.2,0.9,
5.8,1.2,1,
5.8,1.2,1.1,
5.8,1.2,1.2,
5.8,1.2,1.3,
5.8,1.2,1.4,
5.8,1.2,1.5,
5.8,1.2,1.6,
5.8,1.2,1.7,
5.8,1.2,1.8,
5.8,1.2,1.9,
5.8,1.2,2,
5.8,1.2,2.1,
5.8,1.2,2.2,
5.8,1.2,2.3,
5.8,1.2,2.4,
5.8,1.2,2.5,
5.8,1.2,2.6,
5.8,1.2,2.7,
5.8,1.2,2.8,
5.8,1.2,2.9,
5.8,1.2,3,
5.8,1.2,3.1,
5.8,1.2,3.2,
5.8,1.2,3.3,
5.8,1.2,3.4,
5.8,1.2,3.5,
5.8,1.2,3.6,
5.9,1.2,0,
5.9,1.2,0.1,
5.9,1.2,0.2,
5.9,1.2,0.3,
5.9,1.2,0.4,
5.9,1.2,0.5,
5.9,1.2,0.6,
5.9,1.2,0.7,
5.9,1.2,0.8,
5.9,1.2,0.9,
5.9,1.2,1,
5.9,1.2,1.1,
5.9,1.2,1.2,
5.9,1.2,1.3,
5.9,1.2,1.4,
5.9,1.2,1.5,
5.9,1.2,1.6,
5.9,1.2,1.7,
5.9,1.2,1.8,
5.9,1.2,1.9,
5.9,1.2,2,
5.9,1.2,2.1,
5.9,1.2,2.2,
5.9,1.2,2.3,
5.9,1.2,2.4,
5.9,1.2,2.5,
5.9,1.2,2.6,
5.9,1.2,2.7,
5.9,1.2,2.8,
5.9,1.2,2.9,
5.9,1.2,3,
5.9,1.2,3.1,
5.9,1.2,3.2,
5.9,1.2,3.3,
5.9,1.2,3.4,
5.9,1.2,3.5,
5.9,1.2,3.6,
6,1.2,0,
6,1.2,0.1,
6,1.2,0.2,
6,1.2,0.3,
6,1.2,0.4,
6,1.2,0.5,
6,1.2,0.6,
6,1.2,0.7,
6,1.2,0.8,
6,1.2,0.9,
6,1.2,1,
6,1.2,1.1,
6,1.2,1.2,
6,1.2,1.3,
6,1.2,1.4,
6,1.2,1.5,
6,1.2,1.6,
6,1.2,1.7,
6,1.2,1.8,
6,1.2,1.9,
6,1.2,2,
6,1.2,2.1,
6,1.2,2.2,
6,1.2,2.3,
6,1.2,2.4,
6,1.2,2.5,
6,1.2,2.6,
6,1.2,2.7,
6,1.2,2.8,
6,1.2,2.9,
6,1.2,3,
6,1.2,3.1,
6,1.2,3.2,
6,1.2,3.3,
6,1.2,3.4,
6,1.2,3.5,
6,1.2,3.6,
6.1,1.2,0,
6.1,1.2,0.1,
6.1,1.2,0.2,
6.1,1.2,0.3,0.98319516
6.1,1.2,0.4,
6.1,1.2,0.5,
6.1,1.2,0.6,
6.1,1.2,0.7,
6.1,1.2,0.8,
6.1,1.2,0.9,
6.1,1.2,1,
6.1,1.2,1.1,
6.1,1.2,1.2,
6.1,1.2,1.3,
6.1,1.2,1.4,
6.1,1.2,1.5,
6.1,1.2,1.6,
6.1,1.2,1.7,
6.1,1.2,1.8,
6.1,1.2,1.9,
6.1,1.2,2,
6.1,1.2,2.1,
6.1,1.2,2.2,
6.1,1.2,2.3,
6.1,1.2,2.4,
6.1,1.2,2.5,
6.1,1.2,2.6,
6.1,1.2,2.7,
6.1,1.2,2.8,
6.1,1.2,2.9,1.051951734
6.1,1.2,3,
6.1,1.2,3.1,
6.1,1.2,3.2,
6.1,1.2,3.3,
6.1,1.2,3.4,
6.1,1.2,3.5,
6.1,1.2,3.6,
6.2,1.2,0,
6.2,1.2,0.1,
6.2,1.2,0.2,
6.2,1.2,0.3,
6.2,1.2,0.4,
6.2,1.2,0.5,
6.2,1.2,0.6,
6.2,1.2,0.7,
6.2,1.2,0.8,
6.2,1.2,0.9,
6.2,1.2,1,
6.2,1.2,1.1,
6.2,1.2,1.2,
6.2,1.2,1.3,
6.2,1.2,1.4,
6.2,1.2,1.5,
6.2,1.2,1.6,
6.2,1.2,1.7,
6.2,1.2,1.8,
6.2,1.2,1.9,0.962309181
6.2,1.2,2,
6.2,1.2,2.1,
6.2,1.2,2.2,
6.2,1.2,2.3,
6.2,1.2,2.4,
6.2,1.2,2.5,
6.2,1.2,2.6,
6.2,1.2,2.7,
6.2,1.2,2.8,
6.2,1.2,2.9,
6.2,1.2,3,
6.2,1.2,3.1,
6.2,1.2,3.2,
6.2,1.2,3.3,
6.2,1.2,3.4,
6.2,1.2,3.5,
6.2,1.2,3.6,
6.3,1.2,0,0.982305367
6.3,1.2,0.1,
6.3,1.2,0.2,
6.3,1.2,0.3,
6.3,1.2,0.4,
6.3,1.2,0.5,
6.3,1.2,0.6,
6.3,1.2,0.7,
6.3,1.2,0.8,
6.3,1.2,0.9,
6.3,1.2,1,
6.3,1.2,1.1,
6.3,1.2,1.2,1.016572074
6.3,1.2,1.3,
6.3,1.2,1.4,
6.3,1.2,1.5,
6.3,1.2,1.6,
6.3,1.2,1.7,0.960574226
6.3,1.2,1.8,
6.3,1.2,1.9,
6.3,1.2,2,
6.3,1.2,2.1,
6.3,1.2,2.2,
6.3,1.2,2.3,
6.3,1.2,2.4,
6.3,1.2,2.5,
6.3,1.2,2.6,
6.3,1.2,2.7,
6.3,1.2,2.8,
6.3,1.2,2.9,
6.3,1.2,3,
6.3,1.2,3.1,
6.3,1.2,3.2,
6.3,1.2,3.3,
6.3,1.2,3.4,
6.3,1.2,3.5,0.984657775
6.3,1.2,3.6,
6.4,1.2,0,
6.4,1.2,0.1,
6.4,1.2,0.2,
6.4,1.2,0.3,
6.4,1.2,0.4,
6.4,1.2,0.5,
6.4,1.2,0.6,
6.4,1.2,0.7,
6.4,1.2,0.8,
6.4,1.2,0.9,
6.4,1.2,1,
6.4,1.2,1.1,
6.4,1.2,1.2,
6.4,1.2,1.3,
6.4,1.2,1.4,
6.4,1.2,1.5,
6.4,1.2,1.6,
6.4,1.2,1.7,
6.4,1.2,1.8,
6.4,1.2,1.9,
6.4,1.2,2,
6.4,1.2,2.1,
6.4,1.2,2.2,
6.4,1.2,2.3,
6.4,1.2,2.4,
6.4,1.2,2.5,1.031775884
6.4,1.2,2.6,
6.4,1.2,2.7,
6.4,1.2,2.8,
6.4,1.2,2.9,
6.4,1.2,3,
6.4,1.2,3.1,
6.4,1.2,3.2,
6.4,1.2,3.3,
6.4,1.2,3.4,
6.4,1.2,3.5,
6.4,1.2,3.6,
6.5,1.2,0,
6.5,1.2,0.1,
6.5,1.2,0.2,
6.5,1.2,0.3,
6.5,1.2,0.4,
6.5,1.2,0.5,
6.5,1.2,0.6,
6.5,1.2,0.7,
6.5,1.2,0.8,
6.5,1.2,0.9,
6.5,1.2,1,
6.5,1.2,1.1,
6.5,1.2,1.2,
6.5,1.2,1.3,
6.5,1.2,1.4,
6.5,1.2,1.5,
6.5,1.2,1.6,
6.5,1.2,1.7,
6.5,1.2,1.8,
6.5,1.2,1.9,
6.5,1.2,2,
6.5,1.2,2.1,
6.5,1.2,2.2,
6.5,1.2,2.3,
6.5,1.2,2.4,
6.5,1.2,2.5,
6.5,1.2,2.6,
6.5,1.2,2.7,
6.5,1.2,2.8,
6.5,1.2,2.9,
6.5,1.2,3,
6.5,1.2,3.1,
6.5,1.2,3.2,
6.5,1.2,3.3,
6.5,1.2,3.4,
6.5,1.2,3.5,
6.5,1.2,3.6,
6.6,1.2,0,
6.6,1.2,0.1,
6.6,1.2,0.2,
6.6,1.2,0.3,
6.6,1.2,0.4,
6.6,1.2,0.5,
6.6,1.2,0.6,
6.6,1.2,0.7,
6.6,1.2,0.8,
6.6,1.2,0.9,
6.6,1.2,1,
6.6,1.2,1.1,
6.6,1.2,1.2,
6.6,1.2,1.3,
6.6,1.2,1.4,
6.6,1.2,1.5,
6.6,1.2,1.6,
6.6,1.2,1.7,
6.6,1.2,1.8,
6.6,1.2,1.9,
6.6,1.2,2,
6.6,1.2,2.1,
6.6,1.2,2.2,
6.6,1.2,2.3,
6.6,1.2,2.4,
6.6,1.2,2.5,
6.6,1.2,2.6,
6.6,1.2,2.7,
6.6,1.2,2.8,
6.6,1.2,2.9,1.113168376
6.6,1.2,3,
6.6,1.2,3.1,
6.6,1.2,3.2,
6.6,1.2,3.3,
6.6,1.2,3.4,
6.6,1.2,3.5,
6.6,1.2,3.6,
6.7,1.2,0,
6.7,1.2,0.1,
6.7,1.2,0.2,
6.7,1.2,0.3,
6.7,1.2,0.4,
6.7,1.2,0.5,
6.7,1.2,0.6,
6.7,1.2,0.7,
6.7,1.2,0.8,
6.7,1.2,0.9,
6.7,1.2,1,
6.7,1.2,1.1,
6.7,1.2,1.2,
6.7,1.2,1.3,
6.7,1.2,1.4,
6.7,1.2,1.5,
6.7,1.2,1.6,
6.7,1.2,1.7,
6.7,1.2,1.8,
6.7,1.2,1.9,
6.7,1.2,2,
6.7,1.2,2.1,
6.7,1.2,2.2,
6.7,1.2,2.3,
6.7,1.2,2.4,
6.7,1.2,2.5,
6.7,1.2,2.6,
6.7,1.2,2.7,
6.7,1.2,2.8,
6.7,1.2,2.9,
6.7,1.2,3,
6.7,1.2,3.1,
6.7,1.2,3.2,1.066976164
6.7,1.2,3.3,
6.7,1.2,3.4,
6.7,1.2,3.5,
6.7,1.2,3.6,
6.8,1.2,0,
6.8,1.2,0.1,
6.8,1.2,0.2,
6.8,1.2,0.3,
6.8,1.2,0.4,
6.8,1.2,0.5,
6.8,1.2,0.6,
6.8,1.2,0.7,
6.8,1.2,0.8,
6.8,1.2,0.9,
6.8,1.2,1,
6.8,1.2,1.1,
6.8,1.2,1.2,
6.8,1.2,1.3,
6.8,1.2,1.4,
6.8,1.2,1.5,
6.8,1.2,1.6,
6.8,1.2,1.7,
6.8,1.2,1.8,
6.8,1.2,1.9,
6.8,1.2,2,
6.8,1.2,2.1,
6.8,1.2,2.2,
6.8,1.2,2.3,
6.8,1.2,2.4,
6.8,1.2,2.5,
6.8,1.2,2.6,
6.8,1.2,2.7,
6.8,1.2,2.8,
6.8,1.2,2.9,
6.8,1.2,3,
6.8,1.2,3.1,
6.8,1.2,3.2,
6.8,1.2,3.3,
6.8,1.2,3.4,
6.8,1.2,3.5,
6.8,1.2,3.6,
6.9,1.2,0,
6.9,1.2,0.1,
6.9,1.2,0.2,
6.9,1.2,0.3,
6.9,1.2,0.4,
6.9,1.2,0.5,
6.9,1.2,0.6,
6.9,1.2,0.7,
6.9,1.2,0.8,
6.9,1.2,0.9,1.096035733
6.9,1.2,1,
6.9,1.2,1.1,
6.9,1.2,1.2,
6.9,1.2,1.3,
6.9,1.2,1.4,
6.9,1.2,1.5,
6.9,1.2,1.6,
6.9,1.2,1.7,
6.9,1.2,1.8,
6.9,1.2,1.9,
6.9,1.2,2,
6.9,1.2,2.1,
6.9,1.2,2.2,
6.9,1.2,2.3,
6.9,1.2,2.4,
6.9,1.2,2.5,
6.9,1.2,2.6,
6.9,1.2,2.7,
6.9,1.2,2.8,
6.9,1.2,2.9,
6.9,1.2,3,
6.9,1.2,3.1,
6.9,1.2,3.2,
6.9,1.2,3.3,
6.9,1.2,3.4,
6.9,1.2,3.5,
6.9,1.2,3.6,
7,1.2,0,
7,1.2,0.1,
7,1.2,0.2,
7,1.2,0.3,
7,1.2,0.4,
7,1.2,0.5,1.001498748
7,1.2,0.6,
7,1.2,0.7,
7,1.2,0.8,
7,1.2,0.9,
7,1.2,1,
7,1.2,1.1,
7,1.2,1.2,
7,1.2,1.3,
7,1.2,1.4,
7,1.2,1.5,
7,1.2,1.6,
7,1.2,1.7,
7,1.2,1.8,
7,1.2,1.9,
7,1.2,2,
7,1.2,2.1,
7,1.2,2.2,
7,1.2,2.3,
7,1.2,2.4,
7,1.2,2.5,
7,1.2,2.6,
7,1.2,2.7,
7,1.2,2.8,
7,1.2,2.9,
7,1.2,3,
7,1.2,3.1,
7,1.2,3.2,
7,1.2,3.3,
7,1.2,3.4,
7,1.2,3.5,
7,1.2,3.6,
7.1,1.2,0,
7.1,1.2,0.1,
7.1,1.2,0.2,
7.1,1.2,0.3,
7.1,1.2,0.4,
7.1,1.2,0.5,
7.1,1.2,0.6,
7.1,1.2,0.7,
7.1,1.2,0.8,
7.1,1.2,0.9,
7.1,1.2,1,
7.1,1.2,1.1,
7.1,1.2,1.2,
7.1,1.2,1.3,
7.1,1.2,1.4,
7.1,1.2,1.5,
7.1,1.2,1.6,
7.1,1.2,1.7,
7.1,1.2,1.8,
7.1,1.2,1.9,
7.1,1.2,2,
7.1,1.2,2.1,
7.1,1.2,2.2,
7.1,1.2,2.3,
7.1,1.2,2.4,
7.1,1.2,2.5,
7.1,1.2,2.6,
7.1,1.2,2.7,
7.1,1.2,2.8,
7.1,1.2,2.9,
7.1,1.2,3,
7.1,1.2,3.1,
7.1,1.2,3.2,
7.1,1.2,3.3,
7.1,1.2,3.4,
7.1,1.2,3.5,
7.1,1.2,3.6,
7.2,1.2,0,
7.2,1.2,0.1,
7.2,1.2,0.2,
7.2,1.2,0.3,
7.2,1.2,0.4,
7.2,1.2,0.5,
7.2,1.2,0.6,
7.2,1.2,0.7,
7.2,1.2,0.8,
7.2,1.2,0.9,
7.2,1.2,1,
7.2,1.2,1.1,
7.2,1.2,1.2,
7.2,1.2,1.3,
7.2,1.2,1.4,1.019414864
7.2,1.2,1.5,
7.2,1.2,1.6,
7.2,1.2,1.7,
7.2,1.2,1.8,
7.2,1.2,1.9,
7.2,1.2,2,
7.2,1.2,2.1,
7.2,1.2,2.2,
7.2,1.2,2.3,
7.2,1.2,2.4,
7.2,1.2,2.5,
7.2,1.2,2.6,
7.2,1.2,2.7,
7.2,1.2,2.8,
7.2,1.2,2.9,
7.2,1.2,3,
7.2,1.2,3.1,
7.2,1.2,3.2,
7.2,1.2,3.3,
7.2,1.2,3.4,
7.2,1.2,3.5,
7.2,1.2,3.6,
7.3,1.2,0,
7.3,1.2,0.1,
7.3,1.2,0.2,
7.3,1.2,0.3,
7.3,1.2,0.4,
7.3,1.2,0.5,
7.3,1.2,0.6,
7.3,1.2,0.7,
7.3,1.2,0.8,
7.3,1.2,0.9,
7.3,1.2,1,
7.3,1.2,1.1,
7.3,1.2,1.2,
7.3,1.2,1.3,
7.3,1.2,1.4,
7.3,1.2,1.5,
7.3,1.2,1.6,
7.3,1.2,1.7,
7.3,1.2,1.8,
7.3,1.2,1.9,
7.3,1.2,2,
7.3,1.2,2.1,
7.3,1.2,2.2,
7.3,1.2,2.3,
7.3,1.2,2.4,
7.3,1.2,2.5,
7.3,1.2,2.6,
7.3,1.2,2.7,
7.3,1.2,2.8,
7.3,1.2,2.9,
7.3,1.2,3,
7.3,1.2,3.1,
7.3,1.2,3.2,
7.3,1.2,3.3,
7.3,1.2,3.4,
7.3,1.2,3.5,
7.3,1.2,3.6,
7.4,1.2,0,
7.4,1.2,0.1,
7.4,1.2,0.2,
7.4,1.2,0.3,
7.4,1.2,0.4,
7.4,1.2,0.5,
7.4,1.2,0.6,
7.4,1.2,0.7,
7.4,1.2,0.8,
7.4,1.2,0.9,
7.4,1.2,1,
7.4,1.2,1.1,
7.4,1.2,1.2,
7.4,1.2,1.3,
7.4,1.2,1.4,
7.4,1.2,1.5,
7.4,1.2,1.6,
7.4,1.2,1.7,
7.4,1.2,1.8,
7.4,1.2,1.9,
7.4,1.2,2,0.995464358
7.4,1.2,2.1,
7.4,1.2,2.2,
7.4,1.2,2.3,
7.4,1.2,2.4,
7.4,1.2,2.5,
7.4,1.2,2.6,
7.4,1.2,2.7,
7.4,1.2,2.8,
7.4,1.2,2.9,
7.4,1.2,3,
7.4,1.2,3.1,
7.4,1.2,3.2,
7.4,1.2,3.3,
7.4,1.2,3.4,
7.4,1.2,3.5,
7.4,1.2,3.6,
7.5,1.2,0,
7.5,1.2,0.1,
7.5,1.2,0.2,
7.5,1.2,0.3,
7.5,1.2,0.4,
7.5,1.2,0.5,
7.5,1.2,0.6,
7.5,1.2,0.7,
7.5,1.2,0.8,
7.5,1.2,0.9,
7.5,1.2,1,
7.5,1.2,1.1,
7.5,1.2,1.2,
7.5,1.2,1.3,
7.5,1.2,1.4,
7.5,1.2,1.5,
7.5,1.2,1.6,
7.5,1.2,1.7,
7.5,1.2,1.8,
7.5,1.2,1.9,
7.5,1.2,2,
7.5,1.2,2.1,
7.5,1.2,2.2,1.005688168
7.5,1.2,2.3,
7.5,1.2,2.4,
7.5,1.2,2.5,
7.5,1.2,2.6,
7.5,1.2,2.7,
7.5,1.2,2.8,
7.5,1.2,2.9,
7.5,1.2,3,
7.5,1.2,3.1,1.00204826
7.5,1.2,3.2,
7.5,1.2,3.3,
7.5,1.2,3.4,
7.5,1.2,3.5,
7.5,1.2,3.6,0.960572236
7.6,1.2,0,
7.6,1.2,0.1,
7.6,1.2,0.2,
7.6,1.2,0.3,
7.6,1.2,0.4,
7.6,1.2,0.5,
7.6,1.2,0.6,
7.6,1.2,0.7,
7.6,1.2,0.8,
7.6,1.2,0.9,
7.6,1.2,1,
7.6,1.2,1.1,
7.6,1.2,1.2,
7.6,1.2,1.3,
7.6,1.2,1.4,
7.6,1.2,1.5,
7.6,1.2,1.6,
7.6,1.2,1.7,
7.6,1.2,1.8,
7.6,1.2,1.9,
7.6,1.2,2,
7.6,1.2,2.1,
7.6,1.2,2.2,
7.6,1.2,2.3,
7.6,1.2,2.4,
7.6,1.2,2.5,
7.6,1.2,2.6,
7.6,1.2,2.7,
7.6,1.2,2.8,
7.6,1.2,2.9,
7.6,1.2,3,
7.6,1.2,3.1,
7.6,1.2,3.2,
7.6,1.2,3.3,
7.6,1.2,3.4,
7.6,1.2,3.5,
7.6,1.2,3.6,
7.7,1.2,0,
7.7,1.2,0.1,
7.7,1.2,0.2,
7.7,1.2,0.3,
7.7,1.2,0.4,
7.7,1.2,0.5,1.008965621
7.7,1.2,0.6,
7.7,1.2,0.7,
7.7,1.2,0.8,1.064994455
7.7,1.2,0.9,
7.7,1.2,1,
7.7,1.2,1.1,
7.7,1.2,1.2,
7.7,1.2,1.3,
7.7,1.2,1.4,
7.7,1.2,1.5,
7.7,1.2,1.6,
7.7,1.2,1.7,
7.7,1.2,1.8,
7.7,1.2,1.9,
7.7,1.2,2,
7.7,1.2,2.1,
7.7,1.2,2.2,
7.7,1.2,2.3,
7.7,1.2,2.4,
7.7,1.2,2.5,
7.7,1.2,2.6,
7.7,1.2,2.7,
7.7,1.2,2.8,
7.7,1.2,2.9,
7.7,1.2,3,
7.7,1.2,3.1,
7.7,1.2,3.2,
7.7,1.2,3.3,
7.7,1.2,3.4,
7.7,1.2,3.5,
7.7,1.2,3.6,0.969116526
7.8,1.2,0,
7.8,1.2,0.1,
7.8,1.2,0.2,
7.8,1.2,0.3,
7.8,1.2,0.4,
7.8,1.2,0.5,
7.8,1.2,0.6,
7.8,1.2,0.7,
7.8,1.2,0.8,
7.8,1.2,0.9,
7.8,1.2,1,
7.8,1.2,1.1,
7.8,1.2,1.2,
7.8,1.2,1.3,
7.8,1.2,1.4,
7.8,1.2,1.5,0.977731317
7.8,1.2,1.6,
7.8,1.2,1.7,
7.8,1.2,1.8,
7.8,1.2,1.9,
7.8,1.2,2,
7.8,1.2,2.1,
7.8,1.2,2.2,
7.8,1.2,2.3,
7.8,1.2,2.4,
7.8,1.2,2.5,
7.8,1.2,2.6,
7.8,1.2,2.7,
7.8,1.2,2.8,
7.8,1.2,2.9,
7.8,1.2,3,
7.8,1.2,3.1,
7.8,1.2,3.2,
7.8,1.2,3.3,
7.8,1.2,3.4,
7.8,1.2,3.5,
7.8,1.2,3.6,
7.9,1.2,0,
7.9,1.2,0.1,
7.9,1.2,0.2,
7.9,1.2,0.3,
7.9,1.2,0.4,
7.9,1.2,0.5,
7.9,1.2,0.6,
7.9,1.2,0.7,
7.9,1.2,0.8,
7.9,1.2,0.9,
7.9,1.2,1,
7.9,1.2,1.1,
7.9,1.2,1.2,
7.9,1.2,1.3,
7.9,1.2,1.4,
7.9,1.2,1.5,
7.9,1.2,1.6,
7.9,1.2,1.7,
7.9,1.2,1.8,
7.9,1.2,1.9,
7.9,1.2,2,
7.9,1.2,2.1,
7.9,1.2,2.2,
7.9,1.2,2.3,
7.9,1.2,2.4,
7.9,1.2,2.5,
7.9,1.2,2.6,
7.9,1.2,2.7,
7.9,1.2,2.8,
7.9,1.2,2.9,
7.9,1.2,3,1.041202292
7.9,1.2,3.1,
7.9,1.2,3.2,
7.9,1.2,3.3,
7.9,1.2,3.4,
7.9,1.2,3.5,
7.9,1.2,3.6,
8,1.2,0,0.996779432
8,1.2,0.1,
8,1.2,0.2,
8,1.2,0.3,
8,1.2,0.4,
8,1.2,0.5,
8,1.2,0.6,
8,1.2,0.7,
8,1.2,0.8,
8,1.2,0.9,
8,1.2,1,
8,1.2,1.1,
8,1.2,1.2,
8,1.2,1.3,
8,1.2,1.4,
8,1.2,1.5,0.972775197
8,1.2,1.6,
8,1.2,1.7,
8,1.2,1.8,
8,1.2,1.9,
8,1.2,2,
8,1.2,2.1,
8,1.2,2.2,
8,1.2,2.3,
8,1.2,2.4,
8,1.2,2.5,
8,1.2,2.6,1.052591362
8,1.2,2.7,
8,1.2,2.8,
8,1.2,2.9,
8,1.2,3,
8,1.2,3.1,
8,1.2,3.2,
8,1.2,3.3,
8,1.2,3.4,
8,1.2,3.5,
8,1.2,3.6,
0,1.3,0,
0,1.3,0.1,
0,1.3,0.2,1.021987305
0,1.3,0.3,
0,1.3,0.4,
0,1.3,0.5,
0,1.3,0.6,
0,1.3,0.7,1.490830767
0,1.3,0.8,1.115409347
0,1.3,0.9,
0,1.3,1,
0,1.3,1.1,1.327266858
0,1.3,1.2,1.296521515
0,1.3,1.3,1.270345104
0,1.3,1.4,
0,1.3,1.5,
0,1.3,1.6,
0,1.3,1.7,
0,1.3,1.8,
0,1.3,1.9,
0,1.3,2,
0,1.3,2.1,
0,1.3,2.2,
0,1.3,2.3,
0,1.3,2.4,
0,1.3,2.5,
0,1.3,2.6,
0,1.3,2.7,
0,1.3,2.8,
0,1.3,2.9,1.140164648
0,1.3,3,
0,1.3,3.1,
0,1.3,3.2,
0,1.3,3.3,
0,1.3,3.4,
0,1.3,3.5,
0,1.3,3.6,
0.1,1.3,0,
0.1,1.3,0.1,1.018401978
0.1,1.3,0.2,
0.1,1.3,0.3,
0.1,1.3,0.4,
0.1,1.3,0.5,
0.1,1.3,0.6,
0.1,1.3,0.7,1.143937315
0.1,1.3,0.8,
0.1,1.3,0.9,1.089160445
0.1,1.3,1,
0.1,1.3,1.1,
0.1,1.3,1.2,
0.1,1.3,1.3,
0.1,1.3,1.4,
0.1,1.3,1.5,0.985000047
0.1,1.3,1.6,
0.1,1.3,1.7,
0.1,1.3,1.8,
0.1,1.3,1.9,
0.1,1.3,2,
0.1,1.3,2.1,
0.1,1.3,2.2,
0.1,1.3,2.3,
0.1,1.3,2.4,1.022341517
0.1,1.3,2.5,
0.1,1.3,2.6,
0.1,1.3,2.7,
0.1,1.3,2.8,
0.1,1.3,2.9,
0.1,1.3,3,
0.1,1.3,3.1,
0.1,1.3,3.2,
0.1,1.3,3.3,
0.1,1.3,3.4,
0.1,1.3,3.5,
0.1,1.3,3.6,
0.2,1.3,0,
0.2,1.3,0.1,
0.2,1.3,0.2,
0.2,1.3,0.3,
0.2,1.3,0.4,
0.2,1.3,0.5,
0.2,1.3,0.6,1.04886418
0.2,1.3,0.7,
0.2,1.3,0.8,
0.2,1.3,0.9,1.091059145
0.2,1.3,1,
0.2,1.3,1.1,
0.2,1.3,1.2,
0.2,1.3,1.3,
0.2,1.3,1.4,
0.2,1.3,1.5,
0.2,1.3,1.6,
0.2,1.3,1.7,
0.2,1.3,1.8,
0.2,1.3,1.9,
0.2,1.3,2,
0.2,1.3,2.1,
0.2,1.3,2.2,
0.2,1.3,2.3,
0.2,1.3,2.4,
0.2,1.3,2.5,
0.2,1.3,2.6,
0.2,1.3,2.7,
0.2,1.3,2.8,
0.2,1.3,2.9,
0.2,1.3,3,
0.2,1.3,3.1,
0.2,1.3,3.2,
0.2,1.3,3.3,
0.2,1.3,3.4,
0.2,1.3,3.5,
0.2,1.3,3.6,1.004126623
0.3,1.3,0,0.99366146
0.3,1.3,0.1,
0.3,1.3,0.2,
0.3,1.3,0.3,
0.3,1.3,0.4,
0.3,1.3,0.5,
0.3,1.3,0.6,
0.3,1.3,0.7,
0.3,1.3,0.8,
0.3,1.3,0.9,
0.3,1.3,1,
0.3,1.3,1.1,
0.3,1.3,1.2,
0.3,1.3,1.3,
0.3,1.3,1.4,
0.3,1.3,1.5,
0.3,1.3,1.6,
0.3,1.3,1.7,
0.3,1.3,1.8,
0.3,1.3,1.9,
0.3,1.3,2,
0.3,1.3,2.1,
0.3,1.3,2.2,
0.3,1.3,2.3,
0.3,1.3,2.4,
0.3,1.3,2.5,
0.3,1.3,2.6,
0.3,1.3,2.7,
0.3,1.3,2.8,
0.3,1.3,2.9,
0.3,1.3,3,
0.3,1.3,3.1,
0.3,1.3,3.2,
0.3,1.3,3.3,
0.3,1.3,3.4,1.000750242
0.3,1.3,3.5,
0.3,1.3,3.6,
0.4,1.3,0,
0.4,1.3,0.1,
0.4,1.3,0.2,
0.4,1.3,0.3,
0.4,1.3,0.4,
0.4,1.3,0.5,
0.4,1.3,0.6,
0.4,1.3,0.7,
0.4,1.3,0.8,
0.4,1.3,0.9,
0.4,1.3,1,
0.4,1.3,1.1,
0.4,1.3,1.2,1.151069591
0.4,1.3,1.3,
0.4,1.3,1.4,
0.4,1.3,1.5,
0.4,1.3,1.6,
0.4,1.3,1.7,
0.4,1.3,1.8,
0.4,1.3,1.9,
0.4,1.3,2,
0.4,1.3,2.1,
0.4,1.3,2.2,
0.4,1.3,2.3,
0.4,1.3,2.4,
0.4,1.3,2.5,
0.4,1.3,2.6,
0.4,1.3,2.7,
0.4,1.3,2.8,
0.4,1.3,2.9,
0.4,1.3,3,
0.4,1.3,3.1,
0.4,1.3,3.2,
0.4,1.3,3.3,
0.4,1.3,3.4,
0.4,1.3,3.5,
0.4,1.3,3.6,
0.5,1.3,0,
0.5,1.3,0.1,
0.5,1.3,0.2,
0.5,1.3,0.3,
0.5,1.3,0.4,
0.5,1.3,0.5,
0.5,1.3,0.6,
0.5,1.3,0.7,
0.5,1.3,0.8,
0.5,1.3,0.9,
0.5,1.3,1,
0.5,1.3,1.1,
0.5,1.3,1.2,
0.5,1.3,1.3,
0.5,1.3,1.4,
0.5,1.3,1.5,
0.5,1.3,1.6,
0.5,1.3,1.7,
0.5,1.3,1.8,
0.5,1.3,1.9,
0.5,1.3,2,
0.5,1.3,2.1,
0.5,1.3,2.2,
0.5,1.3,2.3,
0.5,1.3,2.4,
0.5,1.3,2.5,
0.5,1.3,2.6,
0.5,1.3,2.7,1.20040934
0.5,1.3,2.8,
0.5,1.3,2.9,
0.5,1.3,3,
0.5,1.3,3.1,
0.5,1.3,3.2,
0.5,1.3,3.3,
0.5,1.3,3.4,
0.5,1.3,3.5,
0.5,1.3,3.6,
0.6,1.3,0,
0.6,1.3,0.1,
0.6,1.3,0.2,
0.6,1.3,0.3,
0.6,1.3,0.4,
0.6,1.3,0.5,
0.6,1.3,0.6,
0.6,1.3,0.7,
0.6,1.3,0.8,
0.6,1.3,0.9,
0.6,1.3,1,
0.6,1.3,1.1,
0.6,1.3,1.2,
0.6,1.3,1.3,
0.6,1.3,1.4,
0.6,1.3,1.5,
0.6,1.3,1.6,
0.6,1.3,1.7,
0.6,1.3,1.8,
0.6,1.3,1.9,
0.6,1.3,2,
0.6,1.3,2.1,
0.6,1.3,2.2,
0.6,1.3,2.3,
0.6,1.3,2.4,
0.6,1.3,2.5,
0.6,1.3,2.6,1.153948484
0.6,1.3,2.7,
0.6,1.3,2.8,
0.6,1.3,2.9,
0.6,1.3,3,
0.6,1.3,3.1,
0.6,1.3,3.2,
0.6,1.3,3.3,
0.6,1.3,3.4,
0.6,1.3,3.5,
0.6,1.3,3.6,
0.7,1.3,0,
0.7,1.3,0.1,
0.7,1.3,0.2,
0.7,1.3,0.3,
0.7,1.3,0.4,
0.7,1.3,0.5,
0.7,1.3,0.6,
0.7,1.3,0.7,
0.7,1.3,0.8,
0.7,1.3,0.9,
0.7,1.3,1,
0.7,1.3,1.1,
0.7,1.3,1.2,
0.7,1.3,1.3,
0.7,1.3,1.4,
0.7,1.3,1.5,
0.7,1.3,1.6,
0.7,1.3,1.7,
0.7,1.3,1.8,
0.7,1.3,1.9,
0.7,1.3,2,
0.7,1.3,2.1,
0.7,1.3,2.2,
0.7,1.3,2.3,
0.7,1.3,2.4,
0.7,1.3,2.5,
0.7,1.3,2.6,
0.7,1.3,2.7,
0.7,1.3,2.8,
0.7,1.3,2.9,
0.7,1.3,3,
0.7,1.3,3.1,
0.7,1.3,3.2,
0.7,1.3,3.3,
0.7,1.3,3.4,
0.7,1.3,3.5,
0.7,1.3,3.6,
0.8,1.3,0,
0.8,1.3,0.1,
0.8,1.3,0.2,
0.8,1.3,0.3,
0.8,1.3,0.4,
0.8,1.3,0.5,
0.8,1.3,0.6,
0.8,1.3,0.7,
0.8,1.3,0.8,
0.8,1.3,0.9,
0.8,1.3,1,
0.8,1.3,1.1,
0.8,1.3,1.2,
0.8,1.3,1.3,
0.8,1.3,1.4,
0.8,1.3,1.5,
0.8,1.3,1.6,
0.8,1.3,1.7,
0.8,1.3,1.8,
0.8,1.3,1.9,
0.8,1.3,2,
0.8,1.3,2.1,
0.8,1.3,2.2,
0.8,1.3,2.3,
0.8,1.3,2.4,
0.8,1.3,2.5,
0.8,1.3,2.6,
0.8,1.3,2.7,
0.8,1.3,2.8,
0.8,1.3,2.9,
0.8,1.3,3,
0.8,1.3,3.1,
0.8,1.3,3.2,
0.8,1.3,3.3,
0.8,1.3,3.4,
0.8,1.3,3.5,
0.8,1.3,3.6,
0.9,1.3,0,
0.9,1.3,0.1,
0.9,1.3,0.2,
0.9,1.3,0.3,
0.9,1.3,0.4,
0.9,1.3,0.5,
0.9,1.3,0.6,
0.9,1.3,0.7,
0.9,1.3,0.8,
0.9,1.3,0.9,
0.9,1.3,1,
0.9,1.3,1.1,
0.9,1.3,1.2,
0.9,1.3,1.3,
0.9,1.3,1.4,
0.9,1.3,1.5,
0.9,1.3,1.6,
0.9,1.3,1.7,
0.9,1.3,1.8,
0.9,1.3,1.9,
0.9,1.3,2,
0.9,1.3,2.1,
0.9,1.3,2.2,
0.9,1.3,2.3,
0.9,1.3,2.4,
0.9,1.3,2.5,
0.9,1.3,2.6,
0.9,1.3,2.7,
0.9,1.3,2.8,
0.9,1.3,2.9,
0.9,1.3,3,
0.9,1.3,3.1,
0.9,1.3,3.2,
0.9,1.3,3.3,
0.9,1.3,3.4,
0.9,1.3,3.5,
0.9,1.3,3.6,
1,1.3,0,
1,1.3,0.1,
1,1.3,0.2,
1,1.3,0.3,
1,1.3,0.4,
1,1.3,0.5,
1,1.3,0.6,
1,1.3,0.7,
1,1.3,0.8,
1,1.3,0.9,
1,1.3,1,
1,1.3,1.1,
1,1.3,1.2,
1,1.3,1.3,
1,1.3,1.4,
1,1.3,1.5,
1,1.3,1.6,
1,1.3,1.7,
1,1.3,1.8,
1,1.3,1.9,
1,1.3,2,
1,1.3,2.1,
1,1.3,2.2,
1,1.3,2.3,
1,1.3,2.4,
1,1.3,2.5,
1,1.3,2.6,
1,1.3,2.7,
1,1.3,2.8,
1,1.3,2.9,1.045447999
1,1.3,3,
1,1.3,3.1,
1,1.3,3.2,
1,1.3,3.3,
1,1.3,3.4,
1,1.3,3.5,
1,1.3,3.6,
1.1,1.3,0,
1.1,1.3,0.1,
1.1,1.3,0.2,
1.1,1.3,0.3,
1.1,1.3,0.4,
1.1,1.3,0.5,
1.1,1.3,0.6,
1.1,1.3,0.7,
1.1,1.3,0.8,
1.1,1.3,0.9,
1.1,1.3,1,
1.1,1.3,1.1,
1.1,1.3,1.2,
1.1,1.3,1.3,
1.1,1.3,1.4,
1.1,1.3,1.5,
1.1,1.3,1.6,
1.1,1.3,1.7,
1.1,1.3,1.8,
1.1,1.3,1.9,
1.1,1.3,2,
1.1,1.3,2.1,
1.1,1.3,2.2,
1.1,1.3,2.3,
1.1,1.3,2.4,
1.1,1.3,2.5,
1.1,1.3,2.6,
1.1,1.3,2.7,
1.1,1.3,2.8,
1.1,1.3,2.9,
1.1,1.3,3,
1.1,1.3,3.1,
1.1,1.3,3.2,
1.1,1.3,3.3,
1.1,1.3,3.4,
1.1,1.3,3.5,
1.1,1.3,3.6,
1.2,1.3,0,
1.2,1.3,0.1,
1.2,1.3,0.2,
1.2,1.3,0.3,
1.2,1.3,0.4,
1.2,1.3,0.5,
1.2,1.3,0.6,
1.2,1.3,0.7,
1.2,1.3,0.8,
1.2,1.3,0.9,
1.2,1.3,1,
1.2,1.3,1.1,
1.2,1.3,1.2,
1.2,1.3,1.3,
1.2,1.3,1.4,
1.2,1.3,1.5,
1.2,1.3,1.6,
1.2,1.3,1.7,
1.2,1.3,1.8,
1.2,1.3,1.9,
1.2,1.3,2,
1.2,1.3,2.1,
1.2,1.3,2.2,
1.2,1.3,2.3,
1.2,1.3,2.4,
1.2,1.3,2.5,
1.2,1.3,2.6,
1.2,1.3,2.7,
1.2,1.3,2.8,
1.2,1.3,2.9,
1.2,1.3,3,
1.2,1.3,3.1,
1.2,1.3,3.2,
1.2,1.3,3.3,
1.2,1.3,3.4,
1.2,1.3,3.5,
1.2,1.3,3.6,
1.3,1.3,0,
1.3,1.3,0.1,1.073523962
1.3,1.3,0.2,
1.3,1.3,0.3,
1.3,1.3,0.4,
1.3,1.3,0.5,
1.3,1.3,0.6,
1.3,1.3,0.7,
1.3,1.3,0.8,
1.3,1.3,0.9,
1.3,1.3,1,
1.3,1.3,1.1,
1.3,1.3,1.2,
1.3,1.3,1.3,
1.3,1.3,1.4,
1.3,1.3,1.5,0.990554291
1.3,1.3,1.6,
1.3,1.3,1.7,
1.3,1.3,1.8,
1.3,1.3,1.9,
1.3,1.3,2,
1.3,1.3,2.1,
1.3,1.3,2.2,
1.3,1.3,2.3,
1.3,1.3,2.4,
1.3,1.3,2.5,
1.3,1.3,2.6,
1.3,1.3,2.7,
1.3,1.3,2.8,
1.3,1.3,2.9,
1.3,1.3,3,
1.3,1.3,3.1,
1.3,1.3,3.2,1.10393073
1.3,1.3,3.3,
1.3,1.3,3.4,
1.3,1.3,3.5,
1.3,1.3,3.6,
1.4,1.3,0,
1.4,1.3,0.1,
1.4,1.3,0.2,
1.4,1.3,0.3,
1.4,1.3,0.4,
1.4,1.3,0.5,
1.4,1.3,0.6,
1.4,1.3,0.7,
1.4,1.3,0.8,
1.4,1.3,0.9,
1.4,1.3,1,
1.4,1.3,1.1,
1.4,1.3,1.2,
1.4,1.3,1.3,
1.4,1.3,1.4,
1.4,1.3,1.5,
1.4,1.3,1.6,
1.4,1.3,1.7,
1.4,1.3,1.8,
1.4,1.3,1.9,
1.4,1.3,2,
1.4,1.3,2.1,
1.4,1.3,2.2,
1.4,1.3,2.3,
1.4,1.3,2.4,
1.4,1.3,2.5,
1.4,1.3,2.6,
1.4,1.3,2.7,
1.4,1.3,2.8,
1.4,1.3,2.9,
1.4,1.3,3,
1.4,1.3,3.1,
1.4,1.3,3.2,
1.4,1.3,3.3,
1.4,1.3,3.4,
1.4,1.3,3.5,
1.4,1.3,3.6,
1.5,1.3,0,
1.5,1.3,0.1,
1.5,1.3,0.2,
1.5,1.3,0.3,
1.5,1.3,0.4,1.065070926
1.5,1.3,0.5,
1.5,1.3,0.6,
1.5,1.3,0.7,
1.5,1.3,0.8,
1.5,1.3,0.9,
1.5,1.3,1,
1.5,1.3,1.1,
1.5,1.3,1.2,
1.5,1.3,1.3,
1.5,1.3,1.4,
1.5,1.3,1.5,
1.5,1.3,1.6,
1.5,1.3,1.7,
1.5,1.3,1.8,
1.5,1.3,1.9,0.972126188
1.5,1.3,2,
1.5,1.3,2.1,
1.5,1.3,2.2,
1.5,1.3,2.3,
1.5,1.3,2.4,1.022828771
1.5,1.3,2.5,
1.5,1.3,2.6,
1.5,1.3,2.7,
1.5,1.3,2.8,
1.5,1.3,2.9,
1.5,1.3,3,
1.5,1.3,3.1,
1.5,1.3,3.2,
1.5,1.3,3.3,
1.5,1.3,3.4,
1.5,1.3,3.5,1.038939715
1.5,1.3,3.6,
1.6,1.3,0,
1.6,1.3,0.1,
1.6,1.3,0.2,
1.6,1.3,0.3,
1.6,1.3,0.4,
1.6,1.3,0.5,
1.6,1.3,0.6,
1.6,1.3,0.7,
1.6,1.3,0.8,
1.6,1.3,0.9,
1.6,1.3,1,
1.6,1.3,1.1,
1.6,1.3,1.2,
1.6,1.3,1.3,
1.6,1.3,1.4,
1.6,1.3,1.5,
1.6,1.3,1.6,
1.6,1.3,1.7,
1.6,1.3,1.8,
1.6,1.3,1.9,
1.6,1.3,2,
1.6,1.3,2.1,
1.6,1.3,2.2,
1.6,1.3,2.3,
1.6,1.3,2.4,
1.6,1.3,2.5,
1.6,1.3,2.6,
1.6,1.3,2.7,
1.6,1.3,2.8,
1.6,1.3,2.9,
1.6,1.3,3,
1.6,1.3,3.1,
1.6,1.3,3.2,
1.6,1.3,3.3,
1.6,1.3,3.4,
1.6,1.3,3.5,
1.6,1.3,3.6,
1.7,1.3,0,
1.7,1.3,0.1,
1.7,1.3,0.2,
1.7,1.3,0.3,
1.7,1.3,0.4,
1.7,1.3,0.5,
1.7,1.3,0.6,
1.7,1.3,0.7,
1.7,1.3,0.8,
1.7,1.3,0.9,
1.7,1.3,1,
1.7,1.3,1.1,
1.7,1.3,1.2,
1.7,1.3,1.3,
1.7,1.3,1.4,
1.7,1.3,1.5,
1.7,1.3,1.6,
1.7,1.3,1.7,
1.7,1.3,1.8,
1.7,1.3,1.9,0.97190246
1.7,1.3,2,
1.7,1.3,2.1,
1.7,1.3,2.2,
1.7,1.3,2.3,
1.7,1.3,2.4,
1.7,1.3,2.5,
1.7,1.3,2.6,
1.7,1.3,2.7,
1.7,1.3,2.8,
1.7,1.3,2.9,
1.7,1.3,3,
1.7,1.3,3.1,
1.7,1.3,3.2,
1.7,1.3,3.3,
1.7,1.3,3.4,
1.7,1.3,3.5,
1.7,1.3,3.6,
1.8,1.3,0,
1.8,1.3,0.1,
1.8,1.3,0.2,
1.8,1.3,0.3,
1.8,1.3,0.4,
1.8,1.3,0.5,
1.8,1.3,0.6,
1.8,1.3,0.7,
1.8,1.3,0.8,
1.8,1.3,0.9,
1.8,1.3,1,
1.8,1.3,1.1,
1.8,1.3,1.2,
1.8,1.3,1.3,
1.8,1.3,1.4,
1.8,1.3,1.5,
1.8,1.3,1.6,
1.8,1.3,1.7,
1.8,1.3,1.8,
1.8,1.3,1.9,
1.8,1.3,2,
1.8,1.3,2.1,
1.8,1.3,2.2,
1.8,1.3,2.3,
1.8,1.3,2.4,
1.8,1.3,2.5,
1.8,1.3,2.6,
1.8,1.3,2.7,
1.8,1.3,2.8,
1.8,1.3,2.9,
1.8,1.3,3,
1.8,1.3,3.1,
1.8,1.3,3.2,
1.8,1.3,3.3,
1.8,1.3,3.4,
1.8,1.3,3.5,
1.8,1.3,3.6,
1.9,1.3,0,
1.9,1.3,0.1,
1.9,1.3,0.2,
1.9,1.3,0.3,
1.9,1.3,0.4,
1.9,1.3,0.5,
1.9,1.3,0.6,
1.9,1.3,0.7,
1.9,1.3,0.8,
1.9,1.3,0.9,
1.9,1.3,1,
1.9,1.3,1.1,
1.9,1.3,1.2,
1.9,1.3,1.3,
1.9,1.3,1.4,
1.9,1.3,1.5,
1.9,1.3,1.6,
1.9,1.3,1.7,
1.9,1.3,1.8,
1.9,1.3,1.9,
1.9,1.3,2,
1.9,1.3,2.1,
1.9,1.3,2.2,
1.9,1.3,2.3,
1.9,1.3,2.4,
1.9,1.3,2.5,
1.9,1.3,2.6,
1.9,1.3,2.7,
1.9,1.3,2.8,
1.9,1.3,2.9,
1.9,1.3,3,
1.9,1.3,3.1,
1.9,1.3,3.2,
1.9,1.3,3.3,
1.9,1.3,3.4,
1.9,1.3,3.5,
1.9,1.3,3.6,
2,1.3,0,
2,1.3,0.1,
2,1.3,0.2,
2,1.3,0.3,
2,1.3,0.4,
2,1.3,0.5,
2,1.3,0.6,
2,1.3,0.7,
2,1.3,0.8,
2,1.3,0.9,
2,1.3,1,
2,1.3,1.1,
2,1.3,1.2,
2,1.3,1.3,
2,1.3,1.4,
2,1.3,1.5,
2,1.3,1.6,
2,1.3,1.7,
2,1.3,1.8,
2,1.3,1.9,
2,1.3,2,
2,1.3,2.1,
2,1.3,2.2,
2,1.3,2.3,
2,1.3,2.4,
2,1.3,2.5,
2,1.3,2.6,
2,1.3,2.7,
2,1.3,2.8,
2,1.3,2.9,
2,1.3,3,
2,1.3,3.1,
2,1.3,3.2,
2,1.3,3.3,
2,1.3,3.4,
2,1.3,3.5,
2,1.3,3.6,
2.1,1.3,0,
2.1,1.3,0.1,
2.1,1.3,0.2,
2.1,1.3,0.3,
2.1,1.3,0.4,
2.1,1.3,0.5,
2.1,1.3,0.6,
2.1,1.3,0.7,
2.1,1.3,0.8,
2.1,1.3,0.9,
2.1,1.3,1,
2.1,1.3,1.1,
2.1,1.3,1.2,
2.1,1.3,1.3,
2.1,1.3,1.4,
2.1,1.3,1.5,1.001452695
2.1,1.3,1.6,
2.1,1.3,1.7,
2.1,1.3,1.8,
2.1,1.3,1.9,
2.1,1.3,2,
2.1,1.3,2.1,
2.1,1.3,2.2,
2.1,1.3,2.3,
2.1,1.3,2.4,
2.1,1.3,2.5,
2.1,1.3,2.6,
2.1,1.3,2.7,1.102027197
2.1,1.3,2.8,
2.1,1.3,2.9,
2.1,1.3,3,
2.1,1.3,3.1,
2.1,1.3,3.2,
2.1,1.3,3.3,
2.1,1.3,3.4,
2.1,1.3,3.5,
2.1,1.3,3.6,
2.2,1.3,0,
2.2,1.3,0.1,
2.2,1.3,0.2,
2.2,1.3,0.3,
2.2,1.3,0.4,
2.2,1.3,0.5,
2.2,1.3,0.6,
2.2,1.3,0.7,
2.2,1.3,0.8,
2.2,1.3,0.9,1.093472958
2.2,1.3,1,
2.2,1.3,1.1,
2.2,1.3,1.2,
2.2,1.3,1.3,
2.2,1.3,1.4,
2.2,1.3,1.5,
2.2,1.3,1.6,
2.2,1.3,1.7,
2.2,1.3,1.8,
2.2,1.3,1.9,
2.2,1.3,2,
2.2,1.3,2.1,
2.2,1.3,2.2,
2.2,1.3,2.3,1.033818713
2.2,1.3,2.4,
2.2,1.3,2.5,
2.2,1.3,2.6,
2.2,1.3,2.7,
2.2,1.3,2.8,1.072406177
2.2,1.3,2.9,
2.2,1.3,3,
2.2,1.3,3.1,
2.2,1.3,3.2,
2.2,1.3,3.3,
2.2,1.3,3.4,
2.2,1.3,3.5,
2.2,1.3,3.6,
2.3,1.3,0,0.971166746
2.3,1.3,0.1,
2.3,1.3,0.2,
2.3,1.3,0.3,
2.3,1.3,0.4,
2.3,1.3,0.5,
2.3,1.3,0.6,
2.3,1.3,0.7,
2.3,1.3,0.8,
2.3,1.3,0.9,
2.3,1.3,1,
2.3,1.3,1.1,
2.3,1.3,1.2,
2.3,1.3,1.3,
2.3,1.3,1.4,
2.3,1.3,1.5,
2.3,1.3,1.6,
2.3,1.3,1.7,
2.3,1.3,1.8,
2.3,1.3,1.9,
2.3,1.3,2,
2.3,1.3,2.1,
2.3,1.3,2.2,
2.3,1.3,2.3,
2.3,1.3,2.4,
2.3,1.3,2.5,
2.3,1.3,2.6,
2.3,1.3,2.7,
2.3,1.3,2.8,
2.3,1.3,2.9,
2.3,1.3,3,
2.3,1.3,3.1,
2.3,1.3,3.2,
2.3,1.3,3.3,
2.3,1.3,3.4,
2.3,1.3,3.5,
2.3,1.3,3.6,
2.4,1.3,0,
2.4,1.3,0.1,
2.4,1.3,0.2,
2.4,1.3,0.3,
2.4,1.3,0.4,
2.4,1.3,0.5,
2.4,1.3,0.6,
2.4,1.3,0.7,
2.4,1.3,0.8,
2.4,1.3,0.9,
2.4,1.3,1,
2.4,1.3,1.1,
2.4,1.3,1.2,
2.4,1.3,1.3,
2.4,1.3,1.4,
2.4,1.3,1.5,
2.4,1.3,1.6,
2.4,1.3,1.7,
2.4,1.3,1.8,
2.4,1.3,1.9,
2.4,1.3,2,
2.4,1.3,2.1,
2.4,1.3,2.2,
2.4,1.3,2.3,
2.4,1.3,2.4,
2.4,1.3,2.5,
2.4,1.3,2.6,
2.4,1.3,2.7,
2.4,1.3,2.8,
2.4,1.3,2.9,
2.4,1.3,3,
2.4,1.3,3.1,
2.4,1.3,3.2,
2.4,1.3,3.3,
2.4,1.3,3.4,
2.4,1.3,3.5,
2.4,1.3,3.6,
2.5,1.3,0,
2.5,1.3,0.1,
2.5,1.3,0.2,
2.5,1.3,0.3,
2.5,1.3,0.4,
2.5,1.3,0.5,
2.5,1.3,0.6,
2.5,1.3,0.7,
2.5,1.3,0.8,
2.5,1.3,0.9,
2.5,1.3,1,
2.5,1.3,1.1,
2.5,1.3,1.2,
2.5,1.3,1.3,
2.5,1.3,1.4,
2.5,1.3,1.5,
2.5,1.3,1.6,
2.5,1.3,1.7,
2.5,1.3,1.8,
2.5,1.3,1.9,
2.5,1.3,2,
2.5,1.3,2.1,
2.5,1.3,2.2,
2.5,1.3,2.3,
2.5,1.3,2.4,
2.5,1.3,2.5,
2.5,1.3,2.6,
2.5,1.3,2.7,
2.5,1.3,2.8,
2.5,1.3,2.9,
2.5,1.3,3,
2.5,1.3,3.1,
2.5,1.3,3.2,
2.5,1.3,3.3,
2.5,1.3,3.4,
2.5,1.3,3.5,
2.5,1.3,3.6,
2.6,1.3,0,
2.6,1.3,0.1,
2.6,1.3,0.2,
2.6,1.3,0.3,
2.6,1.3,0.4,
2.6,1.3,0.5,
2.6,1.3,0.6,
2.6,1.3,0.7,
2.6,1.3,0.8,1.065976923
2.6,1.3,0.9,
2.6,1.3,1,
2.6,1.3,1.1,
2.6,1.3,1.2,
2.6,1.3,1.3,
2.6,1.3,1.4,
2.6,1.3,1.5,
2.6,1.3,1.6,
2.6,1.3,1.7,
2.6,1.3,1.8,
2.6,1.3,1.9,
2.6,1.3,2,
2.6,1.3,2.1,
2.6,1.3,2.2,
2.6,1.3,2.3,
2.6,1.3,2.4,
2.6,1.3,2.5,
2.6,1.3,2.6,
2.6,1.3,2.7,
2.6,1.3,2.8,
2.6,1.3,2.9,
2.6,1.3,3,
2.6,1.3,3.1,
2.6,1.3,3.2,
2.6,1.3,3.3,
2.6,1.3,3.4,
2.6,1.3,3.5,0.973802866
2.6,1.3,3.6,0.97185726
2.7,1.3,0,
2.7,1.3,0.1,
2.7,1.3,0.2,
2.7,1.3,0.3,
2.7,1.3,0.4,
2.7,1.3,0.5,
2.7,1.3,0.6,
2.7,1.3,0.7,
2.7,1.3,0.8,
2.7,1.3,0.9,
2.7,1.3,1,
2.7,1.3,1.1,
2.7,1.3,1.2,
2.7,1.3,1.3,
2.7,1.3,1.4,
2.7,1.3,1.5,
2.7,1.3,1.6,
2.7,1.3,1.7,
2.7,1.3,1.8,
2.7,1.3,1.9,
2.7,1.3,2,
2.7,1.3,2.1,
2.7,1.3,2.2,
2.7,1.3,2.3,
2.7,1.3,2.4,
2.7,1.3,2.5,
2.7,1.3,2.6,
2.7,1.3,2.7,
2.7,1.3,2.8,
2.7,1.3,2.9,
2.7,1.3,3,
2.7,1.3,3.1,
2.7,1.3,3.2,
2.7,1.3,3.3,
2.7,1.3,3.4,
2.7,1.3,3.5,
2.7,1.3,3.6,
2.8,1.3,0,
2.8,1.3,0.1,
2.8,1.3,0.2,0.984975599
2.8,1.3,0.3,
2.8,1.3,0.4,
2.8,1.3,0.5,
2.8,1.3,0.6,
2.8,1.3,0.7,
2.8,1.3,0.8,
2.8,1.3,0.9,
2.8,1.3,1,
2.8,1.3,1.1,
2.8,1.3,1.2,
2.8,1.3,1.3,
2.8,1.3,1.4,
2.8,1.3,1.5,
2.8,1.3,1.6,
2.8,1.3,1.7,1.084815525
2.8,1.3,1.8,
2.8,1.3,1.9,
2.8,1.3,2,
2.8,1.3,2.1,
2.8,1.3,2.2,
2.8,1.3,2.3,
2.8,1.3,2.4,
2.8,1.3,2.5,
2.8,1.3,2.6,
2.8,1.3,2.7,
2.8,1.3,2.8,
2.8,1.3,2.9,
2.8,1.3,3,
2.8,1.3,3.1,
2.8,1.3,3.2,
2.8,1.3,3.3,
2.8,1.3,3.4,
2.8,1.3,3.5,
2.8,1.3,3.6,
2.9,1.3,0,
2.9,1.3,0.1,
2.9,1.3,0.2,
2.9,1.3,0.3,
2.9,1.3,0.4,
2.9,1.3,0.5,
2.9,1.3,0.6,
2.9,1.3,0.7,
2.9,1.3,0.8,
2.9,1.3,0.9,
2.9,1.3,1,
2.9,1.3,1.1,
2.9,1.3,1.2,
2.9,1.3,1.3,
2.9,1.3,1.4,
2.9,1.3,1.5,
2.9,1.3,1.6,
2.9,1.3,1.7,
2.9,1.3,1.8,
2.9,1.3,1.9,
2.9,1.3,2,
2.9,1.3,2.1,
2.9,1.3,2.2,
2.9,1.3,2.3,
2.9,1.3,2.4,
2.9,1.3,2.5,
2.9,1.3,2.6,
2.9,1.3,2.7,
2.9,1.3,2.8,
2.9,1.3,2.9,
2.9,1.3,3,1.042827799
2.9,1.3,3.1,
2.9,1.3,3.2,
2.9,1.3,3.3,
2.9,1.3,3.4,
2.9,1.3,3.5,
2.9,1.3,3.6,0.984646688
3,1.3,0,
3,1.3,0.1,
3,1.3,0.2,
3,1.3,0.3,
3,1.3,0.4,
3,1.3,0.5,
3,1.3,0.6,
3,1.3,0.7,
3,1.3,0.8,
3,1.3,0.9,
3,1.3,1,
3,1.3,1.1,
3,1.3,1.2,
3,1.3,1.3,
3,1.3,1.4,
3,1.3,1.5,
3,1.3,1.6,
3,1.3,1.7,
3,1.3,1.8,
3,1.3,1.9,
3,1.3,2,
3,1.3,2.1,
3,1.3,2.2,
3,1.3,2.3,
3,1.3,2.4,
3,1.3,2.5,
3,1.3,2.6,
3,1.3,2.7,
3,1.3,2.8,
3,1.3,2.9,
3,1.3,3,
3,1.3,3.1,1.034060919
3,1.3,3.2,
3,1.3,3.3,
3,1.3,3.4,
3,1.3,3.5,
3,1.3,3.6,
3.1,1.3,0,
3.1,1.3,0.1,
3.1,1.3,0.2,
3.1,1.3,0.3,
3.1,1.3,0.4,1.027580779
3.1,1.3,0.5,
3.1,1.3,0.6,
3.1,1.3,0.7,
3.1,1.3,0.8,
3.1,1.3,0.9,
3.1,1.3,1,
3.1,1.3,1.1,
3.1,1.3,1.2,
3.1,1.3,1.3,
3.1,1.3,1.4,0.995480846
3.1,1.3,1.5,
3.1,1.3,1.6,
3.1,1.3,1.7,
3.1,1.3,1.8,
3.1,1.3,1.9,
3.1,1.3,2,
3.1,1.3,2.1,
3.1,1.3,2.2,
3.1,1.3,2.3,
3.1,1.3,2.4,
3.1,1.3,2.5,
3.1,1.3,2.6,
3.1,1.3,2.7,
3.1,1.3,2.8,
3.1,1.3,2.9,
3.1,1.3,3,
3.1,1.3,3.1,
3.1,1.3,3.2,
3.1,1.3,3.3,
3.1,1.3,3.4,
3.1,1.3,3.5,
3.1,1.3,3.6,
3.2,1.3,0,
3.2,1.3,0.1,
3.2,1.3,0.2,
3.2,1.3,0.3,
3.2,1.3,0.4,
3.2,1.3,0.5,
3.2,1.3,0.6,
3.2,1.3,0.7,
3.2,1.3,0.8,
3.2,1.3,0.9,
3.2,1.3,1,
3.2,1.3,1.1,
3.2,1.3,1.2,
3.2,1.3,1.3,
3.2,1.3,1.4,
3.2,1.3,1.5,
3.2,1.3,1.6,
3.2,1.3,1.7,
3.2,1.3,1.8,
3.2,1.3,1.9,
3.2,1.3,2,
3.2,1.3,2.1,
3.2,1.3,2.2,
3.2,1.3,2.3,
3.2,1.3,2.4,
3.2,1.3,2.5,1.037608152
3.2,1.3,2.6,
3.2,1.3,2.7,
3.2,1.3,2.8,
3.2,1.3,2.9,
3.2,1.3,3,
3.2,1.3,3.1,
3.2,1.3,3.2,
3.2,1.3,3.3,
3.2,1.3,3.4,
3.2,1.3,3.5,
3.2,1.3,3.6,
3.3,1.3,0,
3.3,1.3,0.1,
3.3,1.3,0.2,
3.3,1.3,0.3,
3.3,1.3,0.4,
3.3,1.3,0.5,
3.3,1.3,0.6,
3.3,1.3,0.7,
3.3,1.3,0.8,
3.3,1.3,0.9,
3.3,1.3,1,
3.3,1.3,1.1,
3.3,1.3,1.2,
3.3,1.3,1.3,
3.3,1.3,1.4,
3.3,1.3,1.5,
3.3,1.3,1.6,
3.3,1.3,1.7,
3.3,1.3,1.8,
3.3,1.3,1.9,
3.3,1.3,2,
3.3,1.3,2.1,0.983820858
3.3,1.3,2.2,
3.3,1.3,2.3,
3.3,1.3,2.4,
3.3,1.3,2.5,
3.3,1.3,2.6,
3.3,1.3,2.7,
3.3,1.3,2.8,
3.3,1.3,2.9,
3.3,1.3,3,
3.3,1.3,3.1,
3.3,1.3,3.2,
3.3,1.3,3.3,
3.3,1.3,3.4,
3.3,1.3,3.5,
3.3,1.3,3.6,1.025954703
3.4,1.3,0,
3.4,1.3,0.1,
3.4,1.3,0.2,
3.4,1.3,0.3,
3.4,1.3,0.4,
3.4,1.3,0.5,
3.4,1.3,0.6,
3.4,1.3,0.7,
3.4,1.3,0.8,
3.4,1.3,0.9,
3.4,1.3,1,
3.4,1.3,1.1,1.042328037
3.4,1.3,1.2,
3.4,1.3,1.3,
3.4,1.3,1.4,
3.4,1.3,1.5,
3.4,1.3,1.6,
3.4,1.3,1.7,
3.4,1.3,1.8,
3.4,1.3,1.9,
3.4,1.3,2,
3.4,1.3,2.1,
3.4,1.3,2.2,
3.4,1.3,2.3,
3.4,1.3,2.4,
3.4,1.3,2.5,
3.4,1.3,2.6,
3.4,1.3,2.7,
3.4,1.3,2.8,1.151247265
3.4,1.3,2.9,
3.4,1.3,3,
3.4,1.3,3.1,
3.4,1.3,3.2,
3.4,1.3,3.3,
3.4,1.3,3.4,
3.4,1.3,3.5,
3.4,1.3,3.6,
3.5,1.3,0,
3.5,1.3,0.1,
3.5,1.3,0.2,
3.5,1.3,0.3,
3.5,1.3,0.4,
3.5,1.3,0.5,
3.5,1.3,0.6,
3.5,1.3,0.7,
3.5,1.3,0.8,
3.5,1.3,0.9,
3.5,1.3,1,
3.5,1.3,1.1,
3.5,1.3,1.2,
3.5,1.3,1.3,
3.5,1.3,1.4,
3.5,1.3,1.5,
3.5,1.3,1.6,
3.5,1.3,1.7,
3.5,1.3,1.8,
3.5,1.3,1.9,
3.5,1.3,2,
3.5,1.3,2.1,
3.5,1.3,2.2,
3.5,1.3,2.3,
3.5,1.3,2.4,
3.5,1.3,2.5,
3.5,1.3,2.6,
3.5,1.3,2.7,
3.5,1.3,2.8,
3.5,1.3,2.9,
3.5,1.3,3,
3.5,1.3,3.1,
3.5,1.3,3.2,
3.5,1.3,3.3,
3.5,1.3,3.4,
3.5,1.3,3.5,
3.5,1.3,3.6,
3.6,1.3,0,
3.6,1.3,0.1,
3.6,1.3,0.2,
3.6,1.3,0.3,
3.6,1.3,0.4,
3.6,1.3,0.5,
3.6,1.3,0.6,
3.6,1.3,0.7,
3.6,1.3,0.8,
3.6,1.3,0.9,
3.6,1.3,1,
3.6,1.3,1.1,
3.6,1.3,1.2,
3.6,1.3,1.3,
3.6,1.3,1.4,
3.6,1.3,1.5,
3.6,1.3,1.6,
3.6,1.3,1.7,
3.6,1.3,1.8,
3.6,1.3,1.9,
3.6,1.3,2,
3.6,1.3,2.1,
3.6,1.3,2.2,
3.6,1.3,2.3,
3.6,1.3,2.4,
3.6,1.3,2.5,
3.6,1.3,2.6,
3.6,1.3,2.7,
3.6,1.3,2.8,
3.6,1.3,2.9,
3.6,1.3,3,1.143851462
3.6,1.3,3.1,
3.6,1.3,3.2,
3.6,1.3,3.3,
3.6,1.3,3.4,
3.6,1.3,3.5,
3.6,1.3,3.6,
3.7,1.3,0,
3.7,1.3,0.1,
3.7,1.3,0.2,
3.7,1.3,0.3,
3.7,1.3,0.4,
3.7,1.3,0.5,
3.7,1.3,0.6,
3.7,1.3,0.7,
3.7,1.3,0.8,
3.7,1.3,0.9,
3.7,1.3,1,
3.7,1.3,1.1,
3.7,1.3,1.2,
3.7,1.3,1.3,
3.7,1.3,1.4,
3.7,1.3,1.5,
3.7,1.3,1.6,
3.7,1.3,1.7,
3.7,1.3,1.8,
3.7,1.3,1.9,
3.7,1.3,2,
3.7,1.3,2.1,
3.7,1.3,2.2,
3.7,1.3,2.3,
3.7,1.3,2.4,
3.7,1.3,2.5,
3.7,1.3,2.6,
3.7,1.3,2.7,
3.7,1.3,2.8,
3.7,1.3,2.9,
3.7,1.3,3,
3.7,1.3,3.1,
3.7,1.3,3.2,
3.7,1.3,3.3,
3.7,1.3,3.4,
3.7,1.3,3.5,
3.7,1.3,3.6,
3.8,1.3,0,
3.8,1.3,0.1,0.975968503
3.8,1.3,0.2,
3.8,1.3,0.3,
3.8,1.3,0.4,
3.8,1.3,0.5,
3.8,1.3,0.6,
3.8,1.3,0.7,
3.8,1.3,0.8,
3.8,1.3,0.9,
3.8,1.3,1,
3.8,1.3,1.1,
3.8,1.3,1.2,
3.8,1.3,1.3,
3.8,1.3,1.4,
3.8,1.3,1.5,
3.8,1.3,1.6,
3.8,1.3,1.7,
3.8,1.3,1.8,
3.8,1.3,1.9,
3.8,1.3,2,
3.8,1.3,2.1,
3.8,1.3,2.2,
3.8,1.3,2.3,
3.8,1.3,2.4,
3.8,1.3,2.5,
3.8,1.3,2.6,
3.8,1.3,2.7,
3.8,1.3,2.8,
3.8,1.3,2.9,
3.8,1.3,3,
3.8,1.3,3.1,
3.8,1.3,3.2,
3.8,1.3,3.3,
3.8,1.3,3.4,0.981357296
3.8,1.3,3.5,
3.8,1.3,3.6,
3.9,1.3,0,
3.9,1.3,0.1,
3.9,1.3,0.2,
3.9,1.3,0.3,
3.9,1.3,0.4,
3.9,1.3,0.5,
3.9,1.3,0.6,
3.9,1.3,0.7,
3.9,1.3,0.8,
3.9,1.3,0.9,
3.9,1.3,1,
3.9,1.3,1.1,
3.9,1.3,1.2,
3.9,1.3,1.3,
3.9,1.3,1.4,
3.9,1.3,1.5,
3.9,1.3,1.6,
3.9,1.3,1.7,
3.9,1.3,1.8,
3.9,1.3,1.9,
3.9,1.3,2,
3.9,1.3,2.1,
3.9,1.3,2.2,
3.9,1.3,2.3,
3.9,1.3,2.4,
3.9,1.3,2.5,1.073530217
3.9,1.3,2.6,
3.9,1.3,2.7,
3.9,1.3,2.8,
3.9,1.3,2.9,
3.9,1.3,3,
3.9,1.3,3.1,
3.9,1.3,3.2,
3.9,1.3,3.3,
3.9,1.3,3.4,
3.9,1.3,3.5,
3.9,1.3,3.6,
4,1.3,0,
4,1.3,0.1,
4,1.3,0.2,
4,1.3,0.3,
4,1.3,0.4,
4,1.3,0.5,
4,1.3,0.6,
4,1.3,0.7,
4,1.3,0.8,
4,1.3,0.9,
4,1.3,1,
4,1.3,1.1,
4,1.3,1.2,
4,1.3,1.3,
4,1.3,1.4,
4,1.3,1.5,
4,1.3,1.6,1.032290429
4,1.3,1.7,
4,1.3,1.8,
4,1.3,1.9,
4,1.3,2,
4,1.3,2.1,
4,1.3,2.2,
4,1.3,2.3,
4,1.3,2.4,
4,1.3,2.5,
4,1.3,2.6,
4,1.3,2.7,
4,1.3,2.8,
4,1.3,2.9,
4,1.3,3,
4,1.3,3.1,
4,1.3,3.2,0.995689222
4,1.3,3.3,
4,1.3,3.4,
4,1.3,3.5,
4,1.3,3.6,
4.1,1.3,0,
4.1,1.3,0.1,
4.1,1.3,0.2,
4.1,1.3,0.3,
4.1,1.3,0.4,
4.1,1.3,0.5,
4.1,1.3,0.6,1.023119304
4.1,1.3,0.7,
4.1,1.3,0.8,
4.1,1.3,0.9,
4.1,1.3,1,
4.1,1.3,1.1,
4.1,1.3,1.2,
4.1,1.3,1.3,
4.1,1.3,1.4,
4.1,1.3,1.5,
4.1,1.3,1.6,
4.1,1.3,1.7,
4.1,1.3,1.8,
4.1,1.3,1.9,
4.1,1.3,2,
4.1,1.3,2.1,
4.1,1.3,2.2,
4.1,1.3,2.3,
4.1,1.3,2.4,
4.1,1.3,2.5,
4.1,1.3,2.6,
4.1,1.3,2.7,
4.1,1.3,2.8,
4.1,1.3,2.9,
4.1,1.3,3,
4.1,1.3,3.1,
4.1,1.3,3.2,
4.1,1.3,3.3,
4.1,1.3,3.4,
4.1,1.3,3.5,
4.1,1.3,3.6,
4.2,1.3,0,
4.2,1.3,0.1,
4.2,1.3,0.2,
4.2,1.3,0.3,
4.2,1.3,0.4,
4.2,1.3,0.5,
4.2,1.3,0.6,
4.2,1.3,0.7,
4.2,1.3,0.8,
4.2,1.3,0.9,
4.2,1.3,1,
4.2,1.3,1.1,
4.2,1.3,1.2,
4.2,1.3,1.3,
4.2,1.3,1.4,
4.2,1.3,1.5,
4.2,1.3,1.6,
4.2,1.3,1.7,
4.2,1.3,1.8,
4.2,1.3,1.9,
4.2,1.3,2,
4.2,1.3,2.1,
4.2,1.3,2.2,
4.2,1.3,2.3,
4.2,1.3,2.4,
4.2,1.3,2.5,
4.2,1.3,2.6,
4.2,1.3,2.7,
4.2,1.3,2.8,
4.2,1.3,2.9,
4.2,1.3,3,
4.2,1.3,3.1,
4.2,1.3,3.2,
4.2,1.3,3.3,
4.2,1.3,3.4,
4.2,1.3,3.5,
4.2,1.3,3.6,
4.3,1.3,0,
4.3,1.3,0.1,
4.3,1.3,0.2,
4.3,1.3,0.3,
4.3,1.3,0.4,
4.3,1.3,0.5,
4.3,1.3,0.6,
4.3,1.3,0.7,
4.3,1.3,0.8,
4.3,1.3,0.9,
4.3,1.3,1,
4.3,1.3,1.1,
4.3,1.3,1.2,
4.3,1.3,1.3,
4.3,1.3,1.4,
4.3,1.3,1.5,
4.3,1.3,1.6,
4.3,1.3,1.7,
4.3,1.3,1.8,
4.3,1.3,1.9,
4.3,1.3,2,
4.3,1.3,2.1,
4.3,1.3,2.2,
4.3,1.3,2.3,
4.3,1.3,2.4,
4.3,1.3,2.5,
4.3,1.3,2.6,
4.3,1.3,2.7,
4.3,1.3,2.8,
4.3,1.3,2.9,
4.3,1.3,3,
4.3,1.3,3.1,
4.3,1.3,3.2,
4.3,1.3,3.3,
4.3,1.3,3.4,
4.3,1.3,3.5,
4.3,1.3,3.6,
4.4,1.3,0,
4.4,1.3,0.1,
4.4,1.3,0.2,
4.4,1.3,0.3,
4.4,1.3,0.4,
4.4,1.3,0.5,
4.4,1.3,0.6,
4.4,1.3,0.7,
4.4,1.3,0.8,
4.4,1.3,0.9,
4.4,1.3,1,
4.4,1.3,1.1,
4.4,1.3,1.2,
4.4,1.3,1.3,
4.4,1.3,1.4,
4.4,1.3,1.5,
4.4,1.3,1.6,
4.4,1.3,1.7,
4.4,1.3,1.8,
4.4,1.3,1.9,
4.4,1.3,2,
4.4,1.3,2.1,
4.4,1.3,2.2,
4.4,1.3,2.3,
4.4,1.3,2.4,
4.4,1.3,2.5,
4.4,1.3,2.6,
4.4,1.3,2.7,
4.4,1.3,2.8,
4.4,1.3,2.9,
4.4,1.3,3,
4.4,1.3,3.1,
4.4,1.3,3.2,
4.4,1.3,3.3,
4.4,1.3,3.4,
4.4,1.3,3.5,
4.4,1.3,3.6,
4.5,1.3,0,
4.5,1.3,0.1,
4.5,1.3,0.2,
4.5,1.3,0.3,
4.5,1.3,0.4,
4.5,1.3,0.5,
4.5,1.3,0.6,
4.5,1.3,0.7,
4.5,1.3,0.8,
4.5,1.3,0.9,
4.5,1.3,1,
4.5,1.3,1.1,
4.5,1.3,1.2,
4.5,1.3,1.3,
4.5,1.3,1.4,
4.5,1.3,1.5,
4.5,1.3,1.6,
4.5,1.3,1.7,
4.5,1.3,1.8,
4.5,1.3,1.9,
4.5,1.3,2,
4.5,1.3,2.1,
4.5,1.3,2.2,
4.5,1.3,2.3,
4.5,1.3,2.4,
4.5,1.3,2.5,
4.5,1.3,2.6,
4.5,1.3,2.7,1.091322387
4.5,1.3,2.8,
4.5,1.3,2.9,
4.5,1.3,3,
4.5,1.3,3.1,
4.5,1.3,3.2,
4.5,1.3,3.3,
4.5,1.3,3.4,
4.5,1.3,3.5,
4.5,1.3,3.6,
4.6,1.3,0,
4.6,1.3,0.1,
4.6,1.3,0.2,
4.6,1.3,0.3,
4.6,1.3,0.4,
4.6,1.3,0.5,
4.6,1.3,0.6,
4.6,1.3,0.7,
4.6,1.3,0.8,
4.6,1.3,0.9,
4.6,1.3,1,
4.6,1.3,1.1,
4.6,1.3,1.2,
4.6,1.3,1.3,
4.6,1.3,1.4,
4.6,1.3,1.5,
4.6,1.3,1.6,
4.6,1.3,1.7,
4.6,1.3,1.8,
4.6,1.3,1.9,
4.6,1.3,2,
4.6,1.3,2.1,
4.6,1.3,2.2,
4.6,1.3,2.3,
4.6,1.3,2.4,
4.6,1.3,2.5,
4.6,1.3,2.6,
4.6,1.3,2.7,
4.6,1.3,2.8,
4.6,1.3,2.9,
4.6,1.3,3,1.120726218
4.6,1.3,3.1,
4.6,1.3,3.2,
4.6,1.3,3.3,
4.6,1.3,3.4,
4.6,1.3,3.5,
4.6,1.3,3.6,
4.7,1.3,0,
4.7,1.3,0.1,
4.7,1.3,0.2,
4.7,1.3,0.3,
4.7,1.3,0.4,
4.7,1.3,0.5,
4.7,1.3,0.6,
4.7,1.3,0.7,
4.7,1.3,0.8,
4.7,1.3,0.9,
4.7,1.3,1,
4.7,1.3,1.1,
4.7,1.3,1.2,
4.7,1.3,1.3,
4.7,1.3,1.4,
4.7,1.3,1.5,
4.7,1.3,1.6,
4.7,1.3,1.7,0.974560753
4.7,1.3,1.8,
4.7,1.3,1.9,
4.7,1.3,2,
4.7,1.3,2.1,
4.7,1.3,2.2,
4.7,1.3,2.3,
4.7,1.3,2.4,
4.7,1.3,2.5,
4.7,1.3,2.6,
4.7,1.3,2.7,
4.7,1.3,2.8,
4.7,1.3,2.9,
4.7,1.3,3,
4.7,1.3,3.1,
4.7,1.3,3.2,
4.7,1.3,3.3,
4.7,1.3,3.4,
4.7,1.3,3.5,
4.7,1.3,3.6,
4.8,1.3,0,
4.8,1.3,0.1,
4.8,1.3,0.2,
4.8,1.3,0.3,
4.8,1.3,0.4,
4.8,1.3,0.5,
4.8,1.3,0.6,
4.8,1.3,0.7,
4.8,1.3,0.8,
4.8,1.3,0.9,
4.8,1.3,1,
4.8,1.3,1.1,
4.8,1.3,1.2,
4.8,1.3,1.3,
4.8,1.3,1.4,
4.8,1.3,1.5,
4.8,1.3,1.6,
4.8,1.3,1.7,
4.8,1.3,1.8,
4.8,1.3,1.9,
4.8,1.3,2,
4.8,1.3,2.1,
4.8,1.3,2.2,0.993729687
4.8,1.3,2.3,
4.8,1.3,2.4,
4.8,1.3,2.5,
4.8,1.3,2.6,
4.8,1.3,2.7,
4.8,1.3,2.8,
4.8,1.3,2.9,
4.8,1.3,3,
4.8,1.3,3.1,
4.8,1.3,3.2,
4.8,1.3,3.3,
4.8,1.3,3.4,
4.8,1.3,3.5,1.025769922
4.8,1.3,3.6,
4.9,1.3,0,
4.9,1.3,0.1,
4.9,1.3,0.2,
4.9,1.3,0.3,
4.9,1.3,0.4,
4.9,1.3,0.5,
4.9,1.3,0.6,
4.9,1.3,0.7,
4.9,1.3,0.8,
4.9,1.3,0.9,
4.9,1.3,1,
4.9,1.3,1.1,
4.9,1.3,1.2,
4.9,1.3,1.3,
4.9,1.3,1.4,
4.9,1.3,1.5,
4.9,1.3,1.6,
4.9,1.3,1.7,
4.9,1.3,1.8,
4.9,1.3,1.9,
4.9,1.3,2,
4.9,1.3,2.1,
4.9,1.3,2.2,
4.9,1.3,2.3,
4.9,1.3,2.4,
4.9,1.3,2.5,
4.9,1.3,2.6,1.058492141
4.9,1.3,2.7,
4.9,1.3,2.8,
4.9,1.3,2.9,
4.9,1.3,3,
4.9,1.3,3.1,
4.9,1.3,3.2,
4.9,1.3,3.3,
4.9,1.3,3.4,
4.9,1.3,3.5,
4.9,1.3,3.6,
5,1.3,0,
5,1.3,0.1,1.001414317
5,1.3,0.2,
5,1.3,0.3,
5,1.3,0.4,
5,1.3,0.5,
5,1.3,0.6,
5,1.3,0.7,
5,1.3,0.8,
5,1.3,0.9,
5,1.3,1,
5,1.3,1.1,
5,1.3,1.2,
5,1.3,1.3,
5,1.3,1.4,
5,1.3,1.5,
5,1.3,1.6,
5,1.3,1.7,
5,1.3,1.8,
5,1.3,1.9,
5,1.3,2,
5,1.3,2.1,
5,1.3,2.2,
5,1.3,2.3,
5,1.3,2.4,
5,1.3,2.5,
5,1.3,2.6,
5,1.3,2.7,
5,1.3,2.8,
5,1.3,2.9,
5,1.3,3,
5,1.3,3.1,
5,1.3,3.2,
5,1.3,3.3,
5,1.3,3.4,
5,1.3,3.5,
5,1.3,3.6,0.999808709
5.1,1.3,0,
5.1,1.3,0.1,
5.1,1.3,0.2,
5.1,1.3,0.3,
5.1,1.3,0.4,
5.1,1.3,0.5,
5.1,1.3,0.6,
5.1,1.3,0.7,
5.1,1.3,0.8,
5.1,1.3,0.9,
5.1,1.3,1,1.067470809
5.1,1.3,1.1,
5.1,1.3,1.2,
5.1,1.3,1.3,
5.1,1.3,1.4,
5.1,1.3,1.5,
5.1,1.3,1.6,
5.1,1.3,1.7,
5.1,1.3,1.8,
5.1,1.3,1.9,
5.1,1.3,2,
5.1,1.3,2.1,
5.1,1.3,2.2,
5.1,1.3,2.3,
5.1,1.3,2.4,
5.1,1.3,2.5,
5.1,1.3,2.6,
5.1,1.3,2.7,
5.1,1.3,2.8,
5.1,1.3,2.9,
5.1,1.3,3,
5.1,1.3,3.1,
5.1,1.3,3.2,
5.1,1.3,3.3,
5.1,1.3,3.4,
5.1,1.3,3.5,
5.1,1.3,3.6,
5.2,1.3,0,
5.2,1.3,0.1,
5.2,1.3,0.2,
5.2,1.3,0.3,
5.2,1.3,0.4,
5.2,1.3,0.5,
5.2,1.3,0.6,
5.2,1.3,0.7,
5.2,1.3,0.8,
5.2,1.3,0.9,
5.2,1.3,1,
5.2,1.3,1.1,
5.2,1.3,1.2,
5.2,1.3,1.3,
5.2,1.3,1.4,
5.2,1.3,1.5,
5.2,1.3,1.6,
5.2,1.3,1.7,
5.2,1.3,1.8,
5.2,1.3,1.9,
5.2,1.3,2,
5.2,1.3,2.1,
5.2,1.3,2.2,
5.2,1.3,2.3,
5.2,1.3,2.4,
5.2,1.3,2.5,
5.2,1.3,2.6,
5.2,1.3,2.7,
5.2,1.3,2.8,
5.2,1.3,2.9,
5.2,1.3,3,
5.2,1.3,3.1,
5.2,1.3,3.2,
5.2,1.3,3.3,
5.2,1.3,3.4,
5.2,1.3,3.5,
5.2,1.3,3.6,
5.3,1.3,0,
5.3,1.3,0.1,0.979500954
5.3,1.3,0.2,
5.3,1.3,0.3,
5.3,1.3,0.4,
5.3,1.3,0.5,
5.3,1.3,0.6,
5.3,1.3,0.7,
5.3,1.3,0.8,
5.3,1.3,0.9,
5.3,1.3,1,
5.3,1.3,1.1,
5.3,1.3,1.2,
5.3,1.3,1.3,
5.3,1.3,1.4,
5.3,1.3,1.5,
5.3,1.3,1.6,
5.3,1.3,1.7,
5.3,1.3,1.8,
5.3,1.3,1.9,
5.3,1.3,2,
5.3,1.3,2.1,
5.3,1.3,2.2,
5.3,1.3,2.3,
5.3,1.3,2.4,
5.3,1.3,2.5,
5.3,1.3,2.6,
5.3,1.3,2.7,
5.3,1.3,2.8,
5.3,1.3,2.9,
5.3,1.3,3,
5.3,1.3,3.1,
5.3,1.3,3.2,
5.3,1.3,3.3,
5.3,1.3,3.4,
5.3,1.3,3.5,
5.3,1.3,3.6,
5.4,1.3,0,
5.4,1.3,0.1,
5.4,1.3,0.2,
5.4,1.3,0.3,
5.4,1.3,0.4,
5.4,1.3,0.5,
5.4,1.3,0.6,
5.4,1.3,0.7,
5.4,1.3,0.8,
5.4,1.3,0.9,
5.4,1.3,1,
5.4,1.3,1.1,
5.4,1.3,1.2,
5.4,1.3,1.3,
5.4,1.3,1.4,
5.4,1.3,1.5,
5.4,1.3,1.6,
5.4,1.3,1.7,
5.4,1.3,1.8,
5.4,1.3,1.9,
5.4,1.3,2,
5.4,1.3,2.1,
5.4,1.3,2.2,
5.4,1.3,2.3,
5.4,1.3,2.4,
5.4,1.3,2.5,
5.4,1.3,2.6,
5.4,1.3,2.7,
5.4,1.3,2.8,
5.4,1.3,2.9,
5.4,1.3,3,
5.4,1.3,3.1,
5.4,1.3,3.2,
5.4,1.3,3.3,
5.4,1.3,3.4,
5.4,1.3,3.5,
5.4,1.3,3.6,
5.5,1.3,0,
5.5,1.3,0.1,
5.5,1.3,0.2,
5.5,1.3,0.3,
5.5,1.3,0.4,
5.5,1.3,0.5,
5.5,1.3,0.6,
5.5,1.3,0.7,
5.5,1.3,0.8,
5.5,1.3,0.9,
5.5,1.3,1,
5.5,1.3,1.1,
5.5,1.3,1.2,
5.5,1.3,1.3,
5.5,1.3,1.4,
5.5,1.3,1.5,
5.5,1.3,1.6,
5.5,1.3,1.7,
5.5,1.3,1.8,
5.5,1.3,1.9,
5.5,1.3,2,
5.5,1.3,2.1,
5.5,1.3,2.2,
5.5,1.3,2.3,
5.5,1.3,2.4,
5.5,1.3,2.5,
5.5,1.3,2.6,
5.5,1.3,2.7,
5.5,1.3,2.8,
5.5,1.3,2.9,
5.5,1.3,3,
5.5,1.3,3.1,
5.5,1.3,3.2,
5.5,1.3,3.3,
5.5,1.3,3.4,
5.5,1.3,3.5,
5.5,1.3,3.6,
5.6,1.3,0,
5.6,1.3,0.1,
5.6,1.3,0.2,
5.6,1.3,0.3,
5.6,1.3,0.4,
5.6,1.3,0.5,
5.6,1.3,0.6,
5.6,1.3,0.7,
5.6,1.3,0.8,
5.6,1.3,0.9,
5.6,1.3,1,
5.6,1.3,1.1,
5.6,1.3,1.2,
5.6,1.3,1.3,
5.6,1.3,1.4,
5.6,1.3,1.5,
5.6,1.3,1.6,
5.6,1.3,1.7,
5.6,1.3,1.8,
5.6,1.3,1.9,
5.6,1.3,2,
5.6,1.3,2.1,
5.6,1.3,2.2,
5.6,1.3,2.3,
5.6,1.3,2.4,
5.6,1.3,2.5,
5.6,1.3,2.6,
5.6,1.3,2.7,
5.6,1.3,2.8,
5.6,1.3,2.9,
5.6,1.3,3,
5.6,1.3,3.1,1.00954157
5.6,1.3,3.2,
5.6,1.3,3.3,
5.6,1.3,3.4,
5.6,1.3,3.5,
5.6,1.3,3.6,
5.7,1.3,0,
5.7,1.3,0.1,
5.7,1.3,0.2,
5.7,1.3,0.3,
5.7,1.3,0.4,
5.7,1.3,0.5,
5.7,1.3,0.6,1.023615655
5.7,1.3,0.7,
5.7,1.3,0.8,
5.7,1.3,0.9,
5.7,1.3,1,
5.7,1.3,1.1,
5.7,1.3,1.2,
5.7,1.3,1.3,
5.7,1.3,1.4,
5.7,1.3,1.5,
5.7,1.3,1.6,
5.7,1.3,1.7,
5.7,1.3,1.8,
5.7,1.3,1.9,
5.7,1.3,2,
5.7,1.3,2.1,
5.7,1.3,2.2,
5.7,1.3,2.3,
5.7,1.3,2.4,
5.7,1.3,2.5,
5.7,1.3,2.6,
5.7,1.3,2.7,
5.7,1.3,2.8,
5.7,1.3,2.9,
5.7,1.3,3,
5.7,1.3,3.1,
5.7,1.3,3.2,
5.7,1.3,3.3,
5.7,1.3,3.4,
5.7,1.3,3.5,
5.7,1.3,3.6,
5.8,1.3,0,
5.8,1.3,0.1,
5.8,1.3,0.2,
5.8,1.3,0.3,
5.8,1.3,0.4,
5.8,1.3,0.5,
5.8,1.3,0.6,
5.8,1.3,0.7,
5.8,1.3,0.8,
5.8,1.3,0.9,
5.8,1.3,1,
5.8,1.3,1.1,
5.8,1.3,1.2,
5.8,1.3,1.3,
5.8,1.3,1.4,
5.8,1.3,1.5,
5.8,1.3,1.6,
5.8,1.3,1.7,
5.8,1.3,1.8,
5.8,1.3,1.9,
5.8,1.3,2,
5.8,1.3,2.1,
5.8,1.3,2.2,
5.8,1.3,2.3,
5.8,1.3,2.4,
5.8,1.3,2.5,
5.8,1.3,2.6,1.103141287
5.8,1.3,2.7,
5.8,1.3,2.8,
5.8,1.3,2.9,
5.8,1.3,3,
5.8,1.3,3.1,
5.8,1.3,3.2,
5.8,1.3,3.3,
5.8,1.3,3.4,
5.8,1.3,3.5,
5.8,1.3,3.6,
5.9,1.3,0,0.973984236
5.9,1.3,0.1,
5.9,1.3,0.2,
5.9,1.3,0.3,
5.9,1.3,0.4,
5.9,1.3,0.5,
5.9,1.3,0.6,
5.9,1.3,0.7,
5.9,1.3,0.8,
5.9,1.3,0.9,
5.9,1.3,1,
5.9,1.3,1.1,
5.9,1.3,1.2,1.052031048
5.9,1.3,1.3,
5.9,1.3,1.4,
5.9,1.3,1.5,
5.9,1.3,1.6,
5.9,1.3,1.7,
5.9,1.3,1.8,
5.9,1.3,1.9,
5.9,1.3,2,0.998927729
5.9,1.3,2.1,
5.9,1.3,2.2,
5.9,1.3,2.3,
5.9,1.3,2.4,
5.9,1.3,2.5,
5.9,1.3,2.6,
5.9,1.3,2.7,
5.9,1.3,2.8,
5.9,1.3,2.9,
5.9,1.3,3,
5.9,1.3,3.1,
5.9,1.3,3.2,
5.9,1.3,3.3,
5.9,1.3,3.4,
5.9,1.3,3.5,
5.9,1.3,3.6,
6,1.3,0,
6,1.3,0.1,
6,1.3,0.2,
6,1.3,0.3,
6,1.3,0.4,
6,1.3,0.5,
6,1.3,0.6,
6,1.3,0.7,
6,1.3,0.8,
6,1.3,0.9,
6,1.3,1,
6,1.3,1.1,
6,1.3,1.2,
6,1.3,1.3,
6,1.3,1.4,
6,1.3,1.5,
6,1.3,1.6,
6,1.3,1.7,
6,1.3,1.8,
6,1.3,1.9,
6,1.3,2,
6,1.3,2.1,
6,1.3,2.2,
6,1.3,2.3,
6,1.3,2.4,
6,1.3,2.5,
6,1.3,2.6,
6,1.3,2.7,
6,1.3,2.8,
6,1.3,2.9,
6,1.3,3,
6,1.3,3.1,
6,1.3,3.2,
6,1.3,3.3,
6,1.3,3.4,
6,1.3,3.5,
6,1.3,3.6,
6.1,1.3,0,
6.1,1.3,0.1,
6.1,1.3,0.2,
6.1,1.3,0.3,
6.1,1.3,0.4,
6.1,1.3,0.5,
6.1,1.3,0.6,
6.1,1.3,0.7,
6.1,1.3,0.8,
6.1,1.3,0.9,
6.1,1.3,1,
6.1,1.3,1.1,
6.1,1.3,1.2,
6.1,1.3,1.3,
6.1,1.3,1.4,
6.1,1.3,1.5,
6.1,1.3,1.6,
6.1,1.3,1.7,
6.1,1.3,1.8,
6.1,1.3,1.9,
6.1,1.3,2,
6.1,1.3,2.1,
6.1,1.3,2.2,
6.1,1.3,2.3,
6.1,1.3,2.4,
6.1,1.3,2.5,
6.1,1.3,2.6,
6.1,1.3,2.7,
6.1,1.3,2.8,
6.1,1.3,2.9,
6.1,1.3,3,
6.1,1.3,3.1,
6.1,1.3,3.2,
6.1,1.3,3.3,
6.1,1.3,3.4,
6.1,1.3,3.5,
6.1,1.3,3.6,
6.2,1.3,0,
6.2,1.3,0.1,
6.2,1.3,0.2,
6.2,1.3,0.3,
6.2,1.3,0.4,
6.2,1.3,0.5,
6.2,1.3,0.6,
6.2,1.3,0.7,
6.2,1.3,0.8,1.090876069
6.2,1.3,0.9,
6.2,1.3,1,
6.2,1.3,1.1,
6.2,1.3,1.2,
6.2,1.3,1.3,
6.2,1.3,1.4,1.000175714
6.2,1.3,1.5,
6.2,1.3,1.6,
6.2,1.3,1.7,
6.2,1.3,1.8,
6.2,1.3,1.9,
6.2,1.3,2,
6.2,1.3,2.1,
6.2,1.3,2.2,
6.2,1.3,2.3,
6.2,1.3,2.4,
6.2,1.3,2.5,
6.2,1.3,2.6,
6.2,1.3,2.7,
6.2,1.3,2.8,
6.2,1.3,2.9,
6.2,1.3,3,
6.2,1.3,3.1,
6.2,1.3,3.2,
6.2,1.3,3.3,
6.2,1.3,3.4,
6.2,1.3,3.5,
6.2,1.3,3.6,
6.3,1.3,0,
6.3,1.3,0.1,
6.3,1.3,0.2,
6.3,1.3,0.3,
6.3,1.3,0.4,
6.3,1.3,0.5,
6.3,1.3,0.6,
6.3,1.3,0.7,
6.3,1.3,0.8,
6.3,1.3,0.9,
6.3,1.3,1,
6.3,1.3,1.1,
6.3,1.3,1.2,
6.3,1.3,1.3,
6.3,1.3,1.4,
6.3,1.3,1.5,
6.3,1.3,1.6,
6.3,1.3,1.7,
6.3,1.3,1.8,
6.3,1.3,1.9,
6.3,1.3,2,
6.3,1.3,2.1,
6.3,1.3,2.2,
6.3,1.3,2.3,
6.3,1.3,2.4,
6.3,1.3,2.5,
6.3,1.3,2.6,
6.3,1.3,2.7,
6.3,1.3,2.8,
6.3,1.3,2.9,
6.3,1.3,3,
6.3,1.3,3.1,
6.3,1.3,3.2,
6.3,1.3,3.3,
6.3,1.3,3.4,
6.3,1.3,3.5,1.002190683
6.3,1.3,3.6,
6.4,1.3,0,
6.4,1.3,0.1,
6.4,1.3,0.2,
6.4,1.3,0.3,
6.4,1.3,0.4,
6.4,1.3,0.5,
6.4,1.3,0.6,
6.4,1.3,0.7,
6.4,1.3,0.8,
6.4,1.3,0.9,
6.4,1.3,1,
6.4,1.3,1.1,
6.4,1.3,1.2,
6.4,1.3,1.3,
6.4,1.3,1.4,
6.4,1.3,1.5,
6.4,1.3,1.6,
6.4,1.3,1.7,
6.4,1.3,1.8,
6.4,1.3,1.9,
6.4,1.3,2,
6.4,1.3,2.1,
6.4,1.3,2.2,
6.4,1.3,2.3,
6.4,1.3,2.4,
6.4,1.3,2.5,
6.4,1.3,2.6,
6.4,1.3,2.7,
6.4,1.3,2.8,
6.4,1.3,2.9,
6.4,1.3,3,
6.4,1.3,3.1,
6.4,1.3,3.2,
6.4,1.3,3.3,
6.4,1.3,3.4,
6.4,1.3,3.5,
6.4,1.3,3.6,
6.5,1.3,0,
6.5,1.3,0.1,
6.5,1.3,0.2,
6.5,1.3,0.3,
6.5,1.3,0.4,
6.5,1.3,0.5,
6.5,1.3,0.6,
6.5,1.3,0.7,
6.5,1.3,0.8,
6.5,1.3,0.9,
6.5,1.3,1,
6.5,1.3,1.1,
6.5,1.3,1.2,
6.5,1.3,1.3,
6.5,1.3,1.4,
6.5,1.3,1.5,
6.5,1.3,1.6,
6.5,1.3,1.7,
6.5,1.3,1.8,
6.5,1.3,1.9,
6.5,1.3,2,
6.5,1.3,2.1,
6.5,1.3,2.2,
6.5,1.3,2.3,
6.5,1.3,2.4,
6.5,1.3,2.5,
6.5,1.3,2.6,
6.5,1.3,2.7,
6.5,1.3,2.8,
6.5,1.3,2.9,1.110620668
6.5,1.3,3,
6.5,1.3,3.1,
6.5,1.3,3.2,
6.5,1.3,3.3,
6.5,1.3,3.4,
6.5,1.3,3.5,
6.5,1.3,3.6,
6.6,1.3,0,
6.6,1.3,0.1,
6.6,1.3,0.2,
6.6,1.3,0.3,
6.6,1.3,0.4,
6.6,1.3,0.5,
6.6,1.3,0.6,
6.6,1.3,0.7,
6.6,1.3,0.8,
6.6,1.3,0.9,
6.6,1.3,1,
6.6,1.3,1.1,
6.6,1.3,1.2,
6.6,1.3,1.3,
6.6,1.3,1.4,
6.6,1.3,1.5,
6.6,1.3,1.6,
6.6,1.3,1.7,
6.6,1.3,1.8,
6.6,1.3,1.9,
6.6,1.3,2,
6.6,1.3,2.1,
6.6,1.3,2.2,
6.6,1.3,2.3,
6.6,1.3,2.4,
6.6,1.3,2.5,
6.6,1.3,2.6,
6.6,1.3,2.7,
6.6,1.3,2.8,
6.6,1.3,2.9,
6.6,1.3,3,
6.6,1.3,3.1,
6.6,1.3,3.2,
6.6,1.3,3.3,
6.6,1.3,3.4,
6.6,1.3,3.5,
6.6,1.3,3.6,
6.7,1.3,0,
6.7,1.3,0.1,
6.7,1.3,0.2,
6.7,1.3,0.3,
6.7,1.3,0.4,
6.7,1.3,0.5,
6.7,1.3,0.6,1.121428671
6.7,1.3,0.7,
6.7,1.3,0.8,
6.7,1.3,0.9,
6.7,1.3,1,
6.7,1.3,1.1,
6.7,1.3,1.2,
6.7,1.3,1.3,
6.7,1.3,1.4,0.998223285
6.7,1.3,1.5,
6.7,1.3,1.6,
6.7,1.3,1.7,
6.7,1.3,1.8,
6.7,1.3,1.9,
6.7,1.3,2,
6.7,1.3,2.1,
6.7,1.3,2.2,
6.7,1.3,2.3,
6.7,1.3,2.4,
6.7,1.3,2.5,
6.7,1.3,2.6,
6.7,1.3,2.7,
6.7,1.3,2.8,
6.7,1.3,2.9,
6.7,1.3,3,
6.7,1.3,3.1,
6.7,1.3,3.2,
6.7,1.3,3.3,
6.7,1.3,3.4,
6.7,1.3,3.5,
6.7,1.3,3.6,
6.8,1.3,0,
6.8,1.3,0.1,
6.8,1.3,0.2,
6.8,1.3,0.3,
6.8,1.3,0.4,
6.8,1.3,0.5,
6.8,1.3,0.6,
6.8,1.3,0.7,
6.8,1.3,0.8,
6.8,1.3,0.9,
6.8,1.3,1,
6.8,1.3,1.1,
6.8,1.3,1.2,
6.8,1.3,1.3,
6.8,1.3,1.4,
6.8,1.3,1.5,
6.8,1.3,1.6,
6.8,1.3,1.7,
6.8,1.3,1.8,
6.8,1.3,1.9,
6.8,1.3,2,
6.8,1.3,2.1,
6.8,1.3,2.2,
6.8,1.3,2.3,
6.8,1.3,2.4,
6.8,1.3,2.5,
6.8,1.3,2.6,
6.8,1.3,2.7,
6.8,1.3,2.8,
6.8,1.3,2.9,
6.8,1.3,3,
6.8,1.3,3.1,
6.8,1.3,3.2,
6.8,1.3,3.3,
6.8,1.3,3.4,
6.8,1.3,3.5,
6.8,1.3,3.6,
6.9,1.3,0,
6.9,1.3,0.1,
6.9,1.3,0.2,
6.9,1.3,0.3,
6.9,1.3,0.4,
6.9,1.3,0.5,
6.9,1.3,0.6,
6.9,1.3,0.7,
6.9,1.3,0.8,
6.9,1.3,0.9,
6.9,1.3,1,
6.9,1.3,1.1,
6.9,1.3,1.2,
6.9,1.3,1.3,
6.9,1.3,1.4,
6.9,1.3,1.5,
6.9,1.3,1.6,
6.9,1.3,1.7,
6.9,1.3,1.8,
6.9,1.3,1.9,
6.9,1.3,2,
6.9,1.3,2.1,
6.9,1.3,2.2,
6.9,1.3,2.3,
6.9,1.3,2.4,
6.9,1.3,2.5,
6.9,1.3,2.6,
6.9,1.3,2.7,
6.9,1.3,2.8,
6.9,1.3,2.9,
6.9,1.3,3,
6.9,1.3,3.1,
6.9,1.3,3.2,
6.9,1.3,3.3,
6.9,1.3,3.4,
6.9,1.3,3.5,1.097162615
6.9,1.3,3.6,
7,1.3,0,
7,1.3,0.1,
7,1.3,0.2,
7,1.3,0.3,
7,1.3,0.4,
7,1.3,0.5,
7,1.3,0.6,
7,1.3,0.7,
7,1.3,0.8,
7,1.3,0.9,
7,1.3,1,
7,1.3,1.1,
7,1.3,1.2,
7,1.3,1.3,
7,1.3,1.4,
7,1.3,1.5,
7,1.3,1.6,
7,1.3,1.7,
7,1.3,1.8,
7,1.3,1.9,
7,1.3,2,
7,1.3,2.1,
7,1.3,2.2,
7,1.3,2.3,
7,1.3,2.4,
7,1.3,2.5,
7,1.3,2.6,
7,1.3,2.7,
7,1.3,2.8,
7,1.3,2.9,
7,1.3,3,
7,1.3,3.1,
7,1.3,3.2,
7,1.3,3.3,
7,1.3,3.4,
7,1.3,3.5,
7,1.3,3.6,
7.1,1.3,0,
7.1,1.3,0.1,
7.1,1.3,0.2,
7.1,1.3,0.3,
7.1,1.3,0.4,
7.1,1.3,0.5,
7.1,1.3,0.6,
7.1,1.3,0.7,
7.1,1.3,0.8,
7.1,1.3,0.9,
7.1,1.3,1,
7.1,1.3,1.1,
7.1,1.3,1.2,
7.1,1.3,1.3,
7.1,1.3,1.4,
7.1,1.3,1.5,
7.1,1.3,1.6,
7.1,1.3,1.7,
7.1,1.3,1.8,
7.1,1.3,1.9,
7.1,1.3,2,
7.1,1.3,2.1,
7.1,1.3,2.2,
7.1,1.3,2.3,
7.1,1.3,2.4,
7.1,1.3,2.5,1.072939201
7.1,1.3,2.6,
7.1,1.3,2.7,
7.1,1.3,2.8,
7.1,1.3,2.9,
7.1,1.3,3,
7.1,1.3,3.1,
7.1,1.3,3.2,
7.1,1.3,3.3,
7.1,1.3,3.4,
7.1,1.3,3.5,
7.1,1.3,3.6,
7.2,1.3,0,
7.2,1.3,0.1,
7.2,1.3,0.2,
7.2,1.3,0.3,
7.2,1.3,0.4,
7.2,1.3,0.5,
7.2,1.3,0.6,
7.2,1.3,0.7,
7.2,1.3,0.8,
7.2,1.3,0.9,
7.2,1.3,1,1.110662172
7.2,1.3,1.1,
7.2,1.3,1.2,
7.2,1.3,1.3,
7.2,1.3,1.4,
7.2,1.3,1.5,
7.2,1.3,1.6,
7.2,1.3,1.7,
7.2,1.3,1.8,
7.2,1.3,1.9,
7.2,1.3,2,
7.2,1.3,2.1,
7.2,1.3,2.2,
7.2,1.3,2.3,
7.2,1.3,2.4,
7.2,1.3,2.5,
7.2,1.3,2.6,
7.2,1.3,2.7,
7.2,1.3,2.8,
7.2,1.3,2.9,
7.2,1.3,3,
7.2,1.3,3.1,
7.2,1.3,3.2,
7.2,1.3,3.3,
7.2,1.3,3.4,
7.2,1.3,3.5,
7.2,1.3,3.6,
7.3,1.3,0,
7.3,1.3,0.1,
7.3,1.3,0.2,
7.3,1.3,0.3,
7.3,1.3,0.4,
7.3,1.3,0.5,
7.3,1.3,0.6,
7.3,1.3,0.7,
7.3,1.3,0.8,
7.3,1.3,0.9,
7.3,1.3,1,
7.3,1.3,1.1,
7.3,1.3,1.2,
7.3,1.3,1.3,
7.3,1.3,1.4,
7.3,1.3,1.5,
7.3,1.3,1.6,
7.3,1.3,1.7,
7.3,1.3,1.8,
7.3,1.3,1.9,
7.3,1.3,2,1.026637825
7.3,1.3,2.1,
7.3,1.3,2.2,
7.3,1.3,2.3,
7.3,1.3,2.4,
7.3,1.3,2.5,
7.3,1.3,2.6,
7.3,1.3,2.7,
7.3,1.3,2.8,
7.3,1.3,2.9,
7.3,1.3,3,
7.3,1.3,3.1,
7.3,1.3,3.2,0.996100574
7.3,1.3,3.3,
7.3,1.3,3.4,
7.3,1.3,3.5,
7.3,1.3,3.6,
7.4,1.3,0,
7.4,1.3,0.1,0.973717582
7.4,1.3,0.2,
7.4,1.3,0.3,
7.4,1.3,0.4,
7.4,1.3,0.5,
7.4,1.3,0.6,
7.4,1.3,0.7,
7.4,1.3,0.8,
7.4,1.3,0.9,
7.4,1.3,1,
7.4,1.3,1.1,
7.4,1.3,1.2,
7.4,1.3,1.3,
7.4,1.3,1.4,
7.4,1.3,1.5,
7.4,1.3,1.6,
7.4,1.3,1.7,
7.4,1.3,1.8,
7.4,1.3,1.9,
7.4,1.3,2,
7.4,1.3,2.1,
7.4,1.3,2.2,
7.4,1.3,2.3,
7.4,1.3,2.4,
7.4,1.3,2.5,
7.4,1.3,2.6,
7.4,1.3,2.7,
7.4,1.3,2.8,
7.4,1.3,2.9,
7.4,1.3,3,
7.4,1.3,3.1,
7.4,1.3,3.2,
7.4,1.3,3.3,
7.4,1.3,3.4,
7.4,1.3,3.5,
7.4,1.3,3.6,
7.5,1.3,0,
7.5,1.3,0.1,
7.5,1.3,0.2,
7.5,1.3,0.3,
7.5,1.3,0.4,
7.5,1.3,0.5,
7.5,1.3,0.6,
7.5,1.3,0.7,
7.5,1.3,0.8,
7.5,1.3,0.9,
7.5,1.3,1,
7.5,1.3,1.1,
7.5,1.3,1.2,
7.5,1.3,1.3,
7.5,1.3,1.4,
7.5,1.3,1.5,
7.5,1.3,1.6,
7.5,1.3,1.7,
7.5,1.3,1.8,
7.5,1.3,1.9,
7.5,1.3,2,
7.5,1.3,2.1,
7.5,1.3,2.2,
7.5,1.3,2.3,
7.5,1.3,2.4,
7.5,1.3,2.5,
7.5,1.3,2.6,
7.5,1.3,2.7,
7.5,1.3,2.8,
7.5,1.3,2.9,
7.5,1.3,3,
7.5,1.3,3.1,
7.5,1.3,3.2,
7.5,1.3,3.3,
7.5,1.3,3.4,
7.5,1.3,3.5,
7.5,1.3,3.6,
7.6,1.3,0,
7.6,1.3,0.1,
7.6,1.3,0.2,
7.6,1.3,0.3,
7.6,1.3,0.4,
7.6,1.3,0.5,
7.6,1.3,0.6,
7.6,1.3,0.7,
7.6,1.3,0.8,
7.6,1.3,0.9,
7.6,1.3,1,
7.6,1.3,1.1,
7.6,1.3,1.2,
7.6,1.3,1.3,
7.6,1.3,1.4,
7.6,1.3,1.5,
7.6,1.3,1.6,
7.6,1.3,1.7,
7.6,1.3,1.8,
7.6,1.3,1.9,
7.6,1.3,2,
7.6,1.3,2.1,
7.6,1.3,2.2,
7.6,1.3,2.3,
7.6,1.3,2.4,
7.6,1.3,2.5,
7.6,1.3,2.6,
7.6,1.3,2.7,
7.6,1.3,2.8,
7.6,1.3,2.9,
7.6,1.3,3,
7.6,1.3,3.1,
7.6,1.3,3.2,
7.6,1.3,3.3,
7.6,1.3,3.4,
7.6,1.3,3.5,
7.6,1.3,3.6,
7.7,1.3,0,
7.7,1.3,0.1,
7.7,1.3,0.2,
7.7,1.3,0.3,
7.7,1.3,0.4,
7.7,1.3,0.5,
7.7,1.3,0.6,
7.7,1.3,0.7,
7.7,1.3,0.8,
7.7,1.3,0.9,
7.7,1.3,1,
7.7,1.3,1.1,
7.7,1.3,1.2,
7.7,1.3,1.3,
7.7,1.3,1.4,
7.7,1.3,1.5,
7.7,1.3,1.6,
7.7,1.3,1.7,
7.7,1.3,1.8,
7.7,1.3,1.9,
7.7,1.3,2,
7.7,1.3,2.1,
7.7,1.3,2.2,
7.7,1.3,2.3,
7.7,1.3,2.4,
7.7,1.3,2.5,
7.7,1.3,2.6,
7.7,1.3,2.7,
7.7,1.3,2.8,
7.7,1.3,2.9,
7.7,1.3,3,
7.7,1.3,3.1,
7.7,1.3,3.2,
7.7,1.3,3.3,
7.7,1.3,3.4,
7.7,1.3,3.5,
7.7,1.3,3.6,0.986722778
7.8,1.3,0,
7.8,1.3,0.1,
7.8,1.3,0.2,
7.8,1.3,0.3,
7.8,1.3,0.4,
7.8,1.3,0.5,
7.8,1.3,0.6,
7.8,1.3,0.7,
7.8,1.3,0.8,
7.8,1.3,0.9,
7.8,1.3,1,
7.8,1.3,1.1,
7.8,1.3,1.2,
7.8,1.3,1.3,
7.8,1.3,1.4,
7.8,1.3,1.5,
7.8,1.3,1.6,
7.8,1.3,1.7,
7.8,1.3,1.8,
7.8,1.3,1.9,
7.8,1.3,2,
7.8,1.3,2.1,
7.8,1.3,2.2,
7.8,1.3,2.3,
7.8,1.3,2.4,
7.8,1.3,2.5,
7.8,1.3,2.6,
7.8,1.3,2.7,
7.8,1.3,2.8,
7.8,1.3,2.9,
7.8,1.3,3,
7.8,1.3,3.1,
7.8,1.3,3.2,
7.8,1.3,3.3,
7.8,1.3,3.4,
7.8,1.3,3.5,
7.8,1.3,3.6,0.995342118
7.9,1.3,0,
7.9,1.3,0.1,
7.9,1.3,0.2,
7.9,1.3,0.3,
7.9,1.3,0.4,
7.9,1.3,0.5,
7.9,1.3,0.6,
7.9,1.3,0.7,
7.9,1.3,0.8,1.092378199
7.9,1.3,0.9,
7.9,1.3,1,
7.9,1.3,1.1,
7.9,1.3,1.2,
7.9,1.3,1.3,
7.9,1.3,1.4,
7.9,1.3,1.5,
7.9,1.3,1.6,
7.9,1.3,1.7,
7.9,1.3,1.8,
7.9,1.3,1.9,
7.9,1.3,2,
7.9,1.3,2.1,
7.9,1.3,2.2,
7.9,1.3,2.3,
7.9,1.3,2.4,
7.9,1.3,2.5,
7.9,1.3,2.6,
7.9,1.3,2.7,
7.9,1.3,2.8,
7.9,1.3,2.9,
7.9,1.3,3,
7.9,1.3,3.1,
7.9,1.3,3.2,
7.9,1.3,3.3,
7.9,1.3,3.4,
7.9,1.3,3.5,
7.9,1.3,3.6,
8,1.3,0,1.019266186
8,1.3,0.1,
8,1.3,0.2,
8,1.3,0.3,
8,1.3,0.4,
8,1.3,0.5,1.045029824
8,1.3,0.6,
8,1.3,0.7,
8,1.3,0.8,
8,1.3,0.9,
8,1.3,1,
8,1.3,1.1,
8,1.3,1.2,
8,1.3,1.3,
8,1.3,1.4,
8,1.3,1.5,
8,1.3,1.6,0.977174415
8,1.3,1.7,
8,1.3,1.8,
8,1.3,1.9,
8,1.3,2,
8,1.3,2.1,
8,1.3,2.2,
8,1.3,2.3,
8,1.3,2.4,1.022096184
8,1.3,2.5,
8,1.3,2.6,
8,1.3,2.7,
8,1.3,2.8,
8,1.3,2.9,
8,1.3,3,
8,1.3,3.1,
8,1.3,3.2,1.032808386
8,1.3,3.3,
8,1.3,3.4,
8,1.3,3.5,
8,1.3,3.6,
0,1.4,0,
0,1.4,0.1,
0,1.4,0.2,
0,1.4,0.3,
0,1.4,0.4,
0,1.4,0.5,1.221656638
0,1.4,0.6,
0,1.4,0.7,1.168152769
0,1.4,0.8,1.474728635
0,1.4,0.9,1.432221816
0,1.4,1,1.393837327
0,1.4,1.1,1.35971418
0,1.4,1.2,
0,1.4,1.3,
0,1.4,1.4,
0,1.4,1.5,
0,1.4,1.6,
0,1.4,1.7,
0,1.4,1.8,
0,1.4,1.9,
0,1.4,2,
0,1.4,2.1,
0,1.4,2.2,
0,1.4,2.3,
0,1.4,2.4,
0,1.4,2.5,
0,1.4,2.6,1.388558834
0,1.4,2.7,
0,1.4,2.8,1.468217508
0,1.4,2.9,1.514165241
0,1.4,3,1.105539749
0,1.4,3.1,
0,1.4,3.2,
0,1.4,3.3,
0,1.4,3.4,
0,1.4,3.5,
0,1.4,3.6,1.071346385
0.1,1.4,0,
0.1,1.4,0.1,
0.1,1.4,0.2,
0.1,1.4,0.3,
0.1,1.4,0.4,
0.1,1.4,0.5,
0.1,1.4,0.6,
0.1,1.4,0.7,
0.1,1.4,0.8,
0.1,1.4,0.9,1.114474638
0.1,1.4,1,
0.1,1.4,1.1,
0.1,1.4,1.2,
0.1,1.4,1.3,
0.1,1.4,1.4,
0.1,1.4,1.5,
0.1,1.4,1.6,
0.1,1.4,1.7,
0.1,1.4,1.8,
0.1,1.4,1.9,
0.1,1.4,2,
0.1,1.4,2.1,
0.1,1.4,2.2,
0.1,1.4,2.3,
0.1,1.4,2.4,
0.1,1.4,2.5,1.0678887
0.1,1.4,2.6,
0.1,1.4,2.7,
0.1,1.4,2.8,
0.1,1.4,2.9,
0.1,1.4,3,1.091894925
0.1,1.4,3.1,
0.1,1.4,3.2,
0.1,1.4,3.3,
0.1,1.4,3.4,
0.1,1.4,3.5,
0.1,1.4,3.6,
0.2,1.4,0,
0.2,1.4,0.1,
0.2,1.4,0.2,
0.2,1.4,0.3,
0.2,1.4,0.4,
0.2,1.4,0.5,
0.2,1.4,0.6,
0.2,1.4,0.7,
0.2,1.4,0.8,
0.2,1.4,0.9,1.13960007
0.2,1.4,1,1.093300116
0.2,1.4,1.1,
0.2,1.4,1.2,
0.2,1.4,1.3,1.039378358
0.2,1.4,1.4,
0.2,1.4,1.5,
0.2,1.4,1.6,
0.2,1.4,1.7,
0.2,1.4,1.8,
0.2,1.4,1.9,
0.2,1.4,2,
0.2,1.4,2.1,
0.2,1.4,2.2,
0.2,1.4,2.3,
0.2,1.4,2.4,
0.2,1.4,2.5,
0.2,1.4,2.6,1.090138081
0.2,1.4,2.7,1.304382967
0.2,1.4,2.8,
0.2,1.4,2.9,
0.2,1.4,3,
0.2,1.4,3.1,
0.2,1.4,3.2,
0.2,1.4,3.3,
0.2,1.4,3.4,
0.2,1.4,3.5,
0.2,1.4,3.6,
0.3,1.4,0,
0.3,1.4,0.1,
0.3,1.4,0.2,
0.3,1.4,0.3,
0.3,1.4,0.4,
0.3,1.4,0.5,1.052861143
0.3,1.4,0.6,
0.3,1.4,0.7,
0.3,1.4,0.8,
0.3,1.4,0.9,
0.3,1.4,1,
0.3,1.4,1.1,
0.3,1.4,1.2,
0.3,1.4,1.3,
0.3,1.4,1.4,
0.3,1.4,1.5,
0.3,1.4,1.6,
0.3,1.4,1.7,
0.3,1.4,1.8,
0.3,1.4,1.9,
0.3,1.4,2,
0.3,1.4,2.1,
0.3,1.4,2.2,
0.3,1.4,2.3,
0.3,1.4,2.4,
0.3,1.4,2.5,
0.3,1.4,2.6,
0.3,1.4,2.7,
0.3,1.4,2.8,1.110187142
0.3,1.4,2.9,
0.3,1.4,3,
0.3,1.4,3.1,
0.3,1.4,3.2,
0.3,1.4,3.3,
0.3,1.4,3.4,
0.3,1.4,3.5,
0.3,1.4,3.6,
0.4,1.4,0,
0.4,1.4,0.1,
0.4,1.4,0.2,
0.4,1.4,0.3,
0.4,1.4,0.4,
0.4,1.4,0.5,
0.4,1.4,0.6,
0.4,1.4,0.7,
0.4,1.4,0.8,
0.4,1.4,0.9,
0.4,1.4,1,
0.4,1.4,1.1,
0.4,1.4,1.2,
0.4,1.4,1.3,
0.4,1.4,1.4,
0.4,1.4,1.5,
0.4,1.4,1.6,
0.4,1.4,1.7,
0.4,1.4,1.8,
0.4,1.4,1.9,
0.4,1.4,2,
0.4,1.4,2.1,
0.4,1.4,2.2,
0.4,1.4,2.3,
0.4,1.4,2.4,1.182940111
0.4,1.4,2.5,
0.4,1.4,2.6,
0.4,1.4,2.7,
0.4,1.4,2.8,
0.4,1.4,2.9,
0.4,1.4,3,
0.4,1.4,3.1,
0.4,1.4,3.2,
0.4,1.4,3.3,
0.4,1.4,3.4,
0.4,1.4,3.5,
0.4,1.4,3.6,
0.5,1.4,0,
0.5,1.4,0.1,
0.5,1.4,0.2,
0.5,1.4,0.3,
0.5,1.4,0.4,
0.5,1.4,0.5,
0.5,1.4,0.6,
0.5,1.4,0.7,
0.5,1.4,0.8,
0.5,1.4,0.9,
0.5,1.4,1,
0.5,1.4,1.1,
0.5,1.4,1.2,
0.5,1.4,1.3,
0.5,1.4,1.4,
0.5,1.4,1.5,
0.5,1.4,1.6,
0.5,1.4,1.7,
0.5,1.4,1.8,
0.5,1.4,1.9,
0.5,1.4,2,
0.5,1.4,2.1,
0.5,1.4,2.2,
0.5,1.4,2.3,
0.5,1.4,2.4,
0.5,1.4,2.5,
0.5,1.4,2.6,
0.5,1.4,2.7,
0.5,1.4,2.8,
0.5,1.4,2.9,
0.5,1.4,3,
0.5,1.4,3.1,
0.5,1.4,3.2,
0.5,1.4,3.3,
0.5,1.4,3.4,
0.5,1.4,3.5,
0.5,1.4,3.6,
0.6,1.4,0,
0.6,1.4,0.1,
0.6,1.4,0.2,
0.6,1.4,0.3,
0.6,1.4,0.4,
0.6,1.4,0.5,
0.6,1.4,0.6,
0.6,1.4,0.7,
0.6,1.4,0.8,
0.6,1.4,0.9,
0.6,1.4,1,
0.6,1.4,1.1,
0.6,1.4,1.2,
0.6,1.4,1.3,
0.6,1.4,1.4,
0.6,1.4,1.5,
0.6,1.4,1.6,
0.6,1.4,1.7,
0.6,1.4,1.8,
0.6,1.4,1.9,
0.6,1.4,2,
0.6,1.4,2.1,
0.6,1.4,2.2,1.109536996
0.6,1.4,2.3,
0.6,1.4,2.4,
0.6,1.4,2.5,
0.6,1.4,2.6,
0.6,1.4,2.7,
0.6,1.4,2.8,
0.6,1.4,2.9,
0.6,1.4,3,
0.6,1.4,3.1,
0.6,1.4,3.2,
0.6,1.4,3.3,
0.6,1.4,3.4,
0.6,1.4,3.5,
0.6,1.4,3.6,
0.7,1.4,0,
0.7,1.4,0.1,
0.7,1.4,0.2,
0.7,1.4,0.3,
0.7,1.4,0.4,
0.7,1.4,0.5,
0.7,1.4,0.6,
0.7,1.4,0.7,
0.7,1.4,0.8,
0.7,1.4,0.9,
0.7,1.4,1,
0.7,1.4,1.1,
0.7,1.4,1.2,
0.7,1.4,1.3,
0.7,1.4,1.4,
0.7,1.4,1.5,
0.7,1.4,1.6,
0.7,1.4,1.7,
0.7,1.4,1.8,
0.7,1.4,1.9,
0.7,1.4,2,
0.7,1.4,2.1,
0.7,1.4,2.2,
0.7,1.4,2.3,
0.7,1.4,2.4,
0.7,1.4,2.5,
0.7,1.4,2.6,
0.7,1.4,2.7,1.113396368
0.7,1.4,2.8,
0.7,1.4,2.9,
0.7,1.4,3,
0.7,1.4,3.1,
0.7,1.4,3.2,
0.7,1.4,3.3,
0.7,1.4,3.4,
0.7,1.4,3.5,
0.7,1.4,3.6,
0.8,1.4,0,
0.8,1.4,0.1,
0.8,1.4,0.2,
0.8,1.4,0.3,
0.8,1.4,0.4,
0.8,1.4,0.5,
0.8,1.4,0.6,
0.8,1.4,0.7,
0.8,1.4,0.8,
0.8,1.4,0.9,
0.8,1.4,1,
0.8,1.4,1.1,
0.8,1.4,1.2,
0.8,1.4,1.3,
0.8,1.4,1.4,
0.8,1.4,1.5,
0.8,1.4,1.6,
0.8,1.4,1.7,
0.8,1.4,1.8,
0.8,1.4,1.9,
0.8,1.4,2,
0.8,1.4,2.1,
0.8,1.4,2.2,
0.8,1.4,2.3,
0.8,1.4,2.4,
0.8,1.4,2.5,
0.8,1.4,2.6,
0.8,1.4,2.7,
0.8,1.4,2.8,
0.8,1.4,2.9,
0.8,1.4,3,
0.8,1.4,3.1,
0.8,1.4,3.2,
0.8,1.4,3.3,
0.8,1.4,3.4,
0.8,1.4,3.5,
0.8,1.4,3.6,
0.9,1.4,0,
0.9,1.4,0.1,
0.9,1.4,0.2,
0.9,1.4,0.3,
0.9,1.4,0.4,
0.9,1.4,0.5,
0.9,1.4,0.6,
0.9,1.4,0.7,
0.9,1.4,0.8,1.087717445
0.9,1.4,0.9,
0.9,1.4,1,
0.9,1.4,1.1,
0.9,1.4,1.2,
0.9,1.4,1.3,
0.9,1.4,1.4,
0.9,1.4,1.5,
0.9,1.4,1.6,
0.9,1.4,1.7,
0.9,1.4,1.8,
0.9,1.4,1.9,
0.9,1.4,2,
0.9,1.4,2.1,
0.9,1.4,2.2,
0.9,1.4,2.3,
0.9,1.4,2.4,
0.9,1.4,2.5,
0.9,1.4,2.6,
0.9,1.4,2.7,
0.9,1.4,2.8,
0.9,1.4,2.9,
0.9,1.4,3,
0.9,1.4,3.1,
0.9,1.4,3.2,
0.9,1.4,3.3,
0.9,1.4,3.4,
0.9,1.4,3.5,
0.9,1.4,3.6,
1,1.4,0,1.00106835
1,1.4,0.1,
1,1.4,0.2,
1,1.4,0.3,
1,1.4,0.4,
1,1.4,0.5,
1,1.4,0.6,
1,1.4,0.7,
1,1.4,0.8,
1,1.4,0.9,
1,1.4,1,
1,1.4,1.1,
1,1.4,1.2,
1,1.4,1.3,
1,1.4,1.4,
1,1.4,1.5,
1,1.4,1.6,
1,1.4,1.7,
1,1.4,1.8,
1,1.4,1.9,
1,1.4,2,
1,1.4,2.1,
1,1.4,2.2,
1,1.4,2.3,
1,1.4,2.4,
1,1.4,2.5,
1,1.4,2.6,
1,1.4,2.7,
1,1.4,2.8,
1,1.4,2.9,
1,1.4,3,
1,1.4,3.1,
1,1.4,3.2,1.025646544
1,1.4,3.3,
1,1.4,3.4,
1,1.4,3.5,
1,1.4,3.6,
1.1,1.4,0,
1.1,1.4,0.1,
1.1,1.4,0.2,
1.1,1.4,0.3,
1.1,1.4,0.4,
1.1,1.4,0.5,1.201219535
1.1,1.4,0.6,
1.1,1.4,0.7,
1.1,1.4,0.8,
1.1,1.4,0.9,
1.1,1.4,1,
1.1,1.4,1.1,
1.1,1.4,1.2,
1.1,1.4,1.3,
1.1,1.4,1.4,
1.1,1.4,1.5,
1.1,1.4,1.6,
1.1,1.4,1.7,1.021377242
1.1,1.4,1.8,
1.1,1.4,1.9,
1.1,1.4,2,
1.1,1.4,2.1,
1.1,1.4,2.2,
1.1,1.4,2.3,
1.1,1.4,2.4,
1.1,1.4,2.5,
1.1,1.4,2.6,
1.1,1.4,2.7,
1.1,1.4,2.8,
1.1,1.4,2.9,
1.1,1.4,3,
1.1,1.4,3.1,
1.1,1.4,3.2,
1.1,1.4,3.3,
1.1,1.4,3.4,
1.1,1.4,3.5,
1.1,1.4,3.6,1.003398585
1.2,1.4,0,
1.2,1.4,0.1,
1.2,1.4,0.2,
1.2,1.4,0.3,
1.2,1.4,0.4,
1.2,1.4,0.5,
1.2,1.4,0.6,
1.2,1.4,0.7,
1.2,1.4,0.8,
1.2,1.4,0.9,
1.2,1.4,1,
1.2,1.4,1.1,
1.2,1.4,1.2,
1.2,1.4,1.3,
1.2,1.4,1.4,
1.2,1.4,1.5,
1.2,1.4,1.6,
1.2,1.4,1.7,
1.2,1.4,1.8,
1.2,1.4,1.9,
1.2,1.4,2,
1.2,1.4,2.1,
1.2,1.4,2.2,
1.2,1.4,2.3,
1.2,1.4,2.4,
1.2,1.4,2.5,
1.2,1.4,2.6,
1.2,1.4,2.7,
1.2,1.4,2.8,
1.2,1.4,2.9,
1.2,1.4,3,1.199193194
1.2,1.4,3.1,
1.2,1.4,3.2,
1.2,1.4,3.3,
1.2,1.4,3.4,
1.2,1.4,3.5,
1.2,1.4,3.6,
1.3,1.4,0,
1.3,1.4,0.1,
1.3,1.4,0.2,
1.3,1.4,0.3,
1.3,1.4,0.4,
1.3,1.4,0.5,
1.3,1.4,0.6,
1.3,1.4,0.7,
1.3,1.4,0.8,
1.3,1.4,0.9,
1.3,1.4,1,
1.3,1.4,1.1,
1.3,1.4,1.2,
1.3,1.4,1.3,
1.3,1.4,1.4,
1.3,1.4,1.5,
1.3,1.4,1.6,
1.3,1.4,1.7,
1.3,1.4,1.8,
1.3,1.4,1.9,
1.3,1.4,2,
1.3,1.4,2.1,
1.3,1.4,2.2,
1.3,1.4,2.3,
1.3,1.4,2.4,
1.3,1.4,2.5,
1.3,1.4,2.6,
1.3,1.4,2.7,
1.3,1.4,2.8,
1.3,1.4,2.9,
1.3,1.4,3,
1.3,1.4,3.1,
1.3,1.4,3.2,
1.3,1.4,3.3,
1.3,1.4,3.4,
1.3,1.4,3.5,
1.3,1.4,3.6,
1.4,1.4,0,
1.4,1.4,0.1,
1.4,1.4,0.2,
1.4,1.4,0.3,
1.4,1.4,0.4,
1.4,1.4,0.5,
1.4,1.4,0.6,
1.4,1.4,0.7,
1.4,1.4,0.8,
1.4,1.4,0.9,
1.4,1.4,1,
1.4,1.4,1.1,
1.4,1.4,1.2,
1.4,1.4,1.3,
1.4,1.4,1.4,
1.4,1.4,1.5,
1.4,1.4,1.6,
1.4,1.4,1.7,
1.4,1.4,1.8,
1.4,1.4,1.9,
1.4,1.4,2,
1.4,1.4,2.1,
1.4,1.4,2.2,
1.4,1.4,2.3,
1.4,1.4,2.4,
1.4,1.4,2.5,
1.4,1.4,2.6,
1.4,1.4,2.7,
1.4,1.4,2.8,
1.4,1.4,2.9,
1.4,1.4,3,
1.4,1.4,3.1,
1.4,1.4,3.2,
1.4,1.4,3.3,
1.4,1.4,3.4,
1.4,1.4,3.5,
1.4,1.4,3.6,
1.5,1.4,0,
1.5,1.4,0.1,
1.5,1.4,0.2,
1.5,1.4,0.3,
1.5,1.4,0.4,
1.5,1.4,0.5,
1.5,1.4,0.6,
1.5,1.4,0.7,
1.5,1.4,0.8,
1.5,1.4,0.9,
1.5,1.4,1,
1.5,1.4,1.1,
1.5,1.4,1.2,
1.5,1.4,1.3,
1.5,1.4,1.4,
1.5,1.4,1.5,
1.5,1.4,1.6,
1.5,1.4,1.7,
1.5,1.4,1.8,
1.5,1.4,1.9,
1.5,1.4,2,
1.5,1.4,2.1,
1.5,1.4,2.2,
1.5,1.4,2.3,
1.5,1.4,2.4,1.050704318
1.5,1.4,2.5,
1.5,1.4,2.6,
1.5,1.4,2.7,
1.5,1.4,2.8,
1.5,1.4,2.9,
1.5,1.4,3,
1.5,1.4,3.1,
1.5,1.4,3.2,
1.5,1.4,3.3,
1.5,1.4,3.4,
1.5,1.4,3.5,
1.5,1.4,3.6,
1.6,1.4,0,
1.6,1.4,0.1,
1.6,1.4,0.2,
1.6,1.4,0.3,
1.6,1.4,0.4,
1.6,1.4,0.5,
1.6,1.4,0.6,
1.6,1.4,0.7,
1.6,1.4,0.8,
1.6,1.4,0.9,
1.6,1.4,1,
1.6,1.4,1.1,
1.6,1.4,1.2,
1.6,1.4,1.3,
1.6,1.4,1.4,
1.6,1.4,1.5,
1.6,1.4,1.6,
1.6,1.4,1.7,
1.6,1.4,1.8,
1.6,1.4,1.9,
1.6,1.4,2,
1.6,1.4,2.1,
1.6,1.4,2.2,
1.6,1.4,2.3,
1.6,1.4,2.4,
1.6,1.4,2.5,
1.6,1.4,2.6,
1.6,1.4,2.7,
1.6,1.4,2.8,
1.6,1.4,2.9,
1.6,1.4,3,
1.6,1.4,3.1,
1.6,1.4,3.2,
1.6,1.4,3.3,
1.6,1.4,3.4,
1.6,1.4,3.5,
1.6,1.4,3.6,
1.7,1.4,0,
1.7,1.4,0.1,
1.7,1.4,0.2,
1.7,1.4,0.3,
1.7,1.4,0.4,
1.7,1.4,0.5,1.083124065
1.7,1.4,0.6,
1.7,1.4,0.7,
1.7,1.4,0.8,
1.7,1.4,0.9,
1.7,1.4,1,
1.7,1.4,1.1,
1.7,1.4,1.2,
1.7,1.4,1.3,1.037493019
1.7,1.4,1.4,
1.7,1.4,1.5,
1.7,1.4,1.6,
1.7,1.4,1.7,
1.7,1.4,1.8,
1.7,1.4,1.9,
1.7,1.4,2,
1.7,1.4,2.1,
1.7,1.4,2.2,
1.7,1.4,2.3,
1.7,1.4,2.4,
1.7,1.4,2.5,
1.7,1.4,2.6,
1.7,1.4,2.7,
1.7,1.4,2.8,
1.7,1.4,2.9,
1.7,1.4,3,
1.7,1.4,3.1,
1.7,1.4,3.2,
1.7,1.4,3.3,1.059542268
1.7,1.4,3.4,
1.7,1.4,3.5,
1.7,1.4,3.6,
1.8,1.4,0,
1.8,1.4,0.1,
1.8,1.4,0.2,
1.8,1.4,0.3,
1.8,1.4,0.4,1.056897336
1.8,1.4,0.5,1.070598163
1.8,1.4,0.6,1.087054506
1.8,1.4,0.7,1.106008809
1.8,1.4,0.8,
1.8,1.4,0.9,
1.8,1.4,1,
1.8,1.4,1.1,
1.8,1.4,1.2,
1.8,1.4,1.3,
1.8,1.4,1.4,
1.8,1.4,1.5,
1.8,1.4,1.6,
1.8,1.4,1.7,
1.8,1.4,1.8,
1.8,1.4,1.9,
1.8,1.4,2,
1.8,1.4,2.1,
1.8,1.4,2.2,
1.8,1.4,2.3,
1.8,1.4,2.4,
1.8,1.4,2.5,
1.8,1.4,2.6,
1.8,1.4,2.7,
1.8,1.4,2.8,
1.8,1.4,2.9,
1.8,1.4,3,
1.8,1.4,3.1,
1.8,1.4,3.2,
1.8,1.4,3.3,
1.8,1.4,3.4,
1.8,1.4,3.5,
1.8,1.4,3.6,
1.9,1.4,0,
1.9,1.4,0.1,1.023890269
1.9,1.4,0.2,
1.9,1.4,0.3,
1.9,1.4,0.4,
1.9,1.4,0.5,
1.9,1.4,0.6,
1.9,1.4,0.7,
1.9,1.4,0.8,
1.9,1.4,0.9,
1.9,1.4,1,
1.9,1.4,1.1,
1.9,1.4,1.2,1.059863787
1.9,1.4,1.3,
1.9,1.4,1.4,
1.9,1.4,1.5,
1.9,1.4,1.6,
1.9,1.4,1.7,
1.9,1.4,1.8,
1.9,1.4,1.9,
1.9,1.4,2,
1.9,1.4,2.1,
1.9,1.4,2.2,
1.9,1.4,2.3,
1.9,1.4,2.4,
1.9,1.4,2.5,
1.9,1.4,2.6,
1.9,1.4,2.7,
1.9,1.4,2.8,
1.9,1.4,2.9,
1.9,1.4,3,
1.9,1.4,3.1,
1.9,1.4,3.2,
1.9,1.4,3.3,
1.9,1.4,3.4,
1.9,1.4,3.5,
1.9,1.4,3.6,
2,1.4,0,
2,1.4,0.1,
2,1.4,0.2,
2,1.4,0.3,
2,1.4,0.4,
2,1.4,0.5,
2,1.4,0.6,
2,1.4,0.7,
2,1.4,0.8,1.107088501
2,1.4,0.9,
2,1.4,1,
2,1.4,1.1,
2,1.4,1.2,
2,1.4,1.3,
2,1.4,1.4,
2,1.4,1.5,
2,1.4,1.6,
2,1.4,1.7,
2,1.4,1.8,
2,1.4,1.9,
2,1.4,2,
2,1.4,2.1,
2,1.4,2.2,
2,1.4,2.3,
2,1.4,2.4,
2,1.4,2.5,
2,1.4,2.6,
2,1.4,2.7,
2,1.4,2.8,
2,1.4,2.9,
2,1.4,3,
2,1.4,3.1,
2,1.4,3.2,
2,1.4,3.3,
2,1.4,3.4,
2,1.4,3.5,
2,1.4,3.6,
2.1,1.4,0,
2.1,1.4,0.1,
2.1,1.4,0.2,
2.1,1.4,0.3,
2.1,1.4,0.4,
2.1,1.4,0.5,
2.1,1.4,0.6,
2.1,1.4,0.7,
2.1,1.4,0.8,
2.1,1.4,0.9,
2.1,1.4,1,
2.1,1.4,1.1,
2.1,1.4,1.2,
2.1,1.4,1.3,
2.1,1.4,1.4,
2.1,1.4,1.5,
2.1,1.4,1.6,
2.1,1.4,1.7,
2.1,1.4,1.8,
2.1,1.4,1.9,
2.1,1.4,2,
2.1,1.4,2.1,
2.1,1.4,2.2,
2.1,1.4,2.3,
2.1,1.4,2.4,
2.1,1.4,2.5,
2.1,1.4,2.6,
2.1,1.4,2.7,
2.1,1.4,2.8,
2.1,1.4,2.9,1.082220626
2.1,1.4,3,
2.1,1.4,3.1,
2.1,1.4,3.2,
2.1,1.4,3.3,
2.1,1.4,3.4,
2.1,1.4,3.5,
2.1,1.4,3.6,
2.2,1.4,0,
2.2,1.4,0.1,
2.2,1.4,0.2,
2.2,1.4,0.3,
2.2,1.4,0.4,
2.2,1.4,0.5,
2.2,1.4,0.6,
2.2,1.4,0.7,
2.2,1.4,0.8,
2.2,1.4,0.9,
2.2,1.4,1,
2.2,1.4,1.1,
2.2,1.4,1.2,
2.2,1.4,1.3,
2.2,1.4,1.4,
2.2,1.4,1.5,
2.2,1.4,1.6,
2.2,1.4,1.7,
2.2,1.4,1.8,
2.2,1.4,1.9,
2.2,1.4,2,
2.2,1.4,2.1,
2.2,1.4,2.2,
2.2,1.4,2.3,
2.2,1.4,2.4,
2.2,1.4,2.5,
2.2,1.4,2.6,
2.2,1.4,2.7,
2.2,1.4,2.8,
2.2,1.4,2.9,
2.2,1.4,3,
2.2,1.4,3.1,
2.2,1.4,3.2,
2.2,1.4,3.3,
2.2,1.4,3.4,
2.2,1.4,3.5,
2.2,1.4,3.6,
2.3,1.4,0,
2.3,1.4,0.1,
2.3,1.4,0.2,
2.3,1.4,0.3,
2.3,1.4,0.4,
2.3,1.4,0.5,
2.3,1.4,0.6,
2.3,1.4,0.7,
2.3,1.4,0.8,
2.3,1.4,0.9,
2.3,1.4,1,
2.3,1.4,1.1,
2.3,1.4,1.2,
2.3,1.4,1.3,
2.3,1.4,1.4,
2.3,1.4,1.5,
2.3,1.4,1.6,
2.3,1.4,1.7,
2.3,1.4,1.8,
2.3,1.4,1.9,
2.3,1.4,2,1.044537737
2.3,1.4,2.1,
2.3,1.4,2.2,
2.3,1.4,2.3,
2.3,1.4,2.4,
2.3,1.4,2.5,
2.3,1.4,2.6,
2.3,1.4,2.7,
2.3,1.4,2.8,
2.3,1.4,2.9,
2.3,1.4,3,
2.3,1.4,3.1,
2.3,1.4,3.2,1.026172745
2.3,1.4,3.3,
2.3,1.4,3.4,
2.3,1.4,3.5,
2.3,1.4,3.6,
2.4,1.4,0,
2.4,1.4,0.1,
2.4,1.4,0.2,
2.4,1.4,0.3,
2.4,1.4,0.4,
2.4,1.4,0.5,
2.4,1.4,0.6,
2.4,1.4,0.7,
2.4,1.4,0.8,
2.4,1.4,0.9,
2.4,1.4,1,
2.4,1.4,1.1,
2.4,1.4,1.2,
2.4,1.4,1.3,1.092547345
2.4,1.4,1.4,
2.4,1.4,1.5,
2.4,1.4,1.6,
2.4,1.4,1.7,
2.4,1.4,1.8,
2.4,1.4,1.9,
2.4,1.4,2,
2.4,1.4,2.1,
2.4,1.4,2.2,
2.4,1.4,2.3,
2.4,1.4,2.4,
2.4,1.4,2.5,
2.4,1.4,2.6,
2.4,1.4,2.7,
2.4,1.4,2.8,
2.4,1.4,2.9,
2.4,1.4,3,
2.4,1.4,3.1,
2.4,1.4,3.2,
2.4,1.4,3.3,
2.4,1.4,3.4,
2.4,1.4,3.5,
2.4,1.4,3.6,
2.5,1.4,0,
2.5,1.4,0.1,
2.5,1.4,0.2,
2.5,1.4,0.3,
2.5,1.4,0.4,
2.5,1.4,0.5,
2.5,1.4,0.6,
2.5,1.4,0.7,
2.5,1.4,0.8,
2.5,1.4,0.9,
2.5,1.4,1,
2.5,1.4,1.1,
2.5,1.4,1.2,
2.5,1.4,1.3,
2.5,1.4,1.4,
2.5,1.4,1.5,
2.5,1.4,1.6,
2.5,1.4,1.7,
2.5,1.4,1.8,
2.5,1.4,1.9,
2.5,1.4,2,
2.5,1.4,2.1,
2.5,1.4,2.2,1.091823855
2.5,1.4,2.3,
2.5,1.4,2.4,
2.5,1.4,2.5,
2.5,1.4,2.6,
2.5,1.4,2.7,
2.5,1.4,2.8,
2.5,1.4,2.9,
2.5,1.4,3,
2.5,1.4,3.1,
2.5,1.4,3.2,
2.5,1.4,3.3,
2.5,1.4,3.4,
2.5,1.4,3.5,
2.5,1.4,3.6,
2.6,1.4,0,
2.6,1.4,0.1,
2.6,1.4,0.2,
2.6,1.4,0.3,
2.6,1.4,0.4,
2.6,1.4,0.5,
2.6,1.4,0.6,
2.6,1.4,0.7,
2.6,1.4,0.8,
2.6,1.4,0.9,
2.6,1.4,1,
2.6,1.4,1.1,
2.6,1.4,1.2,
2.6,1.4,1.3,
2.6,1.4,1.4,
2.6,1.4,1.5,
2.6,1.4,1.6,
2.6,1.4,1.7,
2.6,1.4,1.8,
2.6,1.4,1.9,
2.6,1.4,2,
2.6,1.4,2.1,
2.6,1.4,2.2,
2.6,1.4,2.3,
2.6,1.4,2.4,
2.6,1.4,2.5,
2.6,1.4,2.6,
2.6,1.4,2.7,
2.6,1.4,2.8,
2.6,1.4,2.9,
2.6,1.4,3,
2.6,1.4,3.1,
2.6,1.4,3.2,
2.6,1.4,3.3,
2.6,1.4,3.4,
2.6,1.4,3.5,
2.6,1.4,3.6,
2.7,1.4,0,
2.7,1.4,0.1,
2.7,1.4,0.2,
2.7,1.4,0.3,
2.7,1.4,0.4,
2.7,1.4,0.5,
2.7,1.4,0.6,
2.7,1.4,0.7,
2.7,1.4,0.8,
2.7,1.4,0.9,
2.7,1.4,1,
2.7,1.4,1.1,
2.7,1.4,1.2,
2.7,1.4,1.3,
2.7,1.4,1.4,
2.7,1.4,1.5,
2.7,1.4,1.6,
2.7,1.4,1.7,
2.7,1.4,1.8,
2.7,1.4,1.9,
2.7,1.4,2,
2.7,1.4,2.1,
2.7,1.4,2.2,
2.7,1.4,2.3,
2.7,1.4,2.4,
2.7,1.4,2.5,
2.7,1.4,2.6,
2.7,1.4,2.7,1.121805909
2.7,1.4,2.8,
2.7,1.4,2.9,
2.7,1.4,3,
2.7,1.4,3.1,
2.7,1.4,3.2,
2.7,1.4,3.3,
2.7,1.4,3.4,
2.7,1.4,3.5,
2.7,1.4,3.6,
2.8,1.4,0,
2.8,1.4,0.1,
2.8,1.4,0.2,
2.8,1.4,0.3,
2.8,1.4,0.4,1.033324068
2.8,1.4,0.5,
2.8,1.4,0.6,
2.8,1.4,0.7,
2.8,1.4,0.8,
2.8,1.4,0.9,
2.8,1.4,1,
2.8,1.4,1.1,
2.8,1.4,1.2,
2.8,1.4,1.3,
2.8,1.4,1.4,
2.8,1.4,1.5,
2.8,1.4,1.6,
2.8,1.4,1.7,
2.8,1.4,1.8,
2.8,1.4,1.9,
2.8,1.4,2,
2.8,1.4,2.1,
2.8,1.4,2.2,
2.8,1.4,2.3,
2.8,1.4,2.4,
2.8,1.4,2.5,
2.8,1.4,2.6,
2.8,1.4,2.7,
2.8,1.4,2.8,
2.8,1.4,2.9,
2.8,1.4,3,
2.8,1.4,3.1,
2.8,1.4,3.2,
2.8,1.4,3.3,
2.8,1.4,3.4,
2.8,1.4,3.5,
2.8,1.4,3.6,1.010054125
2.9,1.4,0,
2.9,1.4,0.1,
2.9,1.4,0.2,
2.9,1.4,0.3,
2.9,1.4,0.4,
2.9,1.4,0.5,
2.9,1.4,0.6,
2.9,1.4,0.7,
2.9,1.4,0.8,
2.9,1.4,0.9,
2.9,1.4,1,
2.9,1.4,1.1,
2.9,1.4,1.2,
2.9,1.4,1.3,
2.9,1.4,1.4,
2.9,1.4,1.5,
2.9,1.4,1.6,
2.9,1.4,1.7,
2.9,1.4,1.8,
2.9,1.4,1.9,
2.9,1.4,2,
2.9,1.4,2.1,
2.9,1.4,2.2,
2.9,1.4,2.3,
2.9,1.4,2.4,1.208665655
2.9,1.4,2.5,
2.9,1.4,2.6,
2.9,1.4,2.7,
2.9,1.4,2.8,
2.9,1.4,2.9,1.090158833
2.9,1.4,3,
2.9,1.4,3.1,
2.9,1.4,3.2,
2.9,1.4,3.3,
2.9,1.4,3.4,
2.9,1.4,3.5,
2.9,1.4,3.6,1.016475135
3,1.4,0,
3,1.4,0.1,
3,1.4,0.2,
3,1.4,0.3,
3,1.4,0.4,
3,1.4,0.5,
3,1.4,0.6,
3,1.4,0.7,
3,1.4,0.8,
3,1.4,0.9,
3,1.4,1,1.094036114
3,1.4,1.1,
3,1.4,1.2,
3,1.4,1.3,
3,1.4,1.4,
3,1.4,1.5,
3,1.4,1.6,
3,1.4,1.7,
3,1.4,1.8,
3,1.4,1.9,
3,1.4,2,
3,1.4,2.1,
3,1.4,2.2,
3,1.4,2.3,
3,1.4,2.4,
3,1.4,2.5,
3,1.4,2.6,
3,1.4,2.7,
3,1.4,2.8,
3,1.4,2.9,
3,1.4,3,
3,1.4,3.1,
3,1.4,3.2,
3,1.4,3.3,
3,1.4,3.4,
3,1.4,3.5,1.026664263
3,1.4,3.6,
3.1,1.4,0,
3.1,1.4,0.1,
3.1,1.4,0.2,
3.1,1.4,0.3,
3.1,1.4,0.4,
3.1,1.4,0.5,
3.1,1.4,0.6,
3.1,1.4,0.7,
3.1,1.4,0.8,
3.1,1.4,0.9,
3.1,1.4,1,
3.1,1.4,1.1,
3.1,1.4,1.2,
3.1,1.4,1.3,
3.1,1.4,1.4,
3.1,1.4,1.5,1.013873129
3.1,1.4,1.6,
3.1,1.4,1.7,
3.1,1.4,1.8,
3.1,1.4,1.9,
3.1,1.4,2,
3.1,1.4,2.1,
3.1,1.4,2.2,
3.1,1.4,2.3,
3.1,1.4,2.4,
3.1,1.4,2.5,
3.1,1.4,2.6,
3.1,1.4,2.7,
3.1,1.4,2.8,
3.1,1.4,2.9,
3.1,1.4,3,
3.1,1.4,3.1,
3.1,1.4,3.2,
3.1,1.4,3.3,
3.1,1.4,3.4,
3.1,1.4,3.5,1.03681871
3.1,1.4,3.6,
3.2,1.4,0,
3.2,1.4,0.1,
3.2,1.4,0.2,
3.2,1.4,0.3,
3.2,1.4,0.4,
3.2,1.4,0.5,
3.2,1.4,0.6,
3.2,1.4,0.7,
3.2,1.4,0.8,
3.2,1.4,0.9,
3.2,1.4,1,
3.2,1.4,1.1,
3.2,1.4,1.2,
3.2,1.4,1.3,
3.2,1.4,1.4,
3.2,1.4,1.5,1.013794952
3.2,1.4,1.6,
3.2,1.4,1.7,
3.2,1.4,1.8,
3.2,1.4,1.9,
3.2,1.4,2,
3.2,1.4,2.1,
3.2,1.4,2.2,
3.2,1.4,2.3,
3.2,1.4,2.4,
3.2,1.4,2.5,1.065241209
3.2,1.4,2.6,
3.2,1.4,2.7,
3.2,1.4,2.8,
3.2,1.4,2.9,
3.2,1.4,3,
3.2,1.4,3.1,
3.2,1.4,3.2,
3.2,1.4,3.3,
3.2,1.4,3.4,
3.2,1.4,3.5,1.04890142
3.2,1.4,3.6,
3.3,1.4,0,
3.3,1.4,0.1,1.062423436
3.3,1.4,0.2,
3.3,1.4,0.3,
3.3,1.4,0.4,
3.3,1.4,0.5,
3.3,1.4,0.6,
3.3,1.4,0.7,
3.3,1.4,0.8,
3.3,1.4,0.9,
3.3,1.4,1,
3.3,1.4,1.1,
3.3,1.4,1.2,
3.3,1.4,1.3,
3.3,1.4,1.4,
3.3,1.4,1.5,
3.3,1.4,1.6,
3.3,1.4,1.7,
3.3,1.4,1.8,
3.3,1.4,1.9,
3.3,1.4,2,
3.3,1.4,2.1,
3.3,1.4,2.2,
3.3,1.4,2.3,
3.3,1.4,2.4,
3.3,1.4,2.5,1.064991897
3.3,1.4,2.6,
3.3,1.4,2.7,
3.3,1.4,2.8,
3.3,1.4,2.9,
3.3,1.4,3,
3.3,1.4,3.1,
3.3,1.4,3.2,
3.3,1.4,3.3,
3.3,1.4,3.4,
3.3,1.4,3.5,
3.3,1.4,3.6,
3.4,1.4,0,
3.4,1.4,0.1,
3.4,1.4,0.2,
3.4,1.4,0.3,
3.4,1.4,0.4,
3.4,1.4,0.5,
3.4,1.4,0.6,
3.4,1.4,0.7,
3.4,1.4,0.8,
3.4,1.4,0.9,
3.4,1.4,1,
3.4,1.4,1.1,
3.4,1.4,1.2,
3.4,1.4,1.3,
3.4,1.4,1.4,
3.4,1.4,1.5,
3.4,1.4,1.6,
3.4,1.4,1.7,
3.4,1.4,1.8,
3.4,1.4,1.9,
3.4,1.4,2,
3.4,1.4,2.1,
3.4,1.4,2.2,
3.4,1.4,2.3,
3.4,1.4,2.4,
3.4,1.4,2.5,
3.4,1.4,2.6,
3.4,1.4,2.7,
3.4,1.4,2.8,
3.4,1.4,2.9,
3.4,1.4,3,
3.4,1.4,3.1,
3.4,1.4,3.2,
3.4,1.4,3.3,
3.4,1.4,3.4,
3.4,1.4,3.5,
3.4,1.4,3.6,1.076742569
3.5,1.4,0,
3.5,1.4,0.1,
3.5,1.4,0.2,
3.5,1.4,0.3,
3.5,1.4,0.4,
3.5,1.4,0.5,
3.5,1.4,0.6,
3.5,1.4,0.7,
3.5,1.4,0.8,
3.5,1.4,0.9,
3.5,1.4,1,
3.5,1.4,1.1,
3.5,1.4,1.2,
3.5,1.4,1.3,
3.5,1.4,1.4,1.033251292
3.5,1.4,1.5,
3.5,1.4,1.6,
3.5,1.4,1.7,
3.5,1.4,1.8,
3.5,1.4,1.9,
3.5,1.4,2,
3.5,1.4,2.1,
3.5,1.4,2.2,
3.5,1.4,2.3,
3.5,1.4,2.4,
3.5,1.4,2.5,
3.5,1.4,2.6,
3.5,1.4,2.7,1.216876486
3.5,1.4,2.8,
3.5,1.4,2.9,
3.5,1.4,3,
3.5,1.4,3.1,
3.5,1.4,3.2,
3.5,1.4,3.3,
3.5,1.4,3.4,
3.5,1.4,3.5,
3.5,1.4,3.6,
3.6,1.4,0,
3.6,1.4,0.1,
3.6,1.4,0.2,
3.6,1.4,0.3,
3.6,1.4,0.4,
3.6,1.4,0.5,
3.6,1.4,0.6,
3.6,1.4,0.7,
3.6,1.4,0.8,
3.6,1.4,0.9,
3.6,1.4,1,
3.6,1.4,1.1,
3.6,1.4,1.2,
3.6,1.4,1.3,
3.6,1.4,1.4,
3.6,1.4,1.5,
3.6,1.4,1.6,
3.6,1.4,1.7,
3.6,1.4,1.8,
3.6,1.4,1.9,
3.6,1.4,2,
3.6,1.4,2.1,
3.6,1.4,2.2,
3.6,1.4,2.3,
3.6,1.4,2.4,
3.6,1.4,2.5,
3.6,1.4,2.6,
3.6,1.4,2.7,
3.6,1.4,2.8,
3.6,1.4,2.9,
3.6,1.4,3,
3.6,1.4,3.1,1.052562934
3.6,1.4,3.2,
3.6,1.4,3.3,
3.6,1.4,3.4,
3.6,1.4,3.5,
3.6,1.4,3.6,
3.7,1.4,0,
3.7,1.4,0.1,
3.7,1.4,0.2,
3.7,1.4,0.3,
3.7,1.4,0.4,
3.7,1.4,0.5,
3.7,1.4,0.6,
3.7,1.4,0.7,
3.7,1.4,0.8,
3.7,1.4,0.9,
3.7,1.4,1,
3.7,1.4,1.1,
3.7,1.4,1.2,
3.7,1.4,1.3,
3.7,1.4,1.4,
3.7,1.4,1.5,
3.7,1.4,1.6,
3.7,1.4,1.7,
3.7,1.4,1.8,
3.7,1.4,1.9,
3.7,1.4,2,
3.7,1.4,2.1,
3.7,1.4,2.2,1.047236114
3.7,1.4,2.3,
3.7,1.4,2.4,
3.7,1.4,2.5,
3.7,1.4,2.6,
3.7,1.4,2.7,
3.7,1.4,2.8,
3.7,1.4,2.9,
3.7,1.4,3,
3.7,1.4,3.1,
3.7,1.4,3.2,
3.7,1.4,3.3,
3.7,1.4,3.4,
3.7,1.4,3.5,
3.7,1.4,3.6,
3.8,1.4,0,
3.8,1.4,0.1,
3.8,1.4,0.2,
3.8,1.4,0.3,
3.8,1.4,0.4,
3.8,1.4,0.5,
3.8,1.4,0.6,
3.8,1.4,0.7,
3.8,1.4,0.8,
3.8,1.4,0.9,
3.8,1.4,1,
3.8,1.4,1.1,
3.8,1.4,1.2,
3.8,1.4,1.3,
3.8,1.4,1.4,
3.8,1.4,1.5,
3.8,1.4,1.6,
3.8,1.4,1.7,
3.8,1.4,1.8,
3.8,1.4,1.9,
3.8,1.4,2,
3.8,1.4,2.1,
3.8,1.4,2.2,
3.8,1.4,2.3,
3.8,1.4,2.4,
3.8,1.4,2.5,
3.8,1.4,2.6,
3.8,1.4,2.7,1.134103251
3.8,1.4,2.8,
3.8,1.4,2.9,
3.8,1.4,3,
3.8,1.4,3.1,
3.8,1.4,3.2,
3.8,1.4,3.3,
3.8,1.4,3.4,
3.8,1.4,3.5,
3.8,1.4,3.6,
3.9,1.4,0,
3.9,1.4,0.1,
3.9,1.4,0.2,
3.9,1.4,0.3,
3.9,1.4,0.4,
3.9,1.4,0.5,
3.9,1.4,0.6,
3.9,1.4,0.7,
3.9,1.4,0.8,
3.9,1.4,0.9,
3.9,1.4,1,1.13839359
3.9,1.4,1.1,
3.9,1.4,1.2,
3.9,1.4,1.3,
3.9,1.4,1.4,
3.9,1.4,1.5,
3.9,1.4,1.6,
3.9,1.4,1.7,
3.9,1.4,1.8,
3.9,1.4,1.9,
3.9,1.4,2,
3.9,1.4,2.1,
3.9,1.4,2.2,
3.9,1.4,2.3,
3.9,1.4,2.4,
3.9,1.4,2.5,
3.9,1.4,2.6,
3.9,1.4,2.7,
3.9,1.4,2.8,
3.9,1.4,2.9,
3.9,1.4,3,
3.9,1.4,3.1,
3.9,1.4,3.2,
3.9,1.4,3.3,
3.9,1.4,3.4,
3.9,1.4,3.5,
3.9,1.4,3.6,
4,1.4,0,1.000382669
4,1.4,0.1,
4,1.4,0.2,
4,1.4,0.3,
4,1.4,0.4,
4,1.4,0.5,
4,1.4,0.6,1.050895922
4,1.4,0.7,
4,1.4,0.8,
4,1.4,0.9,
4,1.4,1,1.138076334
4,1.4,1.1,
4,1.4,1.2,
4,1.4,1.3,
4,1.4,1.4,
4,1.4,1.5,
4,1.4,1.6,
4,1.4,1.7,
4,1.4,1.8,
4,1.4,1.9,
4,1.4,2,
4,1.4,2.1,
4,1.4,2.2,
4,1.4,2.3,
4,1.4,2.4,
4,1.4,2.5,
4,1.4,2.6,
4,1.4,2.7,
4,1.4,2.8,
4,1.4,2.9,
4,1.4,3,
4,1.4,3.1,
4,1.4,3.2,
4,1.4,3.3,
4,1.4,3.4,
4,1.4,3.5,
4,1.4,3.6,
4.1,1.4,0,
4.1,1.4,0.1,
4.1,1.4,0.2,
4.1,1.4,0.3,
4.1,1.4,0.4,
4.1,1.4,0.5,
4.1,1.4,0.6,
4.1,1.4,0.7,
4.1,1.4,0.8,
4.1,1.4,0.9,
4.1,1.4,1,
4.1,1.4,1.1,
4.1,1.4,1.2,
4.1,1.4,1.3,
4.1,1.4,1.4,
4.1,1.4,1.5,
4.1,1.4,1.6,
4.1,1.4,1.7,
4.1,1.4,1.8,
4.1,1.4,1.9,
4.1,1.4,2,
4.1,1.4,2.1,
4.1,1.4,2.2,
4.1,1.4,2.3,
4.1,1.4,2.4,
4.1,1.4,2.5,
4.1,1.4,2.6,
4.1,1.4,2.7,
4.1,1.4,2.8,
4.1,1.4,2.9,
4.1,1.4,3,
4.1,1.4,3.1,
4.1,1.4,3.2,
4.1,1.4,3.3,
4.1,1.4,3.4,
4.1,1.4,3.5,
4.1,1.4,3.6,
4.2,1.4,0,
4.2,1.4,0.1,
4.2,1.4,0.2,
4.2,1.4,0.3,
4.2,1.4,0.4,
4.2,1.4,0.5,
4.2,1.4,0.6,
4.2,1.4,0.7,
4.2,1.4,0.8,
4.2,1.4,0.9,
4.2,1.4,1,
4.2,1.4,1.1,
4.2,1.4,1.2,
4.2,1.4,1.3,
4.2,1.4,1.4,
4.2,1.4,1.5,
4.2,1.4,1.6,
4.2,1.4,1.7,
4.2,1.4,1.8,
4.2,1.4,1.9,
4.2,1.4,2,
4.2,1.4,2.1,
4.2,1.4,2.2,
4.2,1.4,2.3,
4.2,1.4,2.4,
4.2,1.4,2.5,
4.2,1.4,2.6,
4.2,1.4,2.7,
4.2,1.4,2.8,
4.2,1.4,2.9,
4.2,1.4,3,
4.2,1.4,3.1,
4.2,1.4,3.2,
4.2,1.4,3.3,
4.2,1.4,3.4,
4.2,1.4,3.5,
4.2,1.4,3.6,
4.3,1.4,0,
4.3,1.4,0.1,
4.3,1.4,0.2,
4.3,1.4,0.3,
4.3,1.4,0.4,
4.3,1.4,0.5,
4.3,1.4,0.6,
4.3,1.4,0.7,
4.3,1.4,0.8,
4.3,1.4,0.9,
4.3,1.4,1,
4.3,1.4,1.1,
4.3,1.4,1.2,
4.3,1.4,1.3,
4.3,1.4,1.4,
4.3,1.4,1.5,
4.3,1.4,1.6,
4.3,1.4,1.7,
4.3,1.4,1.8,
4.3,1.4,1.9,
4.3,1.4,2,
4.3,1.4,2.1,
4.3,1.4,2.2,
4.3,1.4,2.3,
4.3,1.4,2.4,
4.3,1.4,2.5,
4.3,1.4,2.6,
4.3,1.4,2.7,
4.3,1.4,2.8,
4.3,1.4,2.9,
4.3,1.4,3,1.058096141
4.3,1.4,3.1,
4.3,1.4,3.2,
4.3,1.4,3.3,
4.3,1.4,3.4,
4.3,1.4,3.5,
4.3,1.4,3.6,
4.4,1.4,0,
4.4,1.4,0.1,
4.4,1.4,0.2,
4.4,1.4,0.3,
4.4,1.4,0.4,
4.4,1.4,0.5,
4.4,1.4,0.6,
4.4,1.4,0.7,
4.4,1.4,0.8,
4.4,1.4,0.9,
4.4,1.4,1,
4.4,1.4,1.1,
4.4,1.4,1.2,
4.4,1.4,1.3,
4.4,1.4,1.4,
4.4,1.4,1.5,
4.4,1.4,1.6,
4.4,1.4,1.7,
4.4,1.4,1.8,
4.4,1.4,1.9,
4.4,1.4,2,
4.4,1.4,2.1,
4.4,1.4,2.2,
4.4,1.4,2.3,1.047418621
4.4,1.4,2.4,
4.4,1.4,2.5,
4.4,1.4,2.6,
4.4,1.4,2.7,
4.4,1.4,2.8,
4.4,1.4,2.9,
4.4,1.4,3,
4.4,1.4,3.1,
4.4,1.4,3.2,
4.4,1.4,3.3,
4.4,1.4,3.4,1.016303715
4.4,1.4,3.5,
4.4,1.4,3.6,
4.5,1.4,0,
4.5,1.4,0.1,
4.5,1.4,0.2,
4.5,1.4,0.3,1.028920302
4.5,1.4,0.4,
4.5,1.4,0.5,
4.5,1.4,0.6,
4.5,1.4,0.7,
4.5,1.4,0.8,
4.5,1.4,0.9,
4.5,1.4,1,1.097058853
4.5,1.4,1.1,
4.5,1.4,1.2,
4.5,1.4,1.3,
4.5,1.4,1.4,
4.5,1.4,1.5,
4.5,1.4,1.6,
4.5,1.4,1.7,
4.5,1.4,1.8,
4.5,1.4,1.9,
4.5,1.4,2,
4.5,1.4,2.1,
4.5,1.4,2.2,
4.5,1.4,2.3,
4.5,1.4,2.4,
4.5,1.4,2.5,
4.5,1.4,2.6,1.093890279
4.5,1.4,2.7,
4.5,1.4,2.8,1.21785071
4.5,1.4,2.9,
4.5,1.4,3,
4.5,1.4,3.1,
4.5,1.4,3.2,
4.5,1.4,3.3,
4.5,1.4,3.4,
4.5,1.4,3.5,
4.5,1.4,3.6,
4.6,1.4,0,
4.6,1.4,0.1,
4.6,1.4,0.2,
4.6,1.4,0.3,
4.6,1.4,0.4,
4.6,1.4,0.5,
4.6,1.4,0.6,
4.6,1.4,0.7,
4.6,1.4,0.8,
4.6,1.4,0.9,
4.6,1.4,1,
4.6,1.4,1.1,
4.6,1.4,1.2,
4.6,1.4,1.3,
4.6,1.4,1.4,
4.6,1.4,1.5,
4.6,1.4,1.6,
4.6,1.4,1.7,
4.6,1.4,1.8,
4.6,1.4,1.9,
4.6,1.4,2,
4.6,1.4,2.1,
4.6,1.4,2.2,
4.6,1.4,2.3,
4.6,1.4,2.4,
4.6,1.4,2.5,
4.6,1.4,2.6,
4.6,1.4,2.7,
4.6,1.4,2.8,
4.6,1.4,2.9,
4.6,1.4,3,
4.6,1.4,3.1,
4.6,1.4,3.2,
4.6,1.4,3.3,
4.6,1.4,3.4,
4.6,1.4,3.5,
4.6,1.4,3.6,
4.7,1.4,0,
4.7,1.4,0.1,
4.7,1.4,0.2,
4.7,1.4,0.3,
4.7,1.4,0.4,
4.7,1.4,0.5,
4.7,1.4,0.6,
4.7,1.4,0.7,
4.7,1.4,0.8,
4.7,1.4,0.9,
4.7,1.4,1,
4.7,1.4,1.1,
4.7,1.4,1.2,
4.7,1.4,1.3,
4.7,1.4,1.4,
4.7,1.4,1.5,
4.7,1.4,1.6,
4.7,1.4,1.7,
4.7,1.4,1.8,
4.7,1.4,1.9,
4.7,1.4,2,
4.7,1.4,2.1,
4.7,1.4,2.2,
4.7,1.4,2.3,
4.7,1.4,2.4,
4.7,1.4,2.5,
4.7,1.4,2.6,
4.7,1.4,2.7,
4.7,1.4,2.8,
4.7,1.4,2.9,
4.7,1.4,3,
4.7,1.4,3.1,
4.7,1.4,3.2,
4.7,1.4,3.3,
4.7,1.4,3.4,
4.7,1.4,3.5,
4.7,1.4,3.6,
4.8,1.4,0,
4.8,1.4,0.1,
4.8,1.4,0.2,
4.8,1.4,0.3,
4.8,1.4,0.4,
4.8,1.4,0.5,
4.8,1.4,0.6,
4.8,1.4,0.7,
4.8,1.4,0.8,
4.8,1.4,0.9,
4.8,1.4,1,
4.8,1.4,1.1,
4.8,1.4,1.2,
4.8,1.4,1.3,
4.8,1.4,1.4,
4.8,1.4,1.5,
4.8,1.4,1.6,
4.8,1.4,1.7,
4.8,1.4,1.8,
4.8,1.4,1.9,
4.8,1.4,2,1.006839498
4.8,1.4,2.1,
4.8,1.4,2.2,
4.8,1.4,2.3,
4.8,1.4,2.4,
4.8,1.4,2.5,
4.8,1.4,2.6,
4.8,1.4,2.7,
4.8,1.4,2.8,1.158577399
4.8,1.4,2.9,
4.8,1.4,3,
4.8,1.4,3.1,
4.8,1.4,3.2,
4.8,1.4,3.3,
4.8,1.4,3.4,
4.8,1.4,3.5,
4.8,1.4,3.6,1.058278932
4.9,1.4,0,
4.9,1.4,0.1,
4.9,1.4,0.2,
4.9,1.4,0.3,
4.9,1.4,0.4,
4.9,1.4,0.5,
4.9,1.4,0.6,
4.9,1.4,0.7,
4.9,1.4,0.8,
4.9,1.4,0.9,
4.9,1.4,1,
4.9,1.4,1.1,
4.9,1.4,1.2,
4.9,1.4,1.3,
4.9,1.4,1.4,
4.9,1.4,1.5,1.013706826
4.9,1.4,1.6,
4.9,1.4,1.7,
4.9,1.4,1.8,
4.9,1.4,1.9,
4.9,1.4,2,
4.9,1.4,2.1,
4.9,1.4,2.2,
4.9,1.4,2.3,
4.9,1.4,2.4,
4.9,1.4,2.5,
4.9,1.4,2.6,
4.9,1.4,2.7,
4.9,1.4,2.8,
4.9,1.4,2.9,
4.9,1.4,3,
4.9,1.4,3.1,
4.9,1.4,3.2,
4.9,1.4,3.3,
4.9,1.4,3.4,
4.9,1.4,3.5,
4.9,1.4,3.6,
5,1.4,0,
5,1.4,0.1,
5,1.4,0.2,
5,1.4,0.3,
5,1.4,0.4,
5,1.4,0.5,
5,1.4,0.6,
5,1.4,0.7,
5,1.4,0.8,
5,1.4,0.9,
5,1.4,1,
5,1.4,1.1,
5,1.4,1.2,
5,1.4,1.3,
5,1.4,1.4,
5,1.4,1.5,
5,1.4,1.6,
5,1.4,1.7,
5,1.4,1.8,
5,1.4,1.9,
5,1.4,2,
5,1.4,2.1,
5,1.4,2.2,
5,1.4,2.3,
5,1.4,2.4,
5,1.4,2.5,
5,1.4,2.6,
5,1.4,2.7,
5,1.4,2.8,
5,1.4,2.9,
5,1.4,3,
5,1.4,3.1,
5,1.4,3.2,
5,1.4,3.3,
5,1.4,3.4,
5,1.4,3.5,
5,1.4,3.6,
5.1,1.4,0,1.023108501
5.1,1.4,0.1,
5.1,1.4,0.2,
5.1,1.4,0.3,
5.1,1.4,0.4,
5.1,1.4,0.5,
5.1,1.4,0.6,
5.1,1.4,0.7,
5.1,1.4,0.8,
5.1,1.4,0.9,
5.1,1.4,1,
5.1,1.4,1.1,
5.1,1.4,1.2,
5.1,1.4,1.3,
5.1,1.4,1.4,
5.1,1.4,1.5,
5.1,1.4,1.6,
5.1,1.4,1.7,
5.1,1.4,1.8,
5.1,1.4,1.9,
5.1,1.4,2,
5.1,1.4,2.1,
5.1,1.4,2.2,
5.1,1.4,2.3,
5.1,1.4,2.4,
5.1,1.4,2.5,
5.1,1.4,2.6,
5.1,1.4,2.7,
5.1,1.4,2.8,
5.1,1.4,2.9,
5.1,1.4,3,1.078860448
5.1,1.4,3.1,
5.1,1.4,3.2,
5.1,1.4,3.3,
5.1,1.4,3.4,
5.1,1.4,3.5,
5.1,1.4,3.6,1.023141762
5.2,1.4,0,
5.2,1.4,0.1,
5.2,1.4,0.2,
5.2,1.4,0.3,
5.2,1.4,0.4,
5.2,1.4,0.5,
5.2,1.4,0.6,
5.2,1.4,0.7,
5.2,1.4,0.8,
5.2,1.4,0.9,
5.2,1.4,1,
5.2,1.4,1.1,
5.2,1.4,1.2,
5.2,1.4,1.3,
5.2,1.4,1.4,
5.2,1.4,1.5,
5.2,1.4,1.6,
5.2,1.4,1.7,
5.2,1.4,1.8,
5.2,1.4,1.9,
5.2,1.4,2,
5.2,1.4,2.1,
5.2,1.4,2.2,
5.2,1.4,2.3,
5.2,1.4,2.4,
5.2,1.4,2.5,
5.2,1.4,2.6,
5.2,1.4,2.7,
5.2,1.4,2.8,
5.2,1.4,2.9,
5.2,1.4,3,
5.2,1.4,3.1,
5.2,1.4,3.2,
5.2,1.4,3.3,
5.2,1.4,3.4,
5.2,1.4,3.5,
5.2,1.4,3.6,
5.3,1.4,0,
5.3,1.4,0.1,
5.3,1.4,0.2,
5.3,1.4,0.3,
5.3,1.4,0.4,
5.3,1.4,0.5,
5.3,1.4,0.6,
5.3,1.4,0.7,
5.3,1.4,0.8,
5.3,1.4,0.9,
5.3,1.4,1,
5.3,1.4,1.1,
5.3,1.4,1.2,
5.3,1.4,1.3,
5.3,1.4,1.4,
5.3,1.4,1.5,
5.3,1.4,1.6,
5.3,1.4,1.7,
5.3,1.4,1.8,
5.3,1.4,1.9,
5.3,1.4,2,
5.3,1.4,2.1,
5.3,1.4,2.2,
5.3,1.4,2.3,
5.3,1.4,2.4,1.180510946
5.3,1.4,2.5,
5.3,1.4,2.6,
5.3,1.4,2.7,
5.3,1.4,2.8,
5.3,1.4,2.9,
5.3,1.4,3,
5.3,1.4,3.1,
5.3,1.4,3.2,
5.3,1.4,3.3,
5.3,1.4,3.4,
5.3,1.4,3.5,
5.3,1.4,3.6,
5.4,1.4,0,
5.4,1.4,0.1,
5.4,1.4,0.2,
5.4,1.4,0.3,
5.4,1.4,0.4,
5.4,1.4,0.5,
5.4,1.4,0.6,1.055934483
5.4,1.4,0.7,
5.4,1.4,0.8,
5.4,1.4,0.9,
5.4,1.4,1,
5.4,1.4,1.1,
5.4,1.4,1.2,
5.4,1.4,1.3,
5.4,1.4,1.4,
5.4,1.4,1.5,
5.4,1.4,1.6,
5.4,1.4,1.7,
5.4,1.4,1.8,
5.4,1.4,1.9,
5.4,1.4,2,
5.4,1.4,2.1,
5.4,1.4,2.2,
5.4,1.4,2.3,
5.4,1.4,2.4,
5.4,1.4,2.5,
5.4,1.4,2.6,
5.4,1.4,2.7,
5.4,1.4,2.8,1.097965703
5.4,1.4,2.9,
5.4,1.4,3,
5.4,1.4,3.1,
5.4,1.4,3.2,
5.4,1.4,3.3,
5.4,1.4,3.4,
5.4,1.4,3.5,
5.4,1.4,3.6,
5.5,1.4,0,
5.5,1.4,0.1,
5.5,1.4,0.2,
5.5,1.4,0.3,
5.5,1.4,0.4,
5.5,1.4,0.5,
5.5,1.4,0.6,
5.5,1.4,0.7,
5.5,1.4,0.8,
5.5,1.4,0.9,
5.5,1.4,1,
5.5,1.4,1.1,
5.5,1.4,1.2,
5.5,1.4,1.3,
5.5,1.4,1.4,
5.5,1.4,1.5,
5.5,1.4,1.6,
5.5,1.4,1.7,
5.5,1.4,1.8,
5.5,1.4,1.9,
5.5,1.4,2,
5.5,1.4,2.1,
5.5,1.4,2.2,
5.5,1.4,2.3,
5.5,1.4,2.4,
5.5,1.4,2.5,
5.5,1.4,2.6,
5.5,1.4,2.7,
5.5,1.4,2.8,
5.5,1.4,2.9,
5.5,1.4,3,
5.5,1.4,3.1,
5.5,1.4,3.2,
5.5,1.4,3.3,
5.5,1.4,3.4,
5.5,1.4,3.5,
5.5,1.4,3.6,
5.6,1.4,0,
5.6,1.4,0.1,
5.6,1.4,0.2,
5.6,1.4,0.3,
5.6,1.4,0.4,
5.6,1.4,0.5,
5.6,1.4,0.6,
5.6,1.4,0.7,
5.6,1.4,0.8,
5.6,1.4,0.9,
5.6,1.4,1,
5.6,1.4,1.1,
5.6,1.4,1.2,1.12298453
5.6,1.4,1.3,
5.6,1.4,1.4,
5.6,1.4,1.5,
5.6,1.4,1.6,
5.6,1.4,1.7,
5.6,1.4,1.8,
5.6,1.4,1.9,
5.6,1.4,2,
5.6,1.4,2.1,
5.6,1.4,2.2,
5.6,1.4,2.3,
5.6,1.4,2.4,
5.6,1.4,2.5,
5.6,1.4,2.6,
5.6,1.4,2.7,
5.6,1.4,2.8,
5.6,1.4,2.9,
5.6,1.4,3,
5.6,1.4,3.1,
5.6,1.4,3.2,
5.6,1.4,3.3,
5.6,1.4,3.4,
5.6,1.4,3.5,
5.6,1.4,3.6,
5.7,1.4,0,
5.7,1.4,0.1,
5.7,1.4,0.2,
5.7,1.4,0.3,
5.7,1.4,0.4,
5.7,1.4,0.5,
5.7,1.4,0.6,
5.7,1.4,0.7,
5.7,1.4,0.8,
5.7,1.4,0.9,
5.7,1.4,1,
5.7,1.4,1.1,
5.7,1.4,1.2,
5.7,1.4,1.3,
5.7,1.4,1.4,
5.7,1.4,1.5,
5.7,1.4,1.6,
5.7,1.4,1.7,
5.7,1.4,1.8,
5.7,1.4,1.9,
5.7,1.4,2,
5.7,1.4,2.1,
5.7,1.4,2.2,
5.7,1.4,2.3,
5.7,1.4,2.4,
5.7,1.4,2.5,
5.7,1.4,2.6,
5.7,1.4,2.7,
5.7,1.4,2.8,
5.7,1.4,2.9,
5.7,1.4,3,
5.7,1.4,3.1,
5.7,1.4,3.2,
5.7,1.4,3.3,
5.7,1.4,3.4,
5.7,1.4,3.5,
5.7,1.4,3.6,
5.8,1.4,0,
5.8,1.4,0.1,
5.8,1.4,0.2,
5.8,1.4,0.3,
5.8,1.4,0.4,
5.8,1.4,0.5,
5.8,1.4,0.6,
5.8,1.4,0.7,
5.8,1.4,0.8,
5.8,1.4,0.9,
5.8,1.4,1,
5.8,1.4,1.1,
5.8,1.4,1.2,
5.8,1.4,1.3,
5.8,1.4,1.4,
5.8,1.4,1.5,
5.8,1.4,1.6,
5.8,1.4,1.7,
5.8,1.4,1.8,
5.8,1.4,1.9,
5.8,1.4,2,
5.8,1.4,2.1,1.050114439
5.8,1.4,2.2,
5.8,1.4,2.3,
5.8,1.4,2.4,1.09075724
5.8,1.4,2.5,
5.8,1.4,2.6,
5.8,1.4,2.7,
5.8,1.4,2.8,
5.8,1.4,2.9,
5.8,1.4,3,
5.8,1.4,3.1,
5.8,1.4,3.2,
5.8,1.4,3.3,
5.8,1.4,3.4,
5.8,1.4,3.5,
5.8,1.4,3.6,
5.9,1.4,0,
5.9,1.4,0.1,
5.9,1.4,0.2,
5.9,1.4,0.3,
5.9,1.4,0.4,
5.9,1.4,0.5,
5.9,1.4,0.6,
5.9,1.4,0.7,
5.9,1.4,0.8,
5.9,1.4,0.9,
5.9,1.4,1,
5.9,1.4,1.1,
5.9,1.4,1.2,
5.9,1.4,1.3,
5.9,1.4,1.4,
5.9,1.4,1.5,
5.9,1.4,1.6,
5.9,1.4,1.7,
5.9,1.4,1.8,
5.9,1.4,1.9,
5.9,1.4,2,
5.9,1.4,2.1,
5.9,1.4,2.2,
5.9,1.4,2.3,
5.9,1.4,2.4,
5.9,1.4,2.5,
5.9,1.4,2.6,
5.9,1.4,2.7,
5.9,1.4,2.8,
5.9,1.4,2.9,
5.9,1.4,3,
5.9,1.4,3.1,
5.9,1.4,3.2,
5.9,1.4,3.3,
5.9,1.4,3.4,
5.9,1.4,3.5,
5.9,1.4,3.6,
6,1.4,0,
6,1.4,0.1,
6,1.4,0.2,
6,1.4,0.3,
6,1.4,0.4,
6,1.4,0.5,
6,1.4,0.6,
6,1.4,0.7,
6,1.4,0.8,
6,1.4,0.9,1.124145241
6,1.4,1,
6,1.4,1.1,
6,1.4,1.2,
6,1.4,1.3,
6,1.4,1.4,
6,1.4,1.5,
6,1.4,1.6,
6,1.4,1.7,
6,1.4,1.8,
6,1.4,1.9,
6,1.4,2,
6,1.4,2.1,
6,1.4,2.2,
6,1.4,2.3,
6,1.4,2.4,
6,1.4,2.5,
6,1.4,2.6,
6,1.4,2.7,
6,1.4,2.8,
6,1.4,2.9,
6,1.4,3,
6,1.4,3.1,
6,1.4,3.2,
6,1.4,3.3,
6,1.4,3.4,
6,1.4,3.5,
6,1.4,3.6,
6.1,1.4,0,
6.1,1.4,0.1,
6.1,1.4,0.2,
6.1,1.4,0.3,
6.1,1.4,0.4,
6.1,1.4,0.5,
6.1,1.4,0.6,
6.1,1.4,0.7,
6.1,1.4,0.8,
6.1,1.4,0.9,
6.1,1.4,1,
6.1,1.4,1.1,1.083342107
6.1,1.4,1.2,
6.1,1.4,1.3,
6.1,1.4,1.4,
6.1,1.4,1.5,
6.1,1.4,1.6,
6.1,1.4,1.7,
6.1,1.4,1.8,
6.1,1.4,1.9,
6.1,1.4,2,
6.1,1.4,2.1,
6.1,1.4,2.2,
6.1,1.4,2.3,
6.1,1.4,2.4,
6.1,1.4,2.5,
6.1,1.4,2.6,1.101157304
6.1,1.4,2.7,
6.1,1.4,2.8,
6.1,1.4,2.9,
6.1,1.4,3,
6.1,1.4,3.1,1.055183702
6.1,1.4,3.2,
6.1,1.4,3.3,
6.1,1.4,3.4,
6.1,1.4,3.5,
6.1,1.4,3.6,
6.2,1.4,0,1.023893111
6.2,1.4,0.1,
6.2,1.4,0.2,
6.2,1.4,0.3,
6.2,1.4,0.4,
6.2,1.4,0.5,
6.2,1.4,0.6,
6.2,1.4,0.7,
6.2,1.4,0.8,
6.2,1.4,0.9,
6.2,1.4,1,
6.2,1.4,1.1,
6.2,1.4,1.2,
6.2,1.4,1.3,
6.2,1.4,1.4,
6.2,1.4,1.5,
6.2,1.4,1.6,
6.2,1.4,1.7,
6.2,1.4,1.8,
6.2,1.4,1.9,
6.2,1.4,2,
6.2,1.4,2.1,
6.2,1.4,2.2,
6.2,1.4,2.3,
6.2,1.4,2.4,
6.2,1.4,2.5,
6.2,1.4,2.6,
6.2,1.4,2.7,
6.2,1.4,2.8,
6.2,1.4,2.9,
6.2,1.4,3,
6.2,1.4,3.1,
6.2,1.4,3.2,
6.2,1.4,3.3,
6.2,1.4,3.4,
6.2,1.4,3.5,
6.2,1.4,3.6,
6.3,1.4,0,
6.3,1.4,0.1,
6.3,1.4,0.2,
6.3,1.4,0.3,
6.3,1.4,0.4,
6.3,1.4,0.5,
6.3,1.4,0.6,
6.3,1.4,0.7,
6.3,1.4,0.8,
6.3,1.4,0.9,
6.3,1.4,1,
6.3,1.4,1.1,
6.3,1.4,1.2,
6.3,1.4,1.3,
6.3,1.4,1.4,
6.3,1.4,1.5,
6.3,1.4,1.6,
6.3,1.4,1.7,
6.3,1.4,1.8,
6.3,1.4,1.9,
6.3,1.4,2,
6.3,1.4,2.1,
6.3,1.4,2.2,
6.3,1.4,2.3,
6.3,1.4,2.4,
6.3,1.4,2.5,
6.3,1.4,2.6,
6.3,1.4,2.7,
6.3,1.4,2.8,
6.3,1.4,2.9,
6.3,1.4,3,
6.3,1.4,3.1,
6.3,1.4,3.2,
6.3,1.4,3.3,
6.3,1.4,3.4,
6.3,1.4,3.5,
6.3,1.4,3.6,
6.4,1.4,0,
6.4,1.4,0.1,
6.4,1.4,0.2,
6.4,1.4,0.3,
6.4,1.4,0.4,
6.4,1.4,0.5,
6.4,1.4,0.6,
6.4,1.4,0.7,
6.4,1.4,0.8,
6.4,1.4,0.9,
6.4,1.4,1,
6.4,1.4,1.1,
6.4,1.4,1.2,
6.4,1.4,1.3,
6.4,1.4,1.4,
6.4,1.4,1.5,
6.4,1.4,1.6,
6.4,1.4,1.7,
6.4,1.4,1.8,
6.4,1.4,1.9,
6.4,1.4,2,
6.4,1.4,2.1,
6.4,1.4,2.2,
6.4,1.4,2.3,
6.4,1.4,2.4,
6.4,1.4,2.5,
6.4,1.4,2.6,
6.4,1.4,2.7,
6.4,1.4,2.8,
6.4,1.4,2.9,
6.4,1.4,3,
6.4,1.4,3.1,
6.4,1.4,3.2,
6.4,1.4,3.3,
6.4,1.4,3.4,1.053387627
6.4,1.4,3.5,
6.4,1.4,3.6,
6.5,1.4,0,
6.5,1.4,0.1,
6.5,1.4,0.2,
6.5,1.4,0.3,
6.5,1.4,0.4,1.086173241
6.5,1.4,0.5,
6.5,1.4,0.6,
6.5,1.4,0.7,
6.5,1.4,0.8,1.155772134
6.5,1.4,0.9,
6.5,1.4,1,
6.5,1.4,1.1,
6.5,1.4,1.2,
6.5,1.4,1.3,
6.5,1.4,1.4,
6.5,1.4,1.5,
6.5,1.4,1.6,
6.5,1.4,1.7,
6.5,1.4,1.8,
6.5,1.4,1.9,
6.5,1.4,2,
6.5,1.4,2.1,
6.5,1.4,2.2,
6.5,1.4,2.3,
6.5,1.4,2.4,
6.5,1.4,2.5,1.067865104
6.5,1.4,2.6,
6.5,1.4,2.7,
6.5,1.4,2.8,
6.5,1.4,2.9,
6.5,1.4,3,
6.5,1.4,3.1,
6.5,1.4,3.2,
6.5,1.4,3.3,
6.5,1.4,3.4,
6.5,1.4,3.5,
6.5,1.4,3.6,
6.6,1.4,0,
6.6,1.4,0.1,
6.6,1.4,0.2,
6.6,1.4,0.3,
6.6,1.4,0.4,
6.6,1.4,0.5,
6.6,1.4,0.6,
6.6,1.4,0.7,
6.6,1.4,0.8,
6.6,1.4,0.9,
6.6,1.4,1,
6.6,1.4,1.1,
6.6,1.4,1.2,
6.6,1.4,1.3,
6.6,1.4,1.4,
6.6,1.4,1.5,
6.6,1.4,1.6,
6.6,1.4,1.7,
6.6,1.4,1.8,
6.6,1.4,1.9,
6.6,1.4,2,
6.6,1.4,2.1,
6.6,1.4,2.2,1.023260306
6.6,1.4,2.3,
6.6,1.4,2.4,
6.6,1.4,2.5,
6.6,1.4,2.6,
6.6,1.4,2.7,
6.6,1.4,2.8,
6.6,1.4,2.9,
6.6,1.4,3,
6.6,1.4,3.1,
6.6,1.4,3.2,
6.6,1.4,3.3,
6.6,1.4,3.4,
6.6,1.4,3.5,
6.6,1.4,3.6,
6.7,1.4,0,
6.7,1.4,0.1,
6.7,1.4,0.2,
6.7,1.4,0.3,
6.7,1.4,0.4,
6.7,1.4,0.5,
6.7,1.4,0.6,
6.7,1.4,0.7,
6.7,1.4,0.8,
6.7,1.4,0.9,
6.7,1.4,1,
6.7,1.4,1.1,
6.7,1.4,1.2,
6.7,1.4,1.3,
6.7,1.4,1.4,
6.7,1.4,1.5,
6.7,1.4,1.6,
6.7,1.4,1.7,
6.7,1.4,1.8,
6.7,1.4,1.9,
6.7,1.4,2,
6.7,1.4,2.1,
6.7,1.4,2.2,
6.7,1.4,2.3,
6.7,1.4,2.4,
6.7,1.4,2.5,
6.7,1.4,2.6,
6.7,1.4,2.7,
6.7,1.4,2.8,
6.7,1.4,2.9,
6.7,1.4,3,
6.7,1.4,3.1,
6.7,1.4,3.2,
6.7,1.4,3.3,
6.7,1.4,3.4,
6.7,1.4,3.5,
6.7,1.4,3.6,1.0943926
6.8,1.4,0,
6.8,1.4,0.1,
6.8,1.4,0.2,
6.8,1.4,0.3,
6.8,1.4,0.4,
6.8,1.4,0.5,
6.8,1.4,0.6,1.1767144
6.8,1.4,0.7,
6.8,1.4,0.8,
6.8,1.4,0.9,
6.8,1.4,1,
6.8,1.4,1.1,
6.8,1.4,1.2,
6.8,1.4,1.3,1.044978938
6.8,1.4,1.4,
6.8,1.4,1.5,
6.8,1.4,1.6,
6.8,1.4,1.7,
6.8,1.4,1.8,
6.8,1.4,1.9,
6.8,1.4,2,
6.8,1.4,2.1,
6.8,1.4,2.2,
6.8,1.4,2.3,
6.8,1.4,2.4,
6.8,1.4,2.5,
6.8,1.4,2.6,
6.8,1.4,2.7,
6.8,1.4,2.8,
6.8,1.4,2.9,
6.8,1.4,3,
6.8,1.4,3.1,
6.8,1.4,3.2,1.144684968
6.8,1.4,3.3,
6.8,1.4,3.4,
6.8,1.4,3.5,
6.8,1.4,3.6,
6.9,1.4,0,
6.9,1.4,0.1,
6.9,1.4,0.2,
6.9,1.4,0.3,
6.9,1.4,0.4,
6.9,1.4,0.5,
6.9,1.4,0.6,
6.9,1.4,0.7,
6.9,1.4,0.8,
6.9,1.4,0.9,
6.9,1.4,1,
6.9,1.4,1.1,
6.9,1.4,1.2,
6.9,1.4,1.3,
6.9,1.4,1.4,
6.9,1.4,1.5,
6.9,1.4,1.6,
6.9,1.4,1.7,
6.9,1.4,1.8,
6.9,1.4,1.9,
6.9,1.4,2,
6.9,1.4,2.1,
6.9,1.4,2.2,
6.9,1.4,2.3,
6.9,1.4,2.4,
6.9,1.4,2.5,
6.9,1.4,2.6,
6.9,1.4,2.7,
6.9,1.4,2.8,
6.9,1.4,2.9,
6.9,1.4,3,
6.9,1.4,3.1,
6.9,1.4,3.2,
6.9,1.4,3.3,
6.9,1.4,3.4,
6.9,1.4,3.5,
6.9,1.4,3.6,
7,1.4,0,
7,1.4,0.1,
7,1.4,0.2,
7,1.4,0.3,
7,1.4,0.4,
7,1.4,0.5,
7,1.4,0.6,
7,1.4,0.7,
7,1.4,0.8,
7,1.4,0.9,
7,1.4,1,
7,1.4,1.1,
7,1.4,1.2,
7,1.4,1.3,
7,1.4,1.4,
7,1.4,1.5,
7,1.4,1.6,
7,1.4,1.7,
7,1.4,1.8,
7,1.4,1.9,
7,1.4,2,
7,1.4,2.1,
7,1.4,2.2,
7,1.4,2.3,
7,1.4,2.4,
7,1.4,2.5,
7,1.4,2.6,
7,1.4,2.7,
7,1.4,2.8,
7,1.4,2.9,
7,1.4,3,
7,1.4,3.1,
7,1.4,3.2,
7,1.4,3.3,
7,1.4,3.4,1.009573978
7,1.4,3.5,
7,1.4,3.6,
7.1,1.4,0,
7.1,1.4,0.1,
7.1,1.4,0.2,
7.1,1.4,0.3,
7.1,1.4,0.4,
7.1,1.4,0.5,
7.1,1.4,0.6,
7.1,1.4,0.7,
7.1,1.4,0.8,
7.1,1.4,0.9,
7.1,1.4,1,
7.1,1.4,1.1,1.10427954
7.1,1.4,1.2,
7.1,1.4,1.3,
7.1,1.4,1.4,
7.1,1.4,1.5,
7.1,1.4,1.6,
7.1,1.4,1.7,
7.1,1.4,1.8,
7.1,1.4,1.9,
7.1,1.4,2,
7.1,1.4,2.1,
7.1,1.4,2.2,
7.1,1.4,2.3,
7.1,1.4,2.4,
7.1,1.4,2.5,
7.1,1.4,2.6,
7.1,1.4,2.7,
7.1,1.4,2.8,
7.1,1.4,2.9,
7.1,1.4,3,
7.1,1.4,3.1,
7.1,1.4,3.2,
7.1,1.4,3.3,
7.1,1.4,3.4,
7.1,1.4,3.5,
7.1,1.4,3.6,
7.2,1.4,0,
7.2,1.4,0.1,
7.2,1.4,0.2,
7.2,1.4,0.3,
7.2,1.4,0.4,1.02286857
7.2,1.4,0.5,
7.2,1.4,0.6,
7.2,1.4,0.7,
7.2,1.4,0.8,
7.2,1.4,0.9,
7.2,1.4,1,
7.2,1.4,1.1,
7.2,1.4,1.2,
7.2,1.4,1.3,
7.2,1.4,1.4,
7.2,1.4,1.5,
7.2,1.4,1.6,
7.2,1.4,1.7,
7.2,1.4,1.8,
7.2,1.4,1.9,
7.2,1.4,2,
7.2,1.4,2.1,
7.2,1.4,2.2,
7.2,1.4,2.3,
7.2,1.4,2.4,
7.2,1.4,2.5,
7.2,1.4,2.6,1.134411694
7.2,1.4,2.7,
7.2,1.4,2.8,
7.2,1.4,2.9,
7.2,1.4,3,
7.2,1.4,3.1,
7.2,1.4,3.2,
7.2,1.4,3.3,
7.2,1.4,3.4,
7.2,1.4,3.5,
7.2,1.4,3.6,
7.3,1.4,0,
7.3,1.4,0.1,
7.3,1.4,0.2,
7.3,1.4,0.3,
7.3,1.4,0.4,
7.3,1.4,0.5,
7.3,1.4,0.6,
7.3,1.4,0.7,
7.3,1.4,0.8,
7.3,1.4,0.9,
7.3,1.4,1,
7.3,1.4,1.1,
7.3,1.4,1.2,
7.3,1.4,1.3,
7.3,1.4,1.4,
7.3,1.4,1.5,1.069926412
7.3,1.4,1.6,
7.3,1.4,1.7,
7.3,1.4,1.8,
7.3,1.4,1.9,
7.3,1.4,2,
7.3,1.4,2.1,
7.3,1.4,2.2,
7.3,1.4,2.3,
7.3,1.4,2.4,
7.3,1.4,2.5,
7.3,1.4,2.6,
7.3,1.4,2.7,
7.3,1.4,2.8,
7.3,1.4,2.9,
7.3,1.4,3,
7.3,1.4,3.1,
7.3,1.4,3.2,
7.3,1.4,3.3,
7.3,1.4,3.4,
7.3,1.4,3.5,
7.3,1.4,3.6,
7.4,1.4,0,
7.4,1.4,0.1,
7.4,1.4,0.2,
7.4,1.4,0.3,
7.4,1.4,0.4,
7.4,1.4,0.5,
7.4,1.4,0.6,
7.4,1.4,0.7,
7.4,1.4,0.8,
7.4,1.4,0.9,
7.4,1.4,1,
7.4,1.4,1.1,
7.4,1.4,1.2,
7.4,1.4,1.3,
7.4,1.4,1.4,
7.4,1.4,1.5,
7.4,1.4,1.6,
7.4,1.4,1.7,
7.4,1.4,1.8,
7.4,1.4,1.9,
7.4,1.4,2,
7.4,1.4,2.1,
7.4,1.4,2.2,
7.4,1.4,2.3,
7.4,1.4,2.4,
7.4,1.4,2.5,
7.4,1.4,2.6,
7.4,1.4,2.7,
7.4,1.4,2.8,
7.4,1.4,2.9,
7.4,1.4,3,
7.4,1.4,3.1,
7.4,1.4,3.2,
7.4,1.4,3.3,
7.4,1.4,3.4,
7.4,1.4,3.5,
7.4,1.4,3.6,
7.5,1.4,0,
7.5,1.4,0.1,
7.5,1.4,0.2,
7.5,1.4,0.3,
7.5,1.4,0.4,
7.5,1.4,0.5,
7.5,1.4,0.6,
7.5,1.4,0.7,
7.5,1.4,0.8,
7.5,1.4,0.9,
7.5,1.4,1,
7.5,1.4,1.1,
7.5,1.4,1.2,
7.5,1.4,1.3,
7.5,1.4,1.4,
7.5,1.4,1.5,
7.5,1.4,1.6,
7.5,1.4,1.7,
7.5,1.4,1.8,
7.5,1.4,1.9,
7.5,1.4,2,
7.5,1.4,2.1,
7.5,1.4,2.2,
7.5,1.4,2.3,
7.5,1.4,2.4,
7.5,1.4,2.5,
7.5,1.4,2.6,
7.5,1.4,2.7,
7.5,1.4,2.8,
7.5,1.4,2.9,
7.5,1.4,3,
7.5,1.4,3.1,
7.5,1.4,3.2,
7.5,1.4,3.3,
7.5,1.4,3.4,
7.5,1.4,3.5,
7.5,1.4,3.6,1.00764486
7.6,1.4,0,
7.6,1.4,0.1,
7.6,1.4,0.2,
7.6,1.4,0.3,
7.6,1.4,0.4,
7.6,1.4,0.5,
7.6,1.4,0.6,
7.6,1.4,0.7,
7.6,1.4,0.8,
7.6,1.4,0.9,
7.6,1.4,1,
7.6,1.4,1.1,
7.6,1.4,1.2,
7.6,1.4,1.3,
7.6,1.4,1.4,
7.6,1.4,1.5,
7.6,1.4,1.6,
7.6,1.4,1.7,
7.6,1.4,1.8,
7.6,1.4,1.9,
7.6,1.4,2,
7.6,1.4,2.1,
7.6,1.4,2.2,1.039948621
7.6,1.4,2.3,
7.6,1.4,2.4,
7.6,1.4,2.5,
7.6,1.4,2.6,
7.6,1.4,2.7,
7.6,1.4,2.8,
7.6,1.4,2.9,
7.6,1.4,3,
7.6,1.4,3.1,
7.6,1.4,3.2,
7.6,1.4,3.3,
7.6,1.4,3.4,
7.6,1.4,3.5,
7.6,1.4,3.6,
7.7,1.4,0,
7.7,1.4,0.1,
7.7,1.4,0.2,
7.7,1.4,0.3,
7.7,1.4,0.4,
7.7,1.4,0.5,
7.7,1.4,0.6,
7.7,1.4,0.7,
7.7,1.4,0.8,
7.7,1.4,0.9,1.123105917
7.7,1.4,1,
7.7,1.4,1.1,
7.7,1.4,1.2,1.189798626
7.7,1.4,1.3,
7.7,1.4,1.4,
7.7,1.4,1.5,
7.7,1.4,1.6,
7.7,1.4,1.7,
7.7,1.4,1.8,
7.7,1.4,1.9,
7.7,1.4,2,
7.7,1.4,2.1,
7.7,1.4,2.2,
7.7,1.4,2.3,
7.7,1.4,2.4,
7.7,1.4,2.5,
7.7,1.4,2.6,
7.7,1.4,2.7,
7.7,1.4,2.8,
7.7,1.4,2.9,1.082738298
7.7,1.4,3,
7.7,1.4,3.1,
7.7,1.4,3.2,
7.7,1.4,3.3,
7.7,1.4,3.4,
7.7,1.4,3.5,
7.7,1.4,3.6,
7.8,1.4,0,
7.8,1.4,0.1,
7.8,1.4,0.2,
7.8,1.4,0.3,
7.8,1.4,0.4,
7.8,1.4,0.5,
7.8,1.4,0.6,
7.8,1.4,0.7,
7.8,1.4,0.8,
7.8,1.4,0.9,
7.8,1.4,1,
7.8,1.4,1.1,
7.8,1.4,1.2,
7.8,1.4,1.3,
7.8,1.4,1.4,
7.8,1.4,1.5,
7.8,1.4,1.6,
7.8,1.4,1.7,
7.8,1.4,1.8,
7.8,1.4,1.9,
7.8,1.4,2,
7.8,1.4,2.1,
7.8,1.4,2.2,
7.8,1.4,2.3,
7.8,1.4,2.4,
7.8,1.4,2.5,
7.8,1.4,2.6,1.256654511
7.8,1.4,2.7,
7.8,1.4,2.8,
7.8,1.4,2.9,
7.8,1.4,3,
7.8,1.4,3.1,
7.8,1.4,3.2,
7.8,1.4,3.3,
7.8,1.4,3.4,
7.8,1.4,3.5,
7.8,1.4,3.6,
7.9,1.4,0,1.04316666
7.9,1.4,0.1,
7.9,1.4,0.2,
7.9,1.4,0.3,
7.9,1.4,0.4,
7.9,1.4,0.5,
7.9,1.4,0.6,
7.9,1.4,0.7,
7.9,1.4,0.8,
7.9,1.4,0.9,
7.9,1.4,1,
7.9,1.4,1.1,
7.9,1.4,1.2,
7.9,1.4,1.3,
7.9,1.4,1.4,
7.9,1.4,1.5,
7.9,1.4,1.6,
7.9,1.4,1.7,
7.9,1.4,1.8,
7.9,1.4,1.9,
7.9,1.4,2,
7.9,1.4,2.1,
7.9,1.4,2.2,
7.9,1.4,2.3,1.036833492
7.9,1.4,2.4,
7.9,1.4,2.5,
7.9,1.4,2.6,
7.9,1.4,2.7,
7.9,1.4,2.8,
7.9,1.4,2.9,
7.9,1.4,3,
7.9,1.4,3.1,
7.9,1.4,3.2,
7.9,1.4,3.3,
7.9,1.4,3.4,
7.9,1.4,3.5,
7.9,1.4,3.6,
8,1.4,0,
8,1.4,0.1,
8,1.4,0.2,1.063571354
8,1.4,0.3,
8,1.4,0.4,
8,1.4,0.5,
8,1.4,0.6,
8,1.4,0.7,
8,1.4,0.8,1.139917041
8,1.4,0.9,
8,1.4,1,1.091170582
8,1.4,1.1,
8,1.4,1.2,
8,1.4,1.3,
8,1.4,1.4,
8,1.4,1.5,1.014134382
8,1.4,1.6,
8,1.4,1.7,
8,1.4,1.8,
8,1.4,1.9,1.001989129
8,1.4,2,
8,1.4,2.1,
8,1.4,2.2,
8,1.4,2.3,
8,1.4,2.4,
8,1.4,2.5,1.067685724
8,1.4,2.6,
8,1.4,2.7,
8,1.4,2.8,
8,1.4,2.9,
8,1.4,3,
8,1.4,3.1,
8,1.4,3.2,
8,1.4,3.3,
8,1.4,3.4,
8,1.4,3.5,
8,1.4,3.6,
0,1.5,0,
0,1.5,0.1,
0,1.5,0.2,
0,1.5,0.3,
0,1.5,0.4,1.119882762
0,1.5,0.5,1.132557626
0,1.5,0.6,1.609644894
0,1.5,0.7,1.20259374
0,1.5,0.8,1.5158314
0,1.5,0.9,1.474650174
0,1.5,1,1.437453687
0,1.5,1.1,1.404378961
0,1.5,1.2,1.375496782
0,1.5,1.3,
0,1.5,1.4,
0,1.5,1.5,
0,1.5,1.6,
0,1.5,1.7,
0,1.5,1.8,
0,1.5,1.9,
0,1.5,2,
0,1.5,2.1,
0,1.5,2.2,
0,1.5,2.3,
0,1.5,2.4,
0,1.5,2.5,
0,1.5,2.6,
0,1.5,2.7,
0,1.5,2.8,
0,1.5,2.9,
0,1.5,3,
0,1.5,3.1,
0,1.5,3.2,
0,1.5,3.3,
0,1.5,3.4,
0,1.5,3.5,
0,1.5,3.6,
0.1,1.5,0,
0.1,1.5,0.1,
0.1,1.5,0.2,
0.1,1.5,0.3,
0.1,1.5,0.4,
0.1,1.5,0.5,
0.1,1.5,0.6,1.13396566
0.1,1.5,0.7,
0.1,1.5,0.8,
0.1,1.5,0.9,1.1558071
0.1,1.5,1,1.133560562
0.1,1.5,1.1,1.115569112
0.1,1.5,1.2,
0.1,1.5,1.3,
0.1,1.5,1.4,
0.1,1.5,1.5,
0.1,1.5,1.6,
0.1,1.5,1.7,
0.1,1.5,1.8,
0.1,1.5,1.9,
0.1,1.5,2,1.051962821
0.1,1.5,2.1,
0.1,1.5,2.2,
0.1,1.5,2.3,
0.1,1.5,2.4,1.094053455
0.1,1.5,2.5,
0.1,1.5,2.6,
0.1,1.5,2.7,
0.1,1.5,2.8,
0.1,1.5,2.9,
0.1,1.5,3,1.136389991
0.1,1.5,3.1,
0.1,1.5,3.2,
0.1,1.5,3.3,
0.1,1.5,3.4,
0.1,1.5,3.5,
0.1,1.5,3.6,1.10748706
0.2,1.5,0,
0.2,1.5,0.1,
0.2,1.5,0.2,
0.2,1.5,0.3,
0.2,1.5,0.4,
0.2,1.5,0.5,
0.2,1.5,0.6,1.122237445
0.2,1.5,0.7,
0.2,1.5,0.8,
0.2,1.5,0.9,
0.2,1.5,1,
0.2,1.5,1.1,1.115628811
0.2,1.5,1.2,
0.2,1.5,1.3,
0.2,1.5,1.4,1.071377656
0.2,1.5,1.5,
0.2,1.5,1.6,
0.2,1.5,1.7,
0.2,1.5,1.8,
0.2,1.5,1.9,
0.2,1.5,2,
0.2,1.5,2.1,
0.2,1.5,2.2,
0.2,1.5,2.3,
0.2,1.5,2.4,
0.2,1.5,2.5,
0.2,1.5,2.6,
0.2,1.5,2.7,
0.2,1.5,2.8,1.161799133
0.2,1.5,2.9,
0.2,1.5,3,
0.2,1.5,3.1,
0.2,1.5,3.2,
0.2,1.5,3.3,
0.2,1.5,3.4,
0.2,1.5,3.5,
0.2,1.5,3.6,
0.3,1.5,0,
0.3,1.5,0.1,
0.3,1.5,0.2,
0.3,1.5,0.3,
0.3,1.5,0.4,
0.3,1.5,0.5,
0.3,1.5,0.6,
0.3,1.5,0.7,
0.3,1.5,0.8,1.148991795
0.3,1.5,0.9,
0.3,1.5,1,
0.3,1.5,1.1,
0.3,1.5,1.2,
0.3,1.5,1.3,
0.3,1.5,1.4,
0.3,1.5,1.5,
0.3,1.5,1.6,
0.3,1.5,1.7,
0.3,1.5,1.8,
0.3,1.5,1.9,
0.3,1.5,2,
0.3,1.5,2.1,
0.3,1.5,2.2,
0.3,1.5,2.3,
0.3,1.5,2.4,
0.3,1.5,2.5,
0.3,1.5,2.6,
0.3,1.5,2.7,
0.3,1.5,2.8,
0.3,1.5,2.9,
0.3,1.5,3,
0.3,1.5,3.1,
0.3,1.5,3.2,
0.3,1.5,3.3,
0.3,1.5,3.4,
0.3,1.5,3.5,
0.3,1.5,3.6,
0.4,1.5,0,
0.4,1.5,0.1,
0.4,1.5,0.2,
0.4,1.5,0.3,
0.4,1.5,0.4,
0.4,1.5,0.5,
0.4,1.5,0.6,
0.4,1.5,0.7,
0.4,1.5,0.8,
0.4,1.5,0.9,1.162652823
0.4,1.5,1,
0.4,1.5,1.1,
0.4,1.5,1.2,
0.4,1.5,1.3,
0.4,1.5,1.4,
0.4,1.5,1.5,
0.4,1.5,1.6,
0.4,1.5,1.7,
0.4,1.5,1.8,
0.4,1.5,1.9,
0.4,1.5,2,
0.4,1.5,2.1,
0.4,1.5,2.2,
0.4,1.5,2.3,
0.4,1.5,2.4,
0.4,1.5,2.5,
0.4,1.5,2.6,
0.4,1.5,2.7,
0.4,1.5,2.8,
0.4,1.5,2.9,
0.4,1.5,3,
0.4,1.5,3.1,
0.4,1.5,3.2,
0.4,1.5,3.3,
0.4,1.5,3.4,
0.4,1.5,3.5,
0.4,1.5,3.6,
0.5,1.5,0,
0.5,1.5,0.1,1.062420593
0.5,1.5,0.2,
0.5,1.5,0.3,
0.5,1.5,0.4,1.082513149
0.5,1.5,0.5,
0.5,1.5,0.6,
0.5,1.5,0.7,
0.5,1.5,0.8,
0.5,1.5,0.9,
0.5,1.5,1,
0.5,1.5,1.1,
0.5,1.5,1.2,
0.5,1.5,1.3,
0.5,1.5,1.4,
0.5,1.5,1.5,
0.5,1.5,1.6,
0.5,1.5,1.7,
0.5,1.5,1.8,
0.5,1.5,1.9,
0.5,1.5,2,
0.5,1.5,2.1,
0.5,1.5,2.2,
0.5,1.5,2.3,
0.5,1.5,2.4,
0.5,1.5,2.5,
0.5,1.5,2.6,
0.5,1.5,2.7,
0.5,1.5,2.8,
0.5,1.5,2.9,
0.5,1.5,3,
0.5,1.5,3.1,
0.5,1.5,3.2,
0.5,1.5,3.3,
0.5,1.5,3.4,
0.5,1.5,3.5,
0.5,1.5,3.6,
0.6,1.5,0,
0.6,1.5,0.1,
0.6,1.5,0.2,
0.6,1.5,0.3,
0.6,1.5,0.4,
0.6,1.5,0.5,
0.6,1.5,0.6,
0.6,1.5,0.7,
0.6,1.5,0.8,
0.6,1.5,0.9,
0.6,1.5,1,
0.6,1.5,1.1,
0.6,1.5,1.2,
0.6,1.5,1.3,
0.6,1.5,1.4,
0.6,1.5,1.5,
0.6,1.5,1.6,
0.6,1.5,1.7,
0.6,1.5,1.8,
0.6,1.5,1.9,
0.6,1.5,2,
0.6,1.5,2.1,
0.6,1.5,2.2,
0.6,1.5,2.3,
0.6,1.5,2.4,
0.6,1.5,2.5,
0.6,1.5,2.6,
0.6,1.5,2.7,
0.6,1.5,2.8,
0.6,1.5,2.9,
0.6,1.5,3,
0.6,1.5,3.1,
0.6,1.5,3.2,
0.6,1.5,3.3,
0.6,1.5,3.4,
0.6,1.5,3.5,
0.6,1.5,3.6,
0.7,1.5,0,
0.7,1.5,0.1,
0.7,1.5,0.2,
0.7,1.5,0.3,
0.7,1.5,0.4,
0.7,1.5,0.5,
0.7,1.5,0.6,
0.7,1.5,0.7,
0.7,1.5,0.8,
0.7,1.5,0.9,
0.7,1.5,1,
0.7,1.5,1.1,
0.7,1.5,1.2,
0.7,1.5,1.3,
0.7,1.5,1.4,
0.7,1.5,1.5,
0.7,1.5,1.6,
0.7,1.5,1.7,
0.7,1.5,1.8,
0.7,1.5,1.9,
0.7,1.5,2,
0.7,1.5,2.1,
0.7,1.5,2.2,
0.7,1.5,2.3,
0.7,1.5,2.4,
0.7,1.5,2.5,
0.7,1.5,2.6,
0.7,1.5,2.7,
0.7,1.5,2.8,
0.7,1.5,2.9,
0.7,1.5,3,1.095649682
0.7,1.5,3.1,
0.7,1.5,3.2,
0.7,1.5,3.3,
0.7,1.5,3.4,
0.7,1.5,3.5,
0.7,1.5,3.6,
0.8,1.5,0,
0.8,1.5,0.1,
0.8,1.5,0.2,
0.8,1.5,0.3,
0.8,1.5,0.4,
0.8,1.5,0.5,
0.8,1.5,0.6,
0.8,1.5,0.7,
0.8,1.5,0.8,
0.8,1.5,0.9,
0.8,1.5,1,
0.8,1.5,1.1,
0.8,1.5,1.2,
0.8,1.5,1.3,
0.8,1.5,1.4,
0.8,1.5,1.5,
0.8,1.5,1.6,
0.8,1.5,1.7,
0.8,1.5,1.8,
0.8,1.5,1.9,1.102874065
0.8,1.5,2,
0.8,1.5,2.1,
0.8,1.5,2.2,
0.8,1.5,2.3,
0.8,1.5,2.4,
0.8,1.5,2.5,
0.8,1.5,2.6,
0.8,1.5,2.7,
0.8,1.5,2.8,
0.8,1.5,2.9,
0.8,1.5,3,
0.8,1.5,3.1,
0.8,1.5,3.2,
0.8,1.5,3.3,
0.8,1.5,3.4,
0.8,1.5,3.5,
0.8,1.5,3.6,
0.9,1.5,0,
0.9,1.5,0.1,
0.9,1.5,0.2,
0.9,1.5,0.3,
0.9,1.5,0.4,
0.9,1.5,0.5,
0.9,1.5,0.6,
0.9,1.5,0.7,
0.9,1.5,0.8,
0.9,1.5,0.9,
0.9,1.5,1,
0.9,1.5,1.1,
0.9,1.5,1.2,
0.9,1.5,1.3,
0.9,1.5,1.4,
0.9,1.5,1.5,
0.9,1.5,1.6,
0.9,1.5,1.7,
0.9,1.5,1.8,
0.9,1.5,1.9,
0.9,1.5,2,
0.9,1.5,2.1,
0.9,1.5,2.2,1.110597357
0.9,1.5,2.3,
0.9,1.5,2.4,
0.9,1.5,2.5,
0.9,1.5,2.6,
0.9,1.5,2.7,
0.9,1.5,2.8,
0.9,1.5,2.9,
0.9,1.5,3,
0.9,1.5,3.1,
0.9,1.5,3.2,
0.9,1.5,3.3,1.059663086
0.9,1.5,3.4,
0.9,1.5,3.5,1.048163432
0.9,1.5,3.6,
1,1.5,0,
1,1.5,0.1,
1,1.5,0.2,
1,1.5,0.3,
1,1.5,0.4,
1,1.5,0.5,
1,1.5,0.6,
1,1.5,0.7,
1,1.5,0.8,
1,1.5,0.9,
1,1.5,1,
1,1.5,1.1,
1,1.5,1.2,
1,1.5,1.3,
1,1.5,1.4,
1,1.5,1.5,
1,1.5,1.6,
1,1.5,1.7,
1,1.5,1.8,
1,1.5,1.9,
1,1.5,2,
1,1.5,2.1,
1,1.5,2.2,1.098725865
1,1.5,2.3,
1,1.5,2.4,
1,1.5,2.5,
1,1.5,2.6,
1,1.5,2.7,
1,1.5,2.8,
1,1.5,2.9,
1,1.5,3,
1,1.5,3.1,
1,1.5,3.2,
1,1.5,3.3,
1,1.5,3.4,
1,1.5,3.5,
1,1.5,3.6,
1.1,1.5,0,
1.1,1.5,0.1,
1.1,1.5,0.2,
1.1,1.5,0.3,
1.1,1.5,0.4,
1.1,1.5,0.5,
1.1,1.5,0.6,
1.1,1.5,0.7,
1.1,1.5,0.8,
1.1,1.5,0.9,
1.1,1.5,1,
1.1,1.5,1.1,
1.1,1.5,1.2,
1.1,1.5,1.3,
1.1,1.5,1.4,
1.1,1.5,1.5,
1.1,1.5,1.6,
1.1,1.5,1.7,
1.1,1.5,1.8,
1.1,1.5,1.9,
1.1,1.5,2,
1.1,1.5,2.1,
1.1,1.5,2.2,
1.1,1.5,2.3,
1.1,1.5,2.4,
1.1,1.5,2.5,1.132961586
1.1,1.5,2.6,
1.1,1.5,2.7,
1.1,1.5,2.8,
1.1,1.5,2.9,
1.1,1.5,3,
1.1,1.5,3.1,
1.1,1.5,3.2,
1.1,1.5,3.3,
1.1,1.5,3.4,
1.1,1.5,3.5,
1.1,1.5,3.6,
1.2,1.5,0,
1.2,1.5,0.1,
1.2,1.5,0.2,
1.2,1.5,0.3,
1.2,1.5,0.4,1.213034739
1.2,1.5,0.5,
1.2,1.5,0.6,
1.2,1.5,0.7,
1.2,1.5,0.8,
1.2,1.5,0.9,
1.2,1.5,1,
1.2,1.5,1.1,
1.2,1.5,1.2,
1.2,1.5,1.3,
1.2,1.5,1.4,
1.2,1.5,1.5,
1.2,1.5,1.6,
1.2,1.5,1.7,
1.2,1.5,1.8,
1.2,1.5,1.9,
1.2,1.5,2,
1.2,1.5,2.1,
1.2,1.5,2.2,
1.2,1.5,2.3,
1.2,1.5,2.4,
1.2,1.5,2.5,
1.2,1.5,2.6,
1.2,1.5,2.7,
1.2,1.5,2.8,
1.2,1.5,2.9,
1.2,1.5,3,
1.2,1.5,3.1,
1.2,1.5,3.2,
1.2,1.5,3.3,
1.2,1.5,3.4,
1.2,1.5,3.5,
1.2,1.5,3.6,
1.3,1.5,0,
1.3,1.5,0.1,
1.3,1.5,0.2,
1.3,1.5,0.3,1.178368051
1.3,1.5,0.4,
1.3,1.5,0.5,
1.3,1.5,0.6,
1.3,1.5,0.7,
1.3,1.5,0.8,
1.3,1.5,0.9,
1.3,1.5,1,
1.3,1.5,1.1,
1.3,1.5,1.2,
1.3,1.5,1.3,
1.3,1.5,1.4,
1.3,1.5,1.5,
1.3,1.5,1.6,
1.3,1.5,1.7,
1.3,1.5,1.8,
1.3,1.5,1.9,
1.3,1.5,2,
1.3,1.5,2.1,
1.3,1.5,2.2,
1.3,1.5,2.3,
1.3,1.5,2.4,
1.3,1.5,2.5,
1.3,1.5,2.6,
1.3,1.5,2.7,
1.3,1.5,2.8,
1.3,1.5,2.9,
1.3,1.5,3,
1.3,1.5,3.1,
1.3,1.5,3.2,
1.3,1.5,3.3,
1.3,1.5,3.4,
1.3,1.5,3.5,
1.3,1.5,3.6,
1.4,1.5,0,
1.4,1.5,0.1,1.144498766
1.4,1.5,0.2,
1.4,1.5,0.3,
1.4,1.5,0.4,
1.4,1.5,0.5,
1.4,1.5,0.6,
1.4,1.5,0.7,
1.4,1.5,0.8,
1.4,1.5,0.9,
1.4,1.5,1,
1.4,1.5,1.1,
1.4,1.5,1.2,
1.4,1.5,1.3,
1.4,1.5,1.4,
1.4,1.5,1.5,
1.4,1.5,1.6,
1.4,1.5,1.7,
1.4,1.5,1.8,
1.4,1.5,1.9,
1.4,1.5,2,
1.4,1.5,2.1,
1.4,1.5,2.2,
1.4,1.5,2.3,
1.4,1.5,2.4,
1.4,1.5,2.5,
1.4,1.5,2.6,
1.4,1.5,2.7,
1.4,1.5,2.8,1.178345309
1.4,1.5,2.9,
1.4,1.5,3,
1.4,1.5,3.1,
1.4,1.5,3.2,
1.4,1.5,3.3,
1.4,1.5,3.4,
1.4,1.5,3.5,
1.4,1.5,3.6,
1.5,1.5,0,
1.5,1.5,0.1,
1.5,1.5,0.2,
1.5,1.5,0.3,1.138374543
1.5,1.5,0.4,
1.5,1.5,0.5,
1.5,1.5,0.6,
1.5,1.5,0.7,1.197122222
1.5,1.5,0.8,
1.5,1.5,0.9,
1.5,1.5,1,
1.5,1.5,1.1,
1.5,1.5,1.2,
1.5,1.5,1.3,
1.5,1.5,1.4,
1.5,1.5,1.5,
1.5,1.5,1.6,
1.5,1.5,1.7,
1.5,1.5,1.8,
1.5,1.5,1.9,
1.5,1.5,2,
1.5,1.5,2.1,
1.5,1.5,2.2,
1.5,1.5,2.3,
1.5,1.5,2.4,
1.5,1.5,2.5,
1.5,1.5,2.6,
1.5,1.5,2.7,
1.5,1.5,2.8,
1.5,1.5,2.9,
1.5,1.5,3,
1.5,1.5,3.1,
1.5,1.5,3.2,
1.5,1.5,3.3,
1.5,1.5,3.4,
1.5,1.5,3.5,
1.5,1.5,3.6,
1.6,1.5,0,
1.6,1.5,0.1,
1.6,1.5,0.2,
1.6,1.5,0.3,
1.6,1.5,0.4,
1.6,1.5,0.5,
1.6,1.5,0.6,
1.6,1.5,0.7,
1.6,1.5,0.8,
1.6,1.5,0.9,
1.6,1.5,1,
1.6,1.5,1.1,1.113634309
1.6,1.5,1.2,
1.6,1.5,1.3,
1.6,1.5,1.4,
1.6,1.5,1.5,
1.6,1.5,1.6,
1.6,1.5,1.7,
1.6,1.5,1.8,
1.6,1.5,1.9,
1.6,1.5,2,
1.6,1.5,2.1,
1.6,1.5,2.2,
1.6,1.5,2.3,
1.6,1.5,2.4,
1.6,1.5,2.5,
1.6,1.5,2.6,
1.6,1.5,2.7,
1.6,1.5,2.8,
1.6,1.5,2.9,
1.6,1.5,3,
1.6,1.5,3.1,
1.6,1.5,3.2,
1.6,1.5,3.3,
1.6,1.5,3.4,
1.6,1.5,3.5,
1.6,1.5,3.6,1.107764801
1.7,1.5,0,
1.7,1.5,0.1,
1.7,1.5,0.2,
1.7,1.5,0.3,
1.7,1.5,0.4,
1.7,1.5,0.5,
1.7,1.5,0.6,
1.7,1.5,0.7,
1.7,1.5,0.8,
1.7,1.5,0.9,
1.7,1.5,1,
1.7,1.5,1.1,1.114559922
1.7,1.5,1.2,
1.7,1.5,1.3,
1.7,1.5,1.4,
1.7,1.5,1.5,
1.7,1.5,1.6,
1.7,1.5,1.7,
1.7,1.5,1.8,
1.7,1.5,1.9,
1.7,1.5,2,
1.7,1.5,2.1,
1.7,1.5,2.2,
1.7,1.5,2.3,
1.7,1.5,2.4,
1.7,1.5,2.5,
1.7,1.5,2.6,
1.7,1.5,2.7,
1.7,1.5,2.8,
1.7,1.5,2.9,
1.7,1.5,3,
1.7,1.5,3.1,
1.7,1.5,3.2,
1.7,1.5,3.3,
1.7,1.5,3.4,
1.7,1.5,3.5,
1.7,1.5,3.6,
1.8,1.5,0,
1.8,1.5,0.1,
1.8,1.5,0.2,
1.8,1.5,0.3,
1.8,1.5,0.4,
1.8,1.5,0.5,
1.8,1.5,0.6,
1.8,1.5,0.7,
1.8,1.5,0.8,
1.8,1.5,0.9,
1.8,1.5,1,
1.8,1.5,1.1,
1.8,1.5,1.2,
1.8,1.5,1.3,
1.8,1.5,1.4,
1.8,1.5,1.5,
1.8,1.5,1.6,
1.8,1.5,1.7,
1.8,1.5,1.8,
1.8,1.5,1.9,
1.8,1.5,2,
1.8,1.5,2.1,
1.8,1.5,2.2,
1.8,1.5,2.3,
1.8,1.5,2.4,
1.8,1.5,2.5,
1.8,1.5,2.6,
1.8,1.5,2.7,
1.8,1.5,2.8,
1.8,1.5,2.9,
1.8,1.5,3,
1.8,1.5,3.1,1.119215275
1.8,1.5,3.2,
1.8,1.5,3.3,
1.8,1.5,3.4,
1.8,1.5,3.5,
1.8,1.5,3.6,
1.9,1.5,0,
1.9,1.5,0.1,
1.9,1.5,0.2,
1.9,1.5,0.3,
1.9,1.5,0.4,
1.9,1.5,0.5,
1.9,1.5,0.6,
1.9,1.5,0.7,
1.9,1.5,0.8,
1.9,1.5,0.9,
1.9,1.5,1,
1.9,1.5,1.1,
1.9,1.5,1.2,
1.9,1.5,1.3,
1.9,1.5,1.4,
1.9,1.5,1.5,
1.9,1.5,1.6,
1.9,1.5,1.7,
1.9,1.5,1.8,
1.9,1.5,1.9,
1.9,1.5,2,
1.9,1.5,2.1,
1.9,1.5,2.2,
1.9,1.5,2.3,1.086955293
1.9,1.5,2.4,
1.9,1.5,2.5,
1.9,1.5,2.6,
1.9,1.5,2.7,
1.9,1.5,2.8,
1.9,1.5,2.9,
1.9,1.5,3,
1.9,1.5,3.1,
1.9,1.5,3.2,
1.9,1.5,3.3,
1.9,1.5,3.4,
1.9,1.5,3.5,
1.9,1.5,3.6,
2,1.5,0,
2,1.5,0.1,
2,1.5,0.2,
2,1.5,0.3,
2,1.5,0.4,
2,1.5,0.5,
2,1.5,0.6,
2,1.5,0.7,
2,1.5,0.8,
2,1.5,0.9,
2,1.5,1,
2,1.5,1.1,
2,1.5,1.2,
2,1.5,1.3,
2,1.5,1.4,
2,1.5,1.5,
2,1.5,1.6,
2,1.5,1.7,
2,1.5,1.8,
2,1.5,1.9,
2,1.5,2,
2,1.5,2.1,
2,1.5,2.2,
2,1.5,2.3,
2,1.5,2.4,
2,1.5,2.5,
2,1.5,2.6,
2,1.5,2.7,
2,1.5,2.8,
2,1.5,2.9,
2,1.5,3,
2,1.5,3.1,
2,1.5,3.2,
2,1.5,3.3,
2,1.5,3.4,
2,1.5,3.5,
2,1.5,3.6,
2.1,1.5,0,
2.1,1.5,0.1,
2.1,1.5,0.2,
2.1,1.5,0.3,
2.1,1.5,0.4,
2.1,1.5,0.5,
2.1,1.5,0.6,
2.1,1.5,0.7,
2.1,1.5,0.8,
2.1,1.5,0.9,
2.1,1.5,1,
2.1,1.5,1.1,
2.1,1.5,1.2,
2.1,1.5,1.3,
2.1,1.5,1.4,
2.1,1.5,1.5,
2.1,1.5,1.6,
2.1,1.5,1.7,
2.1,1.5,1.8,
2.1,1.5,1.9,
2.1,1.5,2,
2.1,1.5,2.1,
2.1,1.5,2.2,
2.1,1.5,2.3,
2.1,1.5,2.4,
2.1,1.5,2.5,
2.1,1.5,2.6,
2.1,1.5,2.7,
2.1,1.5,2.8,
2.1,1.5,2.9,
2.1,1.5,3,
2.1,1.5,3.1,
2.1,1.5,3.2,
2.1,1.5,3.3,
2.1,1.5,3.4,
2.1,1.5,3.5,
2.1,1.5,3.6,
2.2,1.5,0,
2.2,1.5,0.1,
2.2,1.5,0.2,
2.2,1.5,0.3,
2.2,1.5,0.4,
2.2,1.5,0.5,
2.2,1.5,0.6,1.100061408
2.2,1.5,0.7,
2.2,1.5,0.8,
2.2,1.5,0.9,
2.2,1.5,1,
2.2,1.5,1.1,
2.2,1.5,1.2,
2.2,1.5,1.3,
2.2,1.5,1.4,
2.2,1.5,1.5,
2.2,1.5,1.6,
2.2,1.5,1.7,1.078085503
2.2,1.5,1.8,
2.2,1.5,1.9,
2.2,1.5,2,
2.2,1.5,2.1,
2.2,1.5,2.2,
2.2,1.5,2.3,
2.2,1.5,2.4,
2.2,1.5,2.5,
2.2,1.5,2.6,
2.2,1.5,2.7,
2.2,1.5,2.8,
2.2,1.5,2.9,
2.2,1.5,3,
2.2,1.5,3.1,
2.2,1.5,3.2,
2.2,1.5,3.3,
2.2,1.5,3.4,
2.2,1.5,3.5,
2.2,1.5,3.6,
2.3,1.5,0,
2.3,1.5,0.1,
2.3,1.5,0.2,
2.3,1.5,0.3,
2.3,1.5,0.4,
2.3,1.5,0.5,
2.3,1.5,0.6,
2.3,1.5,0.7,
2.3,1.5,0.8,1.133975325
2.3,1.5,0.9,
2.3,1.5,1,
2.3,1.5,1.1,
2.3,1.5,1.2,
2.3,1.5,1.3,
2.3,1.5,1.4,
2.3,1.5,1.5,1.101927415
2.3,1.5,1.6,
2.3,1.5,1.7,
2.3,1.5,1.8,
2.3,1.5,1.9,
2.3,1.5,2,
2.3,1.5,2.1,
2.3,1.5,2.2,
2.3,1.5,2.3,
2.3,1.5,2.4,
2.3,1.5,2.5,
2.3,1.5,2.6,
2.3,1.5,2.7,
2.3,1.5,2.8,
2.3,1.5,2.9,1.116848368
2.3,1.5,3,
2.3,1.5,3.1,
2.3,1.5,3.2,
2.3,1.5,3.3,
2.3,1.5,3.4,
2.3,1.5,3.5,
2.3,1.5,3.6,
2.4,1.5,0,
2.4,1.5,0.1,
2.4,1.5,0.2,
2.4,1.5,0.3,
2.4,1.5,0.4,
2.4,1.5,0.5,
2.4,1.5,0.6,
2.4,1.5,0.7,
2.4,1.5,0.8,
2.4,1.5,0.9,
2.4,1.5,1,
2.4,1.5,1.1,
2.4,1.5,1.2,
2.4,1.5,1.3,
2.4,1.5,1.4,
2.4,1.5,1.5,
2.4,1.5,1.6,
2.4,1.5,1.7,
2.4,1.5,1.8,
2.4,1.5,1.9,
2.4,1.5,2,
2.4,1.5,2.1,
2.4,1.5,2.2,
2.4,1.5,2.3,
2.4,1.5,2.4,
2.4,1.5,2.5,
2.4,1.5,2.6,
2.4,1.5,2.7,
2.4,1.5,2.8,
2.4,1.5,2.9,
2.4,1.5,3,
2.4,1.5,3.1,
2.4,1.5,3.2,
2.4,1.5,3.3,1.059948787
2.4,1.5,3.4,
2.4,1.5,3.5,
2.4,1.5,3.6,
2.5,1.5,0,
2.5,1.5,0.1,
2.5,1.5,0.2,
2.5,1.5,0.3,
2.5,1.5,0.4,
2.5,1.5,0.5,
2.5,1.5,0.6,
2.5,1.5,0.7,
2.5,1.5,0.8,1.132397293
2.5,1.5,0.9,
2.5,1.5,1,1.196516992
2.5,1.5,1.1,1.191170841
2.5,1.5,1.2,
2.5,1.5,1.3,
2.5,1.5,1.4,
2.5,1.5,1.5,
2.5,1.5,1.6,
2.5,1.5,1.7,
2.5,1.5,1.8,
2.5,1.5,1.9,
2.5,1.5,2,
2.5,1.5,2.1,
2.5,1.5,2.2,
2.5,1.5,2.3,
2.5,1.5,2.4,
2.5,1.5,2.5,
2.5,1.5,2.6,
2.5,1.5,2.7,
2.5,1.5,2.8,
2.5,1.5,2.9,
2.5,1.5,3,
2.5,1.5,3.1,
2.5,1.5,3.2,
2.5,1.5,3.3,
2.5,1.5,3.4,1.052932497
2.5,1.5,3.5,
2.5,1.5,3.6,
2.6,1.5,0,
2.6,1.5,0.1,
2.6,1.5,0.2,
2.6,1.5,0.3,
2.6,1.5,0.4,
2.6,1.5,0.5,
2.6,1.5,0.6,
2.6,1.5,0.7,
2.6,1.5,0.8,
2.6,1.5,0.9,
2.6,1.5,1,
2.6,1.5,1.1,
2.6,1.5,1.2,
2.6,1.5,1.3,
2.6,1.5,1.4,
2.6,1.5,1.5,
2.6,1.5,1.6,
2.6,1.5,1.7,
2.6,1.5,1.8,
2.6,1.5,1.9,
2.6,1.5,2,
2.6,1.5,2.1,
2.6,1.5,2.2,
2.6,1.5,2.3,
2.6,1.5,2.4,
2.6,1.5,2.5,
2.6,1.5,2.6,
2.6,1.5,2.7,
2.6,1.5,2.8,
2.6,1.5,2.9,
2.6,1.5,3,
2.6,1.5,3.1,
2.6,1.5,3.2,
2.6,1.5,3.3,
2.6,1.5,3.4,
2.6,1.5,3.5,
2.6,1.5,3.6,
2.7,1.5,0,
2.7,1.5,0.1,
2.7,1.5,0.2,
2.7,1.5,0.3,
2.7,1.5,0.4,
2.7,1.5,0.5,
2.7,1.5,0.6,
2.7,1.5,0.7,
2.7,1.5,0.8,
2.7,1.5,0.9,
2.7,1.5,1,
2.7,1.5,1.1,1.238263364
2.7,1.5,1.2,
2.7,1.5,1.3,
2.7,1.5,1.4,
2.7,1.5,1.5,
2.7,1.5,1.6,
2.7,1.5,1.7,
2.7,1.5,1.8,
2.7,1.5,1.9,
2.7,1.5,2,
2.7,1.5,2.1,
2.7,1.5,2.2,
2.7,1.5,2.3,
2.7,1.5,2.4,
2.7,1.5,2.5,
2.7,1.5,2.6,1.158100379
2.7,1.5,2.7,
2.7,1.5,2.8,
2.7,1.5,2.9,
2.7,1.5,3,
2.7,1.5,3.1,
2.7,1.5,3.2,
2.7,1.5,3.3,
2.7,1.5,3.4,
2.7,1.5,3.5,
2.7,1.5,3.6,
2.8,1.5,0,
2.8,1.5,0.1,
2.8,1.5,0.2,
2.8,1.5,0.3,
2.8,1.5,0.4,
2.8,1.5,0.5,
2.8,1.5,0.6,
2.8,1.5,0.7,
2.8,1.5,0.8,
2.8,1.5,0.9,
2.8,1.5,1,
2.8,1.5,1.1,
2.8,1.5,1.2,
2.8,1.5,1.3,
2.8,1.5,1.4,
2.8,1.5,1.5,
2.8,1.5,1.6,
2.8,1.5,1.7,
2.8,1.5,1.8,
2.8,1.5,1.9,
2.8,1.5,2,
2.8,1.5,2.1,
2.8,1.5,2.2,
2.8,1.5,2.3,
2.8,1.5,2.4,
2.8,1.5,2.5,
2.8,1.5,2.6,
2.8,1.5,2.7,
2.8,1.5,2.8,
2.8,1.5,2.9,
2.8,1.5,3,
2.8,1.5,3.1,
2.8,1.5,3.2,
2.8,1.5,3.3,1.070614367
2.8,1.5,3.4,
2.8,1.5,3.5,
2.8,1.5,3.6,1.05691354
2.9,1.5,0,
2.9,1.5,0.1,
2.9,1.5,0.2,
2.9,1.5,0.3,
2.9,1.5,0.4,1.086130599
2.9,1.5,0.5,
2.9,1.5,0.6,
2.9,1.5,0.7,
2.9,1.5,0.8,
2.9,1.5,0.9,
2.9,1.5,1,
2.9,1.5,1.1,
2.9,1.5,1.2,
2.9,1.5,1.3,
2.9,1.5,1.4,
2.9,1.5,1.5,
2.9,1.5,1.6,
2.9,1.5,1.7,
2.9,1.5,1.8,
2.9,1.5,1.9,
2.9,1.5,2,
2.9,1.5,2.1,
2.9,1.5,2.2,
2.9,1.5,2.3,
2.9,1.5,2.4,
2.9,1.5,2.5,
2.9,1.5,2.6,
2.9,1.5,2.7,
2.9,1.5,2.8,
2.9,1.5,2.9,1.133366684
2.9,1.5,3,
2.9,1.5,3.1,
2.9,1.5,3.2,
2.9,1.5,3.3,
2.9,1.5,3.4,
2.9,1.5,3.5,
2.9,1.5,3.6,
3,1.5,0,
3,1.5,0.1,
3,1.5,0.2,
3,1.5,0.3,
3,1.5,0.4,
3,1.5,0.5,
3,1.5,0.6,
3,1.5,0.7,
3,1.5,0.8,
3,1.5,0.9,1.176234253
3,1.5,1,
3,1.5,1.1,1.291824088
3,1.5,1.2,
3,1.5,1.3,
3,1.5,1.4,
3,1.5,1.5,
3,1.5,1.6,
3,1.5,1.7,
3,1.5,1.8,
3,1.5,1.9,
3,1.5,2,
3,1.5,2.1,
3,1.5,2.2,
3,1.5,2.3,
3,1.5,2.4,
3,1.5,2.5,
3,1.5,2.6,
3,1.5,2.7,
3,1.5,2.8,
3,1.5,2.9,
3,1.5,3,
3,1.5,3.1,
3,1.5,3.2,
3,1.5,3.3,
3,1.5,3.4,
3,1.5,3.5,
3,1.5,3.6,
3.1,1.5,0,
3.1,1.5,0.1,1.084566781
3.1,1.5,0.2,
3.1,1.5,0.3,
3.1,1.5,0.4,
3.1,1.5,0.5,
3.1,1.5,0.6,
3.1,1.5,0.7,1.151540357
3.1,1.5,0.8,
3.1,1.5,0.9,1.154912759
3.1,1.5,1,
3.1,1.5,1.1,
3.1,1.5,1.2,
3.1,1.5,1.3,
3.1,1.5,1.4,
3.1,1.5,1.5,
3.1,1.5,1.6,
3.1,1.5,1.7,
3.1,1.5,1.8,
3.1,1.5,1.9,
3.1,1.5,2,
3.1,1.5,2.1,
3.1,1.5,2.2,
3.1,1.5,2.3,
3.1,1.5,2.4,
3.1,1.5,2.5,
3.1,1.5,2.6,
3.1,1.5,2.7,
3.1,1.5,2.8,
3.1,1.5,2.9,
3.1,1.5,3,
3.1,1.5,3.1,
3.1,1.5,3.2,
3.1,1.5,3.3,
3.1,1.5,3.4,
3.1,1.5,3.5,
3.1,1.5,3.6,
3.2,1.5,0,
3.2,1.5,0.1,
3.2,1.5,0.2,
3.2,1.5,0.3,
3.2,1.5,0.4,
3.2,1.5,0.5,
3.2,1.5,0.6,
3.2,1.5,0.7,
3.2,1.5,0.8,1.183546762
3.2,1.5,0.9,
3.2,1.5,1,
3.2,1.5,1.1,1.111527802
3.2,1.5,1.2,
3.2,1.5,1.3,
3.2,1.5,1.4,
3.2,1.5,1.5,1.05944476
3.2,1.5,1.6,
3.2,1.5,1.7,
3.2,1.5,1.8,
3.2,1.5,1.9,
3.2,1.5,2,
3.2,1.5,2.1,
3.2,1.5,2.2,
3.2,1.5,2.3,
3.2,1.5,2.4,
3.2,1.5,2.5,
3.2,1.5,2.6,
3.2,1.5,2.7,
3.2,1.5,2.8,
3.2,1.5,2.9,
3.2,1.5,3,
3.2,1.5,3.1,
3.2,1.5,3.2,
3.2,1.5,3.3,
3.2,1.5,3.4,
3.2,1.5,3.5,
3.2,1.5,3.6,
3.3,1.5,0,
3.3,1.5,0.1,
3.3,1.5,0.2,
3.3,1.5,0.3,
3.3,1.5,0.4,
3.3,1.5,0.5,
3.3,1.5,0.6,
3.3,1.5,0.7,
3.3,1.5,0.8,
3.3,1.5,0.9,
3.3,1.5,1,
3.3,1.5,1.1,
3.3,1.5,1.2,
3.3,1.5,1.3,
3.3,1.5,1.4,
3.3,1.5,1.5,
3.3,1.5,1.6,
3.3,1.5,1.7,
3.3,1.5,1.8,
3.3,1.5,1.9,
3.3,1.5,2,
3.3,1.5,2.1,
3.3,1.5,2.2,
3.3,1.5,2.3,1.081064463
3.3,1.5,2.4,
3.3,1.5,2.5,
3.3,1.5,2.6,
3.3,1.5,2.7,
3.3,1.5,2.8,
3.3,1.5,2.9,
3.3,1.5,3,
3.3,1.5,3.1,
3.3,1.5,3.2,
3.3,1.5,3.3,
3.3,1.5,3.4,
3.3,1.5,3.5,
3.3,1.5,3.6,
3.4,1.5,0,
3.4,1.5,0.1,
3.4,1.5,0.2,
3.4,1.5,0.3,
3.4,1.5,0.4,
3.4,1.5,0.5,1.164973393
3.4,1.5,0.6,
3.4,1.5,0.7,
3.4,1.5,0.8,
3.4,1.5,0.9,
3.4,1.5,1,
3.4,1.5,1.1,
3.4,1.5,1.2,
3.4,1.5,1.3,
3.4,1.5,1.4,
3.4,1.5,1.5,
3.4,1.5,1.6,
3.4,1.5,1.7,
3.4,1.5,1.8,
3.4,1.5,1.9,
3.4,1.5,2,
3.4,1.5,2.1,
3.4,1.5,2.2,
3.4,1.5,2.3,
3.4,1.5,2.4,
3.4,1.5,2.5,
3.4,1.5,2.6,
3.4,1.5,2.7,
3.4,1.5,2.8,
3.4,1.5,2.9,
3.4,1.5,3,
3.4,1.5,3.1,
3.4,1.5,3.2,
3.4,1.5,3.3,
3.4,1.5,3.4,
3.4,1.5,3.5,
3.4,1.5,3.6,
3.5,1.5,0,
3.5,1.5,0.1,
3.5,1.5,0.2,
3.5,1.5,0.3,
3.5,1.5,0.4,
3.5,1.5,0.5,
3.5,1.5,0.6,
3.5,1.5,0.7,
3.5,1.5,0.8,1.180841563
3.5,1.5,0.9,
3.5,1.5,1,
3.5,1.5,1.1,
3.5,1.5,1.2,
3.5,1.5,1.3,
3.5,1.5,1.4,
3.5,1.5,1.5,
3.5,1.5,1.6,
3.5,1.5,1.7,
3.5,1.5,1.8,
3.5,1.5,1.9,
3.5,1.5,2,
3.5,1.5,2.1,
3.5,1.5,2.2,
3.5,1.5,2.3,
3.5,1.5,2.4,1.096295564
3.5,1.5,2.5,
3.5,1.5,2.6,
3.5,1.5,2.7,
3.5,1.5,2.8,
3.5,1.5,2.9,
3.5,1.5,3,
3.5,1.5,3.1,1.186686908
3.5,1.5,3.2,
3.5,1.5,3.3,
3.5,1.5,3.4,
3.5,1.5,3.5,
3.5,1.5,3.6,
3.6,1.5,0,
3.6,1.5,0.1,
3.6,1.5,0.2,
3.6,1.5,0.3,
3.6,1.5,0.4,
3.6,1.5,0.5,
3.6,1.5,0.6,
3.6,1.5,0.7,
3.6,1.5,0.8,
3.6,1.5,0.9,
3.6,1.5,1,
3.6,1.5,1.1,1.12067988
3.6,1.5,1.2,
3.6,1.5,1.3,
3.6,1.5,1.4,
3.6,1.5,1.5,
3.6,1.5,1.6,
3.6,1.5,1.7,
3.6,1.5,1.8,
3.6,1.5,1.9,
3.6,1.5,2,
3.6,1.5,2.1,
3.6,1.5,2.2,
3.6,1.5,2.3,
3.6,1.5,2.4,
3.6,1.5,2.5,
3.6,1.5,2.6,
3.6,1.5,2.7,
3.6,1.5,2.8,
3.6,1.5,2.9,
3.6,1.5,3,
3.6,1.5,3.1,
3.6,1.5,3.2,
3.6,1.5,3.3,
3.6,1.5,3.4,
3.6,1.5,3.5,
3.6,1.5,3.6,
3.7,1.5,0,
3.7,1.5,0.1,
3.7,1.5,0.2,
3.7,1.5,0.3,
3.7,1.5,0.4,
3.7,1.5,0.5,
3.7,1.5,0.6,
3.7,1.5,0.7,
3.7,1.5,0.8,
3.7,1.5,0.9,
3.7,1.5,1,
3.7,1.5,1.1,
3.7,1.5,1.2,
3.7,1.5,1.3,
3.7,1.5,1.4,
3.7,1.5,1.5,
3.7,1.5,1.6,
3.7,1.5,1.7,
3.7,1.5,1.8,
3.7,1.5,1.9,
3.7,1.5,2,
3.7,1.5,2.1,
3.7,1.5,2.2,
3.7,1.5,2.3,
3.7,1.5,2.4,
3.7,1.5,2.5,
3.7,1.5,2.6,
3.7,1.5,2.7,1.165235782
3.7,1.5,2.8,
3.7,1.5,2.9,
3.7,1.5,3,
3.7,1.5,3.1,
3.7,1.5,3.2,
3.7,1.5,3.3,
3.7,1.5,3.4,
3.7,1.5,3.5,
3.7,1.5,3.6,
3.8,1.5,0,
3.8,1.5,0.1,
3.8,1.5,0.2,
3.8,1.5,0.3,1.062506445
3.8,1.5,0.4,
3.8,1.5,0.5,
3.8,1.5,0.6,
3.8,1.5,0.7,
3.8,1.5,0.8,
3.8,1.5,0.9,1.176710136
3.8,1.5,1,
3.8,1.5,1.1,
3.8,1.5,1.2,
3.8,1.5,1.3,
3.8,1.5,1.4,
3.8,1.5,1.5,
3.8,1.5,1.6,
3.8,1.5,1.7,
3.8,1.5,1.8,
3.8,1.5,1.9,
3.8,1.5,2,
3.8,1.5,2.1,
3.8,1.5,2.2,
3.8,1.5,2.3,
3.8,1.5,2.4,
3.8,1.5,2.5,
3.8,1.5,2.6,
3.8,1.5,2.7,
3.8,1.5,2.8,
3.8,1.5,2.9,
3.8,1.5,3,
3.8,1.5,3.1,
3.8,1.5,3.2,
3.8,1.5,3.3,
3.8,1.5,3.4,
3.8,1.5,3.5,
3.8,1.5,3.6,
3.9,1.5,0,
3.9,1.5,0.1,
3.9,1.5,0.2,
3.9,1.5,0.3,
3.9,1.5,0.4,
3.9,1.5,0.5,
3.9,1.5,0.6,
3.9,1.5,0.7,
3.9,1.5,0.8,
3.9,1.5,0.9,
3.9,1.5,1,
3.9,1.5,1.1,
3.9,1.5,1.2,
3.9,1.5,1.3,
3.9,1.5,1.4,
3.9,1.5,1.5,
3.9,1.5,1.6,
3.9,1.5,1.7,
3.9,1.5,1.8,
3.9,1.5,1.9,
3.9,1.5,2,
3.9,1.5,2.1,
3.9,1.5,2.2,
3.9,1.5,2.3,
3.9,1.5,2.4,
3.9,1.5,2.5,
3.9,1.5,2.6,
3.9,1.5,2.7,
3.9,1.5,2.8,
3.9,1.5,2.9,1.115691068
3.9,1.5,3,
3.9,1.5,3.1,
3.9,1.5,3.2,
3.9,1.5,3.3,
3.9,1.5,3.4,
3.9,1.5,3.5,
3.9,1.5,3.6,
4,1.5,0,
4,1.5,0.1,
4,1.5,0.2,
4,1.5,0.3,
4,1.5,0.4,
4,1.5,0.5,
4,1.5,0.6,
4,1.5,0.7,
4,1.5,0.8,
4,1.5,0.9,
4,1.5,1,
4,1.5,1.1,
4,1.5,1.2,
4,1.5,1.3,
4,1.5,1.4,
4,1.5,1.5,
4,1.5,1.6,
4,1.5,1.7,
4,1.5,1.8,
4,1.5,1.9,
4,1.5,2,
4,1.5,2.1,
4,1.5,2.2,
4,1.5,2.3,
4,1.5,2.4,
4,1.5,2.5,
4,1.5,2.6,
4,1.5,2.7,
4,1.5,2.8,
4,1.5,2.9,
4,1.5,3,
4,1.5,3.1,
4,1.5,3.2,
4,1.5,3.3,
4,1.5,3.4,
4,1.5,3.5,
4,1.5,3.6,1.046446387
4.1,1.5,0,1.046506654
4.1,1.5,0.1,
4.1,1.5,0.2,
4.1,1.5,0.3,
4.1,1.5,0.4,
4.1,1.5,0.5,
4.1,1.5,0.6,
4.1,1.5,0.7,1.112102898
4.1,1.5,0.8,
4.1,1.5,0.9,
4.1,1.5,1,
4.1,1.5,1.1,1.205507316
4.1,1.5,1.2,
4.1,1.5,1.3,
4.1,1.5,1.4,
4.1,1.5,1.5,
4.1,1.5,1.6,
4.1,1.5,1.7,
4.1,1.5,1.8,
4.1,1.5,1.9,
4.1,1.5,2,
4.1,1.5,2.1,
4.1,1.5,2.2,
4.1,1.5,2.3,
4.1,1.5,2.4,
4.1,1.5,2.5,
4.1,1.5,2.6,
4.1,1.5,2.7,
4.1,1.5,2.8,
4.1,1.5,2.9,
4.1,1.5,3,
4.1,1.5,3.1,
4.1,1.5,3.2,1.069762098
4.1,1.5,3.3,
4.1,1.5,3.4,
4.1,1.5,3.5,
4.1,1.5,3.6,
4.2,1.5,0,
4.2,1.5,0.1,
4.2,1.5,0.2,
4.2,1.5,0.3,
4.2,1.5,0.4,
4.2,1.5,0.5,
4.2,1.5,0.6,
4.2,1.5,0.7,
4.2,1.5,0.8,
4.2,1.5,0.9,
4.2,1.5,1,
4.2,1.5,1.1,
4.2,1.5,1.2,
4.2,1.5,1.3,
4.2,1.5,1.4,
4.2,1.5,1.5,
4.2,1.5,1.6,
4.2,1.5,1.7,
4.2,1.5,1.8,
4.2,1.5,1.9,
4.2,1.5,2,
4.2,1.5,2.1,
4.2,1.5,2.2,
4.2,1.5,2.3,
4.2,1.5,2.4,
4.2,1.5,2.5,
4.2,1.5,2.6,
4.2,1.5,2.7,
4.2,1.5,2.8,
4.2,1.5,2.9,
4.2,1.5,3,
4.2,1.5,3.1,
4.2,1.5,3.2,
4.2,1.5,3.3,
4.2,1.5,3.4,
4.2,1.5,3.5,
4.2,1.5,3.6,
4.3,1.5,0,
4.3,1.5,0.1,
4.3,1.5,0.2,
4.3,1.5,0.3,
4.3,1.5,0.4,
4.3,1.5,0.5,
4.3,1.5,0.6,
4.3,1.5,0.7,
4.3,1.5,0.8,
4.3,1.5,0.9,
4.3,1.5,1,
4.3,1.5,1.1,
4.3,1.5,1.2,
4.3,1.5,1.3,
4.3,1.5,1.4,
4.3,1.5,1.5,
4.3,1.5,1.6,
4.3,1.5,1.7,
4.3,1.5,1.8,
4.3,1.5,1.9,
4.3,1.5,2,
4.3,1.5,2.1,
4.3,1.5,2.2,
4.3,1.5,2.3,1.100778644
4.3,1.5,2.4,
4.3,1.5,2.5,
4.3,1.5,2.6,
4.3,1.5,2.7,
4.3,1.5,2.8,
4.3,1.5,2.9,
4.3,1.5,3,
4.3,1.5,3.1,
4.3,1.5,3.2,
4.3,1.5,3.3,
4.3,1.5,3.4,
4.3,1.5,3.5,
4.3,1.5,3.6,
4.4,1.5,0,
4.4,1.5,0.1,
4.4,1.5,0.2,
4.4,1.5,0.3,
4.4,1.5,0.4,
4.4,1.5,0.5,
4.4,1.5,0.6,
4.4,1.5,0.7,
4.4,1.5,0.8,
4.4,1.5,0.9,
4.4,1.5,1,
4.4,1.5,1.1,1.126305762
4.4,1.5,1.2,
4.4,1.5,1.3,
4.4,1.5,1.4,
4.4,1.5,1.5,
4.4,1.5,1.6,
4.4,1.5,1.7,
4.4,1.5,1.8,
4.4,1.5,1.9,
4.4,1.5,2,
4.4,1.5,2.1,
4.4,1.5,2.2,
4.4,1.5,2.3,
4.4,1.5,2.4,
4.4,1.5,2.5,
4.4,1.5,2.6,1.142802757
4.4,1.5,2.7,
4.4,1.5,2.8,
4.4,1.5,2.9,
4.4,1.5,3,
4.4,1.5,3.1,
4.4,1.5,3.2,
4.4,1.5,3.3,
4.4,1.5,3.4,
4.4,1.5,3.5,
4.4,1.5,3.6,
4.5,1.5,0,
4.5,1.5,0.1,
4.5,1.5,0.2,
4.5,1.5,0.3,
4.5,1.5,0.4,
4.5,1.5,0.5,
4.5,1.5,0.6,
4.5,1.5,0.7,
4.5,1.5,0.8,
4.5,1.5,0.9,
4.5,1.5,1,
4.5,1.5,1.1,
4.5,1.5,1.2,
4.5,1.5,1.3,
4.5,1.5,1.4,
4.5,1.5,1.5,
4.5,1.5,1.6,
4.5,1.5,1.7,
4.5,1.5,1.8,
4.5,1.5,1.9,
4.5,1.5,2,
4.5,1.5,2.1,
4.5,1.5,2.2,
4.5,1.5,2.3,
4.5,1.5,2.4,
4.5,1.5,2.5,
4.5,1.5,2.6,
4.5,1.5,2.7,
4.5,1.5,2.8,
4.5,1.5,2.9,
4.5,1.5,3,
4.5,1.5,3.1,1.204296287
4.5,1.5,3.2,1.189845248
4.5,1.5,3.3,
4.5,1.5,3.4,
4.5,1.5,3.5,
4.5,1.5,3.6,
4.6,1.5,0,
4.6,1.5,0.1,
4.6,1.5,0.2,
4.6,1.5,0.3,
4.6,1.5,0.4,
4.6,1.5,0.5,
4.6,1.5,0.6,
4.6,1.5,0.7,
4.6,1.5,0.8,
4.6,1.5,0.9,
4.6,1.5,1,
4.6,1.5,1.1,
4.6,1.5,1.2,
4.6,1.5,1.3,
4.6,1.5,1.4,
4.6,1.5,1.5,
4.6,1.5,1.6,
4.6,1.5,1.7,
4.6,1.5,1.8,1.057126181
4.6,1.5,1.9,
4.6,1.5,2,
4.6,1.5,2.1,
4.6,1.5,2.2,
4.6,1.5,2.3,
4.6,1.5,2.4,
4.6,1.5,2.5,
4.6,1.5,2.6,1.131533653
4.6,1.5,2.7,
4.6,1.5,2.8,
4.6,1.5,2.9,
4.6,1.5,3,
4.6,1.5,3.1,
4.6,1.5,3.2,
4.6,1.5,3.3,
4.6,1.5,3.4,
4.6,1.5,3.5,
4.6,1.5,3.6,
4.7,1.5,0,
4.7,1.5,0.1,
4.7,1.5,0.2,
4.7,1.5,0.3,
4.7,1.5,0.4,
4.7,1.5,0.5,
4.7,1.5,0.6,
4.7,1.5,0.7,
4.7,1.5,0.8,
4.7,1.5,0.9,
4.7,1.5,1,
4.7,1.5,1.1,
4.7,1.5,1.2,
4.7,1.5,1.3,
4.7,1.5,1.4,
4.7,1.5,1.5,
4.7,1.5,1.6,
4.7,1.5,1.7,
4.7,1.5,1.8,
4.7,1.5,1.9,
4.7,1.5,2,
4.7,1.5,2.1,
4.7,1.5,2.2,
4.7,1.5,2.3,
4.7,1.5,2.4,
4.7,1.5,2.5,
4.7,1.5,2.6,
4.7,1.5,2.7,
4.7,1.5,2.8,
4.7,1.5,2.9,
4.7,1.5,3,
4.7,1.5,3.1,
4.7,1.5,3.2,
4.7,1.5,3.3,
4.7,1.5,3.4,
4.7,1.5,3.5,1.125943306
4.7,1.5,3.6,
4.8,1.5,0,
4.8,1.5,0.1,
4.8,1.5,0.2,
4.8,1.5,0.3,
4.8,1.5,0.4,
4.8,1.5,0.5,
4.8,1.5,0.6,
4.8,1.5,0.7,
4.8,1.5,0.8,
4.8,1.5,0.9,
4.8,1.5,1,
4.8,1.5,1.1,
4.8,1.5,1.2,
4.8,1.5,1.3,
4.8,1.5,1.4,1.070468816
4.8,1.5,1.5,
4.8,1.5,1.6,
4.8,1.5,1.7,
4.8,1.5,1.8,
4.8,1.5,1.9,
4.8,1.5,2,1.053366875
4.8,1.5,2.1,
4.8,1.5,2.2,
4.8,1.5,2.3,
4.8,1.5,2.4,
4.8,1.5,2.5,
4.8,1.5,2.6,1.127522476
4.8,1.5,2.7,
4.8,1.5,2.8,
4.8,1.5,2.9,
4.8,1.5,3,
4.8,1.5,3.1,
4.8,1.5,3.2,
4.8,1.5,3.3,
4.8,1.5,3.4,
4.8,1.5,3.5,
4.8,1.5,3.6,
4.9,1.5,0,
4.9,1.5,0.1,
4.9,1.5,0.2,
4.9,1.5,0.3,
4.9,1.5,0.4,
4.9,1.5,0.5,
4.9,1.5,0.6,
4.9,1.5,0.7,
4.9,1.5,0.8,
4.9,1.5,0.9,
4.9,1.5,1,
4.9,1.5,1.1,
4.9,1.5,1.2,
4.9,1.5,1.3,
4.9,1.5,1.4,
4.9,1.5,1.5,
4.9,1.5,1.6,
4.9,1.5,1.7,
4.9,1.5,1.8,
4.9,1.5,1.9,
4.9,1.5,2,
4.9,1.5,2.1,
4.9,1.5,2.2,
4.9,1.5,2.3,
4.9,1.5,2.4,1.371644233
4.9,1.5,2.5,
4.9,1.5,2.6,
4.9,1.5,2.7,
4.9,1.5,2.8,
4.9,1.5,2.9,
4.9,1.5,3,
4.9,1.5,3.1,
4.9,1.5,3.2,
4.9,1.5,3.3,
4.9,1.5,3.4,
4.9,1.5,3.5,
4.9,1.5,3.6,
5,1.5,0,
5,1.5,0.1,
5,1.5,0.2,
5,1.5,0.3,1.094152669
5,1.5,0.4,
5,1.5,0.5,
5,1.5,0.6,
5,1.5,0.7,
5,1.5,0.8,
5,1.5,0.9,
5,1.5,1,
5,1.5,1.1,
5,1.5,1.2,
5,1.5,1.3,
5,1.5,1.4,
5,1.5,1.5,
5,1.5,1.6,
5,1.5,1.7,
5,1.5,1.8,
5,1.5,1.9,
5,1.5,2,
5,1.5,2.1,
5,1.5,2.2,
5,1.5,2.3,
5,1.5,2.4,
5,1.5,2.5,
5,1.5,2.6,
5,1.5,2.7,
5,1.5,2.8,
5,1.5,2.9,
5,1.5,3,
5,1.5,3.1,
5,1.5,3.2,
5,1.5,3.3,
5,1.5,3.4,
5,1.5,3.5,
5,1.5,3.6,
5.1,1.5,0,
5.1,1.5,0.1,
5.1,1.5,0.2,
5.1,1.5,0.3,
5.1,1.5,0.4,
5.1,1.5,0.5,
5.1,1.5,0.6,
5.1,1.5,0.7,
5.1,1.5,0.8,
5.1,1.5,0.9,
5.1,1.5,1,1.138002706
5.1,1.5,1.1,
5.1,1.5,1.2,
5.1,1.5,1.3,
5.1,1.5,1.4,
5.1,1.5,1.5,
5.1,1.5,1.6,
5.1,1.5,1.7,
5.1,1.5,1.8,
5.1,1.5,1.9,
5.1,1.5,2,
5.1,1.5,2.1,1.233197228
5.1,1.5,2.2,
5.1,1.5,2.3,
5.1,1.5,2.4,
5.1,1.5,2.5,
5.1,1.5,2.6,
5.1,1.5,2.7,
5.1,1.5,2.8,
5.1,1.5,2.9,
5.1,1.5,3,
5.1,1.5,3.1,
5.1,1.5,3.2,1.095151057
5.1,1.5,3.3,
5.1,1.5,3.4,
5.1,1.5,3.5,
5.1,1.5,3.6,
5.2,1.5,0,1.062424573
5.2,1.5,0.1,
5.2,1.5,0.2,
5.2,1.5,0.3,
5.2,1.5,0.4,
5.2,1.5,0.5,
5.2,1.5,0.6,
5.2,1.5,0.7,
5.2,1.5,0.8,
5.2,1.5,0.9,
5.2,1.5,1,
5.2,1.5,1.1,
5.2,1.5,1.2,
5.2,1.5,1.3,1.239291602
5.2,1.5,1.4,
5.2,1.5,1.5,
5.2,1.5,1.6,
5.2,1.5,1.7,
5.2,1.5,1.8,1.195844103
5.2,1.5,1.9,
5.2,1.5,2,
5.2,1.5,2.1,
5.2,1.5,2.2,
5.2,1.5,2.3,
5.2,1.5,2.4,
5.2,1.5,2.5,
5.2,1.5,2.6,
5.2,1.5,2.7,
5.2,1.5,2.8,
5.2,1.5,2.9,
5.2,1.5,3,
5.2,1.5,3.1,
5.2,1.5,3.2,
5.2,1.5,3.3,
5.2,1.5,3.4,
5.2,1.5,3.5,
5.2,1.5,3.6,
5.3,1.5,0,
5.3,1.5,0.1,
5.3,1.5,0.2,
5.3,1.5,0.3,
5.3,1.5,0.4,
5.3,1.5,0.5,
5.3,1.5,0.6,
5.3,1.5,0.7,
5.3,1.5,0.8,
5.3,1.5,0.9,
5.3,1.5,1,
5.3,1.5,1.1,
5.3,1.5,1.2,1.232139142
5.3,1.5,1.3,
5.3,1.5,1.4,
5.3,1.5,1.5,
5.3,1.5,1.6,
5.3,1.5,1.7,
5.3,1.5,1.8,
5.3,1.5,1.9,
5.3,1.5,2,
5.3,1.5,2.1,
5.3,1.5,2.2,
5.3,1.5,2.3,
5.3,1.5,2.4,
5.3,1.5,2.5,
5.3,1.5,2.6,
5.3,1.5,2.7,
5.3,1.5,2.8,
5.3,1.5,2.9,
5.3,1.5,3,
5.3,1.5,3.1,
5.3,1.5,3.2,
5.3,1.5,3.3,
5.3,1.5,3.4,
5.3,1.5,3.5,
5.3,1.5,3.6,
5.4,1.5,0,
5.4,1.5,0.1,
5.4,1.5,0.2,
5.4,1.5,0.3,
5.4,1.5,0.4,
5.4,1.5,0.5,
5.4,1.5,0.6,
5.4,1.5,0.7,
5.4,1.5,0.8,
5.4,1.5,0.9,
5.4,1.5,1,
5.4,1.5,1.1,
5.4,1.5,1.2,
5.4,1.5,1.3,
5.4,1.5,1.4,
5.4,1.5,1.5,
5.4,1.5,1.6,
5.4,1.5,1.7,
5.4,1.5,1.8,
5.4,1.5,1.9,
5.4,1.5,2,
5.4,1.5,2.1,
5.4,1.5,2.2,
5.4,1.5,2.3,
5.4,1.5,2.4,1.206431791
5.4,1.5,2.5,
5.4,1.5,2.6,1.160086068
5.4,1.5,2.7,
5.4,1.5,2.8,
5.4,1.5,2.9,
5.4,1.5,3,
5.4,1.5,3.1,
5.4,1.5,3.2,
5.4,1.5,3.3,
5.4,1.5,3.4,
5.4,1.5,3.5,
5.4,1.5,3.6,
5.5,1.5,0,
5.5,1.5,0.1,
5.5,1.5,0.2,
5.5,1.5,0.3,
5.5,1.5,0.4,1.069732818
5.5,1.5,0.5,
5.5,1.5,0.6,
5.5,1.5,0.7,
5.5,1.5,0.8,1.133677685
5.5,1.5,0.9,
5.5,1.5,1,
5.5,1.5,1.1,
5.5,1.5,1.2,1.188152651
5.5,1.5,1.3,
5.5,1.5,1.4,
5.5,1.5,1.5,
5.5,1.5,1.6,
5.5,1.5,1.7,1.133510245
5.5,1.5,1.8,
5.5,1.5,1.9,
5.5,1.5,2,
5.5,1.5,2.1,
5.5,1.5,2.2,
5.5,1.5,2.3,
5.5,1.5,2.4,
5.5,1.5,2.5,
5.5,1.5,2.6,
5.5,1.5,2.7,
5.5,1.5,2.8,1.136787129
5.5,1.5,2.9,
5.5,1.5,3,
5.5,1.5,3.1,
5.5,1.5,3.2,
5.5,1.5,3.3,
5.5,1.5,3.4,
5.5,1.5,3.5,
5.5,1.5,3.6,
5.6,1.5,0,
5.6,1.5,0.1,
5.6,1.5,0.2,
5.6,1.5,0.3,
5.6,1.5,0.4,
5.6,1.5,0.5,
5.6,1.5,0.6,
5.6,1.5,0.7,
5.6,1.5,0.8,
5.6,1.5,0.9,
5.6,1.5,1,
5.6,1.5,1.1,
5.6,1.5,1.2,
5.6,1.5,1.3,
5.6,1.5,1.4,1.139724015
5.6,1.5,1.5,
5.6,1.5,1.6,
5.6,1.5,1.7,
5.6,1.5,1.8,
5.6,1.5,1.9,
5.6,1.5,2,
5.6,1.5,2.1,
5.6,1.5,2.2,
5.6,1.5,2.3,
5.6,1.5,2.4,
5.6,1.5,2.5,
5.6,1.5,2.6,
5.6,1.5,2.7,
5.6,1.5,2.8,
5.6,1.5,2.9,
5.6,1.5,3,
5.6,1.5,3.1,
5.6,1.5,3.2,
5.6,1.5,3.3,
5.6,1.5,3.4,
5.6,1.5,3.5,
5.6,1.5,3.6,
5.7,1.5,0,
5.7,1.5,0.1,
5.7,1.5,0.2,
5.7,1.5,0.3,
5.7,1.5,0.4,
5.7,1.5,0.5,
5.7,1.5,0.6,
5.7,1.5,0.7,
5.7,1.5,0.8,
5.7,1.5,0.9,
5.7,1.5,1,
5.7,1.5,1.1,
5.7,1.5,1.2,
5.7,1.5,1.3,
5.7,1.5,1.4,
5.7,1.5,1.5,
5.7,1.5,1.6,
5.7,1.5,1.7,
5.7,1.5,1.8,
5.7,1.5,1.9,
5.7,1.5,2,
5.7,1.5,2.1,
5.7,1.5,2.2,
5.7,1.5,2.3,
5.7,1.5,2.4,
5.7,1.5,2.5,
5.7,1.5,2.6,
5.7,1.5,2.7,
5.7,1.5,2.8,
5.7,1.5,2.9,
5.7,1.5,3,
5.7,1.5,3.1,
5.7,1.5,3.2,
5.7,1.5,3.3,
5.7,1.5,3.4,
5.7,1.5,3.5,
5.7,1.5,3.6,
5.8,1.5,0,
5.8,1.5,0.1,
5.8,1.5,0.2,
5.8,1.5,0.3,
5.8,1.5,0.4,
5.8,1.5,0.5,
5.8,1.5,0.6,
5.8,1.5,0.7,
5.8,1.5,0.8,
5.8,1.5,0.9,
5.8,1.5,1,1.175565629
5.8,1.5,1.1,
5.8,1.5,1.2,
5.8,1.5,1.3,
5.8,1.5,1.4,
5.8,1.5,1.5,
5.8,1.5,1.6,
5.8,1.5,1.7,
5.8,1.5,1.8,
5.8,1.5,1.9,
5.8,1.5,2,
5.8,1.5,2.1,
5.8,1.5,2.2,
5.8,1.5,2.3,
5.8,1.5,2.4,
5.8,1.5,2.5,
5.8,1.5,2.6,
5.8,1.5,2.7,
5.8,1.5,2.8,
5.8,1.5,2.9,
5.8,1.5,3,
5.8,1.5,3.1,
5.8,1.5,3.2,
5.8,1.5,3.3,
5.8,1.5,3.4,
5.8,1.5,3.5,
5.8,1.5,3.6,1.048347076
5.9,1.5,0,
5.9,1.5,0.1,1.053029436
5.9,1.5,0.2,
5.9,1.5,0.3,
5.9,1.5,0.4,
5.9,1.5,0.5,
5.9,1.5,0.6,
5.9,1.5,0.7,
5.9,1.5,0.8,
5.9,1.5,0.9,
5.9,1.5,1,
5.9,1.5,1.1,
5.9,1.5,1.2,
5.9,1.5,1.3,
5.9,1.5,1.4,
5.9,1.5,1.5,
5.9,1.5,1.6,
5.9,1.5,1.7,
5.9,1.5,1.8,
5.9,1.5,1.9,
5.9,1.5,2,
5.9,1.5,2.1,
5.9,1.5,2.2,
5.9,1.5,2.3,1.109401963
5.9,1.5,2.4,
5.9,1.5,2.5,
5.9,1.5,2.6,
5.9,1.5,2.7,
5.9,1.5,2.8,
5.9,1.5,2.9,
5.9,1.5,3,
5.9,1.5,3.1,
5.9,1.5,3.2,
5.9,1.5,3.3,
5.9,1.5,3.4,
5.9,1.5,3.5,
5.9,1.5,3.6,
6,1.5,0,
6,1.5,0.1,
6,1.5,0.2,
6,1.5,0.3,
6,1.5,0.4,
6,1.5,0.5,
6,1.5,0.6,
6,1.5,0.7,
6,1.5,0.8,
6,1.5,0.9,
6,1.5,1,
6,1.5,1.1,
6,1.5,1.2,
6,1.5,1.3,
6,1.5,1.4,
6,1.5,1.5,
6,1.5,1.6,
6,1.5,1.7,
6,1.5,1.8,
6,1.5,1.9,1.066650949
6,1.5,2,
6,1.5,2.1,
6,1.5,2.2,
6,1.5,2.3,
6,1.5,2.4,1.114601711
6,1.5,2.5,
6,1.5,2.6,
6,1.5,2.7,
6,1.5,2.8,
6,1.5,2.9,
6,1.5,3,
6,1.5,3.1,
6,1.5,3.2,
6,1.5,3.3,
6,1.5,3.4,
6,1.5,3.5,
6,1.5,3.6,
6.1,1.5,0,
6.1,1.5,0.1,
6.1,1.5,0.2,
6.1,1.5,0.3,
6.1,1.5,0.4,
6.1,1.5,0.5,
6.1,1.5,0.6,
6.1,1.5,0.7,
6.1,1.5,0.8,
6.1,1.5,0.9,
6.1,1.5,1,
6.1,1.5,1.1,
6.1,1.5,1.2,
6.1,1.5,1.3,
6.1,1.5,1.4,
6.1,1.5,1.5,
6.1,1.5,1.6,
6.1,1.5,1.7,
6.1,1.5,1.8,
6.1,1.5,1.9,
6.1,1.5,2,
6.1,1.5,2.1,
6.1,1.5,2.2,
6.1,1.5,2.3,
6.1,1.5,2.4,
6.1,1.5,2.5,
6.1,1.5,2.6,
6.1,1.5,2.7,
6.1,1.5,2.8,
6.1,1.5,2.9,
6.1,1.5,3,
6.1,1.5,3.1,
6.1,1.5,3.2,
6.1,1.5,3.3,
6.1,1.5,3.4,
6.1,1.5,3.5,
6.1,1.5,3.6,
6.2,1.5,0,
6.2,1.5,0.1,
6.2,1.5,0.2,
6.2,1.5,0.3,
6.2,1.5,0.4,
6.2,1.5,0.5,
6.2,1.5,0.6,
6.2,1.5,0.7,
6.2,1.5,0.8,
6.2,1.5,0.9,
6.2,1.5,1,
6.2,1.5,1.1,
6.2,1.5,1.2,
6.2,1.5,1.3,
6.2,1.5,1.4,
6.2,1.5,1.5,
6.2,1.5,1.6,
6.2,1.5,1.7,
6.2,1.5,1.8,
6.2,1.5,1.9,
6.2,1.5,2,
6.2,1.5,2.1,
6.2,1.5,2.2,
6.2,1.5,2.3,1.086079145
6.2,1.5,2.4,
6.2,1.5,2.5,
6.2,1.5,2.6,
6.2,1.5,2.7,
6.2,1.5,2.8,
6.2,1.5,2.9,
6.2,1.5,3,
6.2,1.5,3.1,
6.2,1.5,3.2,
6.2,1.5,3.3,
6.2,1.5,3.4,
6.2,1.5,3.5,
6.2,1.5,3.6,
6.3,1.5,0,
6.3,1.5,0.1,
6.3,1.5,0.2,
6.3,1.5,0.3,
6.3,1.5,0.4,
6.3,1.5,0.5,
6.3,1.5,0.6,
6.3,1.5,0.7,
6.3,1.5,0.8,
6.3,1.5,0.9,
6.3,1.5,1,
6.3,1.5,1.1,
6.3,1.5,1.2,
6.3,1.5,1.3,
6.3,1.5,1.4,
6.3,1.5,1.5,
6.3,1.5,1.6,
6.3,1.5,1.7,
6.3,1.5,1.8,
6.3,1.5,1.9,
6.3,1.5,2,
6.3,1.5,2.1,
6.3,1.5,2.2,
6.3,1.5,2.3,
6.3,1.5,2.4,
6.3,1.5,2.5,
6.3,1.5,2.6,1.133569659
6.3,1.5,2.7,
6.3,1.5,2.8,
6.3,1.5,2.9,
6.3,1.5,3,
6.3,1.5,3.1,
6.3,1.5,3.2,
6.3,1.5,3.3,
6.3,1.5,3.4,1.089721612
6.3,1.5,3.5,
6.3,1.5,3.6,
6.4,1.5,0,
6.4,1.5,0.1,
6.4,1.5,0.2,
6.4,1.5,0.3,
6.4,1.5,0.4,
6.4,1.5,0.5,1.132635234
6.4,1.5,0.6,
6.4,1.5,0.7,
6.4,1.5,0.8,
6.4,1.5,0.9,
6.4,1.5,1,
6.4,1.5,1.1,
6.4,1.5,1.2,
6.4,1.5,1.3,
6.4,1.5,1.4,
6.4,1.5,1.5,
6.4,1.5,1.6,
6.4,1.5,1.7,
6.4,1.5,1.8,
6.4,1.5,1.9,
6.4,1.5,2,
6.4,1.5,2.1,
6.4,1.5,2.2,
6.4,1.5,2.3,
6.4,1.5,2.4,
6.4,1.5,2.5,
6.4,1.5,2.6,
6.4,1.5,2.7,
6.4,1.5,2.8,
6.4,1.5,2.9,
6.4,1.5,3,
6.4,1.5,3.1,
6.4,1.5,3.2,
6.4,1.5,3.3,
6.4,1.5,3.4,
6.4,1.5,3.5,
6.4,1.5,3.6,
6.5,1.5,0,
6.5,1.5,0.1,
6.5,1.5,0.2,
6.5,1.5,0.3,
6.5,1.5,0.4,
6.5,1.5,0.5,
6.5,1.5,0.6,
6.5,1.5,0.7,
6.5,1.5,0.8,
6.5,1.5,0.9,
6.5,1.5,1,1.133713504
6.5,1.5,1.1,
6.5,1.5,1.2,
6.5,1.5,1.3,1.0811958
6.5,1.5,1.4,
6.5,1.5,1.5,
6.5,1.5,1.6,
6.5,1.5,1.7,
6.5,1.5,1.8,
6.5,1.5,1.9,
6.5,1.5,2,
6.5,1.5,2.1,
6.5,1.5,2.2,
6.5,1.5,2.3,
6.5,1.5,2.4,
6.5,1.5,2.5,
6.5,1.5,2.6,
6.5,1.5,2.7,
6.5,1.5,2.8,
6.5,1.5,2.9,
6.5,1.5,3,
6.5,1.5,3.1,
6.5,1.5,3.2,
6.5,1.5,3.3,1.12565391
6.5,1.5,3.4,
6.5,1.5,3.5,
6.5,1.5,3.6,
6.6,1.5,0,
6.6,1.5,0.1,
6.6,1.5,0.2,
6.6,1.5,0.3,
6.6,1.5,0.4,
6.6,1.5,0.5,
6.6,1.5,0.6,
6.6,1.5,0.7,
6.6,1.5,0.8,
6.6,1.5,0.9,
6.6,1.5,1,
6.6,1.5,1.1,
6.6,1.5,1.2,
6.6,1.5,1.3,
6.6,1.5,1.4,
6.6,1.5,1.5,
6.6,1.5,1.6,
6.6,1.5,1.7,
6.6,1.5,1.8,
6.6,1.5,1.9,
6.6,1.5,2,
6.6,1.5,2.1,
6.6,1.5,2.2,
6.6,1.5,2.3,
6.6,1.5,2.4,
6.6,1.5,2.5,
6.6,1.5,2.6,
6.6,1.5,2.7,
6.6,1.5,2.8,
6.6,1.5,2.9,
6.6,1.5,3,1.18482886
6.6,1.5,3.1,
6.6,1.5,3.2,
6.6,1.5,3.3,
6.6,1.5,3.4,
6.6,1.5,3.5,
6.6,1.5,3.6,
6.7,1.5,0,
6.7,1.5,0.1,
6.7,1.5,0.2,
6.7,1.5,0.3,
6.7,1.5,0.4,
6.7,1.5,0.5,
6.7,1.5,0.6,
6.7,1.5,0.7,
6.7,1.5,0.8,
6.7,1.5,0.9,
6.7,1.5,1,
6.7,1.5,1.1,
6.7,1.5,1.2,
6.7,1.5,1.3,
6.7,1.5,1.4,
6.7,1.5,1.5,
6.7,1.5,1.6,
6.7,1.5,1.7,
6.7,1.5,1.8,
6.7,1.5,1.9,
6.7,1.5,2,
6.7,1.5,2.1,
6.7,1.5,2.2,
6.7,1.5,2.3,
6.7,1.5,2.4,
6.7,1.5,2.5,
6.7,1.5,2.6,
6.7,1.5,2.7,
6.7,1.5,2.8,
6.7,1.5,2.9,
6.7,1.5,3,
6.7,1.5,3.1,1.188273753
6.7,1.5,3.2,
6.7,1.5,3.3,
6.7,1.5,3.4,
6.7,1.5,3.5,
6.7,1.5,3.6,
6.8,1.5,0,
6.8,1.5,0.1,
6.8,1.5,0.2,
6.8,1.5,0.3,
6.8,1.5,0.4,
6.8,1.5,0.5,1.208053034
6.8,1.5,0.6,
6.8,1.5,0.7,
6.8,1.5,0.8,
6.8,1.5,0.9,
6.8,1.5,1,
6.8,1.5,1.1,
6.8,1.5,1.2,
6.8,1.5,1.3,
6.8,1.5,1.4,
6.8,1.5,1.5,
6.8,1.5,1.6,
6.8,1.5,1.7,
6.8,1.5,1.8,
6.8,1.5,1.9,
6.8,1.5,2,
6.8,1.5,2.1,
6.8,1.5,2.2,
6.8,1.5,2.3,
6.8,1.5,2.4,
6.8,1.5,2.5,
6.8,1.5,2.6,
6.8,1.5,2.7,
6.8,1.5,2.8,
6.8,1.5,2.9,
6.8,1.5,3,
6.8,1.5,3.1,
6.8,1.5,3.2,
6.8,1.5,3.3,
6.8,1.5,3.4,
6.8,1.5,3.5,
6.8,1.5,3.6,
6.9,1.5,0,
6.9,1.5,0.1,
6.9,1.5,0.2,1.196974397
6.9,1.5,0.3,
6.9,1.5,0.4,
6.9,1.5,0.5,
6.9,1.5,0.6,
6.9,1.5,0.7,1.125567774
6.9,1.5,0.8,
6.9,1.5,0.9,
6.9,1.5,1,
6.9,1.5,1.1,
6.9,1.5,1.2,
6.9,1.5,1.3,
6.9,1.5,1.4,
6.9,1.5,1.5,
6.9,1.5,1.6,1.06672941
6.9,1.5,1.7,
6.9,1.5,1.8,
6.9,1.5,1.9,
6.9,1.5,2,
6.9,1.5,2.1,
6.9,1.5,2.2,
6.9,1.5,2.3,
6.9,1.5,2.4,
6.9,1.5,2.5,
6.9,1.5,2.6,
6.9,1.5,2.7,
6.9,1.5,2.8,
6.9,1.5,2.9,
6.9,1.5,3,
6.9,1.5,3.1,
6.9,1.5,3.2,
6.9,1.5,3.3,
6.9,1.5,3.4,
6.9,1.5,3.5,1.192371067
6.9,1.5,3.6,
7,1.5,0,
7,1.5,0.1,
7,1.5,0.2,
7,1.5,0.3,
7,1.5,0.4,1.2425628
7,1.5,0.5,
7,1.5,0.6,
7,1.5,0.7,
7,1.5,0.8,
7,1.5,0.9,
7,1.5,1,
7,1.5,1.1,
7,1.5,1.2,
7,1.5,1.3,
7,1.5,1.4,
7,1.5,1.5,
7,1.5,1.6,
7,1.5,1.7,
7,1.5,1.8,
7,1.5,1.9,
7,1.5,2,
7,1.5,2.1,
7,1.5,2.2,
7,1.5,2.3,
7,1.5,2.4,
7,1.5,2.5,
7,1.5,2.6,
7,1.5,2.7,
7,1.5,2.8,
7,1.5,2.9,
7,1.5,3,
7,1.5,3.1,
7,1.5,3.2,
7,1.5,3.3,
7,1.5,3.4,
7,1.5,3.5,
7,1.5,3.6,
7.1,1.5,0,
7.1,1.5,0.1,
7.1,1.5,0.2,
7.1,1.5,0.3,
7.1,1.5,0.4,
7.1,1.5,0.5,
7.1,1.5,0.6,
7.1,1.5,0.7,
7.1,1.5,0.8,
7.1,1.5,0.9,
7.1,1.5,1,
7.1,1.5,1.1,
7.1,1.5,1.2,
7.1,1.5,1.3,
7.1,1.5,1.4,
7.1,1.5,1.5,
7.1,1.5,1.6,
7.1,1.5,1.7,
7.1,1.5,1.8,
7.1,1.5,1.9,
7.1,1.5,2,
7.1,1.5,2.1,
7.1,1.5,2.2,
7.1,1.5,2.3,
7.1,1.5,2.4,1.128020533
7.1,1.5,2.5,
7.1,1.5,2.6,
7.1,1.5,2.7,
7.1,1.5,2.8,
7.1,1.5,2.9,
7.1,1.5,3,
7.1,1.5,3.1,
7.1,1.5,3.2,
7.1,1.5,3.3,
7.1,1.5,3.4,
7.1,1.5,3.5,
7.1,1.5,3.6,
7.2,1.5,0,
7.2,1.5,0.1,
7.2,1.5,0.2,
7.2,1.5,0.3,
7.2,1.5,0.4,
7.2,1.5,0.5,
7.2,1.5,0.6,
7.2,1.5,0.7,
7.2,1.5,0.8,
7.2,1.5,0.9,
7.2,1.5,1,
7.2,1.5,1.1,
7.2,1.5,1.2,
7.2,1.5,1.3,
7.2,1.5,1.4,
7.2,1.5,1.5,
7.2,1.5,1.6,
7.2,1.5,1.7,
7.2,1.5,1.8,
7.2,1.5,1.9,
7.2,1.5,2,
7.2,1.5,2.1,
7.2,1.5,2.2,
7.2,1.5,2.3,
7.2,1.5,2.4,
7.2,1.5,2.5,
7.2,1.5,2.6,
7.2,1.5,2.7,
7.2,1.5,2.8,
7.2,1.5,2.9,
7.2,1.5,3,
7.2,1.5,3.1,
7.2,1.5,3.2,
7.2,1.5,3.3,
7.2,1.5,3.4,
7.2,1.5,3.5,
7.2,1.5,3.6,
7.3,1.5,0,
7.3,1.5,0.1,
7.3,1.5,0.2,
7.3,1.5,0.3,
7.3,1.5,0.4,
7.3,1.5,0.5,
7.3,1.5,0.6,
7.3,1.5,0.7,
7.3,1.5,0.8,
7.3,1.5,0.9,
7.3,1.5,1,
7.3,1.5,1.1,
7.3,1.5,1.2,
7.3,1.5,1.3,
7.3,1.5,1.4,
7.3,1.5,1.5,
7.3,1.5,1.6,
7.3,1.5,1.7,1.105858141
7.3,1.5,1.8,
7.3,1.5,1.9,
7.3,1.5,2,
7.3,1.5,2.1,
7.3,1.5,2.2,
7.3,1.5,2.3,
7.3,1.5,2.4,
7.3,1.5,2.5,
7.3,1.5,2.6,
7.3,1.5,2.7,
7.3,1.5,2.8,
7.3,1.5,2.9,
7.3,1.5,3,
7.3,1.5,3.1,
7.3,1.5,3.2,
7.3,1.5,3.3,
7.3,1.5,3.4,
7.3,1.5,3.5,
7.3,1.5,3.6,
7.4,1.5,0,
7.4,1.5,0.1,
7.4,1.5,0.2,
7.4,1.5,0.3,
7.4,1.5,0.4,
7.4,1.5,0.5,
7.4,1.5,0.6,
7.4,1.5,0.7,
7.4,1.5,0.8,
7.4,1.5,0.9,
7.4,1.5,1,
7.4,1.5,1.1,
7.4,1.5,1.2,
7.4,1.5,1.3,1.158762465
7.4,1.5,1.4,
7.4,1.5,1.5,
7.4,1.5,1.6,
7.4,1.5,1.7,
7.4,1.5,1.8,
7.4,1.5,1.9,
7.4,1.5,2,
7.4,1.5,2.1,
7.4,1.5,2.2,
7.4,1.5,2.3,
7.4,1.5,2.4,
7.4,1.5,2.5,
7.4,1.5,2.6,
7.4,1.5,2.7,
7.4,1.5,2.8,
7.4,1.5,2.9,
7.4,1.5,3,
7.4,1.5,3.1,
7.4,1.5,3.2,
7.4,1.5,3.3,
7.4,1.5,3.4,
7.4,1.5,3.5,
7.4,1.5,3.6,
7.5,1.5,0,
7.5,1.5,0.1,1.057020997
7.5,1.5,0.2,
7.5,1.5,0.3,
7.5,1.5,0.4,
7.5,1.5,0.5,
7.5,1.5,0.6,
7.5,1.5,0.7,1.112764416
7.5,1.5,0.8,
7.5,1.5,0.9,
7.5,1.5,1,
7.5,1.5,1.1,
7.5,1.5,1.2,1.193856993
7.5,1.5,1.3,
7.5,1.5,1.4,
7.5,1.5,1.5,
7.5,1.5,1.6,
7.5,1.5,1.7,
7.5,1.5,1.8,
7.5,1.5,1.9,
7.5,1.5,2,1.143555528
7.5,1.5,2.1,
7.5,1.5,2.2,
7.5,1.5,2.3,
7.5,1.5,2.4,
7.5,1.5,2.5,
7.5,1.5,2.6,
7.5,1.5,2.7,
7.5,1.5,2.8,
7.5,1.5,2.9,
7.5,1.5,3,
7.5,1.5,3.1,
7.5,1.5,3.2,
7.5,1.5,3.3,
7.5,1.5,3.4,
7.5,1.5,3.5,
7.5,1.5,3.6,
7.6,1.5,0,
7.6,1.5,0.1,
7.6,1.5,0.2,
7.6,1.5,0.3,
7.6,1.5,0.4,
7.6,1.5,0.5,
7.6,1.5,0.6,
7.6,1.5,0.7,
7.6,1.5,0.8,
7.6,1.5,0.9,
7.6,1.5,1,
7.6,1.5,1.1,
7.6,1.5,1.2,
7.6,1.5,1.3,
7.6,1.5,1.4,
7.6,1.5,1.5,
7.6,1.5,1.6,
7.6,1.5,1.7,
7.6,1.5,1.8,
7.6,1.5,1.9,
7.6,1.5,2,
7.6,1.5,2.1,
7.6,1.5,2.2,
7.6,1.5,2.3,
7.6,1.5,2.4,
7.6,1.5,2.5,
7.6,1.5,2.6,
7.6,1.5,2.7,
7.6,1.5,2.8,
7.6,1.5,2.9,
7.6,1.5,3,1.102413533
7.6,1.5,3.1,
7.6,1.5,3.2,
7.6,1.5,3.3,
7.6,1.5,3.4,
7.6,1.5,3.5,
7.6,1.5,3.6,
7.7,1.5,0,
7.7,1.5,0.1,
7.7,1.5,0.2,
7.7,1.5,0.3,
7.7,1.5,0.4,
7.7,1.5,0.5,
7.7,1.5,0.6,
7.7,1.5,0.7,
7.7,1.5,0.8,
7.7,1.5,0.9,
7.7,1.5,1,
7.7,1.5,1.1,
7.7,1.5,1.2,
7.7,1.5,1.3,
7.7,1.5,1.4,
7.7,1.5,1.5,
7.7,1.5,1.6,
7.7,1.5,1.7,
7.7,1.5,1.8,
7.7,1.5,1.9,
7.7,1.5,2,
7.7,1.5,2.1,1.19288817
7.7,1.5,2.2,
7.7,1.5,2.3,
7.7,1.5,2.4,
7.7,1.5,2.5,
7.7,1.5,2.6,
7.7,1.5,2.7,
7.7,1.5,2.8,
7.7,1.5,2.9,
7.7,1.5,3,1.108465548
7.7,1.5,3.1,
7.7,1.5,3.2,
7.7,1.5,3.3,
7.7,1.5,3.4,
7.7,1.5,3.5,1.07285278
7.7,1.5,3.6,
7.8,1.5,0,
7.8,1.5,0.1,
7.8,1.5,0.2,
7.8,1.5,0.3,
7.8,1.5,0.4,
7.8,1.5,0.5,
7.8,1.5,0.6,
7.8,1.5,0.7,
7.8,1.5,0.8,
7.8,1.5,0.9,
7.8,1.5,1,
7.8,1.5,1.1,
7.8,1.5,1.2,
7.8,1.5,1.3,
7.8,1.5,1.4,
7.8,1.5,1.5,
7.8,1.5,1.6,
7.8,1.5,1.7,
7.8,1.5,1.8,
7.8,1.5,1.9,
7.8,1.5,2,
7.8,1.5,2.1,
7.8,1.5,2.2,
7.8,1.5,2.3,
7.8,1.5,2.4,
7.8,1.5,2.5,
7.8,1.5,2.6,
7.8,1.5,2.7,
7.8,1.5,2.8,
7.8,1.5,2.9,1.133913637
7.8,1.5,3,
7.8,1.5,3.1,
7.8,1.5,3.2,1.105344165
7.8,1.5,3.3,
7.8,1.5,3.4,
7.8,1.5,3.5,
7.8,1.5,3.6,
7.9,1.5,0,1.094922496
7.9,1.5,0.1,
7.9,1.5,0.2,
7.9,1.5,0.3,
7.9,1.5,0.4,
7.9,1.5,0.5,
7.9,1.5,0.6,1.124122499
7.9,1.5,0.7,
7.9,1.5,0.8,
7.9,1.5,0.9,
7.9,1.5,1,
7.9,1.5,1.1,
7.9,1.5,1.2,
7.9,1.5,1.3,
7.9,1.5,1.4,
7.9,1.5,1.5,
7.9,1.5,1.6,
7.9,1.5,1.7,1.050076345
7.9,1.5,1.8,
7.9,1.5,1.9,
7.9,1.5,2,
7.9,1.5,2.1,
7.9,1.5,2.2,
7.9,1.5,2.3,
7.9,1.5,2.4,
7.9,1.5,2.5,
7.9,1.5,2.6,1.133772919
7.9,1.5,2.7,
7.9,1.5,2.8,
7.9,1.5,2.9,1.144091394
7.9,1.5,3,1.126507316
7.9,1.5,3.1,1.111302084
7.9,1.5,3.2,
7.9,1.5,3.3,
7.9,1.5,3.4,1.101354025
7.9,1.5,3.5,
7.9,1.5,3.6,
8,1.5,0,
8,1.5,0.1,
8,1.5,0.2,1.115941234
8,1.5,0.3,1.122962641
8,1.5,0.4,
8,1.5,0.5,
8,1.5,0.6,
8,1.5,0.7,
8,1.5,0.8,
8,1.5,0.9,1.155720111
8,1.5,1,
8,1.5,1.1,
8,1.5,1.2,
8,1.5,1.3,1.081375749
8,1.5,1.4,
8,1.5,1.5,
8,1.5,1.6,1.052549857
8,1.5,1.7,
8,1.5,1.8,
8,1.5,1.9,
8,1.5,2,
8,1.5,2.1,
8,1.5,2.2,
8,1.5,2.3,
8,1.5,2.4,1.093867821
8,1.5,2.5,
8,1.5,2.6,
8,1.5,2.7,
8,1.5,2.8,
8,1.5,2.9,1.204506369
8,1.5,3,
8,1.5,3.1,1.123209395
8,1.5,3.2,
8,1.5,3.3,
8,1.5,3.4,
8,1.5,3.5,
8,1.5,3.6,
