dx,gb,dz,gb_energy
0,1,0,
0,1,0.1,
0,1,0.2,
0,1,0.3,
0,1,0.4,
0,1,0.5,
0,1,0.6,
0,1,0.7,
0,1,0.8,
0,1,0.9,
0,1,1,
0,1,1.1,
0,1,1.2,
0,1,1.3,
0,1,1.4,
0,1,1.5,
0,1,1.6,
0,1,1.7,
0,1,1.8,
0,1,1.9,
0,1,2,
0,1,2.1,
0,1,2.2,
0,1,2.3,
0,1,2.4,
0,1,2.5,
0,1,2.6,
0,1,2.7,
0,1,2.8,
0,1,2.9,
0,1,3,
0,1,3.1,
0,1,3.2,
0,1,3.3,
0,1,3.4,
0,1,3.5,
0,1,3.6,
0.1,1,0,
0.1,1,0.1,
0.1,1,0.2,
0.1,1,0.3,
0.1,1,0.4,
0.1,1,0.5,
0.1,1,0.6,
0.1,1,0.7,
0.1,1,0.8,
0.1,1,0.9,
0.1,1,1,
0.1,1,1.1,
0.1,1,1.2,
0.1,1,1.3,
0.1,1,1.4,
0.1,1,1.5,
0.1,1,1.6,
0.1,1,1.7,
0.1,1,1.8,
0.1,1,1.9,
0.1,1,2,
0.1,1,2.1,
0.1,1,2.2,
0.1,1,2.3,
0.1,1,2.4,
0.1,1,2.5,
0.1,1,2.6,
0.1,1,2.7,
0.1,1,2.8,
0.1,1,2.9,
0.1,1,3,
0.1,1,3.1,
0.1,1,3.2,
0.1,1,3.3,
0.1,1,3.4,
0.1,1,3.5,
0.1,1,3.6,
0.2,1,0,
0.2,1,0.1,
0.2,1,0.2,
0.2,1,0.3,
0.2,1,0.4,
0.2,1,0.5,
0.2,1,0.6,
0.2,1,0.7,
0.2,1,0.8,
0.2,1,0.9,
0.2,1,1,
0.2,1,1.1,
0.2,1,1.2,
0.2,1,1.3,
0.2,1,1.4,
0.2,1,1.5,
0.2,1,1.6,
0.2,1,1.7,
0.2,1,1.8,
0.2,1,1.9,
0.2,1,2,
0.2,1,2.1,
0.2,1,2.2,
0.2,1,2.3,
0.2,1,2.4,
0.2,1,2.5,
0.2,1,2.6,
0.2,1,2.7,
0.2,1,2.8,
0.2,1,2.9,
0.2,1,3,
0.2,1,3.1,
0.2,1,3.2,
0.2,1,3.3,
0.2,1,3.4,
0.2,1,3.5,
0.2,1,3.6,
0.3,1,0,
0.3,1,0.1,
0.3,1,0.2,
0.3,1,0.3,
0.3,1,0.4,
0.3,1,0.5,
0.3,1,0.6,
0.3,1,0.7,
0.3,1,0.8,
0.3,1,0.9,
0.3,1,1,
0.3,1,1.1,
0.3,1,1.2,
0.3,1,1.3,
0.3,1,1.4,
0.3,1,1.5,
0.3,1,1.6,
0.3,1,1.7,
0.3,1,1.8,
0.3,1,1.9,
0.3,1,2,
0.3,1,2.1,
0.3,1,2.2,
0.3,1,2.3,
0.3,1,2.4,
0.3,1,2.5,
0.3,1,2.6,
0.3,1,2.7,
0.3,1,2.8,
0.3,1,2.9,
0.3,1,3,
0.3,1,3.1,
0.3,1,3.2,
0.3,1,3.3,
0.3,1,3.4,
0.3,1,3.5,
0.3,1,3.6,
0.4,1,0,
0.4,1,0.1,
0.4,1,0.2,
0.4,1,0.3,
0.4,1,0.4,
0.4,1,0.5,
0.4,1,0.6,
0.4,1,0.7,
0.4,1,0.8,
0.4,1,0.9,
0.4,1,1,
0.4,1,1.1,
0.4,1,1.2,
0.4,1,1.3,
0.4,1,1.4,
0.4,1,1.5,
0.4,1,1.6,
0.4,1,1.7,
0.4,1,1.8,
0.4,1,1.9,
0.4,1,2,
0.4,1,2.1,
0.4,1,2.2,
0.4,1,2.3,
0.4,1,2.4,
0.4,1,2.5,
0.4,1,2.6,
0.4,1,2.7,
0.4,1,2.8,
0.4,1,2.9,
0.4,1,3,
0.4,1,3.1,
0.4,1,3.2,
0.4,1,3.3,
0.4,1,3.4,
0.4,1,3.5,
0.4,1,3.6,
0.5,1,0,
0.5,1,0.1,
0.5,1,0.2,
0.5,1,0.3,
0.5,1,0.4,
0.5,1,0.5,
0.5,1,0.6,
0.5,1,0.7,
0.5,1,0.8,
0.5,1,0.9,
0.5,1,1,
0.5,1,1.1,
0.5,1,1.2,
0.5,1,1.3,
0.5,1,1.4,
0.5,1,1.5,
0.5,1,1.6,
0.5,1,1.7,
0.5,1,1.8,
0.5,1,1.9,
0.5,1,2,
0.5,1,2.1,
0.5,1,2.2,
0.5,1,2.3,
0.5,1,2.4,
0.5,1,2.5,
0.5,1,2.6,
0.5,1,2.7,
0.5,1,2.8,
0.5,1,2.9,
0.5,1,3,
0.5,1,3.1,
0.5,1,3.2,
0.5,1,3.3,
0.5,1,3.4,
0.5,1,3.5,
0.5,1,3.6,
0.6,1,0,
0.6,1,0.1,
0.6,1,0.2,
0.6,1,0.3,
0.6,1,0.4,
0.6,1,0.5,
0.6,1,0.6,
0.6,1,0.7,
0.6,1,0.8,
0.6,1,0.9,
0.6,1,1,
0.6,1,1.1,
0.6,1,1.2,
0.6,1,1.3,
0.6,1,1.4,
0.6,1,1.5,
0.6,1,1.6,
0.6,1,1.7,
0.6,1,1.8,
0.6,1,1.9,
0.6,1,2,
0.6,1,2.1,
0.6,1,2.2,
0.6,1,2.3,
0.6,1,2.4,
0.6,1,2.5,
0.6,1,2.6,
0.6,1,2.7,
0.6,1,2.8,
0.6,1,2.9,
0.6,1,3,
0.6,1,3.1,
0.6,1,3.2,
0.6,1,3.3,
0.6,1,3.4,
0.6,1,3.5,
0.6,1,3.6,
0.7,1,0,
0.7,1,0.1,
0.7,1,0.2,
0.7,1,0.3,
0.7,1,0.4,
0.7,1,0.5,
0.7,1,0.6,
0.7,1,0.7,
0.7,1,0.8,
0.7,1,0.9,
0.7,1,1,
0.7,1,1.1,
0.7,1,1.2,
0.7,1,1.3,
0.7,1,1.4,
0.7,1,1.5,
0.7,1,1.6,
0.7,1,1.7,
0.7,1,1.8,
0.7,1,1.9,
0.7,1,2,
0.7,1,2.1,
0.7,1,2.2,
0.7,1,2.3,
0.7,1,2.4,
0.7,1,2.5,
0.7,1,2.6,
0.7,1,2.7,
0.7,1,2.8,
0.7,1,2.9,
0.7,1,3,
0.7,1,3.1,
0.7,1,3.2,
0.7,1,3.3,
0.7,1,3.4,
0.7,1,3.5,
0.7,1,3.6,
0.8,1,0,
0.8,1,0.1,
0.8,1,0.2,
0.8,1,0.3,
0.8,1,0.4,
0.8,1,0.5,
0.8,1,0.6,
0.8,1,0.7,
0.8,1,0.8,
0.8,1,0.9,
0.8,1,1,
0.8,1,1.1,
0.8,1,1.2,
0.8,1,1.3,
0.8,1,1.4,
0.8,1,1.5,
0.8,1,1.6,
0.8,1,1.7,
0.8,1,1.8,
0.8,1,1.9,
0.8,1,2,
0.8,1,2.1,
0.8,1,2.2,
0.8,1,2.3,
0.8,1,2.4,
0.8,1,2.5,
0.8,1,2.6,
0.8,1,2.7,
0.8,1,2.8,
0.8,1,2.9,
0.8,1,3,
0.8,1,3.1,
0.8,1,3.2,
0.8,1,3.3,
0.8,1,3.4,
0.8,1,3.5,
0.8,1,3.6,
0.9,1,0,
0.9,1,0.1,
0.9,1,0.2,
0.9,1,0.3,
0.9,1,0.4,
0.9,1,0.5,
0.9,1,0.6,
0.9,1,0.7,
0.9,1,0.8,
0.9,1,0.9,
0.9,1,1,
0.9,1,1.1,
0.9,1,1.2,
0.9,1,1.3,
0.9,1,1.4,
0.9,1,1.5,
0.9,1,1.6,
0.9,1,1.7,
0.9,1,1.8,
0.9,1,1.9,
0.9,1,2,
0.9,1,2.1,
0.9,1,2.2,
0.9,1,2.3,
0.9,1,2.4,
0.9,1,2.5,
0.9,1,2.6,
0.9,1,2.7,
0.9,1,2.8,
0.9,1,2.9,
0.9,1,3,
0.9,1,3.1,
0.9,1,3.2,
0.9,1,3.3,
0.9,1,3.4,
0.9,1,3.5,
0.9,1,3.6,
1,1,0,
1,1,0.1,
1,1,0.2,
1,1,0.3,
1,1,0.4,
1,1,0.5,
1,1,0.6,
1,1,0.7,
1,1,0.8,
1,1,0.9,
1,1,1,
1,1,1.1,
1,1,1.2,
1,1,1.3,
1,1,1.4,
1,1,1.5,
1,1,1.6,
1,1,1.7,
1,1,1.8,
1,1,1.9,
1,1,2,
1,1,2.1,
1,1,2.2,
1,1,2.3,
1,1,2.4,
1,1,2.5,
1,1,2.6,
1,1,2.7,
1,1,2.8,
1,1,2.9,
1,1,3,
1,1,3.1,
1,1,3.2,
1,1,3.3,
1,1,3.4,
1,1,3.5,
1,1,3.6,
1.1,1,0,
1.1,1,0.1,
1.1,1,0.2,
1.1,1,0.3,
1.1,1,0.4,
1.1,1,0.5,
1.1,1,0.6,
1.1,1,0.7,
1.1,1,0.8,
1.1,1,0.9,
1.1,1,1,
1.1,1,1.1,
1.1,1,1.2,
1.1,1,1.3,
1.1,1,1.4,
1.1,1,1.5,
1.1,1,1.6,
1.1,1,1.7,
1.1,1,1.8,
1.1,1,1.9,
1.1,1,2,
1.1,1,2.1,
1.1,1,2.2,
1.1,1,2.3,
1.1,1,2.4,
1.1,1,2.5,
1.1,1,2.6,
1.1,1,2.7,
1.1,1,2.8,
1.1,1,2.9,
1.1,1,3,
1.1,1,3.1,
1.1,1,3.2,
1.1,1,3.3,
1.1,1,3.4,
1.1,1,3.5,
1.1,1,3.6,
1.2,1,0,
1.2,1,0.1,
1.2,1,0.2,
1.2,1,0.3,
1.2,1,0.4,
1.2,1,0.5,
1.2,1,0.6,
1.2,1,0.7,
1.2,1,0.8,
1.2,1,0.9,
1.2,1,1,
1.2,1,1.1,
1.2,1,1.2,
1.2,1,1.3,
1.2,1,1.4,
1.2,1,1.5,
1.2,1,1.6,
1.2,1,1.7,
1.2,1,1.8,
1.2,1,1.9,
1.2,1,2,
1.2,1,2.1,
1.2,1,2.2,
1.2,1,2.3,
1.2,1,2.4,
1.2,1,2.5,
1.2,1,2.6,
1.2,1,2.7,
1.2,1,2.8,
1.2,1,2.9,
1.2,1,3,
1.2,1,3.1,
1.2,1,3.2,
1.2,1,3.3,
1.2,1,3.4,
1.2,1,3.5,
1.2,1,3.6,
1.3,1,0,
1.3,1,0.1,
1.3,1,0.2,
1.3,1,0.3,
1.3,1,0.4,
1.3,1,0.5,
1.3,1,0.6,
1.3,1,0.7,
1.3,1,0.8,
1.3,1,0.9,
1.3,1,1,
1.3,1,1.1,
1.3,1,1.2,
1.3,1,1.3,
1.3,1,1.4,
1.3,1,1.5,
1.3,1,1.6,
1.3,1,1.7,
1.3,1,1.8,
1.3,1,1.9,
1.3,1,2,
1.3,1,2.1,
1.3,1,2.2,
1.3,1,2.3,
1.3,1,2.4,
1.3,1,2.5,
1.3,1,2.6,
1.3,1,2.7,
1.3,1,2.8,
1.3,1,2.9,
1.3,1,3,
1.3,1,3.1,
1.3,1,3.2,
1.3,1,3.3,
1.3,1,3.4,
1.3,1,3.5,
1.3,1,3.6,
1.4,1,0,
1.4,1,0.1,
1.4,1,0.2,
1.4,1,0.3,
1.4,1,0.4,
1.4,1,0.5,
1.4,1,0.6,
1.4,1,0.7,
1.4,1,0.8,
1.4,1,0.9,
1.4,1,1,
1.4,1,1.1,
1.4,1,1.2,
1.4,1,1.3,
1.4,1,1.4,
1.4,1,1.5,
1.4,1,1.6,
1.4,1,1.7,
1.4,1,1.8,
1.4,1,1.9,
1.4,1,2,
1.4,1,2.1,
1.4,1,2.2,
1.4,1,2.3,
1.4,1,2.4,
1.4,1,2.5,
1.4,1,2.6,
1.4,1,2.7,
1.4,1,2.8,
1.4,1,2.9,
1.4,1,3,
1.4,1,3.1,
1.4,1,3.2,
1.4,1,3.3,
1.4,1,3.4,
1.4,1,3.5,
1.4,1,3.6,
1.5,1,0,
1.5,1,0.1,
1.5,1,0.2,
1.5,1,0.3,
1.5,1,0.4,
1.5,1,0.5,
1.5,1,0.6,
1.5,1,0.7,
1.5,1,0.8,
1.5,1,0.9,
1.5,1,1,
1.5,1,1.1,
1.5,1,1.2,
1.5,1,1.3,
1.5,1,1.4,
1.5,1,1.5,
1.5,1,1.6,
1.5,1,1.7,
1.5,1,1.8,
1.5,1,1.9,
1.5,1,2,
1.5,1,2.1,
1.5,1,2.2,
1.5,1,2.3,
1.5,1,2.4,
1.5,1,2.5,
1.5,1,2.6,
1.5,1,2.7,
1.5,1,2.8,
1.5,1,2.9,
1.5,1,3,
1.5,1,3.1,
1.5,1,3.2,
1.5,1,3.3,
1.5,1,3.4,
1.5,1,3.5,
1.5,1,3.6,
1.6,1,0,
1.6,1,0.1,
1.6,1,0.2,
1.6,1,0.3,
1.6,1,0.4,
1.6,1,0.5,
1.6,1,0.6,
1.6,1,0.7,
1.6,1,0.8,
1.6,1,0.9,
1.6,1,1,
1.6,1,1.1,
1.6,1,1.2,
1.6,1,1.3,
1.6,1,1.4,
1.6,1,1.5,
1.6,1,1.6,
1.6,1,1.7,
1.6,1,1.8,
1.6,1,1.9,
1.6,1,2,
1.6,1,2.1,
1.6,1,2.2,
1.6,1,2.3,
1.6,1,2.4,
1.6,1,2.5,
1.6,1,2.6,
1.6,1,2.7,
1.6,1,2.8,
1.6,1,2.9,
1.6,1,3,
1.6,1,3.1,
1.6,1,3.2,
1.6,1,3.3,
1.6,1,3.4,
1.6,1,3.5,
1.6,1,3.6,
1.7,1,0,
1.7,1,0.1,
1.7,1,0.2,
1.7,1,0.3,
1.7,1,0.4,
1.7,1,0.5,
1.7,1,0.6,
1.7,1,0.7,
1.7,1,0.8,
1.7,1,0.9,
1.7,1,1,
1.7,1,1.1,
1.7,1,1.2,
1.7,1,1.3,
1.7,1,1.4,
1.7,1,1.5,
1.7,1,1.6,
1.7,1,1.7,
1.7,1,1.8,
1.7,1,1.9,
1.7,1,2,
1.7,1,2.1,
1.7,1,2.2,
1.7,1,2.3,
1.7,1,2.4,
1.7,1,2.5,
1.7,1,2.6,
1.7,1,2.7,
1.7,1,2.8,
1.7,1,2.9,
1.7,1,3,
1.7,1,3.1,
1.7,1,3.2,
1.7,1,3.3,
1.7,1,3.4,
1.7,1,3.5,
1.7,1,3.6,
1.8,1,0,
1.8,1,0.1,
1.8,1,0.2,
1.8,1,0.3,
1.8,1,0.4,
1.8,1,0.5,
1.8,1,0.6,
1.8,1,0.7,
1.8,1,0.8,
1.8,1,0.9,
1.8,1,1,
1.8,1,1.1,
1.8,1,1.2,
1.8,1,1.3,
1.8,1,1.4,
1.8,1,1.5,
1.8,1,1.6,
1.8,1,1.7,
1.8,1,1.8,
1.8,1,1.9,
1.8,1,2,
1.8,1,2.1,
1.8,1,2.2,
1.8,1,2.3,
1.8,1,2.4,
1.8,1,2.5,
1.8,1,2.6,
1.8,1,2.7,
1.8,1,2.8,
1.8,1,2.9,
1.8,1,3,
1.8,1,3.1,
1.8,1,3.2,
1.8,1,3.3,
1.8,1,3.4,
1.8,1,3.5,
1.8,1,3.6,
1.9,1,0,
1.9,1,0.1,
1.9,1,0.2,
1.9,1,0.3,
1.9,1,0.4,
1.9,1,0.5,
1.9,1,0.6,
1.9,1,0.7,
1.9,1,0.8,
1.9,1,0.9,
1.9,1,1,
1.9,1,1.1,
1.9,1,1.2,
1.9,1,1.3,
1.9,1,1.4,
1.9,1,1.5,
1.9,1,1.6,
1.9,1,1.7,
1.9,1,1.8,
1.9,1,1.9,
1.9,1,2,
1.9,1,2.1,
1.9,1,2.2,
1.9,1,2.3,
1.9,1,2.4,
1.9,1,2.5,
1.9,1,2.6,
1.9,1,2.7,
1.9,1,2.8,
1.9,1,2.9,
1.9,1,3,
1.9,1,3.1,
1.9,1,3.2,
1.9,1,3.3,
1.9,1,3.4,
1.9,1,3.5,
1.9,1,3.6,
2,1,0,
2,1,0.1,
2,1,0.2,
2,1,0.3,
2,1,0.4,
2,1,0.5,
2,1,0.6,
2,1,0.7,
2,1,0.8,
2,1,0.9,
2,1,1,
2,1,1.1,
2,1,1.2,
2,1,1.3,
2,1,1.4,
2,1,1.5,
2,1,1.6,
2,1,1.7,
2,1,1.8,
2,1,1.9,
2,1,2,
2,1,2.1,
2,1,2.2,
2,1,2.3,
2,1,2.4,
2,1,2.5,
2,1,2.6,
2,1,2.7,
2,1,2.8,
2,1,2.9,
2,1,3,
2,1,3.1,
2,1,3.2,
2,1,3.3,
2,1,3.4,
2,1,3.5,
2,1,3.6,
2.1,1,0,
2.1,1,0.1,
2.1,1,0.2,
2.1,1,0.3,
2.1,1,0.4,
2.1,1,0.5,
2.1,1,0.6,
2.1,1,0.7,
2.1,1,0.8,
2.1,1,0.9,
2.1,1,1,
2.1,1,1.1,
2.1,1,1.2,
2.1,1,1.3,
2.1,1,1.4,
2.1,1,1.5,
2.1,1,1.6,
2.1,1,1.7,
2.1,1,1.8,
2.1,1,1.9,
2.1,1,2,
2.1,1,2.1,
2.1,1,2.2,
2.1,1,2.3,
2.1,1,2.4,
2.1,1,2.5,
2.1,1,2.6,
2.1,1,2.7,
2.1,1,2.8,
2.1,1,2.9,
2.1,1,3,
2.1,1,3.1,
2.1,1,3.2,
2.1,1,3.3,
2.1,1,3.4,
2.1,1,3.5,
2.1,1,3.6,
2.2,1,0,
2.2,1,0.1,
2.2,1,0.2,
2.2,1,0.3,
2.2,1,0.4,
2.2,1,0.5,
2.2,1,0.6,
2.2,1,0.7,
2.2,1,0.8,
2.2,1,0.9,
2.2,1,1,
2.2,1,1.1,
2.2,1,1.2,
2.2,1,1.3,
2.2,1,1.4,
2.2,1,1.5,
2.2,1,1.6,
2.2,1,1.7,
2.2,1,1.8,
2.2,1,1.9,
2.2,1,2,
2.2,1,2.1,
2.2,1,2.2,
2.2,1,2.3,
2.2,1,2.4,
2.2,1,2.5,
2.2,1,2.6,
2.2,1,2.7,
2.2,1,2.8,
2.2,1,2.9,
2.2,1,3,
2.2,1,3.1,
2.2,1,3.2,
2.2,1,3.3,
2.2,1,3.4,
2.2,1,3.5,
2.2,1,3.6,
2.3,1,0,
2.3,1,0.1,
2.3,1,0.2,
2.3,1,0.3,
2.3,1,0.4,
2.3,1,0.5,
2.3,1,0.6,
2.3,1,0.7,
2.3,1,0.8,
2.3,1,0.9,
2.3,1,1,
2.3,1,1.1,
2.3,1,1.2,
2.3,1,1.3,
2.3,1,1.4,
2.3,1,1.5,
2.3,1,1.6,
2.3,1,1.7,
2.3,1,1.8,
2.3,1,1.9,
2.3,1,2,
2.3,1,2.1,
2.3,1,2.2,
2.3,1,2.3,
2.3,1,2.4,
2.3,1,2.5,
2.3,1,2.6,
2.3,1,2.7,
2.3,1,2.8,
2.3,1,2.9,
2.3,1,3,
2.3,1,3.1,
2.3,1,3.2,
2.3,1,3.3,
2.3,1,3.4,
2.3,1,3.5,
2.3,1,3.6,
2.4,1,0,
2.4,1,0.1,
2.4,1,0.2,
2.4,1,0.3,
2.4,1,0.4,
2.4,1,0.5,
2.4,1,0.6,
2.4,1,0.7,
2.4,1,0.8,
2.4,1,0.9,
2.4,1,1,
2.4,1,1.1,
2.4,1,1.2,
2.4,1,1.3,
2.4,1,1.4,
2.4,1,1.5,
2.4,1,1.6,
2.4,1,1.7,
2.4,1,1.8,
2.4,1,1.9,
2.4,1,2,
2.4,1,2.1,
2.4,1,2.2,
2.4,1,2.3,
2.4,1,2.4,
2.4,1,2.5,
2.4,1,2.6,
2.4,1,2.7,1.129161345
2.4,1,2.8,1.101096184
2.4,1,2.9,1.076029598
2.4,1,3,1.054067338
2.4,1,3.1,1.035260292
2.4,1,3.2,1.019689762
2.4,1,3.3,1.007401518
2.4,1,3.4,0.99845213
2.4,1,3.5,0.992864342
2.4,1,3.6,0.990666297
2.5,1,0,0.990542919
2.5,1,0.1,0.992244898
2.5,1,0.2,0.997342873
2.5,1,0.3,1.005809839
2.5,1,0.4,1.017619358
2.5,1,0.5,1.032718838
2.5,1,0.6,1.051048295
2.5,1,0.7,1.072532966
2.5,1,0.8,1.097104338
2.5,1,0.9,1.124650121
2.5,1,1,1.155598155
2.5,1,1.1,1.124966808
2.5,1,1.2,1.097760454
2.5,1,1.3,1.074293221
2.5,1,1.4,1.054757284
2.5,1,1.5,1.039338274
2.5,1,1.6,1.028147631
2.5,1,1.7,1.021266942
2.5,1,1.8,1.0187542
2.5,1,1.9,
2.5,1,2,
2.5,1,2.1,
2.5,1,2.2,
2.5,1,2.3,
2.5,1,2.4,
2.5,1,2.5,
2.5,1,2.6,
2.5,1,2.7,
2.5,1,2.8,
2.5,1,2.9,
2.5,1,3,
2.5,1,3.1,
2.5,1,3.2,
2.5,1,3.3,
2.5,1,3.4,
2.5,1,3.5,
2.5,1,3.6,
2.6,1,0,
2.6,1,0.1,
2.6,1,0.2,
2.6,1,0.3,
2.6,1,0.4,
2.6,1,0.5,
2.6,1,0.6,
2.6,1,0.7,
2.6,1,0.8,
2.6,1,0.9,
2.6,1,1,
2.6,1,1.1,
2.6,1,1.2,
2.6,1,1.3,
2.6,1,1.4,
2.6,1,1.5,
2.6,1,1.6,
2.6,1,1.7,
2.6,1,1.8,
2.6,1,1.9,
2.6,1,2,
2.6,1,2.1,
2.6,1,2.2,
2.6,1,2.3,
2.6,1,2.4,
2.6,1,2.5,
2.6,1,2.6,
2.6,1,2.7,
2.6,1,2.8,
2.6,1,2.9,
2.6,1,3,
2.6,1,3.1,
2.6,1,3.2,
2.6,1,3.3,
2.6,1,3.4,
2.6,1,3.5,
2.6,1,3.6,
2.7,1,0,
2.7,1,0.1,
2.7,1,0.2,
2.7,1,0.3,
2.7,1,0.4,
2.7,1,0.5,
2.7,1,0.6,
2.7,1,0.7,
2.7,1,0.8,
2.7,1,0.9,
2.7,1,1,
2.7,1,1.1,
2.7,1,1.2,
2.7,1,1.3,
2.7,1,1.4,
2.7,1,1.5,
2.7,1,1.6,
2.7,1,1.7,
2.7,1,1.8,
2.7,1,1.9,
2.7,1,2,
2.7,1,2.1,
2.7,1,2.2,
2.7,1,2.3,
2.7,1,2.4,
2.7,1,2.5,
2.7,1,2.6,
2.7,1,2.7,
2.7,1,2.8,
2.7,1,2.9,
2.7,1,3,
2.7,1,3.1,
2.7,1,3.2,
2.7,1,3.3,
2.7,1,3.4,
2.7,1,3.5,
2.7,1,3.6,
2.8,1,0,
2.8,1,0.1,
2.8,1,0.2,
2.8,1,0.3,
2.8,1,0.4,
2.8,1,0.5,
2.8,1,0.6,
2.8,1,0.7,
2.8,1,0.8,
2.8,1,0.9,
2.8,1,1,
2.8,1,1.1,
2.8,1,1.2,
2.8,1,1.3,
2.8,1,1.4,
2.8,1,1.5,
2.8,1,1.6,
2.8,1,1.7,
2.8,1,1.8,
2.8,1,1.9,
2.8,1,2,
2.8,1,2.1,
2.8,1,2.2,
2.8,1,2.3,
2.8,1,2.4,
2.8,1,2.5,
2.8,1,2.6,
2.8,1,2.7,
2.8,1,2.8,
2.8,1,2.9,
2.8,1,3,
2.8,1,3.1,
2.8,1,3.2,
2.8,1,3.3,
2.8,1,3.4,
2.8,1,3.5,
2.8,1,3.6,
2.9,1,0,
2.9,1,0.1,
2.9,1,0.2,
2.9,1,0.3,
2.9,1,0.4,
2.9,1,0.5,
2.9,1,0.6,
2.9,1,0.7,
2.9,1,0.8,
2.9,1,0.9,
2.9,1,1,
2.9,1,1.1,
2.9,1,1.2,1.06290472
2.9,1,1.3,
2.9,1,1.4,
2.9,1,1.5,
2.9,1,1.6,
2.9,1,1.7,
2.9,1,1.8,
2.9,1,1.9,
2.9,1,2,
2.9,1,2.1,
2.9,1,2.2,
2.9,1,2.3,
2.9,1,2.4,
2.9,1,2.5,
2.9,1,2.6,
2.9,1,2.7,
2.9,1,2.8,
2.9,1,2.9,
2.9,1,3,
2.9,1,3.1,
2.9,1,3.2,
2.9,1,3.3,
2.9,1,3.4,
2.9,1,3.5,
2.9,1,3.6,
3,1,0,
3,1,0.1,
3,1,0.2,
3,1,0.3,
3,1,0.4,
3,1,0.5,
3,1,0.6,
3,1,0.7,
3,1,0.8,
3,1,0.9,
3,1,1,
3,1,1.1,
3,1,1.2,
3,1,1.3,
3,1,1.4,
3,1,1.5,
3,1,1.6,
3,1,1.7,
3,1,1.8,
3,1,1.9,
3,1,2,
3,1,2.1,
3,1,2.2,
3,1,2.3,
3,1,2.4,
3,1,2.5,
3,1,2.6,
3,1,2.7,
3,1,2.8,
3,1,2.9,
3,1,3,
3,1,3.1,
3,1,3.2,
3,1,3.3,
3,1,3.4,
3,1,3.5,
3,1,3.6,
3.1,1,0,
3.1,1,0.1,
3.1,1,0.2,
3.1,1,0.3,
3.1,1,0.4,
3.1,1,0.5,
3.1,1,0.6,
3.1,1,0.7,
3.1,1,0.8,
3.1,1,0.9,
3.1,1,1,
3.1,1,1.1,
3.1,1,1.2,
3.1,1,1.3,
3.1,1,1.4,
3.1,1,1.5,
3.1,1,1.6,
3.1,1,1.7,
3.1,1,1.8,
3.1,1,1.9,
3.1,1,2,
3.1,1,2.1,
3.1,1,2.2,
3.1,1,2.3,
3.1,1,2.4,
3.1,1,2.5,
3.1,1,2.6,
3.1,1,2.7,
3.1,1,2.8,
3.1,1,2.9,
3.1,1,3,
3.1,1,3.1,
3.1,1,3.2,
3.1,1,3.3,
3.1,1,3.4,
3.1,1,3.5,
3.1,1,3.6,
3.2,1,0,
3.2,1,0.1,
3.2,1,0.2,
3.2,1,0.3,
3.2,1,0.4,
3.2,1,0.5,
3.2,1,0.6,
3.2,1,0.7,
3.2,1,0.8,
3.2,1,0.9,
3.2,1,1,
3.2,1,1.1,
3.2,1,1.2,
3.2,1,1.3,
3.2,1,1.4,
3.2,1,1.5,
3.2,1,1.6,
3.2,1,1.7,
3.2,1,1.8,
3.2,1,1.9,
3.2,1,2,
3.2,1,2.1,
3.2,1,2.2,
3.2,1,2.3,
3.2,1,2.4,
3.2,1,2.5,
3.2,1,2.6,
3.2,1,2.7,
3.2,1,2.8,
3.2,1,2.9,
3.2,1,3,
3.2,1,3.1,
3.2,1,3.2,
3.2,1,3.3,
3.2,1,3.4,
3.2,1,3.5,
3.2,1,3.6,
3.3,1,0,
3.3,1,0.1,
3.3,1,0.2,
3.3,1,0.3,
3.3,1,0.4,
3.3,1,0.5,
3.3,1,0.6,
3.3,1,0.7,
3.3,1,0.8,
3.3,1,0.9,
3.3,1,1,
3.3,1,1.1,
3.3,1,1.2,
3.3,1,1.3,
3.3,1,1.4,
3.3,1,1.5,
3.3,1,1.6,
3.3,1,1.7,
3.3,1,1.8,
3.3,1,1.9,
3.3,1,2,
3.3,1,2.1,
3.3,1,2.2,
3.3,1,2.3,
3.3,1,2.4,
3.3,1,2.5,
3.3,1,2.6,
3.3,1,2.7,
3.3,1,2.8,
3.3,1,2.9,
3.3,1,3,
3.3,1,3.1,
3.3,1,3.2,
3.3,1,3.3,
3.3,1,3.4,
3.3,1,3.5,
3.3,1,3.6,
3.4,1,0,
3.4,1,0.1,
3.4,1,0.2,
3.4,1,0.3,
3.4,1,0.4,
3.4,1,0.5,
3.4,1,0.6,
3.4,1,0.7,
3.4,1,0.8,
3.4,1,0.9,
3.4,1,1,
3.4,1,1.1,
3.4,1,1.2,
3.4,1,1.3,
3.4,1,1.4,
3.4,1,1.5,
3.4,1,1.6,
3.4,1,1.7,
3.4,1,1.8,
3.4,1,1.9,
3.4,1,2,
3.4,1,2.1,
3.4,1,2.2,
3.4,1,2.3,
3.4,1,2.4,
3.4,1,2.5,
3.4,1,2.6,
3.4,1,2.7,
3.4,1,2.8,
3.4,1,2.9,
3.4,1,3,
3.4,1,3.1,
3.4,1,3.2,
3.4,1,3.3,
3.4,1,3.4,
3.4,1,3.5,
3.4,1,3.6,
3.5,1,0,
3.5,1,0.1,
3.5,1,0.2,
3.5,1,0.3,
3.5,1,0.4,
3.5,1,0.5,
3.5,1,0.6,
3.5,1,0.7,
3.5,1,0.8,
3.5,1,0.9,
3.5,1,1,
3.5,1,1.1,
3.5,1,1.2,
3.5,1,1.3,
3.5,1,1.4,
3.5,1,1.5,
3.5,1,1.6,
3.5,1,1.7,
3.5,1,1.8,
3.5,1,1.9,
3.5,1,2,
3.5,1,2.1,
3.5,1,2.2,
3.5,1,2.3,
3.5,1,2.4,
3.5,1,2.5,
3.5,1,2.6,
3.5,1,2.7,
3.5,1,2.8,
3.5,1,2.9,
3.5,1,3,
3.5,1,3.1,
3.5,1,3.2,
3.5,1,3.3,
3.5,1,3.4,
3.5,1,3.5,
3.5,1,3.6,
3.6,1,0,
3.6,1,0.1,
3.6,1,0.2,
3.6,1,0.3,
3.6,1,0.4,
3.6,1,0.5,
3.6,1,0.6,
3.6,1,0.7,
3.6,1,0.8,
3.6,1,0.9,
3.6,1,1,
3.6,1,1.1,
3.6,1,1.2,
3.6,1,1.3,
3.6,1,1.4,
3.6,1,1.5,
3.6,1,1.6,
3.6,1,1.7,
3.6,1,1.8,
3.6,1,1.9,
3.6,1,2,
3.6,1,2.1,
3.6,1,2.2,
3.6,1,2.3,
3.6,1,2.4,
3.6,1,2.5,
3.6,1,2.6,
3.6,1,2.7,
3.6,1,2.8,
3.6,1,2.9,
3.6,1,3,
3.6,1,3.1,
3.6,1,3.2,
3.6,1,3.3,
3.6,1,3.4,
3.6,1,3.5,
3.6,1,3.6,
3.7,1,0,
3.7,1,0.1,
3.7,1,0.2,
3.7,1,0.3,
3.7,1,0.4,
3.7,1,0.5,
3.7,1,0.6,
3.7,1,0.7,
3.7,1,0.8,
3.7,1,0.9,
3.7,1,1,
3.7,1,1.1,
3.7,1,1.2,
3.7,1,1.3,
3.7,1,1.4,
3.7,1,1.5,
3.7,1,1.6,
3.7,1,1.7,
3.7,1,1.8,
3.7,1,1.9,
3.7,1,2,
3.7,1,2.1,
3.7,1,2.2,
3.7,1,2.3,
3.7,1,2.4,
3.7,1,2.5,
3.7,1,2.6,
3.7,1,2.7,
3.7,1,2.8,
3.7,1,2.9,
3.7,1,3,
3.7,1,3.1,
3.7,1,3.2,
3.7,1,3.3,
3.7,1,3.4,
3.7,1,3.5,
3.7,1,3.6,
3.8,1,0,
3.8,1,0.1,
3.8,1,0.2,
3.8,1,0.3,
3.8,1,0.4,
3.8,1,0.5,
3.8,1,0.6,
3.8,1,0.7,
3.8,1,0.8,
3.8,1,0.9,
3.8,1,1,
3.8,1,1.1,
3.8,1,1.2,
3.8,1,1.3,
3.8,1,1.4,
3.8,1,1.5,
3.8,1,1.6,
3.8,1,1.7,
3.8,1,1.8,
3.8,1,1.9,
3.8,1,2,
3.8,1,2.1,
3.8,1,2.2,
3.8,1,2.3,
3.8,1,2.4,
3.8,1,2.5,
3.8,1,2.6,
3.8,1,2.7,
3.8,1,2.8,
3.8,1,2.9,
3.8,1,3,
3.8,1,3.1,
3.8,1,3.2,
3.8,1,3.3,
3.8,1,3.4,
3.8,1,3.5,
3.8,1,3.6,
3.9,1,0,
3.9,1,0.1,
3.9,1,0.2,
3.9,1,0.3,
3.9,1,0.4,
3.9,1,0.5,
3.9,1,0.6,
3.9,1,0.7,
3.9,1,0.8,
3.9,1,0.9,
3.9,1,1,
3.9,1,1.1,
3.9,1,1.2,
3.9,1,1.3,
3.9,1,1.4,
3.9,1,1.5,
3.9,1,1.6,
3.9,1,1.7,
3.9,1,1.8,
3.9,1,1.9,
3.9,1,2,
3.9,1,2.1,
3.9,1,2.2,
3.9,1,2.3,
3.9,1,2.4,
3.9,1,2.5,
3.9,1,2.6,
3.9,1,2.7,
3.9,1,2.8,
3.9,1,2.9,
3.9,1,3,
3.9,1,3.1,
3.9,1,3.2,
3.9,1,3.3,
3.9,1,3.4,
3.9,1,3.5,
3.9,1,3.6,
4,1,0,
4,1,0.1,
4,1,0.2,
4,1,0.3,
4,1,0.4,
4,1,0.5,
4,1,0.6,
4,1,0.7,
4,1,0.8,
4,1,0.9,
4,1,1,
4,1,1.1,
4,1,1.2,
4,1,1.3,
4,1,1.4,
4,1,1.5,
4,1,1.6,
4,1,1.7,
4,1,1.8,
4,1,1.9,
4,1,2,
4,1,2.1,
4,1,2.2,
4,1,2.3,
4,1,2.4,
4,1,2.5,
4,1,2.6,
4,1,2.7,
4,1,2.8,
4,1,2.9,
4,1,3,
4,1,3.1,
4,1,3.2,
4,1,3.3,
4,1,3.4,
4,1,3.5,
4,1,3.6,
4.1,1,0,
4.1,1,0.1,
4.1,1,0.2,
4.1,1,0.3,
4.1,1,0.4,
4.1,1,0.5,
4.1,1,0.6,
4.1,1,0.7,
4.1,1,0.8,
4.1,1,0.9,
4.1,1,1,
4.1,1,1.1,
4.1,1,1.2,
4.1,1,1.3,
4.1,1,1.4,
4.1,1,1.5,
4.1,1,1.6,
4.1,1,1.7,
4.1,1,1.8,
4.1,1,1.9,
4.1,1,2,
4.1,1,2.1,
4.1,1,2.2,
4.1,1,2.3,
4.1,1,2.4,
4.1,1,2.5,
4.1,1,2.6,
4.1,1,2.7,
4.1,1,2.8,
4.1,1,2.9,
4.1,1,3,
4.1,1,3.1,
4.1,1,3.2,
4.1,1,3.3,
4.1,1,3.4,
4.1,1,3.5,
4.1,1,3.6,
4.2,1,0,
4.2,1,0.1,
4.2,1,0.2,
4.2,1,0.3,
4.2,1,0.4,
4.2,1,0.5,
4.2,1,0.6,
4.2,1,0.7,
4.2,1,0.8,
4.2,1,0.9,
4.2,1,1,
4.2,1,1.1,
4.2,1,1.2,
4.2,1,1.3,
4.2,1,1.4,
4.2,1,1.5,
4.2,1,1.6,
4.2,1,1.7,
4.2,1,1.8,
4.2,1,1.9,
4.2,1,2,
4.2,1,2.1,
4.2,1,2.2,
4.2,1,2.3,
4.2,1,2.4,
4.2,1,2.5,
4.2,1,2.6,
4.2,1,2.7,
4.2,1,2.8,
4.2,1,2.9,
4.2,1,3,
4.2,1,3.1,
4.2,1,3.2,
4.2,1,3.3,
4.2,1,3.4,
4.2,1,3.5,
4.2,1,3.6,
4.3,1,0,
4.3,1,0.1,
4.3,1,0.2,
4.3,1,0.3,
4.3,1,0.4,
4.3,1,0.5,
4.3,1,0.6,
4.3,1,0.7,
4.3,1,0.8,
4.3,1,0.9,
4.3,1,1,
4.3,1,1.1,
4.3,1,1.2,
4.3,1,1.3,
4.3,1,1.4,
4.3,1,1.5,
4.3,1,1.6,
4.3,1,1.7,
4.3,1,1.8,
4.3,1,1.9,
4.3,1,2,
4.3,1,2.1,
4.3,1,2.2,
4.3,1,2.3,
4.3,1,2.4,
4.3,1,2.5,
4.3,1,2.6,
4.3,1,2.7,
4.3,1,2.8,
4.3,1,2.9,
4.3,1,3,
4.3,1,3.1,
4.3,1,3.2,
4.3,1,3.3,
4.3,1,3.4,
4.3,1,3.5,
4.3,1,3.6,
4.4,1,0,
4.4,1,0.1,
4.4,1,0.2,
4.4,1,0.3,
4.4,1,0.4,
4.4,1,0.5,
4.4,1,0.6,
4.4,1,0.7,
4.4,1,0.8,
4.4,1,0.9,
4.4,1,1,
4.4,1,1.1,
4.4,1,1.2,
4.4,1,1.3,
4.4,1,1.4,
4.4,1,1.5,
4.4,1,1.6,
4.4,1,1.7,
4.4,1,1.8,
4.4,1,1.9,
4.4,1,2,
4.4,1,2.1,
4.4,1,2.2,
4.4,1,2.3,
4.4,1,2.4,
4.4,1,2.5,
4.4,1,2.6,
4.4,1,2.7,
4.4,1,2.8,
4.4,1,2.9,
4.4,1,3,
4.4,1,3.1,
4.4,1,3.2,
4.4,1,3.3,
4.4,1,3.4,
4.4,1,3.5,
4.4,1,3.6,
4.5,1,0,
4.5,1,0.1,
4.5,1,0.2,
4.5,1,0.3,
4.5,1,0.4,
4.5,1,0.5,
4.5,1,0.6,
4.5,1,0.7,
4.5,1,0.8,
4.5,1,0.9,
4.5,1,1,
4.5,1,1.1,
4.5,1,1.2,
4.5,1,1.3,
4.5,1,1.4,
4.5,1,1.5,
4.5,1,1.6,
4.5,1,1.7,
4.5,1,1.8,
4.5,1,1.9,
4.5,1,2,
4.5,1,2.1,
4.5,1,2.2,
4.5,1,2.3,
4.5,1,2.4,
4.5,1,2.5,
4.5,1,2.6,
4.5,1,2.7,
4.5,1,2.8,
4.5,1,2.9,
4.5,1,3,
4.5,1,3.1,
4.5,1,3.2,
4.5,1,3.3,
4.5,1,3.4,
4.5,1,3.5,
4.5,1,3.6,
4.6,1,0,
4.6,1,0.1,
4.6,1,0.2,
4.6,1,0.3,
4.6,1,0.4,
4.6,1,0.5,
4.6,1,0.6,
4.6,1,0.7,
4.6,1,0.8,
4.6,1,0.9,
4.6,1,1,
4.6,1,1.1,
4.6,1,1.2,
4.6,1,1.3,
4.6,1,1.4,
4.6,1,1.5,
4.6,1,1.6,
4.6,1,1.7,
4.6,1,1.8,
4.6,1,1.9,
4.6,1,2,
4.6,1,2.1,
4.6,1,2.2,
4.6,1,2.3,
4.6,1,2.4,
4.6,1,2.5,
4.6,1,2.6,
4.6,1,2.7,
4.6,1,2.8,
4.6,1,2.9,
4.6,1,3,
4.6,1,3.1,
4.6,1,3.2,
4.6,1,3.3,
4.6,1,3.4,
4.6,1,3.5,
4.6,1,3.6,
4.7,1,0,
4.7,1,0.1,
4.7,1,0.2,
4.7,1,0.3,
4.7,1,0.4,
4.7,1,0.5,
4.7,1,0.6,
4.7,1,0.7,
4.7,1,0.8,
4.7,1,0.9,
4.7,1,1,
4.7,1,1.1,
4.7,1,1.2,
4.7,1,1.3,
4.7,1,1.4,
4.7,1,1.5,
4.7,1,1.6,
4.7,1,1.7,
4.7,1,1.8,
4.7,1,1.9,
4.7,1,2,
4.7,1,2.1,
4.7,1,2.2,
4.7,1,2.3,
4.7,1,2.4,
4.7,1,2.5,
4.7,1,2.6,
4.7,1,2.7,
4.7,1,2.8,
4.7,1,2.9,
4.7,1,3,
4.7,1,3.1,
4.7,1,3.2,
4.7,1,3.3,
4.7,1,3.4,
4.7,1,3.5,
4.7,1,3.6,
4.8,1,0,
4.8,1,0.1,
4.8,1,0.2,
4.8,1,0.3,
4.8,1,0.4,
4.8,1,0.5,
4.8,1,0.6,
4.8,1,0.7,
4.8,1,0.8,
4.8,1,0.9,
4.8,1,1,
4.8,1,1.1,
4.8,1,1.2,
4.8,1,1.3,
4.8,1,1.4,
4.8,1,1.5,
4.8,1,1.6,
4.8,1,1.7,
4.8,1,1.8,
4.8,1,1.9,
4.8,1,2,
4.8,1,2.1,
4.8,1,2.2,
4.8,1,2.3,
4.8,1,2.4,
4.8,1,2.5,
4.8,1,2.6,
4.8,1,2.7,
4.8,1,2.8,
4.8,1,2.9,
4.8,1,3,
4.8,1,3.1,
4.8,1,3.2,
4.8,1,3.3,
4.8,1,3.4,
4.8,1,3.5,
4.8,1,3.6,
4.9,1,0,
4.9,1,0.1,
4.9,1,0.2,
4.9,1,0.3,
4.9,1,0.4,
4.9,1,0.5,
4.9,1,0.6,
4.9,1,0.7,
4.9,1,0.8,
4.9,1,0.9,
4.9,1,1,
4.9,1,1.1,
4.9,1,1.2,
4.9,1,1.3,
4.9,1,1.4,
4.9,1,1.5,
4.9,1,1.6,
4.9,1,1.7,
4.9,1,1.8,
4.9,1,1.9,
4.9,1,2,
4.9,1,2.1,
4.9,1,2.2,
4.9,1,2.3,
4.9,1,2.4,
4.9,1,2.5,
4.9,1,2.6,
4.9,1,2.7,
4.9,1,2.8,
4.9,1,2.9,
4.9,1,3,
4.9,1,3.1,
4.9,1,3.2,
4.9,1,3.3,
4.9,1,3.4,
4.9,1,3.5,
4.9,1,3.6,
5,1,0,
5,1,0.1,
5,1,0.2,
5,1,0.3,
5,1,0.4,
5,1,0.5,
5,1,0.6,
5,1,0.7,
5,1,0.8,
5,1,0.9,
5,1,1,
5,1,1.1,
5,1,1.2,
5,1,1.3,
5,1,1.4,
5,1,1.5,
5,1,1.6,
5,1,1.7,
5,1,1.8,
5,1,1.9,
5,1,2,
5,1,2.1,
5,1,2.2,
5,1,2.3,
5,1,2.4,
5,1,2.5,
5,1,2.6,
5,1,2.7,
5,1,2.8,
5,1,2.9,
5,1,3,
5,1,3.1,
5,1,3.2,
5,1,3.3,
5,1,3.4,
5,1,3.5,
5,1,3.6,
5.1,1,0,
5.1,1,0.1,
5.1,1,0.2,
5.1,1,0.3,
5.1,1,0.4,
5.1,1,0.5,
5.1,1,0.6,
5.1,1,0.7,
5.1,1,0.8,
5.1,1,0.9,
5.1,1,1,
5.1,1,1.1,
5.1,1,1.2,
5.1,1,1.3,
5.1,1,1.4,
5.1,1,1.5,
5.1,1,1.6,
5.1,1,1.7,
5.1,1,1.8,
5.1,1,1.9,
5.1,1,2,
5.1,1,2.1,
5.1,1,2.2,
5.1,1,2.3,
5.1,1,2.4,
5.1,1,2.5,
5.1,1,2.6,
5.1,1,2.7,
5.1,1,2.8,
5.1,1,2.9,
5.1,1,3,
5.1,1,3.1,
5.1,1,3.2,
5.1,1,3.3,
5.1,1,3.4,
5.1,1,3.5,
5.1,1,3.6,
5.2,1,0,
5.2,1,0.1,
5.2,1,0.2,
5.2,1,0.3,
5.2,1,0.4,
5.2,1,0.5,
5.2,1,0.6,
5.2,1,0.7,
5.2,1,0.8,
5.2,1,0.9,
5.2,1,1,
5.2,1,1.1,
5.2,1,1.2,
5.2,1,1.3,
5.2,1,1.4,
5.2,1,1.5,
5.2,1,1.6,
5.2,1,1.7,
5.2,1,1.8,
5.2,1,1.9,
5.2,1,2,
5.2,1,2.1,
5.2,1,2.2,
5.2,1,2.3,
5.2,1,2.4,
5.2,1,2.5,
5.2,1,2.6,
5.2,1,2.7,
5.2,1,2.8,
5.2,1,2.9,
5.2,1,3,
5.2,1,3.1,
5.2,1,3.2,
5.2,1,3.3,
5.2,1,3.4,
5.2,1,3.5,
5.2,1,3.6,
5.3,1,0,
5.3,1,0.1,
5.3,1,0.2,
5.3,1,0.3,
5.3,1,0.4,
5.3,1,0.5,
5.3,1,0.6,
5.3,1,0.7,
5.3,1,0.8,
5.3,1,0.9,
5.3,1,1,
5.3,1,1.1,
5.3,1,1.2,
5.3,1,1.3,
5.3,1,1.4,
5.3,1,1.5,
5.3,1,1.6,
5.3,1,1.7,
5.3,1,1.8,
5.3,1,1.9,
5.3,1,2,
5.3,1,2.1,
5.3,1,2.2,
5.3,1,2.3,
5.3,1,2.4,
5.3,1,2.5,
5.3,1,2.6,
5.3,1,2.7,
5.3,1,2.8,
5.3,1,2.9,
5.3,1,3,
5.3,1,3.1,
5.3,1,3.2,
5.3,1,3.3,
5.3,1,3.4,
5.3,1,3.5,
5.3,1,3.6,
5.4,1,0,
5.4,1,0.1,
5.4,1,0.2,
5.4,1,0.3,
5.4,1,0.4,
5.4,1,0.5,
5.4,1,0.6,
5.4,1,0.7,
5.4,1,0.8,
5.4,1,0.9,
5.4,1,1,
5.4,1,1.1,
5.4,1,1.2,
5.4,1,1.3,
5.4,1,1.4,
5.4,1,1.5,
5.4,1,1.6,
5.4,1,1.7,
5.4,1,1.8,
5.4,1,1.9,
5.4,1,2,
5.4,1,2.1,
5.4,1,2.2,
5.4,1,2.3,
5.4,1,2.4,
5.4,1,2.5,
5.4,1,2.6,
5.4,1,2.7,
5.4,1,2.8,
5.4,1,2.9,
5.4,1,3,
5.4,1,3.1,
5.4,1,3.2,
5.4,1,3.3,
5.4,1,3.4,
5.4,1,3.5,
5.4,1,3.6,
5.5,1,0,
5.5,1,0.1,
5.5,1,0.2,
5.5,1,0.3,
5.5,1,0.4,
5.5,1,0.5,
5.5,1,0.6,
5.5,1,0.7,
5.5,1,0.8,
5.5,1,0.9,
5.5,1,1,
5.5,1,1.1,
5.5,1,1.2,
5.5,1,1.3,
5.5,1,1.4,
5.5,1,1.5,
5.5,1,1.6,
5.5,1,1.7,
5.5,1,1.8,
5.5,1,1.9,
5.5,1,2,
5.5,1,2.1,
5.5,1,2.2,
5.5,1,2.3,
5.5,1,2.4,
5.5,1,2.5,
5.5,1,2.6,
5.5,1,2.7,
5.5,1,2.8,
5.5,1,2.9,
5.5,1,3,
5.5,1,3.1,
5.5,1,3.2,
5.5,1,3.3,
5.5,1,3.4,
5.5,1,3.5,
5.5,1,3.6,
5.6,1,0,
5.6,1,0.1,
5.6,1,0.2,
5.6,1,0.3,
5.6,1,0.4,
5.6,1,0.5,
5.6,1,0.6,
5.6,1,0.7,
5.6,1,0.8,
5.6,1,0.9,1.124595824
5.6,1,1,
5.6,1,1.1,1.122816237
5.6,1,1.2,
5.6,1,1.3,1.072428351
5.6,1,1.4,
5.6,1,1.5,1.037669272
5.6,1,1.6,
5.6,1,1.7,1.019695448
5.6,1,1.8,
5.6,1,1.9,1.019054114
5.6,1,2,
5.6,1,2.1,1.035764603
5.6,1,2.2,
5.6,1,2.3,1.069324309
5.6,1,2.4,
5.6,1,2.5,1.118618289
5.6,1,2.6,
5.6,1,2.7,1.128897818
5.6,1,2.8,
5.6,1,2.9,1.075906221
5.6,1,3,
5.6,1,3.1,1.035185527
5.6,1,3.2,
5.6,1,3.3,1.007343525
5.6,1,3.4,
5.6,1,3.5,0.992808055
5.6,1,3.6,
5.7,1,0,0.990619959
5.7,1,0.1,
5.7,1,0.2,0.997418492
5.7,1,0.3,
5.7,1,0.4,1.017706916
5.7,1,0.5,
5.7,1,0.6,1.051171104
5.7,1,0.7,
5.7,1,0.8,1.097337731
5.7,1,0.9,
5.7,1,1,1.140666685
5.7,1,1.1,
5.7,1,1.2,1.085054319
5.7,1,1.3,
5.7,1,1.4,1.043624633
5.7,1,1.5,
5.7,1,1.6,1.017954239
5.7,1,1.7,
5.7,1,1.8,1.008889718
5.7,1,1.9,
5.7,1,2,1.016715351
5.7,1,2.1,
5.7,1,2.2,1.041189215
5.7,1,2.3,
5.7,1,2.4,1.081505948
5.7,1,2.5,
5.7,1,2.6,1.136159725
5.7,1,2.7,
5.7,1,2.8,1.101219561
5.7,1,2.9,
5.7,1,3,
5.7,1,3.1,
5.7,1,3.2,
5.7,1,3.3,
5.7,1,3.4,
5.7,1,3.5,
5.7,1,3.6,
5.8,1,0,
5.8,1,0.1,
5.8,1,0.2,
5.8,1,0.3,
5.8,1,0.4,
5.8,1,0.5,
5.8,1,0.6,
5.8,1,0.7,
5.8,1,0.8,
5.8,1,0.9,
5.8,1,1,
5.8,1,1.1,
5.8,1,1.2,
5.8,1,1.3,
5.8,1,1.4,
5.8,1,1.5,
5.8,1,1.6,
5.8,1,1.7,
5.8,1,1.8,
5.8,1,1.9,
5.8,1,2,
5.8,1,2.1,
5.8,1,2.2,
5.8,1,2.3,
5.8,1,2.4,
5.8,1,2.5,
5.8,1,2.6,
5.8,1,2.7,
5.8,1,2.8,
5.8,1,2.9,
5.8,1,3,
5.8,1,3.1,
5.8,1,3.2,
5.8,1,3.3,
5.8,1,3.4,
5.8,1,3.5,
5.8,1,3.6,
5.9,1,0,
5.9,1,0.1,
5.9,1,0.2,
5.9,1,0.3,
5.9,1,0.4,
5.9,1,0.5,
5.9,1,0.6,
5.9,1,0.7,
5.9,1,0.8,
5.9,1,0.9,
5.9,1,1,
5.9,1,1.1,
5.9,1,1.2,
5.9,1,1.3,
5.9,1,1.4,
5.9,1,1.5,
5.9,1,1.6,
5.9,1,1.7,
5.9,1,1.8,
5.9,1,1.9,
5.9,1,2,
5.9,1,2.1,
5.9,1,2.2,
5.9,1,2.3,
5.9,1,2.4,
5.9,1,2.5,
5.9,1,2.6,
5.9,1,2.7,
5.9,1,2.8,
5.9,1,2.9,
5.9,1,3,
5.9,1,3.1,
5.9,1,3.2,
5.9,1,3.3,
5.9,1,3.4,
5.9,1,3.5,
5.9,1,3.6,
6,1,0,
6,1,0.1,
6,1,0.2,
6,1,0.3,
6,1,0.4,
6,1,0.5,
6,1,0.6,
6,1,0.7,
6,1,0.8,
6,1,0.9,
6,1,1,
6,1,1.1,
6,1,1.2,
6,1,1.3,
6,1,1.4,
6,1,1.5,
6,1,1.6,
6,1,1.7,
6,1,1.8,
6,1,1.9,
6,1,2,
6,1,2.1,
6,1,2.2,
6,1,2.3,
6,1,2.4,
6,1,2.5,
6,1,2.6,
6,1,2.7,
6,1,2.8,
6,1,2.9,
6,1,3,
6,1,3.1,
6,1,3.2,
6,1,3.3,
6,1,3.4,
6,1,3.5,
6,1,3.6,
6.1,1,0,
6.1,1,0.1,
6.1,1,0.2,
6.1,1,0.3,
6.1,1,0.4,
6.1,1,0.5,
6.1,1,0.6,
6.1,1,0.7,
6.1,1,0.8,
6.1,1,0.9,
6.1,1,1,
6.1,1,1.1,
6.1,1,1.2,
6.1,1,1.3,
6.1,1,1.4,
6.1,1,1.5,
6.1,1,1.6,
6.1,1,1.7,
6.1,1,1.8,
6.1,1,1.9,
6.1,1,2,
6.1,1,2.1,
6.1,1,2.2,
6.1,1,2.3,
6.1,1,2.4,
6.1,1,2.5,
6.1,1,2.6,
6.1,1,2.7,
6.1,1,2.8,
6.1,1,2.9,
6.1,1,3,
6.1,1,3.1,
6.1,1,3.2,
6.1,1,3.3,
6.1,1,3.4,
6.1,1,3.5,
6.1,1,3.6,
6.2,1,0,
6.2,1,0.1,
6.2,1,0.2,
6.2,1,0.3,
6.2,1,0.4,
6.2,1,0.5,
6.2,1,0.6,
6.2,1,0.7,
6.2,1,0.8,
6.2,1,0.9,
6.2,1,1,
6.2,1,1.1,
6.2,1,1.2,
6.2,1,1.3,
6.2,1,1.4,
6.2,1,1.5,
6.2,1,1.6,
6.2,1,1.7,
6.2,1,1.8,
6.2,1,1.9,
6.2,1,2,
6.2,1,2.1,
6.2,1,2.2,
6.2,1,2.3,
6.2,1,2.4,
6.2,1,2.5,
6.2,1,2.6,
6.2,1,2.7,
6.2,1,2.8,
6.2,1,2.9,
6.2,1,3,
6.2,1,3.1,
6.2,1,3.2,
6.2,1,3.3,
6.2,1,3.4,
6.2,1,3.5,
6.2,1,3.6,
6.3,1,0,
6.3,1,0.1,
6.3,1,0.2,
6.3,1,0.3,
6.3,1,0.4,
6.3,1,0.5,
6.3,1,0.6,
6.3,1,0.7,
6.3,1,0.8,
6.3,1,0.9,
6.3,1,1,
6.3,1,1.1,
6.3,1,1.2,
6.3,1,1.3,
6.3,1,1.4,
6.3,1,1.5,
6.3,1,1.6,
6.3,1,1.7,
6.3,1,1.8,
6.3,1,1.9,
6.3,1,2,
6.3,1,2.1,
6.3,1,2.2,
6.3,1,2.3,
6.3,1,2.4,
6.3,1,2.5,
6.3,1,2.6,
6.3,1,2.7,
6.3,1,2.8,
6.3,1,2.9,
6.3,1,3,
6.3,1,3.1,
6.3,1,3.2,
6.3,1,3.3,
6.3,1,3.4,
6.3,1,3.5,
6.3,1,3.6,
6.4,1,0,
6.4,1,0.1,
6.4,1,0.2,
6.4,1,0.3,
6.4,1,0.4,
6.4,1,0.5,
6.4,1,0.6,
6.4,1,0.7,
6.4,1,0.8,
6.4,1,0.9,
6.4,1,1,
6.4,1,1.1,
6.4,1,1.2,
6.4,1,1.3,
6.4,1,1.4,
6.4,1,1.5,
6.4,1,1.6,
6.4,1,1.7,
6.4,1,1.8,
6.4,1,1.9,
6.4,1,2,
6.4,1,2.1,
6.4,1,2.2,
6.4,1,2.3,
6.4,1,2.4,
6.4,1,2.5,
6.4,1,2.6,
6.4,1,2.7,
6.4,1,2.8,
6.4,1,2.9,
6.4,1,3,
6.4,1,3.1,
6.4,1,3.2,
6.4,1,3.3,
6.4,1,3.4,
6.4,1,3.5,1.009926484
6.4,1,3.6,
6.5,1,0,
6.5,1,0.1,1.017351283
6.5,1,0.2,
6.5,1,0.3,
6.5,1,0.4,1.049624058
6.5,1,0.5,
6.5,1,0.6,
6.5,1,0.7,1.118348508
6.5,1,0.8,
6.5,1,0.9,
6.5,1,1,1.098772203
6.5,1,1.1,
6.5,1,1.2,
6.5,1,1.3,1.033866756
6.5,1,1.4,
6.5,1,1.5,
6.5,1,1.6,0.997883003
6.5,1,1.7,
6.5,1,1.8,
6.5,1,1.9,0.992060685
6.5,1,2,
6.5,1,2.1,
6.5,1,2.2,1.016607609
6.5,1,2.3,
6.5,1,2.4,
6.5,1,2.5,1.070655303
6.5,1,2.6,
6.5,1,2.7,
6.5,1,2.8,1.153108156
6.5,1,2.9,
6.5,1,3,
6.5,1,3.1,1.071823974
6.5,1,3.2,
6.5,1,3.3,
6.5,1,3.4,1.025174073
6.5,1,3.5,
6.5,1,3.6,
6.6,1,0,1.024318677
6.6,1,0.1,
6.6,1,0.2,
6.6,1,0.3,1.044455012
6.6,1,0.4,
6.6,1,0.5,
6.6,1,0.6,1.103468208
6.6,1,0.7,
6.6,1,0.8,
6.6,1,0.9,1.127000824
6.6,1,1,
6.6,1,1.1,
6.6,1,1.2,1.052721846
6.6,1,1.3,
6.6,1,1.4,
6.6,1,1.5,1.006568296
6.6,1,1.6,
6.6,1,1.7,
6.6,1,1.8,0.990447686
6.6,1,1.9,
6.6,1,2,
6.6,1,2.1,1.005066734
6.6,1,2.2,
6.6,1,2.3,
6.6,1,2.4,1.049790361
6.6,1,2.5,
6.6,1,2.6,
6.6,1,2.7,1.122741756
6.6,1,2.8,
6.6,1,2.9,
6.6,1,3,1.107299436
6.6,1,3.1,
6.6,1,3.2,
6.6,1,3.3,1.046465718
6.6,1,3.4,
6.6,1,3.5,
6.6,1,3.6,1.024367857
6.7,1,0,
6.7,1,0.1,
6.7,1,0.2,1.009138178
6.7,1,0.3,
6.7,1,0.4,
6.7,1,0.5,1.052999018
6.7,1,0.6,
6.7,1,0.7,
6.7,1,0.8,1.159136008
6.7,1,0.9,
6.7,1,1,
6.7,1,1.1,
6.7,1,1.2,
6.7,1,1.3,
6.7,1,1.4,
6.7,1,1.5,
6.7,1,1.6,
6.7,1,1.7,
6.7,1,1.8,
6.7,1,1.9,
6.7,1,2,
6.7,1,2.1,
6.7,1,2.2,
6.7,1,2.3,
6.7,1,2.4,
6.7,1,2.5,
6.7,1,2.6,
6.7,1,2.7,
6.7,1,2.8,
6.7,1,2.9,
6.7,1,3,
6.7,1,3.1,
6.7,1,3.2,
6.7,1,3.3,
6.7,1,3.4,
6.7,1,3.5,
6.7,1,3.6,
6.8,1,0,
6.8,1,0.1,
6.8,1,0.2,
6.8,1,0.3,
6.8,1,0.4,
6.8,1,0.5,
6.8,1,0.6,
6.8,1,0.7,
6.8,1,0.8,
6.8,1,0.9,
6.8,1,1,
6.8,1,1.1,
6.8,1,1.2,
6.8,1,1.3,
6.8,1,1.4,
6.8,1,1.5,
6.8,1,1.6,
6.8,1,1.7,
6.8,1,1.8,
6.8,1,1.9,
6.8,1,2,
6.8,1,2.1,
6.8,1,2.2,
6.8,1,2.3,
6.8,1,2.4,
6.8,1,2.5,
6.8,1,2.6,
6.8,1,2.7,
6.8,1,2.8,
6.8,1,2.9,
6.8,1,3,
6.8,1,3.1,
6.8,1,3.2,
6.8,1,3.3,
6.8,1,3.4,
6.8,1,3.5,
6.8,1,3.6,
6.9,1,0,
6.9,1,0.1,
6.9,1,0.2,
6.9,1,0.3,
6.9,1,0.4,
6.9,1,0.5,
6.9,1,0.6,
6.9,1,0.7,
6.9,1,0.8,
6.9,1,0.9,
6.9,1,1,
6.9,1,1.1,
6.9,1,1.2,
6.9,1,1.3,
6.9,1,1.4,
6.9,1,1.5,
6.9,1,1.6,
6.9,1,1.7,
6.9,1,1.8,
6.9,1,1.9,
6.9,1,2,
6.9,1,2.1,
6.9,1,2.2,
6.9,1,2.3,
6.9,1,2.4,
6.9,1,2.5,
6.9,1,2.6,
6.9,1,2.7,
6.9,1,2.8,
6.9,1,2.9,
6.9,1,3,
6.9,1,3.1,
6.9,1,3.2,
6.9,1,3.3,
6.9,1,3.4,
6.9,1,3.5,
6.9,1,3.6,
7,1,0,
7,1,0.1,
7,1,0.2,
7,1,0.3,
7,1,0.4,
7,1,0.5,
7,1,0.6,
7,1,0.7,
7,1,0.8,
7,1,0.9,
7,1,1,
7,1,1.1,
7,1,1.2,
7,1,1.3,
7,1,1.4,
7,1,1.5,
7,1,1.6,
7,1,1.7,
7,1,1.8,
7,1,1.9,
7,1,2,
7,1,2.1,
7,1,2.2,
7,1,2.3,
7,1,2.4,
7,1,2.5,
7,1,2.6,
7,1,2.7,
7,1,2.8,
7,1,2.9,
7,1,3,
7,1,3.1,
7,1,3.2,
7,1,3.3,
7,1,3.4,
7,1,3.5,
7,1,3.6,
7.1,1,0,
7.1,1,0.1,
7.1,1,0.2,
7.1,1,0.3,
7.1,1,0.4,
7.1,1,0.5,
7.1,1,0.6,
7.1,1,0.7,
7.1,1,0.8,
7.1,1,0.9,
7.1,1,1,
7.1,1,1.1,
7.1,1,1.2,
7.1,1,1.3,
7.1,1,1.4,
7.1,1,1.5,
7.1,1,1.6,
7.1,1,1.7,
7.1,1,1.8,
7.1,1,1.9,
7.1,1,2,
7.1,1,2.1,
7.1,1,2.2,
7.1,1,2.3,
7.1,1,2.4,
7.1,1,2.5,
7.1,1,2.6,
7.1,1,2.7,
7.1,1,2.8,
7.1,1,2.9,
7.1,1,3,
7.1,1,3.1,
7.1,1,3.2,
7.1,1,3.3,
7.1,1,3.4,
7.1,1,3.5,
7.1,1,3.6,
7.2,1,0,
7.2,1,0.1,
7.2,1,0.2,
7.2,1,0.3,
7.2,1,0.4,
7.2,1,0.5,
7.2,1,0.6,
7.2,1,0.7,
7.2,1,0.8,
7.2,1,0.9,
7.2,1,1,
7.2,1,1.1,
7.2,1,1.2,
7.2,1,1.3,
7.2,1,1.4,
7.2,1,1.5,
7.2,1,1.6,
7.2,1,1.7,
7.2,1,1.8,
7.2,1,1.9,
7.2,1,2,
7.2,1,2.1,
7.2,1,2.2,
7.2,1,2.3,
7.2,1,2.4,
7.2,1,2.5,
7.2,1,2.6,
7.2,1,2.7,
7.2,1,2.8,
7.2,1,2.9,
7.2,1,3,
7.2,1,3.1,
7.2,1,3.2,
7.2,1,3.3,
7.2,1,3.4,
7.2,1,3.5,
7.2,1,3.6,
7.3,1,0,
7.3,1,0.1,
7.3,1,0.2,
7.3,1,0.3,
7.3,1,0.4,
7.3,1,0.5,
7.3,1,0.6,
7.3,1,0.7,
7.3,1,0.8,
7.3,1,0.9,
7.3,1,1,
7.3,1,1.1,
7.3,1,1.2,
7.3,1,1.3,
7.3,1,1.4,
7.3,1,1.5,
7.3,1,1.6,
7.3,1,1.7,
7.3,1,1.8,
7.3,1,1.9,
7.3,1,2,
7.3,1,2.1,
7.3,1,2.2,
7.3,1,2.3,
7.3,1,2.4,
7.3,1,2.5,
7.3,1,2.6,
7.3,1,2.7,
7.3,1,2.8,
7.3,1,2.9,
7.3,1,3,
7.3,1,3.1,
7.3,1,3.2,
7.3,1,3.3,
7.3,1,3.4,
7.3,1,3.5,
7.3,1,3.6,
7.4,1,0,
7.4,1,0.1,
7.4,1,0.2,
7.4,1,0.3,
7.4,1,0.4,
7.4,1,0.5,
7.4,1,0.6,
7.4,1,0.7,
7.4,1,0.8,
7.4,1,0.9,
7.4,1,1,
7.4,1,1.1,
7.4,1,1.2,
7.4,1,1.3,
7.4,1,1.4,
7.4,1,1.5,
7.4,1,1.6,
7.4,1,1.7,
7.4,1,1.8,
7.4,1,1.9,
7.4,1,2,
7.4,1,2.1,
7.4,1,2.2,
7.4,1,2.3,
7.4,1,2.4,
7.4,1,2.5,
7.4,1,2.6,
7.4,1,2.7,
7.4,1,2.8,
7.4,1,2.9,
7.4,1,3,
7.4,1,3.1,
7.4,1,3.2,
7.4,1,3.3,
7.4,1,3.4,
7.4,1,3.5,
7.4,1,3.6,
7.5,1,0,
7.5,1,0.1,
7.5,1,0.2,
7.5,1,0.3,
7.5,1,0.4,
7.5,1,0.5,
7.5,1,0.6,
7.5,1,0.7,
7.5,1,0.8,
7.5,1,0.9,
7.5,1,1,
7.5,1,1.1,
7.5,1,1.2,
7.5,1,1.3,
7.5,1,1.4,
7.5,1,1.5,
7.5,1,1.6,
7.5,1,1.7,
7.5,1,1.8,
7.5,1,1.9,
7.5,1,2,
7.5,1,2.1,
7.5,1,2.2,
7.5,1,2.3,
7.5,1,2.4,
7.5,1,2.5,
7.5,1,2.6,
7.5,1,2.7,
7.5,1,2.8,
7.5,1,2.9,
7.5,1,3,
7.5,1,3.1,
7.5,1,3.2,
7.5,1,3.3,
7.5,1,3.4,
7.5,1,3.5,
7.5,1,3.6,
7.6,1,0,
7.6,1,0.1,
7.6,1,0.2,
7.6,1,0.3,
7.6,1,0.4,
7.6,1,0.5,
7.6,1,0.6,
7.6,1,0.7,
7.6,1,0.8,
7.6,1,0.9,
7.6,1,1,
7.6,1,1.1,
7.6,1,1.2,
7.6,1,1.3,
7.6,1,1.4,
7.6,1,1.5,
7.6,1,1.6,
7.6,1,1.7,
7.6,1,1.8,
7.6,1,1.9,
7.6,1,2,
7.6,1,2.1,
7.6,1,2.2,
7.6,1,2.3,
7.6,1,2.4,
7.6,1,2.5,
7.6,1,2.6,
7.6,1,2.7,
7.6,1,2.8,
7.6,1,2.9,
7.6,1,3,
7.6,1,3.1,
7.6,1,3.2,
7.6,1,3.3,
7.6,1,3.4,
7.6,1,3.5,
7.6,1,3.6,
7.7,1,0,
7.7,1,0.1,
7.7,1,0.2,
7.7,1,0.3,
7.7,1,0.4,
7.7,1,0.5,
7.7,1,0.6,
7.7,1,0.7,
7.7,1,0.8,
7.7,1,0.9,
7.7,1,1,
7.7,1,1.1,
7.7,1,1.2,
7.7,1,1.3,
7.7,1,1.4,
7.7,1,1.5,
7.7,1,1.6,
7.7,1,1.7,
7.7,1,1.8,
7.7,1,1.9,
7.7,1,2,
7.7,1,2.1,
7.7,1,2.2,
7.7,1,2.3,
7.7,1,2.4,
7.7,1,2.5,
7.7,1,2.6,
7.7,1,2.7,
7.7,1,2.8,
7.7,1,2.9,
7.7,1,3,
7.7,1,3.1,
7.7,1,3.2,
7.7,1,3.3,
7.7,1,3.4,
7.7,1,3.5,
7.7,1,3.6,
7.8,1,0,
7.8,1,0.1,
7.8,1,0.2,
7.8,1,0.3,
7.8,1,0.4,
7.8,1,0.5,
7.8,1,0.6,
7.8,1,0.7,
7.8,1,0.8,
7.8,1,0.9,
7.8,1,1,
7.8,1,1.1,
7.8,1,1.2,
7.8,1,1.3,
7.8,1,1.4,
7.8,1,1.5,
7.8,1,1.6,
7.8,1,1.7,
7.8,1,1.8,
7.8,1,1.9,
7.8,1,2,
7.8,1,2.1,
7.8,1,2.2,
7.8,1,2.3,
7.8,1,2.4,
7.8,1,2.5,
7.8,1,2.6,
7.8,1,2.7,
7.8,1,2.8,
7.8,1,2.9,
7.8,1,3,
7.8,1,3.1,
7.8,1,3.2,
7.8,1,3.3,
7.8,1,3.4,
7.8,1,3.5,
7.8,1,3.6,
7.9,1,0,
7.9,1,0.1,
7.9,1,0.2,
7.9,1,0.3,
7.9,1,0.4,
7.9,1,0.5,
7.9,1,0.6,
7.9,1,0.7,
7.9,1,0.8,
7.9,1,0.9,
7.9,1,1,
7.9,1,1.1,
7.9,1,1.2,
7.9,1,1.3,
7.9,1,1.4,
7.9,1,1.5,
7.9,1,1.6,
7.9,1,1.7,
7.9,1,1.8,
7.9,1,1.9,
7.9,1,2,
7.9,1,2.1,
7.9,1,2.2,
7.9,1,2.3,
7.9,1,2.4,
7.9,1,2.5,
7.9,1,2.6,
7.9,1,2.7,
7.9,1,2.8,
7.9,1,2.9,
7.9,1,3,
7.9,1,3.1,
7.9,1,3.2,
7.9,1,3.3,
7.9,1,3.4,
7.9,1,3.5,
7.9,1,3.6,
8,1,0,
8,1,0.1,
8,1,0.2,
8,1,0.3,
8,1,0.4,
8,1,0.5,
8,1,0.6,
8,1,0.7,
8,1,0.8,
8,1,0.9,
8,1,1,
8,1,1.1,
8,1,1.2,
8,1,1.3,
8,1,1.4,
8,1,1.5,
8,1,1.6,
8,1,1.7,
8,1,1.8,
8,1,1.9,
8,1,2,
8,1,2.1,
8,1,2.2,
8,1,2.3,
8,1,2.4,
8,1,2.5,
8,1,2.6,
8,1,2.7,
8,1,2.8,
8,1,2.9,
8,1,3,
8,1,3.1,
8,1,3.2,
8,1,3.3,
8,1,3.4,
8,1,3.5,
8,1,3.6,
0,1.1,0,
0,1.1,0.1,
0,1.1,0.2,
0,1.1,0.3,
0,1.1,0.4,
0,1.1,0.5,
0,1.1,0.6,
0,1.1,0.7,
0,1.1,0.8,
0,1.1,0.9,
0,1.1,1,
0,1.1,1.1,
0,1.1,1.2,
0,1.1,1.3,
0,1.1,1.4,
0,1.1,1.5,
0,1.1,1.6,
0,1.1,1.7,
0,1.1,1.8,
0,1.1,1.9,
0,1.1,2,
0,1.1,2.1,
0,1.1,2.2,
0,1.1,2.3,
0,1.1,2.4,
0,1.1,2.5,
0,1.1,2.6,
0,1.1,2.7,
0,1.1,2.8,
0,1.1,2.9,
0,1.1,3,
0,1.1,3.1,
0,1.1,3.2,
0,1.1,3.3,
0,1.1,3.4,
0,1.1,3.5,
0,1.1,3.6,
0.1,1.1,0,
0.1,1.1,0.1,
0.1,1.1,0.2,
0.1,1.1,0.3,
0.1,1.1,0.4,
0.1,1.1,0.5,
0.1,1.1,0.6,
0.1,1.1,0.7,
0.1,1.1,0.8,
0.1,1.1,0.9,
0.1,1.1,1,
0.1,1.1,1.1,
0.1,1.1,1.2,
0.1,1.1,1.3,
0.1,1.1,1.4,
0.1,1.1,1.5,
0.1,1.1,1.6,
0.1,1.1,1.7,
0.1,1.1,1.8,
0.1,1.1,1.9,
0.1,1.1,2,
0.1,1.1,2.1,
0.1,1.1,2.2,
0.1,1.1,2.3,
0.1,1.1,2.4,
0.1,1.1,2.5,
0.1,1.1,2.6,
0.1,1.1,2.7,
0.1,1.1,2.8,
0.1,1.1,2.9,
0.1,1.1,3,
0.1,1.1,3.1,
0.1,1.1,3.2,
0.1,1.1,3.3,
0.1,1.1,3.4,
0.1,1.1,3.5,
0.1,1.1,3.6,
0.2,1.1,0,
0.2,1.1,0.1,
0.2,1.1,0.2,
0.2,1.1,0.3,
0.2,1.1,0.4,
0.2,1.1,0.5,
0.2,1.1,0.6,
0.2,1.1,0.7,
0.2,1.1,0.8,
0.2,1.1,0.9,
0.2,1.1,1,
0.2,1.1,1.1,
0.2,1.1,1.2,
0.2,1.1,1.3,
0.2,1.1,1.4,
0.2,1.1,1.5,
0.2,1.1,1.6,
0.2,1.1,1.7,
0.2,1.1,1.8,
0.2,1.1,1.9,
0.2,1.1,2,
0.2,1.1,2.1,
0.2,1.1,2.2,
0.2,1.1,2.3,
0.2,1.1,2.4,
0.2,1.1,2.5,
0.2,1.1,2.6,
0.2,1.1,2.7,
0.2,1.1,2.8,
0.2,1.1,2.9,
0.2,1.1,3,
0.2,1.1,3.1,
0.2,1.1,3.2,
0.2,1.1,3.3,
0.2,1.1,3.4,
0.2,1.1,3.5,
0.2,1.1,3.6,
0.3,1.1,0,
0.3,1.1,0.1,
0.3,1.1,0.2,
0.3,1.1,0.3,
0.3,1.1,0.4,
0.3,1.1,0.5,
0.3,1.1,0.6,
0.3,1.1,0.7,
0.3,1.1,0.8,
0.3,1.1,0.9,
0.3,1.1,1,
0.3,1.1,1.1,
0.3,1.1,1.2,
0.3,1.1,1.3,
0.3,1.1,1.4,
0.3,1.1,1.5,
0.3,1.1,1.6,
0.3,1.1,1.7,
0.3,1.1,1.8,
0.3,1.1,1.9,
0.3,1.1,2,
0.3,1.1,2.1,
0.3,1.1,2.2,
0.3,1.1,2.3,
0.3,1.1,2.4,
0.3,1.1,2.5,
0.3,1.1,2.6,
0.3,1.1,2.7,
0.3,1.1,2.8,
0.3,1.1,2.9,
0.3,1.1,3,
0.3,1.1,3.1,
0.3,1.1,3.2,
0.3,1.1,3.3,
0.3,1.1,3.4,
0.3,1.1,3.5,
0.3,1.1,3.6,
0.4,1.1,0,
0.4,1.1,0.1,
0.4,1.1,0.2,
0.4,1.1,0.3,
0.4,1.1,0.4,
0.4,1.1,0.5,
0.4,1.1,0.6,
0.4,1.1,0.7,
0.4,1.1,0.8,
0.4,1.1,0.9,
0.4,1.1,1,
0.4,1.1,1.1,
0.4,1.1,1.2,
0.4,1.1,1.3,
0.4,1.1,1.4,
0.4,1.1,1.5,
0.4,1.1,1.6,
0.4,1.1,1.7,
0.4,1.1,1.8,
0.4,1.1,1.9,
0.4,1.1,2,
0.4,1.1,2.1,
0.4,1.1,2.2,
0.4,1.1,2.3,
0.4,1.1,2.4,
0.4,1.1,2.5,
0.4,1.1,2.6,
0.4,1.1,2.7,
0.4,1.1,2.8,
0.4,1.1,2.9,
0.4,1.1,3,
0.4,1.1,3.1,
0.4,1.1,3.2,
0.4,1.1,3.3,
0.4,1.1,3.4,
0.4,1.1,3.5,
0.4,1.1,3.6,
0.5,1.1,0,
0.5,1.1,0.1,
0.5,1.1,0.2,
0.5,1.1,0.3,
0.5,1.1,0.4,
0.5,1.1,0.5,
0.5,1.1,0.6,
0.5,1.1,0.7,
0.5,1.1,0.8,
0.5,1.1,0.9,
0.5,1.1,1,
0.5,1.1,1.1,
0.5,1.1,1.2,
0.5,1.1,1.3,
0.5,1.1,1.4,
0.5,1.1,1.5,
0.5,1.1,1.6,
0.5,1.1,1.7,
0.5,1.1,1.8,
0.5,1.1,1.9,
0.5,1.1,2,
0.5,1.1,2.1,
0.5,1.1,2.2,
0.5,1.1,2.3,
0.5,1.1,2.4,
0.5,1.1,2.5,
0.5,1.1,2.6,
0.5,1.1,2.7,
0.5,1.1,2.8,
0.5,1.1,2.9,
0.5,1.1,3,
0.5,1.1,3.1,
0.5,1.1,3.2,
0.5,1.1,3.3,
0.5,1.1,3.4,
0.5,1.1,3.5,
0.5,1.1,3.6,
0.6,1.1,0,
0.6,1.1,0.1,
0.6,1.1,0.2,
0.6,1.1,0.3,
0.6,1.1,0.4,
0.6,1.1,0.5,
0.6,1.1,0.6,
0.6,1.1,0.7,
0.6,1.1,0.8,
0.6,1.1,0.9,
0.6,1.1,1,
0.6,1.1,1.1,
0.6,1.1,1.2,
0.6,1.1,1.3,
0.6,1.1,1.4,
0.6,1.1,1.5,
0.6,1.1,1.6,
0.6,1.1,1.7,
0.6,1.1,1.8,
0.6,1.1,1.9,
0.6,1.1,2,
0.6,1.1,2.1,
0.6,1.1,2.2,
0.6,1.1,2.3,
0.6,1.1,2.4,
0.6,1.1,2.5,
0.6,1.1,2.6,
0.6,1.1,2.7,
0.6,1.1,2.8,
0.6,1.1,2.9,
0.6,1.1,3,
0.6,1.1,3.1,
0.6,1.1,3.2,
0.6,1.1,3.3,
0.6,1.1,3.4,
0.6,1.1,3.5,
0.6,1.1,3.6,
0.7,1.1,0,
0.7,1.1,0.1,
0.7,1.1,0.2,
0.7,1.1,0.3,
0.7,1.1,0.4,
0.7,1.1,0.5,
0.7,1.1,0.6,
0.7,1.1,0.7,
0.7,1.1,0.8,
0.7,1.1,0.9,
0.7,1.1,1,
0.7,1.1,1.1,
0.7,1.1,1.2,
0.7,1.1,1.3,
0.7,1.1,1.4,
0.7,1.1,1.5,
0.7,1.1,1.6,
0.7,1.1,1.7,
0.7,1.1,1.8,
0.7,1.1,1.9,
0.7,1.1,2,
0.7,1.1,2.1,
0.7,1.1,2.2,
0.7,1.1,2.3,
0.7,1.1,2.4,
0.7,1.1,2.5,
0.7,1.1,2.6,
0.7,1.1,2.7,
0.7,1.1,2.8,
0.7,1.1,2.9,
0.7,1.1,3,
0.7,1.1,3.1,
0.7,1.1,3.2,
0.7,1.1,3.3,
0.7,1.1,3.4,
0.7,1.1,3.5,
0.7,1.1,3.6,
0.8,1.1,0,
0.8,1.1,0.1,
0.8,1.1,0.2,
0.8,1.1,0.3,
0.8,1.1,0.4,
0.8,1.1,0.5,
0.8,1.1,0.6,
0.8,1.1,0.7,
0.8,1.1,0.8,
0.8,1.1,0.9,
0.8,1.1,1,
0.8,1.1,1.1,
0.8,1.1,1.2,
0.8,1.1,1.3,
0.8,1.1,1.4,
0.8,1.1,1.5,
0.8,1.1,1.6,
0.8,1.1,1.7,
0.8,1.1,1.8,
0.8,1.1,1.9,
0.8,1.1,2,
0.8,1.1,2.1,
0.8,1.1,2.2,
0.8,1.1,2.3,
0.8,1.1,2.4,
0.8,1.1,2.5,
0.8,1.1,2.6,
0.8,1.1,2.7,
0.8,1.1,2.8,
0.8,1.1,2.9,
0.8,1.1,3,
0.8,1.1,3.1,
0.8,1.1,3.2,
0.8,1.1,3.3,
0.8,1.1,3.4,
0.8,1.1,3.5,
0.8,1.1,3.6,
0.9,1.1,0,
0.9,1.1,0.1,
0.9,1.1,0.2,
0.9,1.1,0.3,
0.9,1.1,0.4,
0.9,1.1,0.5,
0.9,1.1,0.6,
0.9,1.1,0.7,
0.9,1.1,0.8,
0.9,1.1,0.9,
0.9,1.1,1,
0.9,1.1,1.1,
0.9,1.1,1.2,
0.9,1.1,1.3,
0.9,1.1,1.4,
0.9,1.1,1.5,
0.9,1.1,1.6,
0.9,1.1,1.7,
0.9,1.1,1.8,
0.9,1.1,1.9,
0.9,1.1,2,
0.9,1.1,2.1,
0.9,1.1,2.2,
0.9,1.1,2.3,
0.9,1.1,2.4,
0.9,1.1,2.5,
0.9,1.1,2.6,
0.9,1.1,2.7,
0.9,1.1,2.8,
0.9,1.1,2.9,
0.9,1.1,3,
0.9,1.1,3.1,
0.9,1.1,3.2,
0.9,1.1,3.3,
0.9,1.1,3.4,
0.9,1.1,3.5,
0.9,1.1,3.6,
1,1.1,0,
1,1.1,0.1,
1,1.1,0.2,
1,1.1,0.3,
1,1.1,0.4,
1,1.1,0.5,
1,1.1,0.6,
1,1.1,0.7,
1,1.1,0.8,
1,1.1,0.9,
1,1.1,1,
1,1.1,1.1,
1,1.1,1.2,
1,1.1,1.3,
1,1.1,1.4,
1,1.1,1.5,
1,1.1,1.6,
1,1.1,1.7,
1,1.1,1.8,
1,1.1,1.9,
1,1.1,2,
1,1.1,2.1,
1,1.1,2.2,
1,1.1,2.3,
1,1.1,2.4,
1,1.1,2.5,
1,1.1,2.6,
1,1.1,2.7,
1,1.1,2.8,
1,1.1,2.9,
1,1.1,3,
1,1.1,3.1,
1,1.1,3.2,
1,1.1,3.3,
1,1.1,3.4,
1,1.1,3.5,
1,1.1,3.6,
1.1,1.1,0,
1.1,1.1,0.1,
1.1,1.1,0.2,
1.1,1.1,0.3,
1.1,1.1,0.4,
1.1,1.1,0.5,
1.1,1.1,0.6,
1.1,1.1,0.7,
1.1,1.1,0.8,
1.1,1.1,0.9,
1.1,1.1,1,
1.1,1.1,1.1,
1.1,1.1,1.2,
1.1,1.1,1.3,
1.1,1.1,1.4,
1.1,1.1,1.5,
1.1,1.1,1.6,
1.1,1.1,1.7,
1.1,1.1,1.8,
1.1,1.1,1.9,
1.1,1.1,2,
1.1,1.1,2.1,
1.1,1.1,2.2,
1.1,1.1,2.3,
1.1,1.1,2.4,
1.1,1.1,2.5,
1.1,1.1,2.6,
1.1,1.1,2.7,
1.1,1.1,2.8,
1.1,1.1,2.9,
1.1,1.1,3,
1.1,1.1,3.1,
1.1,1.1,3.2,
1.1,1.1,3.3,
1.1,1.1,3.4,
1.1,1.1,3.5,
1.1,1.1,3.6,
1.2,1.1,0,
1.2,1.1,0.1,
1.2,1.1,0.2,
1.2,1.1,0.3,
1.2,1.1,0.4,
1.2,1.1,0.5,
1.2,1.1,0.6,
1.2,1.1,0.7,
1.2,1.1,0.8,
1.2,1.1,0.9,
1.2,1.1,1,
1.2,1.1,1.1,
1.2,1.1,1.2,
1.2,1.1,1.3,
1.2,1.1,1.4,
1.2,1.1,1.5,
1.2,1.1,1.6,
1.2,1.1,1.7,
1.2,1.1,1.8,
1.2,1.1,1.9,
1.2,1.1,2,
1.2,1.1,2.1,
1.2,1.1,2.2,
1.2,1.1,2.3,
1.2,1.1,2.4,
1.2,1.1,2.5,
1.2,1.1,2.6,
1.2,1.1,2.7,
1.2,1.1,2.8,
1.2,1.1,2.9,
1.2,1.1,3,
1.2,1.1,3.1,
1.2,1.1,3.2,
1.2,1.1,3.3,
1.2,1.1,3.4,
1.2,1.1,3.5,
1.2,1.1,3.6,
1.3,1.1,0,
1.3,1.1,0.1,
1.3,1.1,0.2,
1.3,1.1,0.3,
1.3,1.1,0.4,
1.3,1.1,0.5,
1.3,1.1,0.6,
1.3,1.1,0.7,
1.3,1.1,0.8,
1.3,1.1,0.9,
1.3,1.1,1,
1.3,1.1,1.1,
1.3,1.1,1.2,
1.3,1.1,1.3,
1.3,1.1,1.4,
1.3,1.1,1.5,
1.3,1.1,1.6,
1.3,1.1,1.7,
1.3,1.1,1.8,
1.3,1.1,1.9,
1.3,1.1,2,
1.3,1.1,2.1,
1.3,1.1,2.2,
1.3,1.1,2.3,
1.3,1.1,2.4,
1.3,1.1,2.5,
1.3,1.1,2.6,
1.3,1.1,2.7,
1.3,1.1,2.8,
1.3,1.1,2.9,
1.3,1.1,3,
1.3,1.1,3.1,
1.3,1.1,3.2,
1.3,1.1,3.3,
1.3,1.1,3.4,
1.3,1.1,3.5,
1.3,1.1,3.6,
1.4,1.1,0,
1.4,1.1,0.1,
1.4,1.1,0.2,
1.4,1.1,0.3,
1.4,1.1,0.4,
1.4,1.1,0.5,
1.4,1.1,0.6,
1.4,1.1,0.7,
1.4,1.1,0.8,
1.4,1.1,0.9,1.096888001
1.4,1.1,1,
1.4,1.1,1.1,
1.4,1.1,1.2,
1.4,1.1,1.3,1.007300883
1.4,1.1,1.4,
1.4,1.1,1.5,
1.4,1.1,1.6,
1.4,1.1,1.7,0.966927294
1.4,1.1,1.8,
1.4,1.1,1.9,
1.4,1.1,2,
1.4,1.1,2.1,0.979190237
1.4,1.1,2.2,
1.4,1.1,2.3,
1.4,1.1,2.4,
1.4,1.1,2.5,1.043060339
1.4,1.1,2.6,
1.4,1.1,2.7,
1.4,1.1,2.8,
1.4,1.1,2.9,1.12874914
1.4,1.1,3,
1.4,1.1,3.1,
1.4,1.1,3.2,
1.4,1.1,3.3,1.044132356
1.4,1.1,3.4,
1.4,1.1,3.5,
1.4,1.1,3.6,
1.5,1.1,0,1.010347217
1.5,1.1,0.1,
1.5,1.1,0.2,
1.5,1.1,0.3,
1.5,1.1,0.4,1.043146192
1.5,1.1,0.5,
1.5,1.1,0.6,
1.5,1.1,0.7,
1.5,1.1,0.8,1.12432718
1.5,1.1,0.9,
1.5,1.1,1,
1.5,1.1,1.1,
1.5,1.1,1.2,1.023665404
1.5,1.1,1.3,
1.5,1.1,1.4,
1.5,1.1,1.5,
1.5,1.1,1.6,0.971111881
1.5,1.1,1.7,
1.5,1.1,1.8,
1.5,1.1,1.9,
1.5,1.1,2,0.970157556
1.5,1.1,2.1,
1.5,1.1,2.2,
1.5,1.1,2.3,
1.5,1.1,2.4,1.020856727
1.5,1.1,2.5,
1.5,1.1,2.6,
1.5,1.1,2.7,
1.5,1.1,2.8,1.11986201
1.5,1.1,2.9,
1.5,1.1,3,
1.5,1.1,3.1,
1.5,1.1,3.2,1.04557763
1.5,1.1,3.3,
1.5,1.1,3.4,
1.5,1.1,3.5,
1.5,1.1,3.6,1.010392701
1.6,1.1,0,
1.6,1.1,0.1,
1.6,1.1,0.2,
1.6,1.1,0.3,1.016823093
1.6,1.1,0.4,
1.6,1.1,0.5,
1.6,1.1,0.6,
1.6,1.1,0.7,1.094145846
1.6,1.1,0.8,
1.6,1.1,0.9,
1.6,1.1,1,
1.6,1.1,1.1,1.044174429
1.6,1.1,1.2,
1.6,1.1,1.3,
1.6,1.1,1.4,
1.6,1.1,1.5,0.979102111
1.6,1.1,1.6,
1.6,1.1,1.7,
1.6,1.1,1.8,
1.6,1.1,1.9,0.965163058
1.6,1.1,2,
1.6,1.1,2.1,
1.6,1.1,2.2,
1.6,1.1,2.3,1.00298439
1.6,1.1,2.4,
1.6,1.1,2.5,
1.6,1.1,2.6,
1.6,1.1,2.7,1.090426908
1.6,1.1,2.8,
1.6,1.1,2.9,
1.6,1.1,3,
1.6,1.1,3.1,1.051203796
1.6,1.1,3.2,
1.6,1.1,3.3,
1.6,1.1,3.4,
1.6,1.1,3.5,1.001466056
1.6,1.1,3.6,
1.7,1.1,0,
1.7,1.1,0.1,
1.7,1.1,0.2,0.996754416
1.7,1.1,0.3,
1.7,1.1,0.4,
1.7,1.1,0.5,
1.7,1.1,0.6,1.057643
1.7,1.1,0.7,
1.7,1.1,0.8,
1.7,1.1,0.9,
1.7,1.1,1,1.068569264
1.7,1.1,1.1,
1.7,1.1,1.2,
1.7,1.1,1.3,
1.7,1.1,1.4,
1.7,1.1,1.5,
1.7,1.1,1.6,
1.7,1.1,1.7,
1.7,1.1,1.8,
1.7,1.1,1.9,
1.7,1.1,2,
1.7,1.1,2.1,
1.7,1.1,2.2,
1.7,1.1,2.3,
1.7,1.1,2.4,
1.7,1.1,2.5,
1.7,1.1,2.6,
1.7,1.1,2.7,
1.7,1.1,2.8,
1.7,1.1,2.9,
1.7,1.1,3,
1.7,1.1,3.1,
1.7,1.1,3.2,
1.7,1.1,3.3,
1.7,1.1,3.4,
1.7,1.1,3.5,
1.7,1.1,3.6,
1.8,1.1,0,
1.8,1.1,0.1,
1.8,1.1,0.2,
1.8,1.1,0.3,
1.8,1.1,0.4,
1.8,1.1,0.5,
1.8,1.1,0.6,
1.8,1.1,0.7,
1.8,1.1,0.8,
1.8,1.1,0.9,
1.8,1.1,1,
1.8,1.1,1.1,
1.8,1.1,1.2,
1.8,1.1,1.3,
1.8,1.1,1.4,
1.8,1.1,1.5,
1.8,1.1,1.6,
1.8,1.1,1.7,
1.8,1.1,1.8,
1.8,1.1,1.9,
1.8,1.1,2,
1.8,1.1,2.1,
1.8,1.1,2.2,
1.8,1.1,2.3,
1.8,1.1,2.4,
1.8,1.1,2.5,
1.8,1.1,2.6,
1.8,1.1,2.7,
1.8,1.1,2.8,
1.8,1.1,2.9,
1.8,1.1,3,
1.8,1.1,3.1,
1.8,1.1,3.2,
1.8,1.1,3.3,
1.8,1.1,3.4,
1.8,1.1,3.5,
1.8,1.1,3.6,
1.9,1.1,0,
1.9,1.1,0.1,
1.9,1.1,0.2,
1.9,1.1,0.3,
1.9,1.1,0.4,
1.9,1.1,0.5,
1.9,1.1,0.6,
1.9,1.1,0.7,
1.9,1.1,0.8,
1.9,1.1,0.9,
1.9,1.1,1,
1.9,1.1,1.1,
1.9,1.1,1.2,
1.9,1.1,1.3,
1.9,1.1,1.4,
1.9,1.1,1.5,
1.9,1.1,1.6,
1.9,1.1,1.7,
1.9,1.1,1.8,
1.9,1.1,1.9,
1.9,1.1,2,
1.9,1.1,2.1,
1.9,1.1,2.2,
1.9,1.1,2.3,
1.9,1.1,2.4,
1.9,1.1,2.5,
1.9,1.1,2.6,
1.9,1.1,2.7,
1.9,1.1,2.8,
1.9,1.1,2.9,
1.9,1.1,3,
1.9,1.1,3.1,
1.9,1.1,3.2,
1.9,1.1,3.3,
1.9,1.1,3.4,
1.9,1.1,3.5,
1.9,1.1,3.6,
2,1.1,0,
2,1.1,0.1,
2,1.1,0.2,
2,1.1,0.3,
2,1.1,0.4,
2,1.1,0.5,
2,1.1,0.6,
2,1.1,0.7,
2,1.1,0.8,
2,1.1,0.9,
2,1.1,1,
2,1.1,1.1,
2,1.1,1.2,
2,1.1,1.3,
2,1.1,1.4,
2,1.1,1.5,
2,1.1,1.6,
2,1.1,1.7,
2,1.1,1.8,
2,1.1,1.9,
2,1.1,2,
2,1.1,2.1,
2,1.1,2.2,
2,1.1,2.3,
2,1.1,2.4,
2,1.1,2.5,
2,1.1,2.6,
2,1.1,2.7,
2,1.1,2.8,
2,1.1,2.9,
2,1.1,3,
2,1.1,3.1,
2,1.1,3.2,
2,1.1,3.3,
2,1.1,3.4,
2,1.1,3.5,
2,1.1,3.6,
2.1,1.1,0,
2.1,1.1,0.1,
2.1,1.1,0.2,
2.1,1.1,0.3,
2.1,1.1,0.4,
2.1,1.1,0.5,
2.1,1.1,0.6,
2.1,1.1,0.7,
2.1,1.1,0.8,
2.1,1.1,0.9,
2.1,1.1,1,
2.1,1.1,1.1,
2.1,1.1,1.2,
2.1,1.1,1.3,
2.1,1.1,1.4,
2.1,1.1,1.5,
2.1,1.1,1.6,
2.1,1.1,1.7,
2.1,1.1,1.8,
2.1,1.1,1.9,
2.1,1.1,2,
2.1,1.1,2.1,
2.1,1.1,2.2,
2.1,1.1,2.3,
2.1,1.1,2.4,
2.1,1.1,2.5,
2.1,1.1,2.6,
2.1,1.1,2.7,
2.1,1.1,2.8,
2.1,1.1,2.9,
2.1,1.1,3,
2.1,1.1,3.1,
2.1,1.1,3.2,
2.1,1.1,3.3,
2.1,1.1,3.4,
2.1,1.1,3.5,
2.1,1.1,3.6,
2.2,1.1,0,
2.2,1.1,0.1,
2.2,1.1,0.2,
2.2,1.1,0.3,
2.2,1.1,0.4,
2.2,1.1,0.5,
2.2,1.1,0.6,
2.2,1.1,0.7,
2.2,1.1,0.8,
2.2,1.1,0.9,
2.2,1.1,1,
2.2,1.1,1.1,
2.2,1.1,1.2,
2.2,1.1,1.3,
2.2,1.1,1.4,
2.2,1.1,1.5,
2.2,1.1,1.6,
2.2,1.1,1.7,
2.2,1.1,1.8,
2.2,1.1,1.9,
2.2,1.1,2,
2.2,1.1,2.1,
2.2,1.1,2.2,
2.2,1.1,2.3,
2.2,1.1,2.4,
2.2,1.1,2.5,
2.2,1.1,2.6,
2.2,1.1,2.7,
2.2,1.1,2.8,
2.2,1.1,2.9,
2.2,1.1,3,
2.2,1.1,3.1,
2.2,1.1,3.2,
2.2,1.1,3.3,
2.2,1.1,3.4,
2.2,1.1,3.5,
2.2,1.1,3.6,
2.3,1.1,0,
2.3,1.1,0.1,
2.3,1.1,0.2,
2.3,1.1,0.3,
2.3,1.1,0.4,
2.3,1.1,0.5,
2.3,1.1,0.6,
2.3,1.1,0.7,
2.3,1.1,0.8,
2.3,1.1,0.9,
2.3,1.1,1,
2.3,1.1,1.1,
2.3,1.1,1.2,
2.3,1.1,1.3,
2.3,1.1,1.4,
2.3,1.1,1.5,
2.3,1.1,1.6,
2.3,1.1,1.7,
2.3,1.1,1.8,
2.3,1.1,1.9,
2.3,1.1,2,
2.3,1.1,2.1,
2.3,1.1,2.2,
2.3,1.1,2.3,
2.3,1.1,2.4,
2.3,1.1,2.5,
2.3,1.1,2.6,
2.3,1.1,2.7,
2.3,1.1,2.8,
2.3,1.1,2.9,
2.3,1.1,3,
2.3,1.1,3.1,
2.3,1.1,3.2,
2.3,1.1,3.3,
2.3,1.1,3.4,
2.3,1.1,3.5,
2.3,1.1,3.6,
2.4,1.1,0,
2.4,1.1,0.1,
2.4,1.1,0.2,
2.4,1.1,0.3,
2.4,1.1,0.4,
2.4,1.1,0.5,
2.4,1.1,0.6,
2.4,1.1,0.7,
2.4,1.1,0.8,
2.4,1.1,0.9,
2.4,1.1,1,
2.4,1.1,1.1,
2.4,1.1,1.2,
2.4,1.1,1.3,
2.4,1.1,1.4,
2.4,1.1,1.5,
2.4,1.1,1.6,
2.4,1.1,1.7,
2.4,1.1,1.8,
2.4,1.1,1.9,
2.4,1.1,2,
2.4,1.1,2.1,
2.4,1.1,2.2,
2.4,1.1,2.3,
2.4,1.1,2.4,
2.4,1.1,2.5,
2.4,1.1,2.6,
2.4,1.1,2.7,
2.4,1.1,2.8,
2.4,1.1,2.9,
2.4,1.1,3,
2.4,1.1,3.1,
2.4,1.1,3.2,
2.4,1.1,3.3,
2.4,1.1,3.4,
2.4,1.1,3.5,
2.4,1.1,3.6,
2.5,1.1,0,
2.5,1.1,0.1,
2.5,1.1,0.2,
2.5,1.1,0.3,
2.5,1.1,0.4,
2.5,1.1,0.5,
2.5,1.1,0.6,
2.5,1.1,0.7,
2.5,1.1,0.8,
2.5,1.1,0.9,
2.5,1.1,1,
2.5,1.1,1.1,
2.5,1.1,1.2,
2.5,1.1,1.3,
2.5,1.1,1.4,
2.5,1.1,1.5,
2.5,1.1,1.6,
2.5,1.1,1.7,
2.5,1.1,1.8,
2.5,1.1,1.9,
2.5,1.1,2,
2.5,1.1,2.1,
2.5,1.1,2.2,
2.5,1.1,2.3,
2.5,1.1,2.4,
2.5,1.1,2.5,
2.5,1.1,2.6,
2.5,1.1,2.7,
2.5,1.1,2.8,
2.5,1.1,2.9,
2.5,1.1,3,
2.5,1.1,3.1,
2.5,1.1,3.2,
2.5,1.1,3.3,
2.5,1.1,3.4,
2.5,1.1,3.5,
2.5,1.1,3.6,
2.6,1.1,0,
2.6,1.1,0.1,
2.6,1.1,0.2,
2.6,1.1,0.3,
2.6,1.1,0.4,
2.6,1.1,0.5,
2.6,1.1,0.6,
2.6,1.1,0.7,
2.6,1.1,0.8,
2.6,1.1,0.9,
2.6,1.1,1,
2.6,1.1,1.1,
2.6,1.1,1.2,
2.6,1.1,1.3,
2.6,1.1,1.4,
2.6,1.1,1.5,
2.6,1.1,1.6,
2.6,1.1,1.7,
2.6,1.1,1.8,
2.6,1.1,1.9,
2.6,1.1,2,
2.6,1.1,2.1,
2.6,1.1,2.2,
2.6,1.1,2.3,
2.6,1.1,2.4,
2.6,1.1,2.5,
2.6,1.1,2.6,
2.6,1.1,2.7,
2.6,1.1,2.8,
2.6,1.1,2.9,
2.6,1.1,3,
2.6,1.1,3.1,
2.6,1.1,3.2,
2.6,1.1,3.3,
2.6,1.1,3.4,
2.6,1.1,3.5,
2.6,1.1,3.6,
2.7,1.1,0,
2.7,1.1,0.1,
2.7,1.1,0.2,
2.7,1.1,0.3,
2.7,1.1,0.4,
2.7,1.1,0.5,
2.7,1.1,0.6,
2.7,1.1,0.7,
2.7,1.1,0.8,
2.7,1.1,0.9,
2.7,1.1,1,
2.7,1.1,1.1,
2.7,1.1,1.2,
2.7,1.1,1.3,
2.7,1.1,1.4,
2.7,1.1,1.5,
2.7,1.1,1.6,
2.7,1.1,1.7,
2.7,1.1,1.8,
2.7,1.1,1.9,
2.7,1.1,2,
2.7,1.1,2.1,
2.7,1.1,2.2,
2.7,1.1,2.3,
2.7,1.1,2.4,
2.7,1.1,2.5,
2.7,1.1,2.6,
2.7,1.1,2.7,
2.7,1.1,2.8,
2.7,1.1,2.9,
2.7,1.1,3,
2.7,1.1,3.1,
2.7,1.1,3.2,
2.7,1.1,3.3,
2.7,1.1,3.4,
2.7,1.1,3.5,
2.7,1.1,3.6,
2.8,1.1,0,
2.8,1.1,0.1,
2.8,1.1,0.2,
2.8,1.1,0.3,
2.8,1.1,0.4,
2.8,1.1,0.5,
2.8,1.1,0.6,
2.8,1.1,0.7,
2.8,1.1,0.8,
2.8,1.1,0.9,
2.8,1.1,1,
2.8,1.1,1.1,
2.8,1.1,1.2,
2.8,1.1,1.3,
2.8,1.1,1.4,
2.8,1.1,1.5,
2.8,1.1,1.6,
2.8,1.1,1.7,
2.8,1.1,1.8,
2.8,1.1,1.9,
2.8,1.1,2,
2.8,1.1,2.1,
2.8,1.1,2.2,
2.8,1.1,2.3,
2.8,1.1,2.4,
2.8,1.1,2.5,
2.8,1.1,2.6,
2.8,1.1,2.7,
2.8,1.1,2.8,
2.8,1.1,2.9,
2.8,1.1,3,
2.8,1.1,3.1,
2.8,1.1,3.2,
2.8,1.1,3.3,
2.8,1.1,3.4,
2.8,1.1,3.5,
2.8,1.1,3.6,
2.9,1.1,0,
2.9,1.1,0.1,
2.9,1.1,0.2,
2.9,1.1,0.3,
2.9,1.1,0.4,
2.9,1.1,0.5,
2.9,1.1,0.6,
2.9,1.1,0.7,
2.9,1.1,0.8,
2.9,1.1,0.9,
2.9,1.1,1,
2.9,1.1,1.1,
2.9,1.1,1.2,
2.9,1.1,1.3,
2.9,1.1,1.4,
2.9,1.1,1.5,
2.9,1.1,1.6,
2.9,1.1,1.7,
2.9,1.1,1.8,
2.9,1.1,1.9,
2.9,1.1,2,
2.9,1.1,2.1,
2.9,1.1,2.2,
2.9,1.1,2.3,
2.9,1.1,2.4,
2.9,1.1,2.5,
2.9,1.1,2.6,
2.9,1.1,2.7,
2.9,1.1,2.8,
2.9,1.1,2.9,
2.9,1.1,3,
2.9,1.1,3.1,
2.9,1.1,3.2,
2.9,1.1,3.3,
2.9,1.1,3.4,
2.9,1.1,3.5,
2.9,1.1,3.6,
3,1.1,0,
3,1.1,0.1,
3,1.1,0.2,
3,1.1,0.3,
3,1.1,0.4,
3,1.1,0.5,
3,1.1,0.6,
3,1.1,0.7,
3,1.1,0.8,
3,1.1,0.9,
3,1.1,1,
3,1.1,1.1,
3,1.1,1.2,
3,1.1,1.3,
3,1.1,1.4,
3,1.1,1.5,
3,1.1,1.6,
3,1.1,1.7,
3,1.1,1.8,
3,1.1,1.9,
3,1.1,2,
3,1.1,2.1,
3,1.1,2.2,
3,1.1,2.3,
3,1.1,2.4,
3,1.1,2.5,
3,1.1,2.6,
3,1.1,2.7,
3,1.1,2.8,
3,1.1,2.9,
3,1.1,3,
3,1.1,3.1,
3,1.1,3.2,
3,1.1,3.3,
3,1.1,3.4,
3,1.1,3.5,
3,1.1,3.6,
3.1,1.1,0,
3.1,1.1,0.1,
3.1,1.1,0.2,
3.1,1.1,0.3,
3.1,1.1,0.4,
3.1,1.1,0.5,
3.1,1.1,0.6,
3.1,1.1,0.7,
3.1,1.1,0.8,
3.1,1.1,0.9,
3.1,1.1,1,
3.1,1.1,1.1,
3.1,1.1,1.2,
3.1,1.1,1.3,
3.1,1.1,1.4,
3.1,1.1,1.5,
3.1,1.1,1.6,
3.1,1.1,1.7,
3.1,1.1,1.8,
3.1,1.1,1.9,
3.1,1.1,2,
3.1,1.1,2.1,
3.1,1.1,2.2,
3.1,1.1,2.3,
3.1,1.1,2.4,
3.1,1.1,2.5,
3.1,1.1,2.6,
3.1,1.1,2.7,
3.1,1.1,2.8,
3.1,1.1,2.9,
3.1,1.1,3,
3.1,1.1,3.1,
3.1,1.1,3.2,
3.1,1.1,3.3,
3.1,1.1,3.4,
3.1,1.1,3.5,
3.1,1.1,3.6,
3.2,1.1,0,
3.2,1.1,0.1,
3.2,1.1,0.2,
3.2,1.1,0.3,
3.2,1.1,0.4,
3.2,1.1,0.5,
3.2,1.1,0.6,
3.2,1.1,0.7,
3.2,1.1,0.8,
3.2,1.1,0.9,
3.2,1.1,1,
3.2,1.1,1.1,
3.2,1.1,1.2,
3.2,1.1,1.3,
3.2,1.1,1.4,
3.2,1.1,1.5,
3.2,1.1,1.6,
3.2,1.1,1.7,
3.2,1.1,1.8,
3.2,1.1,1.9,
3.2,1.1,2,
3.2,1.1,2.1,
3.2,1.1,2.2,
3.2,1.1,2.3,
3.2,1.1,2.4,
3.2,1.1,2.5,
3.2,1.1,2.6,
3.2,1.1,2.7,
3.2,1.1,2.8,
3.2,1.1,2.9,
3.2,1.1,3,
3.2,1.1,3.1,
3.2,1.1,3.2,
3.2,1.1,3.3,
3.2,1.1,3.4,
3.2,1.1,3.5,
3.2,1.1,3.6,
3.3,1.1,0,
3.3,1.1,0.1,
3.3,1.1,0.2,
3.3,1.1,0.3,
3.3,1.1,0.4,
3.3,1.1,0.5,
3.3,1.1,0.6,
3.3,1.1,0.7,
3.3,1.1,0.8,
3.3,1.1,0.9,
3.3,1.1,1,
3.3,1.1,1.1,
3.3,1.1,1.2,
3.3,1.1,1.3,
3.3,1.1,1.4,
3.3,1.1,1.5,
3.3,1.1,1.6,
3.3,1.1,1.7,
3.3,1.1,1.8,
3.3,1.1,1.9,
3.3,1.1,2,
3.3,1.1,2.1,
3.3,1.1,2.2,
3.3,1.1,2.3,
3.3,1.1,2.4,
3.3,1.1,2.5,
3.3,1.1,2.6,
3.3,1.1,2.7,
3.3,1.1,2.8,
3.3,1.1,2.9,
3.3,1.1,3,
3.3,1.1,3.1,
3.3,1.1,3.2,
3.3,1.1,3.3,
3.3,1.1,3.4,
3.3,1.1,3.5,
3.3,1.1,3.6,
3.4,1.1,0,
3.4,1.1,0.1,
3.4,1.1,0.2,
3.4,1.1,0.3,
3.4,1.1,0.4,
3.4,1.1,0.5,
3.4,1.1,0.6,
3.4,1.1,0.7,
3.4,1.1,0.8,
3.4,1.1,0.9,
3.4,1.1,1,
3.4,1.1,1.1,
3.4,1.1,1.2,
3.4,1.1,1.3,
3.4,1.1,1.4,
3.4,1.1,1.5,
3.4,1.1,1.6,
3.4,1.1,1.7,
3.4,1.1,1.8,
3.4,1.1,1.9,
3.4,1.1,2,
3.4,1.1,2.1,
3.4,1.1,2.2,
3.4,1.1,2.3,
3.4,1.1,2.4,
3.4,1.1,2.5,
3.4,1.1,2.6,
3.4,1.1,2.7,
3.4,1.1,2.8,
3.4,1.1,2.9,
3.4,1.1,3,
3.4,1.1,3.1,
3.4,1.1,3.2,
3.4,1.1,3.3,
3.4,1.1,3.4,
3.4,1.1,3.5,
3.4,1.1,3.6,
3.5,1.1,0,
3.5,1.1,0.1,
3.5,1.1,0.2,
3.5,1.1,0.3,
3.5,1.1,0.4,
3.5,1.1,0.5,
3.5,1.1,0.6,
3.5,1.1,0.7,
3.5,1.1,0.8,
3.5,1.1,0.9,
3.5,1.1,1,
3.5,1.1,1.1,
3.5,1.1,1.2,
3.5,1.1,1.3,
3.5,1.1,1.4,
3.5,1.1,1.5,
3.5,1.1,1.6,
3.5,1.1,1.7,
3.5,1.1,1.8,
3.5,1.1,1.9,
3.5,1.1,2,
3.5,1.1,2.1,
3.5,1.1,2.2,
3.5,1.1,2.3,
3.5,1.1,2.4,
3.5,1.1,2.5,
3.5,1.1,2.6,
3.5,1.1,2.7,
3.5,1.1,2.8,
3.5,1.1,2.9,
3.5,1.1,3,1.044568155
3.5,1.1,3.1,
3.5,1.1,3.2,
3.5,1.1,3.3,
3.5,1.1,3.4,
3.5,1.1,3.5,0.982106371
3.5,1.1,3.6,
3.6,1.1,0,
3.6,1.1,0.1,
3.6,1.1,0.2,
3.6,1.1,0.3,0.989447024
3.6,1.1,0.4,
3.6,1.1,0.5,
3.6,1.1,0.6,
3.6,1.1,0.7,
3.6,1.1,0.8,1.078959377
3.6,1.1,0.9,
3.6,1.1,1,
3.6,1.1,1.1,
3.6,1.1,1.2,1.027828954
3.6,1.1,1.3,
3.6,1.1,1.4,0.995787299
3.6,1.1,1.5,
3.6,1.1,1.6,
3.6,1.1,1.7,
3.6,1.1,1.8,0.968013524
3.6,1.1,1.9,
3.6,1.1,2,0.974248331
3.6,1.1,2.1,
3.6,1.1,2.2,
3.6,1.1,2.3,
3.6,1.1,2.4,1.025009191
3.6,1.1,2.5,
3.6,1.1,2.6,1.069022689
3.6,1.1,2.7,
3.6,1.1,2.8,
3.6,1.1,2.9,
3.6,1.1,3,1.037386983
3.6,1.1,3.1,
3.6,1.1,3.2,1.003340876
3.6,1.1,3.3,
3.6,1.1,3.4,
3.6,1.1,3.5,
3.6,1.1,3.6,0.974020055
3.7,1.1,0,
3.7,1.1,0.1,0.971398434
3.7,1.1,0.2,
3.7,1.1,0.3,
3.7,1.1,0.4,
3.7,1.1,0.5,1.011207445
3.7,1.1,0.6,
3.7,1.1,0.7,1.049560663
3.7,1.1,0.8,
3.7,1.1,0.9,
3.7,1.1,1,
3.7,1.1,1.1,1.054756146
3.7,1.1,1.2,
3.7,1.1,1.3,1.015407667
3.7,1.1,1.4,
3.7,1.1,1.5,
3.7,1.1,1.6,
3.7,1.1,1.7,0.973954955
3.7,1.1,1.8,
3.7,1.1,1.9,0.973451497
3.7,1.1,2,
3.7,1.1,2.1,
3.7,1.1,2.2,
3.7,1.1,2.3,1.012947517
3.7,1.1,2.4,
3.7,1.1,2.5,1.051406203
3.7,1.1,2.6,
3.7,1.1,2.7,
3.7,1.1,2.8,
3.7,1.1,2.9,1.052816795
3.7,1.1,3,
3.7,1.1,3.1,1.013637746
3.7,1.1,3.2,
3.7,1.1,3.3,
3.7,1.1,3.4,
3.7,1.1,3.5,0.971934584
3.7,1.1,3.6,
3.8,1.1,0,0.966791124
3.8,1.1,0.1,
3.8,1.1,0.2,
3.8,1.1,0.3,
3.8,1.1,0.4,0.99300506
3.8,1.1,0.5,
3.8,1.1,0.6,1.024966833
3.8,1.1,0.7,
3.8,1.1,0.8,
3.8,1.1,0.9,
3.8,1.1,1,1.121566547
3.8,1.1,1.1,
3.8,1.1,1.2,1.040435591
3.8,1.1,1.3,
3.8,1.1,1.4,
3.8,1.1,1.5,
3.8,1.1,1.6,0.98526926
3.8,1.1,1.7,
3.8,1.1,1.8,0.977886818
3.8,1.1,1.9,
3.8,1.1,2,
3.8,1.1,2.1,
3.8,1.1,2.2,1.004280987
3.8,1.1,2.3,
3.8,1.1,2.4,1.037468856
3.8,1.1,2.5,
3.8,1.1,2.6,
3.8,1.1,2.7,
3.8,1.1,2.8,1.071907552
3.8,1.1,2.9,
3.8,1.1,3,1.027781764
3.8,1.1,3.1,
3.8,1.1,3.2,
3.8,1.1,3.3,
3.8,1.1,3.4,0.974406106
3.8,1.1,3.5,
3.8,1.1,3.6,0.966826374
3.9,1.1,0,
3.9,1.1,0.1,
3.9,1.1,0.2,
3.9,1.1,0.3,0.979572308
3.9,1.1,0.4,
3.9,1.1,0.5,1.00506645
3.9,1.1,0.6,
3.9,1.1,0.7,
3.9,1.1,0.8,
3.9,1.1,0.9,1.090866119
3.9,1.1,1,
3.9,1.1,1.1,1.148830325
3.9,1.1,1.2,
3.9,1.1,1.3,
3.9,1.1,1.4,
3.9,1.1,1.5,2.516780068
3.9,1.1,1.6,
3.9,1.1,1.7,0.987921014
3.9,1.1,1.8,
3.9,1.1,1.9,
3.9,1.1,2,
3.9,1.1,2.1,2.652330554
3.9,1.1,2.2,
3.9,1.1,2.3,1.027460813
3.9,1.1,2.4,
3.9,1.1,2.5,
3.9,1.1,2.6,
3.9,1.1,2.7,1.094833517
3.9,1.1,2.8,
3.9,1.1,2.9,1.045664619
3.9,1.1,3,
3.9,1.1,3.1,
3.9,1.1,3.2,
3.9,1.1,3.3,0.981024974
3.9,1.1,3.4,
3.9,1.1,3.5,0.96715358
3.9,1.1,3.6,
4,1.1,0,
4,1.1,0.1,
4,1.1,0.2,0.970511199
4,1.1,0.3,
4,1.1,0.4,0.989590869
4,1.1,0.5,
4,1.1,0.6,
4,1.1,0.7,
4,1.1,0.8,1.063826921
4,1.1,0.9,
4,1.1,1,1.117615921
4,1.1,1.1,
4,1.1,1.2,
4,1.1,1.3,
4,1.1,1.4,1.023844784
4,1.1,1.5,
4,1.1,1.6,
4,1.1,1.7,
4,1.1,1.8,
4,1.1,1.9,
4,1.1,2,1.002817803
4,1.1,2.1,
4,1.1,2.2,
4,1.1,2.3,
4,1.1,2.4,
4,1.1,2.5,
4,1.1,2.6,1.121967949
4,1.1,2.7,
4,1.1,2.8,
4,1.1,2.9,
4,1.1,3,
4,1.1,3.1,
4,1.1,3.2,0.991483883
4,1.1,3.3,
4,1.1,3.4,
4,1.1,3.5,
4,1.1,3.6,
4.1,1.1,0,
4.1,1.1,0.1,
4.1,1.1,0.2,
4.1,1.1,0.3,
4.1,1.1,0.4,
4.1,1.1,0.5,
4.1,1.1,0.6,
4.1,1.1,0.7,
4.1,1.1,0.8,
4.1,1.1,0.9,
4.1,1.1,1,
4.1,1.1,1.1,
4.1,1.1,1.2,
4.1,1.1,1.3,
4.1,1.1,1.4,
4.1,1.1,1.5,
4.1,1.1,1.6,
4.1,1.1,1.7,
4.1,1.1,1.8,
4.1,1.1,1.9,
4.1,1.1,2,
4.1,1.1,2.1,
4.1,1.1,2.2,
4.1,1.1,2.3,
4.1,1.1,2.4,
4.1,1.1,2.5,
4.1,1.1,2.6,
4.1,1.1,2.7,
4.1,1.1,2.8,
4.1,1.1,2.9,
4.1,1.1,3,
4.1,1.1,3.1,
4.1,1.1,3.2,
4.1,1.1,3.3,
4.1,1.1,3.4,
4.1,1.1,3.5,
4.1,1.1,3.6,
4.2,1.1,0,
4.2,1.1,0.1,
4.2,1.1,0.2,
4.2,1.1,0.3,
4.2,1.1,0.4,
4.2,1.1,0.5,
4.2,1.1,0.6,
4.2,1.1,0.7,
4.2,1.1,0.8,
4.2,1.1,0.9,
4.2,1.1,1,
4.2,1.1,1.1,
4.2,1.1,1.2,
4.2,1.1,1.3,
4.2,1.1,1.4,
4.2,1.1,1.5,
4.2,1.1,1.6,
4.2,1.1,1.7,
4.2,1.1,1.8,
4.2,1.1,1.9,
4.2,1.1,2,
4.2,1.1,2.1,
4.2,1.1,2.2,
4.2,1.1,2.3,
4.2,1.1,2.4,
4.2,1.1,2.5,
4.2,1.1,2.6,
4.2,1.1,2.7,
4.2,1.1,2.8,
4.2,1.1,2.9,
4.2,1.1,3,
4.2,1.1,3.1,
4.2,1.1,3.2,
4.2,1.1,3.3,
4.2,1.1,3.4,
4.2,1.1,3.5,
4.2,1.1,3.6,
4.3,1.1,0,
4.3,1.1,0.1,
4.3,1.1,0.2,
4.3,1.1,0.3,
4.3,1.1,0.4,
4.3,1.1,0.5,
4.3,1.1,0.6,
4.3,1.1,0.7,
4.3,1.1,0.8,
4.3,1.1,0.9,
4.3,1.1,1,
4.3,1.1,1.1,
4.3,1.1,1.2,
4.3,1.1,1.3,
4.3,1.1,1.4,
4.3,1.1,1.5,
4.3,1.1,1.6,
4.3,1.1,1.7,
4.3,1.1,1.8,
4.3,1.1,1.9,
4.3,1.1,2,
4.3,1.1,2.1,
4.3,1.1,2.2,
4.3,1.1,2.3,
4.3,1.1,2.4,
4.3,1.1,2.5,
4.3,1.1,2.6,
4.3,1.1,2.7,
4.3,1.1,2.8,
4.3,1.1,2.9,
4.3,1.1,3,
4.3,1.1,3.1,
4.3,1.1,3.2,
4.3,1.1,3.3,
4.3,1.1,3.4,
4.3,1.1,3.5,
4.3,1.1,3.6,
4.4,1.1,0,
4.4,1.1,0.1,
4.4,1.1,0.2,
4.4,1.1,0.3,
4.4,1.1,0.4,
4.4,1.1,0.5,
4.4,1.1,0.6,
4.4,1.1,0.7,
4.4,1.1,0.8,
4.4,1.1,0.9,
4.4,1.1,1,
4.4,1.1,1.1,
4.4,1.1,1.2,
4.4,1.1,1.3,
4.4,1.1,1.4,
4.4,1.1,1.5,
4.4,1.1,1.6,
4.4,1.1,1.7,
4.4,1.1,1.8,
4.4,1.1,1.9,
4.4,1.1,2,
4.4,1.1,2.1,
4.4,1.1,2.2,
4.4,1.1,2.3,
4.4,1.1,2.4,
4.4,1.1,2.5,
4.4,1.1,2.6,
4.4,1.1,2.7,
4.4,1.1,2.8,
4.4,1.1,2.9,
4.4,1.1,3,
4.4,1.1,3.1,
4.4,1.1,3.2,
4.4,1.1,3.3,
4.4,1.1,3.4,
4.4,1.1,3.5,
4.4,1.1,3.6,
4.5,1.1,0,
4.5,1.1,0.1,
4.5,1.1,0.2,
4.5,1.1,0.3,
4.5,1.1,0.4,
4.5,1.1,0.5,
4.5,1.1,0.6,
4.5,1.1,0.7,
4.5,1.1,0.8,
4.5,1.1,0.9,
4.5,1.1,1,
4.5,1.1,1.1,
4.5,1.1,1.2,
4.5,1.1,1.3,
4.5,1.1,1.4,
4.5,1.1,1.5,
4.5,1.1,1.6,
4.5,1.1,1.7,
4.5,1.1,1.8,
4.5,1.1,1.9,
4.5,1.1,2,
4.5,1.1,2.1,
4.5,1.1,2.2,
4.5,1.1,2.3,
4.5,1.1,2.4,
4.5,1.1,2.5,
4.5,1.1,2.6,
4.5,1.1,2.7,
4.5,1.1,2.8,
4.5,1.1,2.9,
4.5,1.1,3,
4.5,1.1,3.1,
4.5,1.1,3.2,
4.5,1.1,3.3,
4.5,1.1,3.4,
4.5,1.1,3.5,
4.5,1.1,3.6,
4.6,1.1,0,
4.6,1.1,0.1,
4.6,1.1,0.2,
4.6,1.1,0.3,
4.6,1.1,0.4,
4.6,1.1,0.5,
4.6,1.1,0.6,
4.6,1.1,0.7,
4.6,1.1,0.8,
4.6,1.1,0.9,
4.6,1.1,1,
4.6,1.1,1.1,
4.6,1.1,1.2,
4.6,1.1,1.3,
4.6,1.1,1.4,
4.6,1.1,1.5,
4.6,1.1,1.6,
4.6,1.1,1.7,
4.6,1.1,1.8,
4.6,1.1,1.9,
4.6,1.1,2,
4.6,1.1,2.1,
4.6,1.1,2.2,
4.6,1.1,2.3,
4.6,1.1,2.4,
4.6,1.1,2.5,
4.6,1.1,2.6,
4.6,1.1,2.7,
4.6,1.1,2.8,
4.6,1.1,2.9,
4.6,1.1,3,
4.6,1.1,3.1,
4.6,1.1,3.2,
4.6,1.1,3.3,
4.6,1.1,3.4,
4.6,1.1,3.5,
4.6,1.1,3.6,
4.7,1.1,0,
4.7,1.1,0.1,
4.7,1.1,0.2,
4.7,1.1,0.3,
4.7,1.1,0.4,
4.7,1.1,0.5,
4.7,1.1,0.6,
4.7,1.1,0.7,
4.7,1.1,0.8,
4.7,1.1,0.9,
4.7,1.1,1,
4.7,1.1,1.1,
4.7,1.1,1.2,
4.7,1.1,1.3,
4.7,1.1,1.4,
4.7,1.1,1.5,
4.7,1.1,1.6,
4.7,1.1,1.7,
4.7,1.1,1.8,
4.7,1.1,1.9,
4.7,1.1,2,
4.7,1.1,2.1,
4.7,1.1,2.2,
4.7,1.1,2.3,
4.7,1.1,2.4,
4.7,1.1,2.5,
4.7,1.1,2.6,
4.7,1.1,2.7,
4.7,1.1,2.8,
4.7,1.1,2.9,
4.7,1.1,3,
4.7,1.1,3.1,
4.7,1.1,3.2,
4.7,1.1,3.3,
4.7,1.1,3.4,
4.7,1.1,3.5,
4.7,1.1,3.6,
4.8,1.1,0,
4.8,1.1,0.1,
4.8,1.1,0.2,
4.8,1.1,0.3,
4.8,1.1,0.4,
4.8,1.1,0.5,
4.8,1.1,0.6,
4.8,1.1,0.7,
4.8,1.1,0.8,
4.8,1.1,0.9,
4.8,1.1,1,
4.8,1.1,1.1,
4.8,1.1,1.2,
4.8,1.1,1.3,
4.8,1.1,1.4,
4.8,1.1,1.5,
4.8,1.1,1.6,
4.8,1.1,1.7,
4.8,1.1,1.8,
4.8,1.1,1.9,
4.8,1.1,2,
4.8,1.1,2.1,
4.8,1.1,2.2,
4.8,1.1,2.3,
4.8,1.1,2.4,
4.8,1.1,2.5,
4.8,1.1,2.6,
4.8,1.1,2.7,
4.8,1.1,2.8,
4.8,1.1,2.9,
4.8,1.1,3,
4.8,1.1,3.1,
4.8,1.1,3.2,
4.8,1.1,3.3,
4.8,1.1,3.4,
4.8,1.1,3.5,
4.8,1.1,3.6,
4.9,1.1,0,
4.9,1.1,0.1,
4.9,1.1,0.2,
4.9,1.1,0.3,
4.9,1.1,0.4,
4.9,1.1,0.5,
4.9,1.1,0.6,
4.9,1.1,0.7,
4.9,1.1,0.8,
4.9,1.1,0.9,
4.9,1.1,1,
4.9,1.1,1.1,
4.9,1.1,1.2,
4.9,1.1,1.3,
4.9,1.1,1.4,
4.9,1.1,1.5,
4.9,1.1,1.6,
4.9,1.1,1.7,
4.9,1.1,1.8,
4.9,1.1,1.9,
4.9,1.1,2,
4.9,1.1,2.1,
4.9,1.1,2.2,
4.9,1.1,2.3,
4.9,1.1,2.4,
4.9,1.1,2.5,
4.9,1.1,2.6,
4.9,1.1,2.7,
4.9,1.1,2.8,
4.9,1.1,2.9,
4.9,1.1,3,
4.9,1.1,3.1,
4.9,1.1,3.2,
4.9,1.1,3.3,
4.9,1.1,3.4,
4.9,1.1,3.5,
4.9,1.1,3.6,
5,1.1,0,
5,1.1,0.1,
5,1.1,0.2,
5,1.1,0.3,
5,1.1,0.4,
5,1.1,0.5,
5,1.1,0.6,
5,1.1,0.7,
5,1.1,0.8,
5,1.1,0.9,
5,1.1,1,
5,1.1,1.1,
5,1.1,1.2,
5,1.1,1.3,
5,1.1,1.4,
5,1.1,1.5,
5,1.1,1.6,
5,1.1,1.7,
5,1.1,1.8,
5,1.1,1.9,
5,1.1,2,
5,1.1,2.1,
5,1.1,2.2,
5,1.1,2.3,
5,1.1,2.4,
5,1.1,2.5,
5,1.1,2.6,
5,1.1,2.7,
5,1.1,2.8,
5,1.1,2.9,
5,1.1,3,
5,1.1,3.1,
5,1.1,3.2,
5,1.1,3.3,
5,1.1,3.4,
5,1.1,3.5,
5,1.1,3.6,
5.1,1.1,0,
5.1,1.1,0.1,
5.1,1.1,0.2,
5.1,1.1,0.3,
5.1,1.1,0.4,
5.1,1.1,0.5,
5.1,1.1,0.6,
5.1,1.1,0.7,
5.1,1.1,0.8,
5.1,1.1,0.9,
5.1,1.1,1,
5.1,1.1,1.1,
5.1,1.1,1.2,
5.1,1.1,1.3,
5.1,1.1,1.4,
5.1,1.1,1.5,
5.1,1.1,1.6,
5.1,1.1,1.7,
5.1,1.1,1.8,
5.1,1.1,1.9,
5.1,1.1,2,
5.1,1.1,2.1,
5.1,1.1,2.2,
5.1,1.1,2.3,
5.1,1.1,2.4,
5.1,1.1,2.5,
5.1,1.1,2.6,
5.1,1.1,2.7,
5.1,1.1,2.8,
5.1,1.1,2.9,
5.1,1.1,3,
5.1,1.1,3.1,
5.1,1.1,3.2,
5.1,1.1,3.3,
5.1,1.1,3.4,
5.1,1.1,3.5,
5.1,1.1,3.6,
5.2,1.1,0,
5.2,1.1,0.1,
5.2,1.1,0.2,
5.2,1.1,0.3,
5.2,1.1,0.4,
5.2,1.1,0.5,
5.2,1.1,0.6,
5.2,1.1,0.7,
5.2,1.1,0.8,
5.2,1.1,0.9,
5.2,1.1,1,
5.2,1.1,1.1,
5.2,1.1,1.2,
5.2,1.1,1.3,
5.2,1.1,1.4,
5.2,1.1,1.5,
5.2,1.1,1.6,
5.2,1.1,1.7,
5.2,1.1,1.8,
5.2,1.1,1.9,
5.2,1.1,2,
5.2,1.1,2.1,
5.2,1.1,2.2,
5.2,1.1,2.3,
5.2,1.1,2.4,
5.2,1.1,2.5,
5.2,1.1,2.6,
5.2,1.1,2.7,
5.2,1.1,2.8,
5.2,1.1,2.9,
5.2,1.1,3,
5.2,1.1,3.1,
5.2,1.1,3.2,
5.2,1.1,3.3,
5.2,1.1,3.4,
5.2,1.1,3.5,
5.2,1.1,3.6,
5.3,1.1,0,
5.3,1.1,0.1,
5.3,1.1,0.2,
5.3,1.1,0.3,
5.3,1.1,0.4,
5.3,1.1,0.5,
5.3,1.1,0.6,
5.3,1.1,0.7,
5.3,1.1,0.8,
5.3,1.1,0.9,
5.3,1.1,1,
5.3,1.1,1.1,
5.3,1.1,1.2,
5.3,1.1,1.3,
5.3,1.1,1.4,
5.3,1.1,1.5,
5.3,1.1,1.6,
5.3,1.1,1.7,
5.3,1.1,1.8,
5.3,1.1,1.9,
5.3,1.1,2,
5.3,1.1,2.1,
5.3,1.1,2.2,
5.3,1.1,2.3,
5.3,1.1,2.4,
5.3,1.1,2.5,
5.3,1.1,2.6,
5.3,1.1,2.7,
5.3,1.1,2.8,
5.3,1.1,2.9,
5.3,1.1,3,
5.3,1.1,3.1,
5.3,1.1,3.2,
5.3,1.1,3.3,
5.3,1.1,3.4,
5.3,1.1,3.5,
5.3,1.1,3.6,
5.4,1.1,0,
5.4,1.1,0.1,
5.4,1.1,0.2,
5.4,1.1,0.3,
5.4,1.1,0.4,
5.4,1.1,0.5,
5.4,1.1,0.6,
5.4,1.1,0.7,
5.4,1.1,0.8,
5.4,1.1,0.9,
5.4,1.1,1,
5.4,1.1,1.1,
5.4,1.1,1.2,
5.4,1.1,1.3,
5.4,1.1,1.4,
5.4,1.1,1.5,
5.4,1.1,1.6,
5.4,1.1,1.7,
5.4,1.1,1.8,
5.4,1.1,1.9,
5.4,1.1,2,
5.4,1.1,2.1,
5.4,1.1,2.2,
5.4,1.1,2.3,
5.4,1.1,2.4,
5.4,1.1,2.5,
5.4,1.1,2.6,
5.4,1.1,2.7,
5.4,1.1,2.8,
5.4,1.1,2.9,
5.4,1.1,3,
5.4,1.1,3.1,
5.4,1.1,3.2,
5.4,1.1,3.3,
5.4,1.1,3.4,
5.4,1.1,3.5,
5.4,1.1,3.6,
5.5,1.1,0,
5.5,1.1,0.1,
5.5,1.1,0.2,
5.5,1.1,0.3,
5.5,1.1,0.4,
5.5,1.1,0.5,
5.5,1.1,0.6,
5.5,1.1,0.7,
5.5,1.1,0.8,
5.5,1.1,0.9,
5.5,1.1,1,
5.5,1.1,1.1,
5.5,1.1,1.2,
5.5,1.1,1.3,
5.5,1.1,1.4,
5.5,1.1,1.5,
5.5,1.1,1.6,
5.5,1.1,1.7,
5.5,1.1,1.8,
5.5,1.1,1.9,
5.5,1.1,2,
5.5,1.1,2.1,
5.5,1.1,2.2,
5.5,1.1,2.3,
5.5,1.1,2.4,
5.5,1.1,2.5,
5.5,1.1,2.6,
5.5,1.1,2.7,
5.5,1.1,2.8,
5.5,1.1,2.9,
5.5,1.1,3,
5.5,1.1,3.1,
5.5,1.1,3.2,
5.5,1.1,3.3,
5.5,1.1,3.4,
5.5,1.1,3.5,
5.5,1.1,3.6,0.964417963
5.6,1.1,0,
5.6,1.1,0.1,
5.6,1.1,0.2,
5.6,1.1,0.3,
5.6,1.1,0.4,
5.6,1.1,0.5,
5.6,1.1,0.6,1.021882122
5.6,1.1,0.7,
5.6,1.1,0.8,1.066150049
5.6,1.1,0.9,
5.6,1.1,1,
5.6,1.1,1.1,
5.6,1.1,1.2,
5.6,1.1,1.3,
5.6,1.1,1.4,1.036579062
5.6,1.1,1.5,
5.6,1.1,1.6,1.011963911
5.6,1.1,1.7,
5.6,1.1,1.8,
5.6,1.1,1.9,
5.6,1.1,2,
5.6,1.1,2.1,
5.6,1.1,2.2,1.034245984
5.6,1.1,2.3,
5.6,1.1,2.4,1.072921007
5.6,1.1,2.5,
5.6,1.1,2.6,
5.6,1.1,2.7,
5.6,1.1,2.8,
5.6,1.1,2.9,
5.6,1.1,3,1.024729745
5.6,1.1,3.1,
5.6,1.1,3.2,0.991734048
5.6,1.1,3.3,
5.6,1.1,3.4,
5.6,1.1,3.5,
5.6,1.1,3.6,
5.7,1.1,0,
5.7,1.1,0.1,0.965423458
5.7,1.1,0.2,
5.7,1.1,0.3,0.978454523
5.7,1.1,0.4,
5.7,1.1,0.5,
5.7,1.1,0.6,
5.7,1.1,0.7,
5.7,1.1,0.8,
5.7,1.1,0.9,1.093001623
5.7,1.1,1,
5.7,1.1,1.1,1.088106907
5.7,1.1,1.2,
5.7,1.1,1.3,
5.7,1.1,1.4,
5.7,1.1,1.5,
5.7,1.1,1.6,
5.7,1.1,1.7,0.995010364
5.7,1.1,1.8,
5.7,1.1,1.9,0.994428729
5.7,1.1,2,
5.7,1.1,2.1,
5.7,1.1,2.2,
5.7,1.1,2.3,
5.7,1.1,2.4,
5.7,1.1,2.5,1.084325143
5.7,1.1,2.6,
5.7,1.1,2.7,1.097160625
5.7,1.1,2.8,
5.7,1.1,2.9,
5.7,1.1,3,
5.7,1.1,3.1,
5.7,1.1,3.2,
5.7,1.1,3.3,0.979923961
5.7,1.1,3.4,
5.7,1.1,3.5,0.965938571
5.7,1.1,3.6,
5.8,1.1,0,
5.8,1.1,0.1,
5.8,1.1,0.2,
5.8,1.1,0.3,
5.8,1.1,0.4,0.990575043
5.8,1.1,0.5,
5.8,1.1,0.6,1.0231031
5.8,1.1,0.7,
5.8,1.1,0.8,
5.8,1.1,0.9,
5.8,1.1,1,
5.8,1.1,1.1,
5.8,1.1,1.2,1.05296064
5.8,1.1,1.3,
5.8,1.1,1.4,1.015440928
5.8,1.1,1.5,
5.8,1.1,1.6,
5.8,1.1,1.7,
5.8,1.1,1.8,
5.8,1.1,1.9,
5.8,1.1,2,0.991060307
5.8,1.1,2.1,
5.8,1.1,2.2,1.013236344
5.8,1.1,2.3,
5.8,1.1,2.4,
5.8,1.1,2.5,
5.8,1.1,2.6,
5.8,1.1,2.7,
5.8,1.1,2.8,1.071657102
5.8,1.1,2.9,
5.8,1.1,3,1.025990522
5.8,1.1,3.1,
5.8,1.1,3.2,
5.8,1.1,3.3,
5.8,1.1,3.4,
5.8,1.1,3.5,
5.8,1.1,3.6,0.964240288
5.9,1.1,0,
5.9,1.1,0.1,0.966977895
5.9,1.1,0.2,
5.9,1.1,0.3,
5.9,1.1,0.4,
5.9,1.1,0.5,
5.9,1.1,0.6,
5.9,1.1,0.7,1.046584546
5.9,1.1,0.8,
5.9,1.1,0.9,1.097780922
5.9,1.1,1,
5.9,1.1,1.1,
5.9,1.1,1.2,
5.9,1.1,1.3,
5.9,1.1,1.4,
5.9,1.1,1.5,0.994496103
5.9,1.1,1.6,
5.9,1.1,1.7,0.979106943
5.9,1.1,1.8,
5.9,1.1,1.9,
5.9,1.1,2,
5.9,1.1,2.1,
5.9,1.1,2.2,
5.9,1.1,2.3,1.021473613
5.9,1.1,2.4,
5.9,1.1,2.5,1.063494599
5.9,1.1,2.6,
5.9,1.1,2.7,
5.9,1.1,2.8,
5.9,1.1,2.9,
5.9,1.1,3,
5.9,1.1,3.1,1.009692238
5.9,1.1,3.2,
5.9,1.1,3.3,0.982013128
5.9,1.1,3.4,
5.9,1.1,3.5,
5.9,1.1,3.6,
6,1.1,0,
6,1.1,0.1,
6,1.1,0.2,0.974303481
6,1.1,0.3,
6,1.1,0.4,0.995023157
6,1.1,0.5,
6,1.1,0.6,
6,1.1,0.7,
6,1.1,0.8,
6,1.1,0.9,
6,1.1,1,1.084689021
6,1.1,1.1,
6,1.1,1.2,1.036874144
6,1.1,1.3,
6,1.1,1.4,
6,1.1,1.5,
6,1.1,1.6,
6,1.1,1.7,
6,1.1,1.8,0.97169977
6,1.1,1.9,
6,1.1,2,0.978393972
6,1.1,2.1,
6,1.1,2.2,
6,1.1,2.3,
6,1.1,2.4,
6,1.1,2.5,
6,1.1,2.6,1.08079582
6,1.1,2.7,
6,1.1,2.8,1.079007705
6,1.1,2.9,
6,1.1,3,
6,1.1,3.1,
6,1.1,3.2,
6,1.1,3.3,
6,1.1,3.4,0.975366969
6,1.1,3.5,
6,1.1,3.6,0.967373896
6.1,1.1,0,
6.1,1.1,0.1,
6.1,1.1,0.2,
6.1,1.1,0.3,
6.1,1.1,0.4,
6.1,1.1,0.5,1.014963055
6.1,1.1,0.6,
6.1,1.1,0.7,1.056138027
6.1,1.1,0.8,
6.1,1.1,0.9,
6.1,1.1,1,
6.1,1.1,1.1,
6.1,1.1,1.2,
6.1,1.1,1.3,1.012543841
6.1,1.1,1.4,
6.1,1.1,1.5,0.984507392
6.1,1.1,1.6,
6.1,1.1,1.7,
6.1,1.1,1.8,
6.1,1.1,1.9,
6.1,1.1,2,
6.1,1.1,2.1,0.982974275
6.1,1.1,2.2,
6.1,1.1,2.3,1.010036215
6.1,1.1,2.4,
6.1,1.1,2.5,
6.1,1.1,2.6,
6.1,1.1,2.7,
6.1,1.1,2.8,
6.1,1.1,2.9,1.059645177
6.1,1.1,3,
6.1,1.1,3.1,1.017555964
6.1,1.1,3.2,
6.1,1.1,3.3,
6.1,1.1,3.4,
6.1,1.1,3.5,
6.1,1.1,3.6,
6.2,1.1,0,0.975559141
6.2,1.1,0.1,
6.2,1.1,0.2,0.98295665
6.2,1.1,0.3,
6.2,1.1,0.4,
6.2,1.1,0.5,
6.2,1.1,0.6,
6.2,1.1,0.7,
6.2,1.1,0.8,
6.2,1.1,0.9,
6.2,1.1,1,1.07343612
6.2,1.1,1.1,
6.2,1.1,1.2,
6.2,1.1,1.3,
6.2,1.1,1.4,
6.2,1.1,1.5,
6.2,1.1,1.6,
6.2,1.1,1.7,
6.2,1.1,1.8,
6.2,1.1,1.9,
6.2,1.1,2,
6.2,1.1,2.1,
6.2,1.1,2.2,
6.2,1.1,2.3,
6.2,1.1,2.4,
6.2,1.1,2.5,
6.2,1.1,2.6,
6.2,1.1,2.7,
6.2,1.1,2.8,
6.2,1.1,2.9,
6.2,1.1,3,
6.2,1.1,3.1,
6.2,1.1,3.2,
6.2,1.1,3.3,
6.2,1.1,3.4,
6.2,1.1,3.5,
6.2,1.1,3.6,
6.3,1.1,0,
6.3,1.1,0.1,
6.3,1.1,0.2,
6.3,1.1,0.3,
6.3,1.1,0.4,
6.3,1.1,0.5,
6.3,1.1,0.6,
6.3,1.1,0.7,
6.3,1.1,0.8,
6.3,1.1,0.9,
6.3,1.1,1,
6.3,1.1,1.1,
6.3,1.1,1.2,
6.3,1.1,1.3,
6.3,1.1,1.4,
6.3,1.1,1.5,
6.3,1.1,1.6,
6.3,1.1,1.7,
6.3,1.1,1.8,
6.3,1.1,1.9,
6.3,1.1,2,
6.3,1.1,2.1,
6.3,1.1,2.2,
6.3,1.1,2.3,
6.3,1.1,2.4,
6.3,1.1,2.5,
6.3,1.1,2.6,
6.3,1.1,2.7,
6.3,1.1,2.8,
6.3,1.1,2.9,
6.3,1.1,3,
6.3,1.1,3.1,
6.3,1.1,3.2,
6.3,1.1,3.3,
6.3,1.1,3.4,
6.3,1.1,3.5,
6.3,1.1,3.6,
6.4,1.1,0,
6.4,1.1,0.1,
6.4,1.1,0.2,
6.4,1.1,0.3,
6.4,1.1,0.4,
6.4,1.1,0.5,
6.4,1.1,0.6,
6.4,1.1,0.7,
6.4,1.1,0.8,
6.4,1.1,0.9,
6.4,1.1,1,
6.4,1.1,1.1,
6.4,1.1,1.2,
6.4,1.1,1.3,
6.4,1.1,1.4,
6.4,1.1,1.5,
6.4,1.1,1.6,
6.4,1.1,1.7,
6.4,1.1,1.8,
6.4,1.1,1.9,
6.4,1.1,2,
6.4,1.1,2.1,
6.4,1.1,2.2,
6.4,1.1,2.3,
6.4,1.1,2.4,
6.4,1.1,2.5,
6.4,1.1,2.6,
6.4,1.1,2.7,
6.4,1.1,2.8,
6.4,1.1,2.9,
6.4,1.1,3,
6.4,1.1,3.1,
6.4,1.1,3.2,
6.4,1.1,3.3,
6.4,1.1,3.4,
6.4,1.1,3.5,
6.4,1.1,3.6,
6.5,1.1,0,
6.5,1.1,0.1,
6.5,1.1,0.2,
6.5,1.1,0.3,
6.5,1.1,0.4,
6.5,1.1,0.5,
6.5,1.1,0.6,
6.5,1.1,0.7,
6.5,1.1,0.8,
6.5,1.1,0.9,
6.5,1.1,1,
6.5,1.1,1.1,
6.5,1.1,1.2,
6.5,1.1,1.3,
6.5,1.1,1.4,
6.5,1.1,1.5,
6.5,1.1,1.6,
6.5,1.1,1.7,
6.5,1.1,1.8,
6.5,1.1,1.9,
6.5,1.1,2,
6.5,1.1,2.1,
6.5,1.1,2.2,
6.5,1.1,2.3,
6.5,1.1,2.4,
6.5,1.1,2.5,
6.5,1.1,2.6,1.064127688
6.5,1.1,2.7,
6.5,1.1,2.8,
6.5,1.1,2.9,
6.5,1.1,3,
6.5,1.1,3.1,
6.5,1.1,3.2,
6.5,1.1,3.3,
6.5,1.1,3.4,
6.5,1.1,3.5,1.003358217
6.5,1.1,3.6,
6.6,1.1,0,
6.6,1.1,0.1,
6.6,1.1,0.2,
6.6,1.1,0.3,
6.6,1.1,0.4,
6.6,1.1,0.5,
6.6,1.1,0.6,
6.6,1.1,0.7,1.111250061
6.6,1.1,0.8,
6.6,1.1,0.9,
6.6,1.1,1,
6.6,1.1,1.1,
6.6,1.1,1.2,
6.6,1.1,1.3,
6.6,1.1,1.4,
6.6,1.1,1.5,
6.6,1.1,1.6,0.971234689
6.6,1.1,1.7,
6.6,1.1,1.8,
6.6,1.1,1.9,
6.6,1.1,2,
6.6,1.1,2.1,
6.6,1.1,2.2,
6.6,1.1,2.3,
6.6,1.1,2.4,
6.6,1.1,2.5,1.041498795
6.6,1.1,2.6,
6.6,1.1,2.7,
6.6,1.1,2.8,
6.6,1.1,2.9,
6.6,1.1,3,
6.6,1.1,3.1,
6.6,1.1,3.2,
6.6,1.1,3.3,
6.6,1.1,3.4,1.022053826
6.6,1.1,3.5,
6.6,1.1,3.6,
6.7,1.1,0,
6.7,1.1,0.1,
6.7,1.1,0.2,
6.7,1.1,0.3,
6.7,1.1,0.4,
6.7,1.1,0.5,
6.7,1.1,0.6,1.101052973
6.7,1.1,0.7,
6.7,1.1,0.8,
6.7,1.1,0.9,
6.7,1.1,1,
6.7,1.1,1.1,
6.7,1.1,1.2,
6.7,1.1,1.3,
6.7,1.1,1.4,
6.7,1.1,1.5,0.98094168
6.7,1.1,1.6,
6.7,1.1,1.7,
6.7,1.1,1.8,
6.7,1.1,1.9,
6.7,1.1,2,
6.7,1.1,2.1,
6.7,1.1,2.2,
6.7,1.1,2.3,
6.7,1.1,2.4,1.022881647
6.7,1.1,2.5,
6.7,1.1,2.6,
6.7,1.1,2.7,
6.7,1.1,2.8,1.122003483
6.7,1.1,2.9,
6.7,1.1,3,
6.7,1.1,3.1,
6.7,1.1,3.2,
6.7,1.1,3.3,1.046495567
6.7,1.1,3.4,
6.7,1.1,3.5,
6.7,1.1,3.6,
6.8,1.1,0,
6.8,1.1,0.1,0.974868912
6.8,1.1,0.2,
6.8,1.1,0.3,
6.8,1.1,0.4,
6.8,1.1,0.5,1.019665883
6.8,1.1,0.6,
6.8,1.1,0.7,
6.8,1.1,0.8,
6.8,1.1,0.9,
6.8,1.1,1,
6.8,1.1,1.1,1.050229856
6.8,1.1,1.2,
6.8,1.1,1.3,
6.8,1.1,1.4,0.99529976
6.8,1.1,1.5,
6.8,1.1,1.6,
6.8,1.1,1.7,
6.8,1.1,1.8,
6.8,1.1,1.9,
6.8,1.1,2,
6.8,1.1,2.1,0.981807025
6.8,1.1,2.2,
6.8,1.1,2.3,1.008092884
6.8,1.1,2.4,
6.8,1.1,2.5,
6.8,1.1,2.6,
6.8,1.1,2.7,
6.8,1.1,2.8,
6.8,1.1,2.9,
6.8,1.1,3,
6.8,1.1,3.1,1.022382169
6.8,1.1,3.2,1.005328839
6.8,1.1,3.3,
6.8,1.1,3.4,
6.8,1.1,3.5,
6.8,1.1,3.6,
6.9,1.1,0,
6.9,1.1,0.1,
6.9,1.1,0.2,
6.9,1.1,0.3,
6.9,1.1,0.4,0.998178654
6.9,1.1,0.5,1.014264013
6.9,1.1,0.6,
6.9,1.1,0.7,
6.9,1.1,0.8,1.135269648
6.9,1.1,0.9,
6.9,1.1,1,
6.9,1.1,1.1,
6.9,1.1,1.2,
6.9,1.1,1.3,
6.9,1.1,1.4,0.999245553
6.9,1.1,1.5,
6.9,1.1,1.6,0.978050278
6.9,1.1,1.7,
6.9,1.1,1.8,
6.9,1.1,1.9,
6.9,1.1,2,
6.9,1.1,2.1,
6.9,1.1,2.2,
6.9,1.1,2.3,1.01232125
6.9,1.1,2.4,
6.9,1.1,2.5,
6.9,1.1,2.6,1.07598525
6.9,1.1,2.7,
6.9,1.1,2.8,
6.9,1.1,2.9,
6.9,1.1,3,
6.9,1.1,3.1,
6.9,1.1,3.2,1.000333773
6.9,1.1,3.3,
6.9,1.1,3.4,
6.9,1.1,3.5,
6.9,1.1,3.6,0.968926628
7,1.1,0,
7,1.1,0.1,
7,1.1,0.2,
7,1.1,0.3,
7,1.1,0.4,0.994666955
7,1.1,0.5,
7,1.1,0.6,
7,1.1,0.7,
7,1.1,0.8,
7,1.1,0.9,1.114173018
7,1.1,1,
7,1.1,1.1,
7,1.1,1.2,
7,1.1,1.3,1.02067621
7,1.1,1.4,
7,1.1,1.5,
7,1.1,1.6,
7,1.1,1.7,
7,1.1,1.8,
7,1.1,1.9,
7,1.1,2,
7,1.1,2.1,
7,1.1,2.2,
7,1.1,2.3,1.018129923
7,1.1,2.4,
7,1.1,2.5,
7,1.1,2.6,
7,1.1,2.7,
7,1.1,2.8,
7,1.1,2.9,
7,1.1,3,
7,1.1,3.1,
7,1.1,3.2,
7,1.1,3.3,0.983922061
7,1.1,3.4,
7,1.1,3.5,
7,1.1,3.6,
7.1,1.1,0,
7.1,1.1,0.1,
7.1,1.1,0.2,
7.1,1.1,0.3,
7.1,1.1,0.4,
7.1,1.1,0.5,
7.1,1.1,0.6,1.026021508
7.1,1.1,0.7,
7.1,1.1,0.8,
7.1,1.1,0.9,
7.1,1.1,1,
7.1,1.1,1.1,
7.1,1.1,1.2,
7.1,1.1,1.3,
7.1,1.1,1.4,
7.1,1.1,1.5,
7.1,1.1,1.6,0.989633795
7.1,1.1,1.7,
7.1,1.1,1.8,
7.1,1.1,1.9,
7.1,1.1,2,
7.1,1.1,2.1,
7.1,1.1,2.2,
7.1,1.1,2.3,
7.1,1.1,2.4,
7.1,1.1,2.5,
7.1,1.1,2.6,1.092102449
7.1,1.1,2.7,
7.1,1.1,2.8,
7.1,1.1,2.9,
7.1,1.1,3,
7.1,1.1,3.1,
7.1,1.1,3.2,
7.1,1.1,3.3,
7.1,1.1,3.4,
7.1,1.1,3.5,
7.1,1.1,3.6,0.964715319
7.2,1.1,0,
7.2,1.1,0.1,
7.2,1.1,0.2,
7.2,1.1,0.3,
7.2,1.1,0.4,
7.2,1.1,0.5,
7.2,1.1,0.6,
7.2,1.1,0.7,
7.2,1.1,0.8,
7.2,1.1,0.9,1.135392172
7.2,1.1,1,
7.2,1.1,1.1,
7.2,1.1,1.2,
7.2,1.1,1.3,
7.2,1.1,1.4,
7.2,1.1,1.5,
7.2,1.1,1.6,
7.2,1.1,1.7,
7.2,1.1,1.8,
7.2,1.1,1.9,0.991502077
7.2,1.1,2,
7.2,1.1,2.1,
7.2,1.1,2.2,
7.2,1.1,2.3,
7.2,1.1,2.4,
7.2,1.1,2.5,
7.2,1.1,2.6,
7.2,1.1,2.7,
7.2,1.1,2.8,
7.2,1.1,2.9,1.041265402
7.2,1.1,3,
7.2,1.1,3.1,
7.2,1.1,3.2,
7.2,1.1,3.3,
7.2,1.1,3.4,
7.2,1.1,3.5,
7.2,1.1,3.6,
7.3,1.1,0,
7.3,1.1,0.1,
7.3,1.1,0.2,
7.3,1.1,0.3,
7.3,1.1,0.4,
7.3,1.1,0.5,
7.3,1.1,0.6,
7.3,1.1,0.7,
7.3,1.1,0.8,
7.3,1.1,0.9,
7.3,1.1,1,
7.3,1.1,1.1,
7.3,1.1,1.2,
7.3,1.1,1.3,
7.3,1.1,1.4,
7.3,1.1,1.5,
7.3,1.1,1.6,
7.3,1.1,1.7,
7.3,1.1,1.8,
7.3,1.1,1.9,
7.3,1.1,2,
7.3,1.1,2.1,
7.3,1.1,2.2,
7.3,1.1,2.3,
7.3,1.1,2.4,
7.3,1.1,2.5,
7.3,1.1,2.6,
7.3,1.1,2.7,
7.3,1.1,2.8,
7.3,1.1,2.9,
7.3,1.1,3,
7.3,1.1,3.1,
7.3,1.1,3.2,
7.3,1.1,3.3,
7.3,1.1,3.4,
7.3,1.1,3.5,
7.3,1.1,3.6,
7.4,1.1,0,
7.4,1.1,0.1,
7.4,1.1,0.2,
7.4,1.1,0.3,
7.4,1.1,0.4,
7.4,1.1,0.5,
7.4,1.1,0.6,
7.4,1.1,0.7,
7.4,1.1,0.8,
7.4,1.1,0.9,
7.4,1.1,1,
7.4,1.1,1.1,
7.4,1.1,1.2,
7.4,1.1,1.3,
7.4,1.1,1.4,
7.4,1.1,1.5,
7.4,1.1,1.6,
7.4,1.1,1.7,
7.4,1.1,1.8,
7.4,1.1,1.9,
7.4,1.1,2,
7.4,1.1,2.1,
7.4,1.1,2.2,
7.4,1.1,2.3,
7.4,1.1,2.4,
7.4,1.1,2.5,
7.4,1.1,2.6,
7.4,1.1,2.7,
7.4,1.1,2.8,
7.4,1.1,2.9,
7.4,1.1,3,
7.4,1.1,3.1,
7.4,1.1,3.2,
7.4,1.1,3.3,
7.4,1.1,3.4,
7.4,1.1,3.5,
7.4,1.1,3.6,
7.5,1.1,0,
7.5,1.1,0.1,
7.5,1.1,0.2,
7.5,1.1,0.3,
7.5,1.1,0.4,
7.5,1.1,0.5,
7.5,1.1,0.6,
7.5,1.1,0.7,
7.5,1.1,0.8,
7.5,1.1,0.9,
7.5,1.1,1,
7.5,1.1,1.1,
7.5,1.1,1.2,
7.5,1.1,1.3,
7.5,1.1,1.4,
7.5,1.1,1.5,
7.5,1.1,1.6,
7.5,1.1,1.7,
7.5,1.1,1.8,
7.5,1.1,1.9,
7.5,1.1,2,
7.5,1.1,2.1,
7.5,1.1,2.2,
7.5,1.1,2.3,
7.5,1.1,2.4,
7.5,1.1,2.5,
7.5,1.1,2.6,
7.5,1.1,2.7,
7.5,1.1,2.8,
7.5,1.1,2.9,
7.5,1.1,3,
7.5,1.1,3.1,
7.5,1.1,3.2,
7.5,1.1,3.3,
7.5,1.1,3.4,
7.5,1.1,3.5,
7.5,1.1,3.6,
7.6,1.1,0,
7.6,1.1,0.1,
7.6,1.1,0.2,
7.6,1.1,0.3,
7.6,1.1,0.4,
7.6,1.1,0.5,
7.6,1.1,0.6,
7.6,1.1,0.7,
7.6,1.1,0.8,
7.6,1.1,0.9,
7.6,1.1,1,
7.6,1.1,1.1,
7.6,1.1,1.2,
7.6,1.1,1.3,
7.6,1.1,1.4,
7.6,1.1,1.5,
7.6,1.1,1.6,
7.6,1.1,1.7,
7.6,1.1,1.8,
7.6,1.1,1.9,
7.6,1.1,2,
7.6,1.1,2.1,
7.6,1.1,2.2,
7.6,1.1,2.3,
7.6,1.1,2.4,
7.6,1.1,2.5,
7.6,1.1,2.6,
7.6,1.1,2.7,
7.6,1.1,2.8,
7.6,1.1,2.9,
7.6,1.1,3,
7.6,1.1,3.1,
7.6,1.1,3.2,
7.6,1.1,3.3,
7.6,1.1,3.4,
7.6,1.1,3.5,
7.6,1.1,3.6,
7.7,1.1,0,
7.7,1.1,0.1,
7.7,1.1,0.2,
7.7,1.1,0.3,
7.7,1.1,0.4,
7.7,1.1,0.5,
7.7,1.1,0.6,
7.7,1.1,0.7,
7.7,1.1,0.8,
7.7,1.1,0.9,
7.7,1.1,1,
7.7,1.1,1.1,
7.7,1.1,1.2,
7.7,1.1,1.3,
7.7,1.1,1.4,
7.7,1.1,1.5,
7.7,1.1,1.6,
7.7,1.1,1.7,
7.7,1.1,1.8,
7.7,1.1,1.9,
7.7,1.1,2,
7.7,1.1,2.1,
7.7,1.1,2.2,
7.7,1.1,2.3,
7.7,1.1,2.4,
7.7,1.1,2.5,
7.7,1.1,2.6,
7.7,1.1,2.7,
7.7,1.1,2.8,
7.7,1.1,2.9,
7.7,1.1,3,
7.7,1.1,3.1,
7.7,1.1,3.2,
7.7,1.1,3.3,
7.7,1.1,3.4,
7.7,1.1,3.5,
7.7,1.1,3.6,
7.8,1.1,0,
7.8,1.1,0.1,
7.8,1.1,0.2,
7.8,1.1,0.3,
7.8,1.1,0.4,
7.8,1.1,0.5,
7.8,1.1,0.6,
7.8,1.1,0.7,
7.8,1.1,0.8,
7.8,1.1,0.9,
7.8,1.1,1,
7.8,1.1,1.1,
7.8,1.1,1.2,
7.8,1.1,1.3,
7.8,1.1,1.4,
7.8,1.1,1.5,
7.8,1.1,1.6,
7.8,1.1,1.7,
7.8,1.1,1.8,
7.8,1.1,1.9,
7.8,1.1,2,
7.8,1.1,2.1,
7.8,1.1,2.2,
7.8,1.1,2.3,
7.8,1.1,2.4,
7.8,1.1,2.5,
7.8,1.1,2.6,
7.8,1.1,2.7,
7.8,1.1,2.8,
7.8,1.1,2.9,
7.8,1.1,3,
7.8,1.1,3.1,
7.8,1.1,3.2,
7.8,1.1,3.3,
7.8,1.1,3.4,
7.8,1.1,3.5,
7.8,1.1,3.6,
7.9,1.1,0,
7.9,1.1,0.1,
7.9,1.1,0.2,
7.9,1.1,0.3,
7.9,1.1,0.4,
7.9,1.1,0.5,
7.9,1.1,0.6,
7.9,1.1,0.7,
7.9,1.1,0.8,
7.9,1.1,0.9,
7.9,1.1,1,
7.9,1.1,1.1,
7.9,1.1,1.2,
7.9,1.1,1.3,
7.9,1.1,1.4,
7.9,1.1,1.5,
7.9,1.1,1.6,
7.9,1.1,1.7,
7.9,1.1,1.8,
7.9,1.1,1.9,
7.9,1.1,2,
7.9,1.1,2.1,
7.9,1.1,2.2,
7.9,1.1,2.3,
7.9,1.1,2.4,
7.9,1.1,2.5,
7.9,1.1,2.6,
7.9,1.1,2.7,
7.9,1.1,2.8,
7.9,1.1,2.9,
7.9,1.1,3,
7.9,1.1,3.1,
7.9,1.1,3.2,
7.9,1.1,3.3,
7.9,1.1,3.4,
7.9,1.1,3.5,
7.9,1.1,3.6,
8,1.1,0,
8,1.1,0.1,
8,1.1,0.2,
8,1.1,0.3,
8,1.1,0.4,
8,1.1,0.5,
8,1.1,0.6,
8,1.1,0.7,
8,1.1,0.8,
8,1.1,0.9,
8,1.1,1,
8,1.1,1.1,
8,1.1,1.2,
8,1.1,1.3,
8,1.1,1.4,
8,1.1,1.5,
8,1.1,1.6,
8,1.1,1.7,
8,1.1,1.8,
8,1.1,1.9,
8,1.1,2,
8,1.1,2.1,
8,1.1,2.2,
8,1.1,2.3,
8,1.1,2.4,
8,1.1,2.5,
8,1.1,2.6,
8,1.1,2.7,
8,1.1,2.8,
8,1.1,2.9,
8,1.1,3,
8,1.1,3.1,
8,1.1,3.2,
8,1.1,3.3,
8,1.1,3.4,
8,1.1,3.5,
8,1.1,3.6,
0,1.2,0,
0,1.2,0.1,
0,1.2,0.2,
0,1.2,0.3,
0,1.2,0.4,
0,1.2,0.5,
0,1.2,0.6,
0,1.2,0.7,
0,1.2,0.8,
0,1.2,0.9,
0,1.2,1,
0,1.2,1.1,
0,1.2,1.2,1.276673723
0,1.2,1.3,
0,1.2,1.4,
0,1.2,1.5,
0,1.2,1.6,
0,1.2,1.7,
0,1.2,1.8,
0,1.2,1.9,
0,1.2,2,
0,1.2,2.1,
0,1.2,2.2,
0,1.2,2.3,
0,1.2,2.4,
0,1.2,2.5,
0,1.2,2.6,
0,1.2,2.7,
0,1.2,2.8,
0,1.2,2.9,
0,1.2,3,
0,1.2,3.1,
0,1.2,3.2,
0,1.2,3.3,
0,1.2,3.4,
0,1.2,3.5,
0,1.2,3.6,
0.1,1.2,0,
0.1,1.2,0.1,
0.1,1.2,0.2,
0.1,1.2,0.3,
0.1,1.2,0.4,
0.1,1.2,0.5,
0.1,1.2,0.6,
0.1,1.2,0.7,
0.1,1.2,0.8,
0.1,1.2,0.9,
0.1,1.2,1,
0.1,1.2,1.1,
0.1,1.2,1.2,
0.1,1.2,1.3,
0.1,1.2,1.4,
0.1,1.2,1.5,
0.1,1.2,1.6,
0.1,1.2,1.7,
0.1,1.2,1.8,
0.1,1.2,1.9,
0.1,1.2,2,
0.1,1.2,2.1,
0.1,1.2,2.2,
0.1,1.2,2.3,
0.1,1.2,2.4,
0.1,1.2,2.5,
0.1,1.2,2.6,
0.1,1.2,2.7,
0.1,1.2,2.8,
0.1,1.2,2.9,
0.1,1.2,3,
0.1,1.2,3.1,
0.1,1.2,3.2,
0.1,1.2,3.3,
0.1,1.2,3.4,
0.1,1.2,3.5,
0.1,1.2,3.6,
0.2,1.2,0,
0.2,1.2,0.1,
0.2,1.2,0.2,
0.2,1.2,0.3,
0.2,1.2,0.4,
0.2,1.2,0.5,
0.2,1.2,0.6,
0.2,1.2,0.7,
0.2,1.2,0.8,
0.2,1.2,0.9,
0.2,1.2,1,
0.2,1.2,1.1,
0.2,1.2,1.2,
0.2,1.2,1.3,
0.2,1.2,1.4,
0.2,1.2,1.5,
0.2,1.2,1.6,
0.2,1.2,1.7,
0.2,1.2,1.8,
0.2,1.2,1.9,
0.2,1.2,2,
0.2,1.2,2.1,
0.2,1.2,2.2,
0.2,1.2,2.3,
0.2,1.2,2.4,
0.2,1.2,2.5,
0.2,1.2,2.6,
0.2,1.2,2.7,
0.2,1.2,2.8,
0.2,1.2,2.9,
0.2,1.2,3,
0.2,1.2,3.1,
0.2,1.2,3.2,
0.2,1.2,3.3,
0.2,1.2,3.4,
0.2,1.2,3.5,
0.2,1.2,3.6,
0.3,1.2,0,
0.3,1.2,0.1,
0.3,1.2,0.2,
0.3,1.2,0.3,
0.3,1.2,0.4,
0.3,1.2,0.5,
0.3,1.2,0.6,
0.3,1.2,0.7,
0.3,1.2,0.8,
0.3,1.2,0.9,
0.3,1.2,1,
0.3,1.2,1.1,
0.3,1.2,1.2,
0.3,1.2,1.3,
0.3,1.2,1.4,
0.3,1.2,1.5,
0.3,1.2,1.6,
0.3,1.2,1.7,
0.3,1.2,1.8,
0.3,1.2,1.9,
0.3,1.2,2,
0.3,1.2,2.1,
0.3,1.2,2.2,
0.3,1.2,2.3,
0.3,1.2,2.4,
0.3,1.2,2.5,
0.3,1.2,2.6,
0.3,1.2,2.7,
0.3,1.2,2.8,
0.3,1.2,2.9,
0.3,1.2,3,
0.3,1.2,3.1,
0.3,1.2,3.2,
0.3,1.2,3.3,
0.3,1.2,3.4,
0.3,1.2,3.5,
0.3,1.2,3.6,
0.4,1.2,0,
0.4,1.2,0.1,
0.4,1.2,0.2,
0.4,1.2,0.3,
0.4,1.2,0.4,
0.4,1.2,0.5,
0.4,1.2,0.6,
0.4,1.2,0.7,
0.4,1.2,0.8,
0.4,1.2,0.9,
0.4,1.2,1,
0.4,1.2,1.1,
0.4,1.2,1.2,
0.4,1.2,1.3,
0.4,1.2,1.4,
0.4,1.2,1.5,
0.4,1.2,1.6,
0.4,1.2,1.7,
0.4,1.2,1.8,
0.4,1.2,1.9,
0.4,1.2,2,
0.4,1.2,2.1,
0.4,1.2,2.2,
0.4,1.2,2.3,
0.4,1.2,2.4,
0.4,1.2,2.5,
0.4,1.2,2.6,
0.4,1.2,2.7,
0.4,1.2,2.8,
0.4,1.2,2.9,
0.4,1.2,3,
0.4,1.2,3.1,
0.4,1.2,3.2,
0.4,1.2,3.3,
0.4,1.2,3.4,
0.4,1.2,3.5,
0.4,1.2,3.6,
0.5,1.2,0,
0.5,1.2,0.1,
0.5,1.2,0.2,
0.5,1.2,0.3,
0.5,1.2,0.4,
0.5,1.2,0.5,
0.5,1.2,0.6,
0.5,1.2,0.7,
0.5,1.2,0.8,
0.5,1.2,0.9,
0.5,1.2,1,
0.5,1.2,1.1,
0.5,1.2,1.2,
0.5,1.2,1.3,
0.5,1.2,1.4,
0.5,1.2,1.5,
0.5,1.2,1.6,
0.5,1.2,1.7,
0.5,1.2,1.8,
0.5,1.2,1.9,
0.5,1.2,2,
0.5,1.2,2.1,
0.5,1.2,2.2,
0.5,1.2,2.3,
0.5,1.2,2.4,
0.5,1.2,2.5,
0.5,1.2,2.6,
0.5,1.2,2.7,
0.5,1.2,2.8,
0.5,1.2,2.9,
0.5,1.2,3,
0.5,1.2,3.1,
0.5,1.2,3.2,
0.5,1.2,3.3,
0.5,1.2,3.4,
0.5,1.2,3.5,
0.5,1.2,3.6,
0.6,1.2,0,
0.6,1.2,0.1,
0.6,1.2,0.2,
0.6,1.2,0.3,
0.6,1.2,0.4,
0.6,1.2,0.5,
0.6,1.2,0.6,
0.6,1.2,0.7,
0.6,1.2,0.8,
0.6,1.2,0.9,
0.6,1.2,1,
0.6,1.2,1.1,
0.6,1.2,1.2,
0.6,1.2,1.3,
0.6,1.2,1.4,
0.6,1.2,1.5,
0.6,1.2,1.6,
0.6,1.2,1.7,
0.6,1.2,1.8,
0.6,1.2,1.9,
0.6,1.2,2,
0.6,1.2,2.1,
0.6,1.2,2.2,
0.6,1.2,2.3,
0.6,1.2,2.4,
0.6,1.2,2.5,
0.6,1.2,2.6,
0.6,1.2,2.7,
0.6,1.2,2.8,
0.6,1.2,2.9,
0.6,1.2,3,
0.6,1.2,3.1,
0.6,1.2,3.2,
0.6,1.2,3.3,
0.6,1.2,3.4,
0.6,1.2,3.5,
0.6,1.2,3.6,
0.7,1.2,0,
0.7,1.2,0.1,
0.7,1.2,0.2,
0.7,1.2,0.3,
0.7,1.2,0.4,
0.7,1.2,0.5,
0.7,1.2,0.6,
0.7,1.2,0.7,
0.7,1.2,0.8,
0.7,1.2,0.9,
0.7,1.2,1,
0.7,1.2,1.1,
0.7,1.2,1.2,
0.7,1.2,1.3,
0.7,1.2,1.4,
0.7,1.2,1.5,
0.7,1.2,1.6,
0.7,1.2,1.7,
0.7,1.2,1.8,
0.7,1.2,1.9,
0.7,1.2,2,
0.7,1.2,2.1,
0.7,1.2,2.2,
0.7,1.2,2.3,
0.7,1.2,2.4,
0.7,1.2,2.5,
0.7,1.2,2.6,
0.7,1.2,2.7,
0.7,1.2,2.8,
0.7,1.2,2.9,
0.7,1.2,3,
0.7,1.2,3.1,
0.7,1.2,3.2,
0.7,1.2,3.3,
0.7,1.2,3.4,
0.7,1.2,3.5,
0.7,1.2,3.6,
0.8,1.2,0,
0.8,1.2,0.1,
0.8,1.2,0.2,
0.8,1.2,0.3,
0.8,1.2,0.4,
0.8,1.2,0.5,
0.8,1.2,0.6,
0.8,1.2,0.7,
0.8,1.2,0.8,
0.8,1.2,0.9,
0.8,1.2,1,
0.8,1.2,1.1,
0.8,1.2,1.2,
0.8,1.2,1.3,
0.8,1.2,1.4,
0.8,1.2,1.5,
0.8,1.2,1.6,
0.8,1.2,1.7,
0.8,1.2,1.8,
0.8,1.2,1.9,
0.8,1.2,2,
0.8,1.2,2.1,
0.8,1.2,2.2,
0.8,1.2,2.3,
0.8,1.2,2.4,
0.8,1.2,2.5,
0.8,1.2,2.6,
0.8,1.2,2.7,1.134048101
0.8,1.2,2.8,
0.8,1.2,2.9,
0.8,1.2,3,
0.8,1.2,3.1,
0.8,1.2,3.2,
0.8,1.2,3.3,
0.8,1.2,3.4,
0.8,1.2,3.5,
0.8,1.2,3.6,
0.9,1.2,0,0.957652122
0.9,1.2,0.1,
0.9,1.2,0.2,
0.9,1.2,0.3,
0.9,1.2,0.4,
0.9,1.2,0.5,
0.9,1.2,0.6,
0.9,1.2,0.7,
0.9,1.2,0.8,
0.9,1.2,0.9,
0.9,1.2,1,1.097875302
0.9,1.2,1.1,
0.9,1.2,1.2,
0.9,1.2,1.3,
0.9,1.2,1.4,
0.9,1.2,1.5,
0.9,1.2,1.6,
0.9,1.2,1.7,0.990599207
0.9,1.2,1.8,
0.9,1.2,1.9,
0.9,1.2,2,
0.9,1.2,2.1,1.003599002
0.9,1.2,2.2,
0.9,1.2,2.3,
0.9,1.2,2.4,
0.9,1.2,2.5,
0.9,1.2,2.6,
0.9,1.2,2.7,
0.9,1.2,2.8,
0.9,1.2,2.9,
0.9,1.2,3,
0.9,1.2,3.1,0.999606019
0.9,1.2,3.2,
0.9,1.2,3.3,
0.9,1.2,3.4,
0.9,1.2,3.5,
0.9,1.2,3.6,0.957687941
1,1.2,0,
1,1.2,0.1,
1,1.2,0.2,
1,1.2,0.3,
1,1.2,0.4,
1,1.2,0.5,0.999056507
1,1.2,0.6,
1,1.2,0.7,
1,1.2,0.8,
1,1.2,0.9,
1,1.2,1,
1,1.2,1.1,
1,1.2,1.2,
1,1.2,1.3,
1,1.2,1.4,
1,1.2,1.5,0.995596832
1,1.2,1.6,
1,1.2,1.7,
1,1.2,1.8,
1,1.2,1.9,
1,1.2,2,
1,1.2,2.1,
1,1.2,2.2,
1,1.2,2.3,
1,1.2,2.4,
1,1.2,2.5,1.059318256
1,1.2,2.6,
1,1.2,2.7,
1,1.2,2.8,
1,1.2,2.9,
1,1.2,3,
1,1.2,3.1,
1,1.2,3.2,
1,1.2,3.3,
1,1.2,3.4,
1,1.2,3.5,0.960926164
1,1.2,3.6,
1.1,1.2,0,
1.1,1.2,0.1,
1.1,1.2,0.2,
1.1,1.2,0.3,
1.1,1.2,0.4,
1.1,1.2,0.5,
1.1,1.2,0.6,
1.1,1.2,0.7,
1.1,1.2,0.8,1.057485794
1.1,1.2,0.9,
1.1,1.2,1,
1.1,1.2,1.1,
1.1,1.2,1.2,
1.1,1.2,1.3,
1.1,1.2,1.4,
1.1,1.2,1.5,
1.1,1.2,1.6,
1.1,1.2,1.7,
1.1,1.2,1.8,0.972065068
1.1,1.2,1.9,
1.1,1.2,2,
1.1,1.2,2.1,
1.1,1.2,2.2,
1.1,1.2,2.3,
1.1,1.2,2.4,
1.1,1.2,2.5,
1.1,1.2,2.6,
1.1,1.2,2.7,
1.1,1.2,2.8,1.124546359
1.1,1.2,2.9,
1.1,1.2,3,
1.1,1.2,3.1,
1.1,1.2,3.2,
1.1,1.2,3.3,
1.1,1.2,3.4,
1.1,1.2,3.5,
1.1,1.2,3.6,
1.2,1.2,0,
1.2,1.2,0.1,0.966160024
1.2,1.2,0.2,
1.2,1.2,0.3,
1.2,1.2,0.4,
1.2,1.2,0.5,
1.2,1.2,0.6,
1.2,1.2,0.7,
1.2,1.2,0.8,
1.2,1.2,0.9,
1.2,1.2,1,
1.2,1.2,1.1,1.046315903
1.2,1.2,1.2,
1.2,1.2,1.3,
1.2,1.2,1.4,
1.2,1.2,1.5,
1.2,1.2,1.6,
1.2,1.2,1.7,
1.2,1.2,1.8,
1.2,1.2,1.9,
1.2,1.2,2,
1.2,1.2,2.1,0.980420881
1.2,1.2,2.2,
1.2,1.2,2.3,
1.2,1.2,2.4,
1.2,1.2,2.5,
1.2,1.2,2.6,
1.2,1.2,2.7,
1.2,1.2,2.8,
1.2,1.2,2.9,
1.2,1.2,3,
1.2,1.2,3.1,1.009090135
1.2,1.2,3.2,
1.2,1.2,3.3,
1.2,1.2,3.4,
1.2,1.2,3.5,
1.2,1.2,3.6,
1.3,1.2,0,
1.3,1.2,0.1,
1.3,1.2,0.2,
1.3,1.2,0.3,
1.3,1.2,0.4,1.079010832
1.3,1.2,0.5,
1.3,1.2,0.6,
1.3,1.2,0.7,
1.3,1.2,0.8,
1.3,1.2,0.9,
1.3,1.2,1,
1.3,1.2,1.1,
1.3,1.2,1.2,
1.3,1.2,1.3,
1.3,1.2,1.4,0.988826727
1.3,1.2,1.5,
1.3,1.2,1.6,
1.3,1.2,1.7,
1.3,1.2,1.8,
1.3,1.2,1.9,
1.3,1.2,2,
1.3,1.2,2.1,
1.3,1.2,2.2,
1.3,1.2,2.3,
1.3,1.2,2.4,1.017930644
1.3,1.2,2.5,
1.3,1.2,2.6,
1.3,1.2,2.7,
1.3,1.2,2.8,
1.3,1.2,2.9,
1.3,1.2,3,
1.3,1.2,3.1,
1.3,1.2,3.2,
1.3,1.2,3.3,
1.3,1.2,3.4,1.056005268
1.3,1.2,3.5,
1.3,1.2,3.6,
1.4,1.2,0,
1.4,1.2,0.1,
1.4,1.2,0.2,
1.4,1.2,0.3,
1.4,1.2,0.4,
1.4,1.2,0.5,
1.4,1.2,0.6,
1.4,1.2,0.7,
1.4,1.2,0.8,1.113389261
1.4,1.2,0.9,
1.4,1.2,1,
1.4,1.2,1.1,
1.4,1.2,1.2,
1.4,1.2,1.3,
1.4,1.2,1.4,
1.4,1.2,1.5,
1.4,1.2,1.6,
1.4,1.2,1.7,
1.4,1.2,1.8,
1.4,1.2,1.9,0.960942368
1.4,1.2,2,
1.4,1.2,2.1,
1.4,1.2,2.2,
1.4,1.2,2.3,
1.4,1.2,2.4,
1.4,1.2,2.5,
1.4,1.2,2.6,
1.4,1.2,2.7,
1.4,1.2,2.8,
1.4,1.2,2.9,
1.4,1.2,3,1.103393158
1.4,1.2,3.1,
1.4,1.2,3.2,
1.4,1.2,3.3,
1.4,1.2,3.4,
1.4,1.2,3.5,
1.4,1.2,3.6,
1.5,1.2,0,
1.5,1.2,0.1,
1.5,1.2,0.2,
1.5,1.2,0.3,
1.5,1.2,0.4,1.045789987
1.5,1.2,0.5,
1.5,1.2,0.6,
1.5,1.2,0.7,
1.5,1.2,0.8,
1.5,1.2,0.9,
1.5,1.2,1,
1.5,1.2,1.1,
1.5,1.2,1.2,
1.5,1.2,1.3,
1.5,1.2,1.4,
1.5,1.2,1.5,0.972769227
1.5,1.2,1.6,
1.5,1.2,1.7,
1.5,1.2,1.8,
1.5,1.2,1.9,
1.5,1.2,2,
1.5,1.2,2.1,
1.5,1.2,2.2,
1.5,1.2,2.3,
1.5,1.2,2.4,
1.5,1.2,2.5,
1.5,1.2,2.6,1.054414443
1.5,1.2,2.7,
1.5,1.2,2.8,
1.5,1.2,2.9,
1.5,1.2,3,
1.5,1.2,3.1,
1.5,1.2,3.2,
1.5,1.2,3.3,
1.5,1.2,3.4,
1.5,1.2,3.5,
1.5,1.2,3.6,
1.6,1.2,0,1.001885083
1.6,1.2,0.1,
1.6,1.2,0.2,
1.6,1.2,0.3,
1.6,1.2,0.4,
1.6,1.2,0.5,
1.6,1.2,0.6,
1.6,1.2,0.7,
1.6,1.2,0.8,
1.6,1.2,0.9,
1.6,1.2,1,
1.6,1.2,1.1,1.034412856
1.6,1.2,1.2,
1.6,1.2,1.3,
1.6,1.2,1.4,
1.6,1.2,1.5,
1.6,1.2,1.6,
1.6,1.2,1.7,
1.6,1.2,1.8,
1.6,1.2,1.9,
1.6,1.2,2,
1.6,1.2,2.1,
1.6,1.2,2.2,0.981402496
1.6,1.2,2.3,
1.6,1.2,2.4,
1.6,1.2,2.5,
1.6,1.2,2.6,
1.6,1.2,2.7,
1.6,1.2,2.8,
1.6,1.2,2.9,
1.6,1.2,3,
1.6,1.2,3.1,
1.6,1.2,3.2,
1.6,1.2,3.3,
1.6,1.2,3.4,
1.6,1.2,3.5,
1.6,1.2,3.6,
1.7,1.2,0,
1.7,1.2,0.1,
1.7,1.2,0.2,
1.7,1.2,0.3,
1.7,1.2,0.4,
1.7,1.2,0.5,
1.7,1.2,0.6,
1.7,1.2,0.7,
1.7,1.2,0.8,
1.7,1.2,0.9,
1.7,1.2,1,
1.7,1.2,1.1,
1.7,1.2,1.2,
1.7,1.2,1.3,
1.7,1.2,1.4,
1.7,1.2,1.5,
1.7,1.2,1.6,
1.7,1.2,1.7,
1.7,1.2,1.8,
1.7,1.2,1.9,
1.7,1.2,2,
1.7,1.2,2.1,
1.7,1.2,2.2,
1.7,1.2,2.3,
1.7,1.2,2.4,
1.7,1.2,2.5,
1.7,1.2,2.6,
1.7,1.2,2.7,
1.7,1.2,2.8,
1.7,1.2,2.9,
1.7,1.2,3,
1.7,1.2,3.1,
1.7,1.2,3.2,
1.7,1.2,3.3,
1.7,1.2,3.4,
1.7,1.2,3.5,
1.7,1.2,3.6,
1.8,1.2,0,
1.8,1.2,0.1,
1.8,1.2,0.2,
1.8,1.2,0.3,
1.8,1.2,0.4,
1.8,1.2,0.5,
1.8,1.2,0.6,
1.8,1.2,0.7,
1.8,1.2,0.8,
1.8,1.2,0.9,
1.8,1.2,1,
1.8,1.2,1.1,
1.8,1.2,1.2,
1.8,1.2,1.3,
1.8,1.2,1.4,
1.8,1.2,1.5,
1.8,1.2,1.6,
1.8,1.2,1.7,
1.8,1.2,1.8,
1.8,1.2,1.9,
1.8,1.2,2,
1.8,1.2,2.1,
1.8,1.2,2.2,
1.8,1.2,2.3,
1.8,1.2,2.4,
1.8,1.2,2.5,
1.8,1.2,2.6,
1.8,1.2,2.7,
1.8,1.2,2.8,
1.8,1.2,2.9,
1.8,1.2,3,
1.8,1.2,3.1,
1.8,1.2,3.2,
1.8,1.2,3.3,
1.8,1.2,3.4,
1.8,1.2,3.5,
1.8,1.2,3.6,
1.9,1.2,0,
1.9,1.2,0.1,
1.9,1.2,0.2,
1.9,1.2,0.3,
1.9,1.2,0.4,
1.9,1.2,0.5,
1.9,1.2,0.6,
1.9,1.2,0.7,
1.9,1.2,0.8,
1.9,1.2,0.9,
1.9,1.2,1,
1.9,1.2,1.1,
1.9,1.2,1.2,
1.9,1.2,1.3,
1.9,1.2,1.4,
1.9,1.2,1.5,
1.9,1.2,1.6,
1.9,1.2,1.7,
1.9,1.2,1.8,
1.9,1.2,1.9,
1.9,1.2,2,
1.9,1.2,2.1,
1.9,1.2,2.2,
1.9,1.2,2.3,
1.9,1.2,2.4,
1.9,1.2,2.5,
1.9,1.2,2.6,
1.9,1.2,2.7,
1.9,1.2,2.8,
1.9,1.2,2.9,
1.9,1.2,3,
1.9,1.2,3.1,
1.9,1.2,3.2,
1.9,1.2,3.3,
1.9,1.2,3.4,
1.9,1.2,3.5,
1.9,1.2,3.6,
2,1.2,0,
2,1.2,0.1,
2,1.2,0.2,
2,1.2,0.3,
2,1.2,0.4,
2,1.2,0.5,
2,1.2,0.6,
2,1.2,0.7,
2,1.2,0.8,
2,1.2,0.9,
2,1.2,1,
2,1.2,1.1,
2,1.2,1.2,
2,1.2,1.3,
2,1.2,1.4,
2,1.2,1.5,
2,1.2,1.6,
2,1.2,1.7,
2,1.2,1.8,
2,1.2,1.9,
2,1.2,2,
2,1.2,2.1,
2,1.2,2.2,
2,1.2,2.3,
2,1.2,2.4,
2,1.2,2.5,
2,1.2,2.6,
2,1.2,2.7,
2,1.2,2.8,
2,1.2,2.9,
2,1.2,3,
2,1.2,3.1,
2,1.2,3.2,
2,1.2,3.3,
2,1.2,3.4,
2,1.2,3.5,
2,1.2,3.6,
2.1,1.2,0,
2.1,1.2,0.1,
2.1,1.2,0.2,
2.1,1.2,0.3,
2.1,1.2,0.4,
2.1,1.2,0.5,
2.1,1.2,0.6,
2.1,1.2,0.7,
2.1,1.2,0.8,
2.1,1.2,0.9,
2.1,1.2,1,
2.1,1.2,1.1,
2.1,1.2,1.2,
2.1,1.2,1.3,
2.1,1.2,1.4,
2.1,1.2,1.5,
2.1,1.2,1.6,
2.1,1.2,1.7,
2.1,1.2,1.8,
2.1,1.2,1.9,
2.1,1.2,2,
2.1,1.2,2.1,
2.1,1.2,2.2,
2.1,1.2,2.3,
2.1,1.2,2.4,
2.1,1.2,2.5,
2.1,1.2,2.6,
2.1,1.2,2.7,
2.1,1.2,2.8,
2.1,1.2,2.9,
2.1,1.2,3,
2.1,1.2,3.1,
2.1,1.2,3.2,
2.1,1.2,3.3,
2.1,1.2,3.4,
2.1,1.2,3.5,
2.1,1.2,3.6,
2.2,1.2,0,
2.2,1.2,0.1,
2.2,1.2,0.2,
2.2,1.2,0.3,
2.2,1.2,0.4,
2.2,1.2,0.5,
2.2,1.2,0.6,
2.2,1.2,0.7,
2.2,1.2,0.8,
2.2,1.2,0.9,
2.2,1.2,1,
2.2,1.2,1.1,
2.2,1.2,1.2,
2.2,1.2,1.3,
2.2,1.2,1.4,
2.2,1.2,1.5,
2.2,1.2,1.6,
2.2,1.2,1.7,
2.2,1.2,1.8,
2.2,1.2,1.9,
2.2,1.2,2,
2.2,1.2,2.1,
2.2,1.2,2.2,
2.2,1.2,2.3,
2.2,1.2,2.4,
2.2,1.2,2.5,
2.2,1.2,2.6,
2.2,1.2,2.7,
2.2,1.2,2.8,
2.2,1.2,2.9,
2.2,1.2,3,
2.2,1.2,3.1,
2.2,1.2,3.2,
2.2,1.2,3.3,
2.2,1.2,3.4,
2.2,1.2,3.5,
2.2,1.2,3.6,
2.3,1.2,0,
2.3,1.2,0.1,
2.3,1.2,0.2,
2.3,1.2,0.3,
2.3,1.2,0.4,
2.3,1.2,0.5,
2.3,1.2,0.6,
2.3,1.2,0.7,
2.3,1.2,0.8,
2.3,1.2,0.9,
2.3,1.2,1,
2.3,1.2,1.1,
2.3,1.2,1.2,
2.3,1.2,1.3,
2.3,1.2,1.4,
2.3,1.2,1.5,
2.3,1.2,1.6,
2.3,1.2,1.7,
2.3,1.2,1.8,
2.3,1.2,1.9,
2.3,1.2,2,
2.3,1.2,2.1,
2.3,1.2,2.2,
2.3,1.2,2.3,
2.3,1.2,2.4,
2.3,1.2,2.5,
2.3,1.2,2.6,
2.3,1.2,2.7,
2.3,1.2,2.8,
2.3,1.2,2.9,
2.3,1.2,3,
2.3,1.2,3.1,
2.3,1.2,3.2,
2.3,1.2,3.3,
2.3,1.2,3.4,
2.3,1.2,3.5,
2.3,1.2,3.6,
2.4,1.2,0,
2.4,1.2,0.1,
2.4,1.2,0.2,
2.4,1.2,0.3,
2.4,1.2,0.4,
2.4,1.2,0.5,
2.4,1.2,0.6,
2.4,1.2,0.7,
2.4,1.2,0.8,
2.4,1.2,0.9,
2.4,1.2,1,
2.4,1.2,1.1,
2.4,1.2,1.2,
2.4,1.2,1.3,
2.4,1.2,1.4,
2.4,1.2,1.5,
2.4,1.2,1.6,
2.4,1.2,1.7,
2.4,1.2,1.8,
2.4,1.2,1.9,
2.4,1.2,2,
2.4,1.2,2.1,
2.4,1.2,2.2,
2.4,1.2,2.3,
2.4,1.2,2.4,
2.4,1.2,2.5,
2.4,1.2,2.6,
2.4,1.2,2.7,
2.4,1.2,2.8,
2.4,1.2,2.9,
2.4,1.2,3,
2.4,1.2,3.1,
2.4,1.2,3.2,
2.4,1.2,3.3,
2.4,1.2,3.4,
2.4,1.2,3.5,
2.4,1.2,3.6,
2.5,1.2,0,
2.5,1.2,0.1,
2.5,1.2,0.2,
2.5,1.2,0.3,
2.5,1.2,0.4,
2.5,1.2,0.5,
2.5,1.2,0.6,
2.5,1.2,0.7,
2.5,1.2,0.8,
2.5,1.2,0.9,
2.5,1.2,1,
2.5,1.2,1.1,
2.5,1.2,1.2,
2.5,1.2,1.3,
2.5,1.2,1.4,
2.5,1.2,1.5,
2.5,1.2,1.6,
2.5,1.2,1.7,
2.5,1.2,1.8,
2.5,1.2,1.9,
2.5,1.2,2,
2.5,1.2,2.1,
2.5,1.2,2.2,
2.5,1.2,2.3,
2.5,1.2,2.4,
2.5,1.2,2.5,
2.5,1.2,2.6,
2.5,1.2,2.7,
2.5,1.2,2.8,
2.5,1.2,2.9,
2.5,1.2,3,
2.5,1.2,3.1,
2.5,1.2,3.2,
2.5,1.2,3.3,
2.5,1.2,3.4,
2.5,1.2,3.5,
2.5,1.2,3.6,
2.6,1.2,0,
2.6,1.2,0.1,
2.6,1.2,0.2,
2.6,1.2,0.3,
2.6,1.2,0.4,
2.6,1.2,0.5,
2.6,1.2,0.6,
2.6,1.2,0.7,
2.6,1.2,0.8,
2.6,1.2,0.9,
2.6,1.2,1,
2.6,1.2,1.1,
2.6,1.2,1.2,
2.6,1.2,1.3,
2.6,1.2,1.4,
2.6,1.2,1.5,1.042069627
2.6,1.2,1.6,
2.6,1.2,1.7,
2.6,1.2,1.8,
2.6,1.2,1.9,
2.6,1.2,2,
2.6,1.2,2.1,
2.6,1.2,2.2,
2.6,1.2,2.3,
2.6,1.2,2.4,
2.6,1.2,2.5,
2.6,1.2,2.6,
2.6,1.2,2.7,
2.6,1.2,2.8,
2.6,1.2,2.9,
2.6,1.2,3,
2.6,1.2,3.1,
2.6,1.2,3.2,
2.6,1.2,3.3,
2.6,1.2,3.4,
2.6,1.2,3.5,
2.6,1.2,3.6,
2.7,1.2,0,
2.7,1.2,0.1,
2.7,1.2,0.2,
2.7,1.2,0.3,
2.7,1.2,0.4,
2.7,1.2,0.5,
2.7,1.2,0.6,
2.7,1.2,0.7,
2.7,1.2,0.8,
2.7,1.2,0.9,
2.7,1.2,1,
2.7,1.2,1.1,
2.7,1.2,1.2,
2.7,1.2,1.3,
2.7,1.2,1.4,
2.7,1.2,1.5,
2.7,1.2,1.6,
2.7,1.2,1.7,
2.7,1.2,1.8,
2.7,1.2,1.9,
2.7,1.2,2,
2.7,1.2,2.1,
2.7,1.2,2.2,
2.7,1.2,2.3,
2.7,1.2,2.4,
2.7,1.2,2.5,
2.7,1.2,2.6,
2.7,1.2,2.7,
2.7,1.2,2.8,
2.7,1.2,2.9,
2.7,1.2,3,
2.7,1.2,3.1,
2.7,1.2,3.2,
2.7,1.2,3.3,
2.7,1.2,3.4,
2.7,1.2,3.5,
2.7,1.2,3.6,
2.8,1.2,0,
2.8,1.2,0.1,
2.8,1.2,0.2,
2.8,1.2,0.3,
2.8,1.2,0.4,
2.8,1.2,0.5,
2.8,1.2,0.6,
2.8,1.2,0.7,
2.8,1.2,0.8,
2.8,1.2,0.9,
2.8,1.2,1,
2.8,1.2,1.1,
2.8,1.2,1.2,
2.8,1.2,1.3,
2.8,1.2,1.4,
2.8,1.2,1.5,
2.8,1.2,1.6,
2.8,1.2,1.7,
2.8,1.2,1.8,
2.8,1.2,1.9,
2.8,1.2,2,
2.8,1.2,2.1,
2.8,1.2,2.2,
2.8,1.2,2.3,
2.8,1.2,2.4,
2.8,1.2,2.5,
2.8,1.2,2.6,
2.8,1.2,2.7,
2.8,1.2,2.8,
2.8,1.2,2.9,
2.8,1.2,3,
2.8,1.2,3.1,
2.8,1.2,3.2,
2.8,1.2,3.3,
2.8,1.2,3.4,
2.8,1.2,3.5,
2.8,1.2,3.6,
2.9,1.2,0,
2.9,1.2,0.1,
2.9,1.2,0.2,
2.9,1.2,0.3,
2.9,1.2,0.4,
2.9,1.2,0.5,
2.9,1.2,0.6,
2.9,1.2,0.7,
2.9,1.2,0.8,
2.9,1.2,0.9,
2.9,1.2,1,
2.9,1.2,1.1,
2.9,1.2,1.2,
2.9,1.2,1.3,
2.9,1.2,1.4,
2.9,1.2,1.5,
2.9,1.2,1.6,
2.9,1.2,1.7,
2.9,1.2,1.8,
2.9,1.2,1.9,
2.9,1.2,2,
2.9,1.2,2.1,
2.9,1.2,2.2,
2.9,1.2,2.3,
2.9,1.2,2.4,
2.9,1.2,2.5,
2.9,1.2,2.6,
2.9,1.2,2.7,
2.9,1.2,2.8,
2.9,1.2,2.9,
2.9,1.2,3,
2.9,1.2,3.1,
2.9,1.2,3.2,
2.9,1.2,3.3,
2.9,1.2,3.4,
2.9,1.2,3.5,
2.9,1.2,3.6,
3,1.2,0,
3,1.2,0.1,
3,1.2,0.2,
3,1.2,0.3,
3,1.2,0.4,
3,1.2,0.5,
3,1.2,0.6,
3,1.2,0.7,
3,1.2,0.8,
3,1.2,0.9,
3,1.2,1,
3,1.2,1.1,
3,1.2,1.2,
3,1.2,1.3,
3,1.2,1.4,
3,1.2,1.5,
3,1.2,1.6,0.966627379
3,1.2,1.7,
3,1.2,1.8,
3,1.2,1.9,
3,1.2,2,
3,1.2,2.1,
3,1.2,2.2,
3,1.2,2.3,
3,1.2,2.4,
3,1.2,2.5,
3,1.2,2.6,
3,1.2,2.7,1.109747078
3,1.2,2.8,
3,1.2,2.9,
3,1.2,3,
3,1.2,3.1,
3,1.2,3.2,
3,1.2,3.3,
3,1.2,3.4,
3,1.2,3.5,
3,1.2,3.6,
3.1,1.2,0,
3.1,1.2,0.1,0.986291527
3.1,1.2,0.2,
3.1,1.2,0.3,
3.1,1.2,0.4,
3.1,1.2,0.5,
3.1,1.2,0.6,
3.1,1.2,0.7,
3.1,1.2,0.8,
3.1,1.2,0.9,
3.1,1.2,1,1.053657692
3.1,1.2,1.1,
3.1,1.2,1.2,
3.1,1.2,1.3,0.999038882
3.1,1.2,1.4,
3.1,1.2,1.5,
3.1,1.2,1.6,
3.1,1.2,1.7,
3.1,1.2,1.8,
3.1,1.2,1.9,
3.1,1.2,2,
3.1,1.2,2.1,
3.1,1.2,2.2,0.982724394
3.1,1.2,2.3,
3.1,1.2,2.4,
3.1,1.2,2.5,1.155896933
3.1,1.2,2.6,
3.1,1.2,2.7,
3.1,1.2,2.8,
3.1,1.2,2.9,
3.1,1.2,3,
3.1,1.2,3.1,
3.1,1.2,3.2,
3.1,1.2,3.3,
3.1,1.2,3.4,0.99257324
3.1,1.2,3.5,
3.1,1.2,3.6,
3.2,1.2,0,0.994745132
3.2,1.2,0.1,
3.2,1.2,0.2,
3.2,1.2,0.3,
3.2,1.2,0.4,
3.2,1.2,0.5,
3.2,1.2,0.6,
3.2,1.2,0.7,
3.2,1.2,0.8,
3.2,1.2,0.9,1.129872895
3.2,1.2,1,
3.2,1.2,1.1,
3.2,1.2,1.2,1.015186783
3.2,1.2,1.3,
3.2,1.2,1.4,
3.2,1.2,1.5,
3.2,1.2,1.6,
3.2,1.2,1.7,
3.2,1.2,1.8,
3.2,1.2,1.9,
3.2,1.2,2,
3.2,1.2,2.1,0.97102546
3.2,1.2,2.2,
3.2,1.2,2.3,
3.2,1.2,2.4,1.012474192
3.2,1.2,2.5,
3.2,1.2,2.6,
3.2,1.2,2.7,
3.2,1.2,2.8,
3.2,1.2,2.9,
3.2,1.2,3,
3.2,1.2,3.1,
3.2,1.2,3.2,
3.2,1.2,3.3,1.012348825
3.2,1.2,3.4,
3.2,1.2,3.5,
3.2,1.2,3.6,0.994784078
3.3,1.2,0,
3.3,1.2,0.1,
3.3,1.2,0.2,
3.3,1.2,0.3,
3.3,1.2,0.4,
3.3,1.2,0.5,
3.3,1.2,0.6,
3.3,1.2,0.7,
3.3,1.2,0.8,1.118394561
3.3,1.2,0.9,
3.3,1.2,1,
3.3,1.2,1.1,1.030645591
3.3,1.2,1.2,
3.3,1.2,1.3,0.998039357
3.3,1.2,1.4,
3.3,1.2,1.5,
3.3,1.2,1.6,
3.3,1.2,1.7,
3.3,1.2,1.8,
3.3,1.2,1.9,0.959164202
3.3,1.2,2,
3.3,1.2,2.1,
3.3,1.2,2.2,0.982009148
3.3,1.2,2.3,
3.3,1.2,2.4,
3.3,1.2,2.5,1.027650427
3.3,1.2,2.6,
3.3,1.2,2.7,1.149207279
3.3,1.2,2.8,
3.3,1.2,2.9,
3.3,1.2,3,
3.3,1.2,3.1,
3.3,1.2,3.2,
3.3,1.2,3.3,
3.3,1.2,3.4,
3.3,1.2,3.5,1.009125954
3.3,1.2,3.6,
3.4,1.2,0,
3.4,1.2,0.1,0.986959014
3.4,1.2,0.2,
3.4,1.2,0.3,1.000430143
3.4,1.2,0.4,
3.4,1.2,0.5,
3.4,1.2,0.6,
3.4,1.2,0.7,
3.4,1.2,0.8,
3.4,1.2,0.9,
3.4,1.2,1,
3.4,1.2,1.1,1.032309192
3.4,1.2,1.2,
3.4,1.2,1.3,
3.4,1.2,1.4,0.985197905
3.4,1.2,1.5,
3.4,1.2,1.6,0.965953922
3.4,1.2,1.7,
3.4,1.2,1.8,
3.4,1.2,1.9,
3.4,1.2,2,
3.4,1.2,2.1,
3.4,1.2,2.2,
3.4,1.2,2.3,
3.4,1.2,2.4,1.013883079
3.4,1.2,2.5,
3.4,1.2,2.6,
3.4,1.2,2.7,1.166872377
3.4,1.2,2.8,
3.4,1.2,2.9,1.112970802
3.4,1.2,3,
3.4,1.2,3.1,
3.4,1.2,3.2,
3.4,1.2,3.3,
3.4,1.2,3.4,
3.4,1.2,3.5,
3.4,1.2,3.6,
3.5,1.2,0,0.976920269
3.5,1.2,0.1,
3.5,1.2,0.2,
3.5,1.2,0.3,0.991784934
3.5,1.2,0.4,
3.5,1.2,0.5,1.082682864
3.5,1.2,0.6,
3.5,1.2,0.7,
3.5,1.2,0.8,
3.5,1.2,0.9,
3.5,1.2,1,
3.5,1.2,1.1,
3.5,1.2,1.2,
3.5,1.2,1.3,1.002198075
3.5,1.2,1.4,
3.5,1.2,1.5,
3.5,1.2,1.6,0.968583503
3.5,1.2,1.7,
3.5,1.2,1.8,0.961785539
3.5,1.2,1.9,
3.5,1.2,2,
3.5,1.2,2.1,
3.5,1.2,2.2,
3.5,1.2,2.3,
3.5,1.2,2.4,
3.5,1.2,2.5,
3.5,1.2,2.6,1.054406768
3.5,1.2,2.7,
3.5,1.2,2.8,
3.5,1.2,2.9,1.130595816
3.5,1.2,3,
3.5,1.2,3.1,1.085477895
3.5,1.2,3.2,
3.5,1.2,3.3,
3.5,1.2,3.4,
3.5,1.2,3.5,
3.5,1.2,3.6,
3.6,1.2,0,
3.6,1.2,0.1,
3.6,1.2,0.2,0.976755387
3.6,1.2,0.3,
3.6,1.2,0.4,
3.6,1.2,0.5,1.010224977
3.6,1.2,0.6,
3.6,1.2,0.7,1.144501609
3.6,1.2,0.8,
3.6,1.2,0.9,
3.6,1.2,1,
3.6,1.2,1.1,
3.6,1.2,1.2,
3.6,1.2,1.3,
3.6,1.2,1.4,
3.6,1.2,1.5,0.980930878
3.6,1.2,1.6,
3.6,1.2,1.7,
3.6,1.2,1.8,0.965887117
3.6,1.2,1.9,
3.6,1.2,2,0.971807796
3.6,1.2,2.1,
3.6,1.2,2.2,
3.6,1.2,2.3,
3.6,1.2,2.4,
3.6,1.2,2.5,
3.6,1.2,2.6,
3.6,1.2,2.7,
3.6,1.2,2.8,1.177377339
3.6,1.2,2.9,
3.6,1.2,3,
3.6,1.2,3.1,1.012561466
3.6,1.2,3.2,
3.6,1.2,3.3,0.986278734
3.6,1.2,3.4,
3.6,1.2,3.5,
3.6,1.2,3.6,
3.7,1.2,0,
3.7,1.2,0.1,
3.7,1.2,0.2,
3.7,1.2,0.3,
3.7,1.2,0.4,0.990481231
3.7,1.2,0.5,
3.7,1.2,0.6,
3.7,1.2,0.7,
3.7,1.2,0.8,1.063018716
3.7,1.2,0.9,1.08742748
3.7,1.2,1,
3.7,1.2,1.1,
3.7,1.2,1.2,
3.7,1.2,1.3,
3.7,1.2,1.4,
3.7,1.2,1.5,
3.7,1.2,1.6,
3.7,1.2,1.7,0.973620074
3.7,1.2,1.8,
3.7,1.2,1.9,
3.7,1.2,2,
3.7,1.2,2.1,
3.7,1.2,2.2,0.99652216
3.7,1.2,2.3,1.010600509
3.7,1.2,2.4,
3.7,1.2,2.5,
3.7,1.2,2.6,
3.7,1.2,2.7,
3.7,1.2,2.8,
3.7,1.2,2.9,
3.7,1.2,3,1.024031271
3.7,1.2,3.1,
3.7,1.2,3.2,
3.7,1.2,3.3,
3.7,1.2,3.4,
3.7,1.2,3.5,0.967274398
3.7,1.2,3.6,
3.8,1.2,0,0.961524571
3.8,1.2,0.1,
3.8,1.2,0.2,
3.8,1.2,0.3,
3.8,1.2,0.4,
3.8,1.2,0.5,
3.8,1.2,0.6,
3.8,1.2,0.7,1.036347943
3.8,1.2,0.8,
3.8,1.2,0.9,
3.8,1.2,1,
3.8,1.2,1.1,1.055110642
3.8,1.2,1.2,
3.8,1.2,1.3,
3.8,1.2,1.4,1.006603546
3.8,1.2,1.5,
3.8,1.2,1.6,
3.8,1.2,1.7,
3.8,1.2,1.8,
3.8,1.2,1.9,
3.8,1.2,2,
3.8,1.2,2.1,0.993618534
3.8,1.2,2.2,
3.8,1.2,2.3,
3.8,1.2,2.4,1.031591671
3.8,1.2,2.5,
3.8,1.2,2.6,
3.8,1.2,2.7,
3.8,1.2,2.8,1.061859142
3.8,1.2,2.9,
3.8,1.2,3,
3.8,1.2,3.1,
3.8,1.2,3.2,
3.8,1.2,3.3,
3.8,1.2,3.4,
3.8,1.2,3.5,0.963594406
3.8,1.2,3.6,
3.9,1.2,0,0.95913748
3.9,1.2,0.1,
3.9,1.2,0.2,
3.9,1.2,0.3,
3.9,1.2,0.4,
3.9,1.2,0.5,0.997462555
3.9,1.2,0.6,
3.9,1.2,0.7,
3.9,1.2,0.8,
3.9,1.2,0.9,
3.9,1.2,1,
3.9,1.2,1.1,
3.9,1.2,1.2,1.044209395
3.9,1.2,1.3,1.026266557
3.9,1.2,1.4,
3.9,1.2,1.5,
3.9,1.2,1.6,
3.9,1.2,1.7,
3.9,1.2,1.8,
3.9,1.2,1.9,0.991213249
3.9,1.2,2,
3.9,1.2,2.1,
3.9,1.2,2.2,
3.9,1.2,2.3,
3.9,1.2,2.4,
3.9,1.2,2.5,
3.9,1.2,2.6,1.111257737
3.9,1.2,2.7,1.083887069
3.9,1.2,2.8,
3.9,1.2,2.9,
3.9,1.2,3,
3.9,1.2,3.1,
3.9,1.2,3.2,
3.9,1.2,3.3,0.974438514
3.9,1.2,3.4,
3.9,1.2,3.5,
3.9,1.2,3.6,
4,1.2,0,
4,1.2,0.1,
4,1.2,0.2,0.963986143
4,1.2,0.3,
4,1.2,0.4,0.98234147
4,1.2,0.5,
4,1.2,0.6,
4,1.2,0.7,
4,1.2,0.8,
4,1.2,0.9,
4,1.2,1,1.106142705
4,1.2,1.1,
4,1.2,1.2,
4,1.2,1.3,
4,1.2,1.4,
4,1.2,1.5,
4,1.2,1.6,1.009476754
4,1.2,1.7,
4,1.2,1.8,1.002291318
4,1.2,1.9,
4,1.2,2,
4,1.2,2.1,
4,1.2,2.2,
4,1.2,2.3,
4,1.2,2.4,
4,1.2,2.5,
4,1.2,2.6,
4,1.2,2.7,
4,1.2,2.8,
4,1.2,2.9,
4,1.2,3,1.015186498
4,1.2,3.1,
4,1.2,3.2,0.984159719
4,1.2,3.3,
4,1.2,3.4,
4,1.2,3.5,
4,1.2,3.6,
4.1,1.2,0,
4.1,1.2,0.1,
4.1,1.2,0.2,
4.1,1.2,0.3,
4.1,1.2,0.4,
4.1,1.2,0.5,
4.1,1.2,0.6,
4.1,1.2,0.7,1.032029745
4.1,1.2,0.8,
4.1,1.2,0.9,1.078883475
4.1,1.2,1,
4.1,1.2,1.1,
4.1,1.2,1.2,
4.1,1.2,1.3,
4.1,1.2,1.4,
4.1,1.2,1.5,1.015676311
4.1,1.2,1.6,
4.1,1.2,1.7,
4.1,1.2,1.8,
4.1,1.2,1.9,
4.1,1.2,2,
4.1,1.2,2.1,
4.1,1.2,2.2,1.017932349
4.1,1.2,2.3,
4.1,1.2,2.4,
4.1,1.2,2.5,
4.1,1.2,2.6,
4.1,1.2,2.7,
4.1,1.2,2.8,
4.1,1.2,2.9,
4.1,1.2,3,
4.1,1.2,3.1,
4.1,1.2,3.2,
4.1,1.2,3.3,
4.1,1.2,3.4,
4.1,1.2,3.5,
4.1,1.2,3.6,0.958014862
4.2,1.2,0,
4.2,1.2,0.1,
4.2,1.2,0.2,
4.2,1.2,0.3,
4.2,1.2,0.4,
4.2,1.2,0.5,
4.2,1.2,0.6,
4.2,1.2,0.7,
4.2,1.2,0.8,
4.2,1.2,0.9,
4.2,1.2,1,
4.2,1.2,1.1,
4.2,1.2,1.2,
4.2,1.2,1.3,1.024277172
4.2,1.2,1.4,
4.2,1.2,1.5,
4.2,1.2,1.6,
4.2,1.2,1.7,
4.2,1.2,1.8,
4.2,1.2,1.9,
4.2,1.2,2,
4.2,1.2,2.1,
4.2,1.2,2.2,
4.2,1.2,2.3,
4.2,1.2,2.4,
4.2,1.2,2.5,
4.2,1.2,2.6,
4.2,1.2,2.7,1.084257769
4.2,1.2,2.8,
4.2,1.2,2.9,
4.2,1.2,3,
4.2,1.2,3.1,
4.2,1.2,3.2,
4.2,1.2,3.3,
4.2,1.2,3.4,
4.2,1.2,3.5,
4.2,1.2,3.6,
4.3,1.2,0,
4.3,1.2,0.1,
4.3,1.2,0.2,
4.3,1.2,0.3,
4.3,1.2,0.4,0.987049415
4.3,1.2,0.5,
4.3,1.2,0.6,
4.3,1.2,0.7,
4.3,1.2,0.8,
4.3,1.2,0.9,
4.3,1.2,1,
4.3,1.2,1.1,
4.3,1.2,1.2,
4.3,1.2,1.3,
4.3,1.2,1.4,
4.3,1.2,1.5,
4.3,1.2,1.6,
4.3,1.2,1.7,
4.3,1.2,1.8,0.978149776
4.3,1.2,1.9,
4.3,1.2,2,
4.3,1.2,2.1,
4.3,1.2,2.2,
4.3,1.2,2.3,
4.3,1.2,2.4,
4.3,1.2,2.5,
4.3,1.2,2.6,
4.3,1.2,2.7,
4.3,1.2,2.8,
4.3,1.2,2.9,
4.3,1.2,3,
4.3,1.2,3.1,
4.3,1.2,3.2,
4.3,1.2,3.3,
4.3,1.2,3.4,
4.3,1.2,3.5,
4.3,1.2,3.6,
4.4,1.2,0,
4.4,1.2,0.1,
4.4,1.2,0.2,
4.4,1.2,0.3,
4.4,1.2,0.4,
4.4,1.2,0.5,
4.4,1.2,0.6,
4.4,1.2,0.7,
4.4,1.2,0.8,
4.4,1.2,0.9,
4.4,1.2,1,
4.4,1.2,1.1,
4.4,1.2,1.2,
4.4,1.2,1.3,
4.4,1.2,1.4,
4.4,1.2,1.5,
4.4,1.2,1.6,
4.4,1.2,1.7,
4.4,1.2,1.8,
4.4,1.2,1.9,
4.4,1.2,2,
4.4,1.2,2.1,
4.4,1.2,2.2,
4.4,1.2,2.3,
4.4,1.2,2.4,
4.4,1.2,2.5,
4.4,1.2,2.6,
4.4,1.2,2.7,
4.4,1.2,2.8,
4.4,1.2,2.9,
4.4,1.2,3,
4.4,1.2,3.1,
4.4,1.2,3.2,
4.4,1.2,3.3,
4.4,1.2,3.4,
4.4,1.2,3.5,
4.4,1.2,3.6,
4.5,1.2,0,
4.5,1.2,0.1,
4.5,1.2,0.2,
4.5,1.2,0.3,
4.5,1.2,0.4,
4.5,1.2,0.5,
4.5,1.2,0.6,
4.5,1.2,0.7,
4.5,1.2,0.8,
4.5,1.2,0.9,
4.5,1.2,1,
4.5,1.2,1.1,
4.5,1.2,1.2,
4.5,1.2,1.3,
4.5,1.2,1.4,
4.5,1.2,1.5,
4.5,1.2,1.6,
4.5,1.2,1.7,
4.5,1.2,1.8,
4.5,1.2,1.9,
4.5,1.2,2,
4.5,1.2,2.1,
4.5,1.2,2.2,
4.5,1.2,2.3,
4.5,1.2,2.4,
4.5,1.2,2.5,
4.5,1.2,2.6,
4.5,1.2,2.7,
4.5,1.2,2.8,
4.5,1.2,2.9,
4.5,1.2,3,
4.5,1.2,3.1,
4.5,1.2,3.2,
4.5,1.2,3.3,
4.5,1.2,3.4,
4.5,1.2,3.5,
4.5,1.2,3.6,
4.6,1.2,0,
4.6,1.2,0.1,
4.6,1.2,0.2,
4.6,1.2,0.3,
4.6,1.2,0.4,
4.6,1.2,0.5,
4.6,1.2,0.6,
4.6,1.2,0.7,
4.6,1.2,0.8,
4.6,1.2,0.9,
4.6,1.2,1,
4.6,1.2,1.1,
4.6,1.2,1.2,
4.6,1.2,1.3,
4.6,1.2,1.4,
4.6,1.2,1.5,
4.6,1.2,1.6,
4.6,1.2,1.7,
4.6,1.2,1.8,
4.6,1.2,1.9,
4.6,1.2,2,
4.6,1.2,2.1,
4.6,1.2,2.2,
4.6,1.2,2.3,
4.6,1.2,2.4,
4.6,1.2,2.5,
4.6,1.2,2.6,
4.6,1.2,2.7,
4.6,1.2,2.8,
4.6,1.2,2.9,
4.6,1.2,3,
4.6,1.2,3.1,
4.6,1.2,3.2,
4.6,1.2,3.3,
4.6,1.2,3.4,
4.6,1.2,3.5,
4.6,1.2,3.6,
4.7,1.2,0,
4.7,1.2,0.1,
4.7,1.2,0.2,
4.7,1.2,0.3,
4.7,1.2,0.4,
4.7,1.2,0.5,
4.7,1.2,0.6,
4.7,1.2,0.7,
4.7,1.2,0.8,
4.7,1.2,0.9,
4.7,1.2,1,
4.7,1.2,1.1,
4.7,1.2,1.2,
4.7,1.2,1.3,
4.7,1.2,1.4,
4.7,1.2,1.5,
4.7,1.2,1.6,
4.7,1.2,1.7,
4.7,1.2,1.8,
4.7,1.2,1.9,
4.7,1.2,2,
4.7,1.2,2.1,
4.7,1.2,2.2,
4.7,1.2,2.3,
4.7,1.2,2.4,
4.7,1.2,2.5,
4.7,1.2,2.6,
4.7,1.2,2.7,
4.7,1.2,2.8,
4.7,1.2,2.9,
4.7,1.2,3,
4.7,1.2,3.1,
4.7,1.2,3.2,
4.7,1.2,3.3,
4.7,1.2,3.4,
4.7,1.2,3.5,
4.7,1.2,3.6,
4.8,1.2,0,
4.8,1.2,0.1,
4.8,1.2,0.2,
4.8,1.2,0.3,
4.8,1.2,0.4,
4.8,1.2,0.5,
4.8,1.2,0.6,
4.8,1.2,0.7,
4.8,1.2,0.8,
4.8,1.2,0.9,
4.8,1.2,1,
4.8,1.2,1.1,
4.8,1.2,1.2,
4.8,1.2,1.3,
4.8,1.2,1.4,
4.8,1.2,1.5,
4.8,1.2,1.6,
4.8,1.2,1.7,
4.8,1.2,1.8,
4.8,1.2,1.9,
4.8,1.2,2,
4.8,1.2,2.1,
4.8,1.2,2.2,
4.8,1.2,2.3,
4.8,1.2,2.4,
4.8,1.2,2.5,
4.8,1.2,2.6,
4.8,1.2,2.7,
4.8,1.2,2.8,
4.8,1.2,2.9,
4.8,1.2,3,
4.8,1.2,3.1,
4.8,1.2,3.2,
4.8,1.2,3.3,
4.8,1.2,3.4,
4.8,1.2,3.5,
4.8,1.2,3.6,
4.9,1.2,0,
4.9,1.2,0.1,
4.9,1.2,0.2,
4.9,1.2,0.3,
4.9,1.2,0.4,
4.9,1.2,0.5,
4.9,1.2,0.6,
4.9,1.2,0.7,
4.9,1.2,0.8,
4.9,1.2,0.9,
4.9,1.2,1,
4.9,1.2,1.1,
4.9,1.2,1.2,
4.9,1.2,1.3,
4.9,1.2,1.4,
4.9,1.2,1.5,
4.9,1.2,1.6,
4.9,1.2,1.7,0.959312027
4.9,1.2,1.8,
4.9,1.2,1.9,
4.9,1.2,2,
4.9,1.2,2.1,
4.9,1.2,2.2,
4.9,1.2,2.3,
4.9,1.2,2.4,
4.9,1.2,2.5,
4.9,1.2,2.6,
4.9,1.2,2.7,
4.9,1.2,2.8,
4.9,1.2,2.9,
4.9,1.2,3,
4.9,1.2,3.1,
4.9,1.2,3.2,
4.9,1.2,3.3,
4.9,1.2,3.4,
4.9,1.2,3.5,
4.9,1.2,3.6,
5,1.2,0,
5,1.2,0.1,
5,1.2,0.2,
5,1.2,0.3,
5,1.2,0.4,
5,1.2,0.5,
5,1.2,0.6,
5,1.2,0.7,
5,1.2,0.8,
5,1.2,0.9,
5,1.2,1,
5,1.2,1.1,
5,1.2,1.2,
5,1.2,1.3,
5,1.2,1.4,
5,1.2,1.5,
5,1.2,1.6,
5,1.2,1.7,
5,1.2,1.8,
5,1.2,1.9,
5,1.2,2,
5,1.2,2.1,
5,1.2,2.2,
5,1.2,2.3,
5,1.2,2.4,
5,1.2,2.5,
5,1.2,2.6,
5,1.2,2.7,
5,1.2,2.8,
5,1.2,2.9,
5,1.2,3,
5,1.2,3.1,
5,1.2,3.2,
5,1.2,3.3,
5,1.2,3.4,
5,1.2,3.5,
5,1.2,3.6,
5.1,1.2,0,
5.1,1.2,0.1,
5.1,1.2,0.2,
5.1,1.2,0.3,
5.1,1.2,0.4,
5.1,1.2,0.5,
5.1,1.2,0.6,
5.1,1.2,0.7,
5.1,1.2,0.8,
5.1,1.2,0.9,
5.1,1.2,1,
5.1,1.2,1.1,
5.1,1.2,1.2,
5.1,1.2,1.3,
5.1,1.2,1.4,
5.1,1.2,1.5,
5.1,1.2,1.6,
5.1,1.2,1.7,
5.1,1.2,1.8,
5.1,1.2,1.9,
5.1,1.2,2,
5.1,1.2,2.1,
5.1,1.2,2.2,
5.1,1.2,2.3,
5.1,1.2,2.4,
5.1,1.2,2.5,
5.1,1.2,2.6,
5.1,1.2,2.7,
5.1,1.2,2.8,
5.1,1.2,2.9,
5.1,1.2,3,
5.1,1.2,3.1,
5.1,1.2,3.2,
5.1,1.2,3.3,
5.1,1.2,3.4,
5.1,1.2,3.5,
5.1,1.2,3.6,
5.2,1.2,0,
5.2,1.2,0.1,
5.2,1.2,0.2,
5.2,1.2,0.3,
5.2,1.2,0.4,
5.2,1.2,0.5,
5.2,1.2,0.6,
5.2,1.2,0.7,
5.2,1.2,0.8,
5.2,1.2,0.9,
5.2,1.2,1,
5.2,1.2,1.1,
5.2,1.2,1.2,
5.2,1.2,1.3,
5.2,1.2,1.4,
5.2,1.2,1.5,
5.2,1.2,1.6,
5.2,1.2,1.7,
5.2,1.2,1.8,
5.2,1.2,1.9,
5.2,1.2,2,
5.2,1.2,2.1,
5.2,1.2,2.2,
5.2,1.2,2.3,
5.2,1.2,2.4,
5.2,1.2,2.5,
5.2,1.2,2.6,
5.2,1.2,2.7,
5.2,1.2,2.8,
5.2,1.2,2.9,
5.2,1.2,3,
5.2,1.2,3.1,
5.2,1.2,3.2,
5.2,1.2,3.3,
5.2,1.2,3.4,
5.2,1.2,3.5,
5.2,1.2,3.6,
5.3,1.2,0,
5.3,1.2,0.1,
5.3,1.2,0.2,
5.3,1.2,0.3,
5.3,1.2,0.4,
5.3,1.2,0.5,
5.3,1.2,0.6,
5.3,1.2,0.7,
5.3,1.2,0.8,
5.3,1.2,0.9,
5.3,1.2,1,
5.3,1.2,1.1,
5.3,1.2,1.2,
5.3,1.2,1.3,
5.3,1.2,1.4,
5.3,1.2,1.5,
5.3,1.2,1.6,
5.3,1.2,1.7,
5.3,1.2,1.8,
5.3,1.2,1.9,
5.3,1.2,2,
5.3,1.2,2.1,
5.3,1.2,2.2,
5.3,1.2,2.3,
5.3,1.2,2.4,
5.3,1.2,2.5,
5.3,1.2,2.6,
5.3,1.2,2.7,
5.3,1.2,2.8,
5.3,1.2,2.9,
5.3,1.2,3,
5.3,1.2,3.1,
5.3,1.2,3.2,
5.3,1.2,3.3,
5.3,1.2,3.4,
5.3,1.2,3.5,
5.3,1.2,3.6,
5.4,1.2,0,
5.4,1.2,0.1,
5.4,1.2,0.2,
5.4,1.2,0.3,
5.4,1.2,0.4,
5.4,1.2,0.5,
5.4,1.2,0.6,
5.4,1.2,0.7,
5.4,1.2,0.8,
5.4,1.2,0.9,
5.4,1.2,1,
5.4,1.2,1.1,
5.4,1.2,1.2,
5.4,1.2,1.3,
5.4,1.2,1.4,
5.4,1.2,1.5,
5.4,1.2,1.6,
5.4,1.2,1.7,
5.4,1.2,1.8,
5.4,1.2,1.9,
5.4,1.2,2,
5.4,1.2,2.1,
5.4,1.2,2.2,
5.4,1.2,2.3,
5.4,1.2,2.4,
5.4,1.2,2.5,
5.4,1.2,2.6,
5.4,1.2,2.7,
5.4,1.2,2.8,
5.4,1.2,2.9,
5.4,1.2,3,
5.4,1.2,3.1,
5.4,1.2,3.2,
5.4,1.2,3.3,
5.4,1.2,3.4,
5.4,1.2,3.5,
5.4,1.2,3.6,
5.5,1.2,0,
5.5,1.2,0.1,
5.5,1.2,0.2,
5.5,1.2,0.3,
5.5,1.2,0.4,
5.5,1.2,0.5,
5.5,1.2,0.6,
5.5,1.2,0.7,
5.5,1.2,0.8,
5.5,1.2,0.9,
5.5,1.2,1,
5.5,1.2,1.1,
5.5,1.2,1.2,
5.5,1.2,1.3,
5.5,1.2,1.4,
5.5,1.2,1.5,
5.5,1.2,1.6,
5.5,1.2,1.7,
5.5,1.2,1.8,
5.5,1.2,1.9,
5.5,1.2,2,
5.5,1.2,2.1,
5.5,1.2,2.2,
5.5,1.2,2.3,
5.5,1.2,2.4,
5.5,1.2,2.5,
5.5,1.2,2.6,
5.5,1.2,2.7,
5.5,1.2,2.8,
5.5,1.2,2.9,
5.5,1.2,3,
5.5,1.2,3.1,
5.5,1.2,3.2,
5.5,1.2,3.3,
5.5,1.2,3.4,
5.5,1.2,3.5,
5.5,1.2,3.6,
5.6,1.2,0,
5.6,1.2,0.1,
5.6,1.2,0.2,
5.6,1.2,0.3,
5.6,1.2,0.4,
5.6,1.2,0.5,
5.6,1.2,0.6,
5.6,1.2,0.7,
5.6,1.2,0.8,
5.6,1.2,0.9,
5.6,1.2,1,
5.6,1.2,1.1,
5.6,1.2,1.2,
5.6,1.2,1.3,
5.6,1.2,1.4,
5.6,1.2,1.5,
5.6,1.2,1.6,
5.6,1.2,1.7,
5.6,1.2,1.8,
5.6,1.2,1.9,
5.6,1.2,2,
5.6,1.2,2.1,
5.6,1.2,2.2,
5.6,1.2,2.3,
5.6,1.2,2.4,
5.6,1.2,2.5,
5.6,1.2,2.6,
5.6,1.2,2.7,
5.6,1.2,2.8,
5.6,1.2,2.9,
5.6,1.2,3,
5.6,1.2,3.1,
5.6,1.2,3.2,
5.6,1.2,3.3,
5.6,1.2,3.4,
5.6,1.2,3.5,
5.6,1.2,3.6,
5.7,1.2,0,
5.7,1.2,0.1,
5.7,1.2,0.2,
5.7,1.2,0.3,
5.7,1.2,0.4,
5.7,1.2,0.5,
5.7,1.2,0.6,
5.7,1.2,0.7,
5.7,1.2,0.8,
5.7,1.2,0.9,
5.7,1.2,1,
5.7,1.2,1.1,
5.7,1.2,1.2,
5.7,1.2,1.3,
5.7,1.2,1.4,
5.7,1.2,1.5,
5.7,1.2,1.6,
5.7,1.2,1.7,
5.7,1.2,1.8,
5.7,1.2,1.9,
5.7,1.2,2,
5.7,1.2,2.1,
5.7,1.2,2.2,
5.7,1.2,2.3,
5.7,1.2,2.4,
5.7,1.2,2.5,
5.7,1.2,2.6,
5.7,1.2,2.7,
5.7,1.2,2.8,
5.7,1.2,2.9,
5.7,1.2,3,
5.7,1.2,3.1,
5.7,1.2,3.2,
5.7,1.2,3.3,
5.7,1.2,3.4,
5.7,1.2,3.5,
5.7,1.2,3.6,
5.8,1.2,0,
5.8,1.2,0.1,
5.8,1.2,0.2,
5.8,1.2,0.3,
5.8,1.2,0.4,
5.8,1.2,0.5,
5.8,1.2,0.6,
5.8,1.2,0.7,
5.8,1.2,0.8,
5.8,1.2,0.9,
5.8,1.2,1,
5.8,1.2,1.1,
5.8,1.2,1.2,
5.8,1.2,1.3,
5.8,1.2,1.4,
5.8,1.2,1.5,
5.8,1.2,1.6,
5.8,1.2,1.7,
5.8,1.2,1.8,
5.8,1.2,1.9,
5.8,1.2,2,
5.8,1.2,2.1,
5.8,1.2,2.2,
5.8,1.2,2.3,
5.8,1.2,2.4,
5.8,1.2,2.5,
5.8,1.2,2.6,
5.8,1.2,2.7,
5.8,1.2,2.8,
5.8,1.2,2.9,
5.8,1.2,3,
5.8,1.2,3.1,
5.8,1.2,3.2,
5.8,1.2,3.3,
5.8,1.2,3.4,
5.8,1.2,3.5,
5.8,1.2,3.6,
5.9,1.2,0,
5.9,1.2,0.1,
5.9,1.2,0.2,
5.9,1.2,0.3,
5.9,1.2,0.4,
5.9,1.2,0.5,
5.9,1.2,0.6,
5.9,1.2,0.7,
5.9,1.2,0.8,
5.9,1.2,0.9,
5.9,1.2,1,
5.9,1.2,1.1,
5.9,1.2,1.2,
5.9,1.2,1.3,
5.9,1.2,1.4,
5.9,1.2,1.5,
5.9,1.2,1.6,
5.9,1.2,1.7,
5.9,1.2,1.8,
5.9,1.2,1.9,
5.9,1.2,2,
5.9,1.2,2.1,
5.9,1.2,2.2,
5.9,1.2,2.3,
5.9,1.2,2.4,
5.9,1.2,2.5,
5.9,1.2,2.6,
5.9,1.2,2.7,
5.9,1.2,2.8,
5.9,1.2,2.9,
5.9,1.2,3,
5.9,1.2,3.1,
5.9,1.2,3.2,
5.9,1.2,3.3,
5.9,1.2,3.4,
5.9,1.2,3.5,
5.9,1.2,3.6,
6,1.2,0,
6,1.2,0.1,
6,1.2,0.2,
6,1.2,0.3,
6,1.2,0.4,
6,1.2,0.5,
6,1.2,0.6,
6,1.2,0.7,
6,1.2,0.8,
6,1.2,0.9,
6,1.2,1,
6,1.2,1.1,
6,1.2,1.2,
6,1.2,1.3,
6,1.2,1.4,
6,1.2,1.5,
6,1.2,1.6,
6,1.2,1.7,
6,1.2,1.8,
6,1.2,1.9,
6,1.2,2,
6,1.2,2.1,
6,1.2,2.2,
6,1.2,2.3,
6,1.2,2.4,
6,1.2,2.5,
6,1.2,2.6,
6,1.2,2.7,
6,1.2,2.8,
6,1.2,2.9,
6,1.2,3,
6,1.2,3.1,
6,1.2,3.2,
6,1.2,3.3,
6,1.2,3.4,
6,1.2,3.5,
6,1.2,3.6,
6.1,1.2,0,
6.1,1.2,0.1,
6.1,1.2,0.2,
6.1,1.2,0.3,
6.1,1.2,0.4,
6.1,1.2,0.5,
6.1,1.2,0.6,
6.1,1.2,0.7,
6.1,1.2,0.8,
6.1,1.2,0.9,
6.1,1.2,1,
6.1,1.2,1.1,
6.1,1.2,1.2,
6.1,1.2,1.3,
6.1,1.2,1.4,
6.1,1.2,1.5,
6.1,1.2,1.6,
6.1,1.2,1.7,
6.1,1.2,1.8,
6.1,1.2,1.9,
6.1,1.2,2,
6.1,1.2,2.1,
6.1,1.2,2.2,
6.1,1.2,2.3,
6.1,1.2,2.4,
6.1,1.2,2.5,
6.1,1.2,2.6,
6.1,1.2,2.7,
6.1,1.2,2.8,
6.1,1.2,2.9,
6.1,1.2,3,
6.1,1.2,3.1,
6.1,1.2,3.2,
6.1,1.2,3.3,
6.1,1.2,3.4,
6.1,1.2,3.5,
6.1,1.2,3.6,
6.2,1.2,0,
6.2,1.2,0.1,
6.2,1.2,0.2,
6.2,1.2,0.3,
6.2,1.2,0.4,
6.2,1.2,0.5,
6.2,1.2,0.6,
6.2,1.2,0.7,
6.2,1.2,0.8,
6.2,1.2,0.9,
6.2,1.2,1,
6.2,1.2,1.1,
6.2,1.2,1.2,
6.2,1.2,1.3,
6.2,1.2,1.4,
6.2,1.2,1.5,
6.2,1.2,1.6,
6.2,1.2,1.7,
6.2,1.2,1.8,
6.2,1.2,1.9,
6.2,1.2,2,
6.2,1.2,2.1,
6.2,1.2,2.2,
6.2,1.2,2.3,
6.2,1.2,2.4,
6.2,1.2,2.5,
6.2,1.2,2.6,
6.2,1.2,2.7,
6.2,1.2,2.8,
6.2,1.2,2.9,
6.2,1.2,3,
6.2,1.2,3.1,
6.2,1.2,3.2,
6.2,1.2,3.3,
6.2,1.2,3.4,
6.2,1.2,3.5,
6.2,1.2,3.6,
6.3,1.2,0,
6.3,1.2,0.1,
6.3,1.2,0.2,
6.3,1.2,0.3,
6.3,1.2,0.4,
6.3,1.2,0.5,
6.3,1.2,0.6,
6.3,1.2,0.7,
6.3,1.2,0.8,
6.3,1.2,0.9,
6.3,1.2,1,
6.3,1.2,1.1,
6.3,1.2,1.2,
6.3,1.2,1.3,
6.3,1.2,1.4,
6.3,1.2,1.5,
6.3,1.2,1.6,
6.3,1.2,1.7,
6.3,1.2,1.8,
6.3,1.2,1.9,
6.3,1.2,2,
6.3,1.2,2.1,
6.3,1.2,2.2,
6.3,1.2,2.3,
6.3,1.2,2.4,
6.3,1.2,2.5,
6.3,1.2,2.6,
6.3,1.2,2.7,
6.3,1.2,2.8,
6.3,1.2,2.9,
6.3,1.2,3,
6.3,1.2,3.1,
6.3,1.2,3.2,
6.3,1.2,3.3,
6.3,1.2,3.4,
6.3,1.2,3.5,
6.3,1.2,3.6,
6.4,1.2,0,
6.4,1.2,0.1,
6.4,1.2,0.2,
6.4,1.2,0.3,
6.4,1.2,0.4,
6.4,1.2,0.5,
6.4,1.2,0.6,
6.4,1.2,0.7,
6.4,1.2,0.8,
6.4,1.2,0.9,
6.4,1.2,1,
6.4,1.2,1.1,
6.4,1.2,1.2,
6.4,1.2,1.3,
6.4,1.2,1.4,
6.4,1.2,1.5,
6.4,1.2,1.6,
6.4,1.2,1.7,
6.4,1.2,1.8,
6.4,1.2,1.9,
6.4,1.2,2,
6.4,1.2,2.1,
6.4,1.2,2.2,
6.4,1.2,2.3,
6.4,1.2,2.4,
6.4,1.2,2.5,
6.4,1.2,2.6,
6.4,1.2,2.7,
6.4,1.2,2.8,
6.4,1.2,2.9,
6.4,1.2,3,
6.4,1.2,3.1,
6.4,1.2,3.2,
6.4,1.2,3.3,
6.4,1.2,3.4,
6.4,1.2,3.5,
6.4,1.2,3.6,
6.5,1.2,0,
6.5,1.2,0.1,
6.5,1.2,0.2,
6.5,1.2,0.3,
6.5,1.2,0.4,
6.5,1.2,0.5,
6.5,1.2,0.6,
6.5,1.2,0.7,
6.5,1.2,0.8,
6.5,1.2,0.9,
6.5,1.2,1,
6.5,1.2,1.1,
6.5,1.2,1.2,
6.5,1.2,1.3,
6.5,1.2,1.4,
6.5,1.2,1.5,
6.5,1.2,1.6,
6.5,1.2,1.7,
6.5,1.2,1.8,
6.5,1.2,1.9,
6.5,1.2,2,
6.5,1.2,2.1,
6.5,1.2,2.2,
6.5,1.2,2.3,
6.5,1.2,2.4,
6.5,1.2,2.5,
6.5,1.2,2.6,
6.5,1.2,2.7,
6.5,1.2,2.8,
6.5,1.2,2.9,
6.5,1.2,3,
6.5,1.2,3.1,
6.5,1.2,3.2,
6.5,1.2,3.3,
6.5,1.2,3.4,
6.5,1.2,3.5,
6.5,1.2,3.6,
6.6,1.2,0,
6.6,1.2,0.1,
6.6,1.2,0.2,
6.6,1.2,0.3,
6.6,1.2,0.4,
6.6,1.2,0.5,
6.6,1.2,0.6,
6.6,1.2,0.7,
6.6,1.2,0.8,
6.6,1.2,0.9,
6.6,1.2,1,
6.6,1.2,1.1,
6.6,1.2,1.2,
6.6,1.2,1.3,
6.6,1.2,1.4,
6.6,1.2,1.5,
6.6,1.2,1.6,
6.6,1.2,1.7,
6.6,1.2,1.8,
6.6,1.2,1.9,
6.6,1.2,2,
6.6,1.2,2.1,
6.6,1.2,2.2,
6.6,1.2,2.3,
6.6,1.2,2.4,
6.6,1.2,2.5,
6.6,1.2,2.6,
6.6,1.2,2.7,
6.6,1.2,2.8,
6.6,1.2,2.9,
6.6,1.2,3,
6.6,1.2,3.1,
6.6,1.2,3.2,
6.6,1.2,3.3,
6.6,1.2,3.4,
6.6,1.2,3.5,
6.6,1.2,3.6,
6.7,1.2,0,
6.7,1.2,0.1,
6.7,1.2,0.2,
6.7,1.2,0.3,
6.7,1.2,0.4,
6.7,1.2,0.5,
6.7,1.2,0.6,
6.7,1.2,0.7,
6.7,1.2,0.8,
6.7,1.2,0.9,
6.7,1.2,1,
6.7,1.2,1.1,
6.7,1.2,1.2,
6.7,1.2,1.3,
6.7,1.2,1.4,
6.7,1.2,1.5,
6.7,1.2,1.6,
6.7,1.2,1.7,
6.7,1.2,1.8,
6.7,1.2,1.9,
6.7,1.2,2,
6.7,1.2,2.1,
6.7,1.2,2.2,
6.7,1.2,2.3,
6.7,1.2,2.4,
6.7,1.2,2.5,
6.7,1.2,2.6,
6.7,1.2,2.7,
6.7,1.2,2.8,
6.7,1.2,2.9,
6.7,1.2,3,
6.7,1.2,3.1,
6.7,1.2,3.2,
6.7,1.2,3.3,
6.7,1.2,3.4,
6.7,1.2,3.5,
6.7,1.2,3.6,
6.8,1.2,0,
6.8,1.2,0.1,
6.8,1.2,0.2,
6.8,1.2,0.3,
6.8,1.2,0.4,
6.8,1.2,0.5,
6.8,1.2,0.6,
6.8,1.2,0.7,
6.8,1.2,0.8,
6.8,1.2,0.9,
6.8,1.2,1,
6.8,1.2,1.1,
6.8,1.2,1.2,
6.8,1.2,1.3,
6.8,1.2,1.4,
6.8,1.2,1.5,
6.8,1.2,1.6,
6.8,1.2,1.7,
6.8,1.2,1.8,
6.8,1.2,1.9,
6.8,1.2,2,
6.8,1.2,2.1,
6.8,1.2,2.2,
6.8,1.2,2.3,
6.8,1.2,2.4,
6.8,1.2,2.5,
6.8,1.2,2.6,
6.8,1.2,2.7,
6.8,1.2,2.8,
6.8,1.2,2.9,
6.8,1.2,3,
6.8,1.2,3.1,
6.8,1.2,3.2,
6.8,1.2,3.3,
6.8,1.2,3.4,
6.8,1.2,3.5,
6.8,1.2,3.6,
6.9,1.2,0,
6.9,1.2,0.1,
6.9,1.2,0.2,
6.9,1.2,0.3,
6.9,1.2,0.4,
6.9,1.2,0.5,
6.9,1.2,0.6,
6.9,1.2,0.7,
6.9,1.2,0.8,
6.9,1.2,0.9,
6.9,1.2,1,
6.9,1.2,1.1,
6.9,1.2,1.2,
6.9,1.2,1.3,
6.9,1.2,1.4,
6.9,1.2,1.5,
6.9,1.2,1.6,
6.9,1.2,1.7,
6.9,1.2,1.8,
6.9,1.2,1.9,
6.9,1.2,2,
6.9,1.2,2.1,
6.9,1.2,2.2,
6.9,1.2,2.3,
6.9,1.2,2.4,
6.9,1.2,2.5,
6.9,1.2,2.6,
6.9,1.2,2.7,
6.9,1.2,2.8,
6.9,1.2,2.9,
6.9,1.2,3,
6.9,1.2,3.1,
6.9,1.2,3.2,
6.9,1.2,3.3,
6.9,1.2,3.4,
6.9,1.2,3.5,
6.9,1.2,3.6,
7,1.2,0,
7,1.2,0.1,
7,1.2,0.2,
7,1.2,0.3,
7,1.2,0.4,
7,1.2,0.5,
7,1.2,0.6,
7,1.2,0.7,
7,1.2,0.8,
7,1.2,0.9,
7,1.2,1,
7,1.2,1.1,
7,1.2,1.2,
7,1.2,1.3,
7,1.2,1.4,
7,1.2,1.5,
7,1.2,1.6,
7,1.2,1.7,
7,1.2,1.8,
7,1.2,1.9,
7,1.2,2,
7,1.2,2.1,
7,1.2,2.2,
7,1.2,2.3,
7,1.2,2.4,
7,1.2,2.5,
7,1.2,2.6,
7,1.2,2.7,
7,1.2,2.8,
7,1.2,2.9,
7,1.2,3,
7,1.2,3.1,
7,1.2,3.2,
7,1.2,3.3,
7,1.2,3.4,
7,1.2,3.5,
7,1.2,3.6,
7.1,1.2,0,
7.1,1.2,0.1,
7.1,1.2,0.2,
7.1,1.2,0.3,
7.1,1.2,0.4,
7.1,1.2,0.5,
7.1,1.2,0.6,
7.1,1.2,0.7,
7.1,1.2,0.8,
7.1,1.2,0.9,
7.1,1.2,1,
7.1,1.2,1.1,
7.1,1.2,1.2,
7.1,1.2,1.3,
7.1,1.2,1.4,
7.1,1.2,1.5,
7.1,1.2,1.6,
7.1,1.2,1.7,
7.1,1.2,1.8,
7.1,1.2,1.9,
7.1,1.2,2,
7.1,1.2,2.1,
7.1,1.2,2.2,
7.1,1.2,2.3,
7.1,1.2,2.4,
7.1,1.2,2.5,
7.1,1.2,2.6,
7.1,1.2,2.7,
7.1,1.2,2.8,
7.1,1.2,2.9,
7.1,1.2,3,
7.1,1.2,3.1,
7.1,1.2,3.2,
7.1,1.2,3.3,
7.1,1.2,3.4,
7.1,1.2,3.5,
7.1,1.2,3.6,
7.2,1.2,0,
7.2,1.2,0.1,
7.2,1.2,0.2,
7.2,1.2,0.3,
7.2,1.2,0.4,
7.2,1.2,0.5,
7.2,1.2,0.6,
7.2,1.2,0.7,
7.2,1.2,0.8,
7.2,1.2,0.9,
7.2,1.2,1,
7.2,1.2,1.1,
7.2,1.2,1.2,
7.2,1.2,1.3,
7.2,1.2,1.4,
7.2,1.2,1.5,
7.2,1.2,1.6,
7.2,1.2,1.7,
7.2,1.2,1.8,
7.2,1.2,1.9,
7.2,1.2,2,
7.2,1.2,2.1,
7.2,1.2,2.2,
7.2,1.2,2.3,
7.2,1.2,2.4,
7.2,1.2,2.5,
7.2,1.2,2.6,
7.2,1.2,2.7,
7.2,1.2,2.8,
7.2,1.2,2.9,
7.2,1.2,3,
7.2,1.2,3.1,
7.2,1.2,3.2,
7.2,1.2,3.3,
7.2,1.2,3.4,
7.2,1.2,3.5,
7.2,1.2,3.6,
7.3,1.2,0,
7.3,1.2,0.1,
7.3,1.2,0.2,
7.3,1.2,0.3,
7.3,1.2,0.4,
7.3,1.2,0.5,
7.3,1.2,0.6,
7.3,1.2,0.7,
7.3,1.2,0.8,
7.3,1.2,0.9,
7.3,1.2,1,
7.3,1.2,1.1,
7.3,1.2,1.2,
7.3,1.2,1.3,
7.3,1.2,1.4,
7.3,1.2,1.5,
7.3,1.2,1.6,
7.3,1.2,1.7,
7.3,1.2,1.8,
7.3,1.2,1.9,
7.3,1.2,2,
7.3,1.2,2.1,
7.3,1.2,2.2,
7.3,1.2,2.3,
7.3,1.2,2.4,
7.3,1.2,2.5,
7.3,1.2,2.6,
7.3,1.2,2.7,
7.3,1.2,2.8,
7.3,1.2,2.9,
7.3,1.2,3,
7.3,1.2,3.1,
7.3,1.2,3.2,
7.3,1.2,3.3,
7.3,1.2,3.4,
7.3,1.2,3.5,
7.3,1.2,3.6,
7.4,1.2,0,
7.4,1.2,0.1,
7.4,1.2,0.2,
7.4,1.2,0.3,
7.4,1.2,0.4,
7.4,1.2,0.5,
7.4,1.2,0.6,
7.4,1.2,0.7,
7.4,1.2,0.8,
7.4,1.2,0.9,
7.4,1.2,1,
7.4,1.2,1.1,
7.4,1.2,1.2,
7.4,1.2,1.3,
7.4,1.2,1.4,
7.4,1.2,1.5,
7.4,1.2,1.6,
7.4,1.2,1.7,
7.4,1.2,1.8,
7.4,1.2,1.9,
7.4,1.2,2,
7.4,1.2,2.1,
7.4,1.2,2.2,
7.4,1.2,2.3,
7.4,1.2,2.4,
7.4,1.2,2.5,
7.4,1.2,2.6,
7.4,1.2,2.7,
7.4,1.2,2.8,
7.4,1.2,2.9,
7.4,1.2,3,
7.4,1.2,3.1,
7.4,1.2,3.2,
7.4,1.2,3.3,
7.4,1.2,3.4,
7.4,1.2,3.5,
7.4,1.2,3.6,
7.5,1.2,0,
7.5,1.2,0.1,
7.5,1.2,0.2,
7.5,1.2,0.3,
7.5,1.2,0.4,
7.5,1.2,0.5,
7.5,1.2,0.6,
7.5,1.2,0.7,
7.5,1.2,0.8,
7.5,1.2,0.9,
7.5,1.2,1,
7.5,1.2,1.1,
7.5,1.2,1.2,
7.5,1.2,1.3,
7.5,1.2,1.4,
7.5,1.2,1.5,
7.5,1.2,1.6,
7.5,1.2,1.7,
7.5,1.2,1.8,
7.5,1.2,1.9,
7.5,1.2,2,
7.5,1.2,2.1,
7.5,1.2,2.2,
7.5,1.2,2.3,
7.5,1.2,2.4,
7.5,1.2,2.5,
7.5,1.2,2.6,
7.5,1.2,2.7,
7.5,1.2,2.8,
7.5,1.2,2.9,
7.5,1.2,3,
7.5,1.2,3.1,
7.5,1.2,3.2,
7.5,1.2,3.3,
7.5,1.2,3.4,
7.5,1.2,3.5,
7.5,1.2,3.6,
7.6,1.2,0,
7.6,1.2,0.1,
7.6,1.2,0.2,
7.6,1.2,0.3,
7.6,1.2,0.4,
7.6,1.2,0.5,
7.6,1.2,0.6,
7.6,1.2,0.7,
7.6,1.2,0.8,
7.6,1.2,0.9,
7.6,1.2,1,
7.6,1.2,1.1,
7.6,1.2,1.2,
7.6,1.2,1.3,
7.6,1.2,1.4,
7.6,1.2,1.5,
7.6,1.2,1.6,
7.6,1.2,1.7,
7.6,1.2,1.8,
7.6,1.2,1.9,
7.6,1.2,2,
7.6,1.2,2.1,
7.6,1.2,2.2,
7.6,1.2,2.3,
7.6,1.2,2.4,
7.6,1.2,2.5,
7.6,1.2,2.6,
7.6,1.2,2.7,
7.6,1.2,2.8,
7.6,1.2,2.9,
7.6,1.2,3,
7.6,1.2,3.1,
7.6,1.2,3.2,
7.6,1.2,3.3,
7.6,1.2,3.4,
7.6,1.2,3.5,
7.6,1.2,3.6,
7.7,1.2,0,
7.7,1.2,0.1,
7.7,1.2,0.2,
7.7,1.2,0.3,
7.7,1.2,0.4,
7.7,1.2,0.5,
7.7,1.2,0.6,
7.7,1.2,0.7,
7.7,1.2,0.8,
7.7,1.2,0.9,
7.7,1.2,1,
7.7,1.2,1.1,
7.7,1.2,1.2,
7.7,1.2,1.3,
7.7,1.2,1.4,
7.7,1.2,1.5,
7.7,1.2,1.6,
7.7,1.2,1.7,
7.7,1.2,1.8,
7.7,1.2,1.9,
7.7,1.2,2,
7.7,1.2,2.1,
7.7,1.2,2.2,
7.7,1.2,2.3,
7.7,1.2,2.4,
7.7,1.2,2.5,
7.7,1.2,2.6,
7.7,1.2,2.7,
7.7,1.2,2.8,
7.7,1.2,2.9,
7.7,1.2,3,
7.7,1.2,3.1,
7.7,1.2,3.2,
7.7,1.2,3.3,
7.7,1.2,3.4,
7.7,1.2,3.5,
7.7,1.2,3.6,
7.8,1.2,0,
7.8,1.2,0.1,
7.8,1.2,0.2,
7.8,1.2,0.3,
7.8,1.2,0.4,
7.8,1.2,0.5,
7.8,1.2,0.6,
7.8,1.2,0.7,
7.8,1.2,0.8,
7.8,1.2,0.9,
7.8,1.2,1,
7.8,1.2,1.1,
7.8,1.2,1.2,
7.8,1.2,1.3,
7.8,1.2,1.4,
7.8,1.2,1.5,
7.8,1.2,1.6,
7.8,1.2,1.7,
7.8,1.2,1.8,
7.8,1.2,1.9,
7.8,1.2,2,
7.8,1.2,2.1,
7.8,1.2,2.2,
7.8,1.2,2.3,
7.8,1.2,2.4,
7.8,1.2,2.5,
7.8,1.2,2.6,
7.8,1.2,2.7,
7.8,1.2,2.8,
7.8,1.2,2.9,
7.8,1.2,3,
7.8,1.2,3.1,
7.8,1.2,3.2,
7.8,1.2,3.3,
7.8,1.2,3.4,
7.8,1.2,3.5,
7.8,1.2,3.6,
7.9,1.2,0,
7.9,1.2,0.1,
7.9,1.2,0.2,
7.9,1.2,0.3,
7.9,1.2,0.4,
7.9,1.2,0.5,
7.9,1.2,0.6,
7.9,1.2,0.7,
7.9,1.2,0.8,
7.9,1.2,0.9,
7.9,1.2,1,
7.9,1.2,1.1,
7.9,1.2,1.2,
7.9,1.2,1.3,
7.9,1.2,1.4,
7.9,1.2,1.5,
7.9,1.2,1.6,
7.9,1.2,1.7,
7.9,1.2,1.8,
7.9,1.2,1.9,
7.9,1.2,2,
7.9,1.2,2.1,
7.9,1.2,2.2,
7.9,1.2,2.3,
7.9,1.2,2.4,
7.9,1.2,2.5,
7.9,1.2,2.6,
7.9,1.2,2.7,
7.9,1.2,2.8,
7.9,1.2,2.9,
7.9,1.2,3,
7.9,1.2,3.1,
7.9,1.2,3.2,
7.9,1.2,3.3,
7.9,1.2,3.4,
7.9,1.2,3.5,
7.9,1.2,3.6,
8,1.2,0,
8,1.2,0.1,
8,1.2,0.2,
8,1.2,0.3,
8,1.2,0.4,
8,1.2,0.5,
8,1.2,0.6,
8,1.2,0.7,
8,1.2,0.8,
8,1.2,0.9,
8,1.2,1,
8,1.2,1.1,
8,1.2,1.2,
8,1.2,1.3,
8,1.2,1.4,
8,1.2,1.5,
8,1.2,1.6,
8,1.2,1.7,
8,1.2,1.8,
8,1.2,1.9,
8,1.2,2,
8,1.2,2.1,
8,1.2,2.2,
8,1.2,2.3,
8,1.2,2.4,
8,1.2,2.5,
8,1.2,2.6,
8,1.2,2.7,
8,1.2,2.8,
8,1.2,2.9,
8,1.2,3,
8,1.2,3.1,
8,1.2,3.2,
8,1.2,3.3,
8,1.2,3.4,
8,1.2,3.5,
8,1.2,3.6,
0,1.3,0,
0,1.3,0.1,
0,1.3,0.2,
0,1.3,0.3,
0,1.3,0.4,
0,1.3,0.5,
0,1.3,0.6,
0,1.3,0.7,
0,1.3,0.8,
0,1.3,0.9,
0,1.3,1,
0,1.3,1.1,
0,1.3,1.2,
0,1.3,1.3,
0,1.3,1.4,
0,1.3,1.5,
0,1.3,1.6,
0,1.3,1.7,
0,1.3,1.8,
0,1.3,1.9,
0,1.3,2,
0,1.3,2.1,
0,1.3,2.2,
0,1.3,2.3,
0,1.3,2.4,
0,1.3,2.5,
0,1.3,2.6,
0,1.3,2.7,
0,1.3,2.8,
0,1.3,2.9,
0,1.3,3,
0,1.3,3.1,
0,1.3,3.2,
0,1.3,3.3,
0,1.3,3.4,
0,1.3,3.5,
0,1.3,3.6,
0.1,1.3,0,
0.1,1.3,0.1,
0.1,1.3,0.2,
0.1,1.3,0.3,
0.1,1.3,0.4,
0.1,1.3,0.5,
0.1,1.3,0.6,
0.1,1.3,0.7,
0.1,1.3,0.8,
0.1,1.3,0.9,
0.1,1.3,1,
0.1,1.3,1.1,
0.1,1.3,1.2,
0.1,1.3,1.3,
0.1,1.3,1.4,
0.1,1.3,1.5,
0.1,1.3,1.6,
0.1,1.3,1.7,
0.1,1.3,1.8,
0.1,1.3,1.9,
0.1,1.3,2,
0.1,1.3,2.1,
0.1,1.3,2.2,
0.1,1.3,2.3,
0.1,1.3,2.4,
0.1,1.3,2.5,
0.1,1.3,2.6,
0.1,1.3,2.7,
0.1,1.3,2.8,
0.1,1.3,2.9,
0.1,1.3,3,
0.1,1.3,3.1,
0.1,1.3,3.2,
0.1,1.3,3.3,
0.1,1.3,3.4,
0.1,1.3,3.5,
0.1,1.3,3.6,
0.2,1.3,0,
0.2,1.3,0.1,
0.2,1.3,0.2,
0.2,1.3,0.3,
0.2,1.3,0.4,
0.2,1.3,0.5,
0.2,1.3,0.6,
0.2,1.3,0.7,
0.2,1.3,0.8,
0.2,1.3,0.9,
0.2,1.3,1,
0.2,1.3,1.1,
0.2,1.3,1.2,
0.2,1.3,1.3,
0.2,1.3,1.4,
0.2,1.3,1.5,
0.2,1.3,1.6,
0.2,1.3,1.7,
0.2,1.3,1.8,
0.2,1.3,1.9,
0.2,1.3,2,
0.2,1.3,2.1,
0.2,1.3,2.2,
0.2,1.3,2.3,
0.2,1.3,2.4,
0.2,1.3,2.5,
0.2,1.3,2.6,
0.2,1.3,2.7,
0.2,1.3,2.8,
0.2,1.3,2.9,
0.2,1.3,3,
0.2,1.3,3.1,
0.2,1.3,3.2,
0.2,1.3,3.3,
0.2,1.3,3.4,
0.2,1.3,3.5,
0.2,1.3,3.6,1.004126623
0.3,1.3,0,
0.3,1.3,0.1,
0.3,1.3,0.2,
0.3,1.3,0.3,
0.3,1.3,0.4,
0.3,1.3,0.5,
0.3,1.3,0.6,
0.3,1.3,0.7,
0.3,1.3,0.8,
0.3,1.3,0.9,
0.3,1.3,1,
0.3,1.3,1.1,
0.3,1.3,1.2,
0.3,1.3,1.3,
0.3,1.3,1.4,
0.3,1.3,1.5,
0.3,1.3,1.6,
0.3,1.3,1.7,
0.3,1.3,1.8,
0.3,1.3,1.9,
0.3,1.3,2,
0.3,1.3,2.1,
0.3,1.3,2.2,
0.3,1.3,2.3,
0.3,1.3,2.4,
0.3,1.3,2.5,
0.3,1.3,2.6,
0.3,1.3,2.7,
0.3,1.3,2.8,
0.3,1.3,2.9,
0.3,1.3,3,
0.3,1.3,3.1,
0.3,1.3,3.2,
0.3,1.3,3.3,
0.3,1.3,3.4,
0.3,1.3,3.5,
0.3,1.3,3.6,
0.4,1.3,0,
0.4,1.3,0.1,
0.4,1.3,0.2,
0.4,1.3,0.3,
0.4,1.3,0.4,
0.4,1.3,0.5,
0.4,1.3,0.6,
0.4,1.3,0.7,
0.4,1.3,0.8,
0.4,1.3,0.9,
0.4,1.3,1,
0.4,1.3,1.1,
0.4,1.3,1.2,
0.4,1.3,1.3,
0.4,1.3,1.4,
0.4,1.3,1.5,
0.4,1.3,1.6,
0.4,1.3,1.7,
0.4,1.3,1.8,
0.4,1.3,1.9,
0.4,1.3,2,
0.4,1.3,2.1,
0.4,1.3,2.2,
0.4,1.3,2.3,
0.4,1.3,2.4,
0.4,1.3,2.5,
0.4,1.3,2.6,
0.4,1.3,2.7,
0.4,1.3,2.8,
0.4,1.3,2.9,
0.4,1.3,3,
0.4,1.3,3.1,
0.4,1.3,3.2,
0.4,1.3,3.3,
0.4,1.3,3.4,
0.4,1.3,3.5,
0.4,1.3,3.6,
0.5,1.3,0,
0.5,1.3,0.1,
0.5,1.3,0.2,
0.5,1.3,0.3,
0.5,1.3,0.4,
0.5,1.3,0.5,
0.5,1.3,0.6,
0.5,1.3,0.7,
0.5,1.3,0.8,
0.5,1.3,0.9,
0.5,1.3,1,
0.5,1.3,1.1,
0.5,1.3,1.2,
0.5,1.3,1.3,
0.5,1.3,1.4,
0.5,1.3,1.5,
0.5,1.3,1.6,
0.5,1.3,1.7,
0.5,1.3,1.8,
0.5,1.3,1.9,
0.5,1.3,2,
0.5,1.3,2.1,
0.5,1.3,2.2,
0.5,1.3,2.3,
0.5,1.3,2.4,
0.5,1.3,2.5,
0.5,1.3,2.6,
0.5,1.3,2.7,
0.5,1.3,2.8,
0.5,1.3,2.9,
0.5,1.3,3,
0.5,1.3,3.1,
0.5,1.3,3.2,
0.5,1.3,3.3,
0.5,1.3,3.4,
0.5,1.3,3.5,
0.5,1.3,3.6,
0.6,1.3,0,
0.6,1.3,0.1,
0.6,1.3,0.2,
0.6,1.3,0.3,
0.6,1.3,0.4,
0.6,1.3,0.5,
0.6,1.3,0.6,
0.6,1.3,0.7,
0.6,1.3,0.8,
0.6,1.3,0.9,
0.6,1.3,1,
0.6,1.3,1.1,
0.6,1.3,1.2,
0.6,1.3,1.3,
0.6,1.3,1.4,
0.6,1.3,1.5,
0.6,1.3,1.6,
0.6,1.3,1.7,
0.6,1.3,1.8,
0.6,1.3,1.9,
0.6,1.3,2,
0.6,1.3,2.1,
0.6,1.3,2.2,
0.6,1.3,2.3,
0.6,1.3,2.4,
0.6,1.3,2.5,
0.6,1.3,2.6,
0.6,1.3,2.7,
0.6,1.3,2.8,
0.6,1.3,2.9,
0.6,1.3,3,
0.6,1.3,3.1,
0.6,1.3,3.2,
0.6,1.3,3.3,
0.6,1.3,3.4,
0.6,1.3,3.5,
0.6,1.3,3.6,
0.7,1.3,0,
0.7,1.3,0.1,
0.7,1.3,0.2,
0.7,1.3,0.3,
0.7,1.3,0.4,
0.7,1.3,0.5,
0.7,1.3,0.6,
0.7,1.3,0.7,
0.7,1.3,0.8,
0.7,1.3,0.9,
0.7,1.3,1,
0.7,1.3,1.1,
0.7,1.3,1.2,
0.7,1.3,1.3,
0.7,1.3,1.4,
0.7,1.3,1.5,
0.7,1.3,1.6,
0.7,1.3,1.7,
0.7,1.3,1.8,
0.7,1.3,1.9,
0.7,1.3,2,
0.7,1.3,2.1,
0.7,1.3,2.2,
0.7,1.3,2.3,
0.7,1.3,2.4,
0.7,1.3,2.5,
0.7,1.3,2.6,
0.7,1.3,2.7,
0.7,1.3,2.8,
0.7,1.3,2.9,
0.7,1.3,3,
0.7,1.3,3.1,
0.7,1.3,3.2,
0.7,1.3,3.3,
0.7,1.3,3.4,
0.7,1.3,3.5,
0.7,1.3,3.6,
0.8,1.3,0,
0.8,1.3,0.1,
0.8,1.3,0.2,
0.8,1.3,0.3,
0.8,1.3,0.4,
0.8,1.3,0.5,
0.8,1.3,0.6,
0.8,1.3,0.7,
0.8,1.3,0.8,
0.8,1.3,0.9,
0.8,1.3,1,
0.8,1.3,1.1,
0.8,1.3,1.2,
0.8,1.3,1.3,
0.8,1.3,1.4,
0.8,1.3,1.5,
0.8,1.3,1.6,
0.8,1.3,1.7,
0.8,1.3,1.8,
0.8,1.3,1.9,
0.8,1.3,2,
0.8,1.3,2.1,
0.8,1.3,2.2,
0.8,1.3,2.3,
0.8,1.3,2.4,
0.8,1.3,2.5,
0.8,1.3,2.6,
0.8,1.3,2.7,
0.8,1.3,2.8,
0.8,1.3,2.9,
0.8,1.3,3,
0.8,1.3,3.1,
0.8,1.3,3.2,
0.8,1.3,3.3,
0.8,1.3,3.4,
0.8,1.3,3.5,
0.8,1.3,3.6,
0.9,1.3,0,
0.9,1.3,0.1,
0.9,1.3,0.2,
0.9,1.3,0.3,
0.9,1.3,0.4,
0.9,1.3,0.5,
0.9,1.3,0.6,
0.9,1.3,0.7,
0.9,1.3,0.8,
0.9,1.3,0.9,
0.9,1.3,1,
0.9,1.3,1.1,
0.9,1.3,1.2,
0.9,1.3,1.3,
0.9,1.3,1.4,
0.9,1.3,1.5,
0.9,1.3,1.6,
0.9,1.3,1.7,
0.9,1.3,1.8,
0.9,1.3,1.9,
0.9,1.3,2,
0.9,1.3,2.1,
0.9,1.3,2.2,
0.9,1.3,2.3,
0.9,1.3,2.4,
0.9,1.3,2.5,
0.9,1.3,2.6,
0.9,1.3,2.7,
0.9,1.3,2.8,
0.9,1.3,2.9,
0.9,1.3,3,
0.9,1.3,3.1,
0.9,1.3,3.2,
0.9,1.3,3.3,
0.9,1.3,3.4,
0.9,1.3,3.5,
0.9,1.3,3.6,
1,1.3,0,
1,1.3,0.1,
1,1.3,0.2,
1,1.3,0.3,
1,1.3,0.4,
1,1.3,0.5,
1,1.3,0.6,
1,1.3,0.7,
1,1.3,0.8,
1,1.3,0.9,
1,1.3,1,
1,1.3,1.1,
1,1.3,1.2,
1,1.3,1.3,
1,1.3,1.4,
1,1.3,1.5,
1,1.3,1.6,
1,1.3,1.7,
1,1.3,1.8,
1,1.3,1.9,
1,1.3,2,
1,1.3,2.1,
1,1.3,2.2,
1,1.3,2.3,
1,1.3,2.4,
1,1.3,2.5,
1,1.3,2.6,
1,1.3,2.7,
1,1.3,2.8,
1,1.3,2.9,
1,1.3,3,
1,1.3,3.1,
1,1.3,3.2,
1,1.3,3.3,
1,1.3,3.4,
1,1.3,3.5,
1,1.3,3.6,
1.1,1.3,0,
1.1,1.3,0.1,
1.1,1.3,0.2,
1.1,1.3,0.3,
1.1,1.3,0.4,
1.1,1.3,0.5,
1.1,1.3,0.6,
1.1,1.3,0.7,
1.1,1.3,0.8,
1.1,1.3,0.9,
1.1,1.3,1,
1.1,1.3,1.1,
1.1,1.3,1.2,
1.1,1.3,1.3,
1.1,1.3,1.4,
1.1,1.3,1.5,
1.1,1.3,1.6,
1.1,1.3,1.7,
1.1,1.3,1.8,
1.1,1.3,1.9,
1.1,1.3,2,
1.1,1.3,2.1,
1.1,1.3,2.2,
1.1,1.3,2.3,
1.1,1.3,2.4,
1.1,1.3,2.5,
1.1,1.3,2.6,
1.1,1.3,2.7,
1.1,1.3,2.8,
1.1,1.3,2.9,
1.1,1.3,3,
1.1,1.3,3.1,
1.1,1.3,3.2,
1.1,1.3,3.3,
1.1,1.3,3.4,
1.1,1.3,3.5,
1.1,1.3,3.6,
1.2,1.3,0,
1.2,1.3,0.1,
1.2,1.3,0.2,
1.2,1.3,0.3,
1.2,1.3,0.4,
1.2,1.3,0.5,
1.2,1.3,0.6,
1.2,1.3,0.7,
1.2,1.3,0.8,
1.2,1.3,0.9,
1.2,1.3,1,
1.2,1.3,1.1,
1.2,1.3,1.2,
1.2,1.3,1.3,
1.2,1.3,1.4,
1.2,1.3,1.5,
1.2,1.3,1.6,
1.2,1.3,1.7,
1.2,1.3,1.8,
1.2,1.3,1.9,
1.2,1.3,2,
1.2,1.3,2.1,
1.2,1.3,2.2,
1.2,1.3,2.3,
1.2,1.3,2.4,
1.2,1.3,2.5,
1.2,1.3,2.6,
1.2,1.3,2.7,
1.2,1.3,2.8,
1.2,1.3,2.9,
1.2,1.3,3,
1.2,1.3,3.1,
1.2,1.3,3.2,
1.2,1.3,3.3,
1.2,1.3,3.4,
1.2,1.3,3.5,
1.2,1.3,3.6,
1.3,1.3,0,
1.3,1.3,0.1,
1.3,1.3,0.2,
1.3,1.3,0.3,
1.3,1.3,0.4,
1.3,1.3,0.5,
1.3,1.3,0.6,
1.3,1.3,0.7,
1.3,1.3,0.8,
1.3,1.3,0.9,
1.3,1.3,1,
1.3,1.3,1.1,
1.3,1.3,1.2,
1.3,1.3,1.3,
1.3,1.3,1.4,
1.3,1.3,1.5,
1.3,1.3,1.6,
1.3,1.3,1.7,
1.3,1.3,1.8,
1.3,1.3,1.9,
1.3,1.3,2,
1.3,1.3,2.1,
1.3,1.3,2.2,
1.3,1.3,2.3,
1.3,1.3,2.4,
1.3,1.3,2.5,
1.3,1.3,2.6,
1.3,1.3,2.7,
1.3,1.3,2.8,
1.3,1.3,2.9,
1.3,1.3,3,
1.3,1.3,3.1,
1.3,1.3,3.2,
1.3,1.3,3.3,
1.3,1.3,3.4,
1.3,1.3,3.5,
1.3,1.3,3.6,
1.4,1.3,0,
1.4,1.3,0.1,
1.4,1.3,0.2,
1.4,1.3,0.3,
1.4,1.3,0.4,
1.4,1.3,0.5,
1.4,1.3,0.6,
1.4,1.3,0.7,
1.4,1.3,0.8,
1.4,1.3,0.9,
1.4,1.3,1,
1.4,1.3,1.1,
1.4,1.3,1.2,
1.4,1.3,1.3,
1.4,1.3,1.4,
1.4,1.3,1.5,
1.4,1.3,1.6,
1.4,1.3,1.7,
1.4,1.3,1.8,
1.4,1.3,1.9,
1.4,1.3,2,
1.4,1.3,2.1,
1.4,1.3,2.2,
1.4,1.3,2.3,
1.4,1.3,2.4,
1.4,1.3,2.5,
1.4,1.3,2.6,
1.4,1.3,2.7,
1.4,1.3,2.8,
1.4,1.3,2.9,
1.4,1.3,3,
1.4,1.3,3.1,
1.4,1.3,3.2,
1.4,1.3,3.3,
1.4,1.3,3.4,
1.4,1.3,3.5,
1.4,1.3,3.6,
1.5,1.3,0,
1.5,1.3,0.1,
1.5,1.3,0.2,
1.5,1.3,0.3,
1.5,1.3,0.4,
1.5,1.3,0.5,
1.5,1.3,0.6,
1.5,1.3,0.7,
1.5,1.3,0.8,
1.5,1.3,0.9,
1.5,1.3,1,
1.5,1.3,1.1,
1.5,1.3,1.2,
1.5,1.3,1.3,
1.5,1.3,1.4,
1.5,1.3,1.5,
1.5,1.3,1.6,
1.5,1.3,1.7,
1.5,1.3,1.8,
1.5,1.3,1.9,
1.5,1.3,2,
1.5,1.3,2.1,
1.5,1.3,2.2,
1.5,1.3,2.3,
1.5,1.3,2.4,
1.5,1.3,2.5,
1.5,1.3,2.6,
1.5,1.3,2.7,
1.5,1.3,2.8,
1.5,1.3,2.9,
1.5,1.3,3,
1.5,1.3,3.1,
1.5,1.3,3.2,
1.5,1.3,3.3,
1.5,1.3,3.4,
1.5,1.3,3.5,
1.5,1.3,3.6,
1.6,1.3,0,
1.6,1.3,0.1,
1.6,1.3,0.2,
1.6,1.3,0.3,
1.6,1.3,0.4,
1.6,1.3,0.5,
1.6,1.3,0.6,
1.6,1.3,0.7,
1.6,1.3,0.8,
1.6,1.3,0.9,
1.6,1.3,1,
1.6,1.3,1.1,
1.6,1.3,1.2,
1.6,1.3,1.3,
1.6,1.3,1.4,
1.6,1.3,1.5,
1.6,1.3,1.6,
1.6,1.3,1.7,
1.6,1.3,1.8,
1.6,1.3,1.9,
1.6,1.3,2,
1.6,1.3,2.1,
1.6,1.3,2.2,
1.6,1.3,2.3,
1.6,1.3,2.4,
1.6,1.3,2.5,
1.6,1.3,2.6,
1.6,1.3,2.7,
1.6,1.3,2.8,
1.6,1.3,2.9,
1.6,1.3,3,
1.6,1.3,3.1,
1.6,1.3,3.2,
1.6,1.3,3.3,
1.6,1.3,3.4,
1.6,1.3,3.5,
1.6,1.3,3.6,
1.7,1.3,0,
1.7,1.3,0.1,
1.7,1.3,0.2,
1.7,1.3,0.3,
1.7,1.3,0.4,
1.7,1.3,0.5,
1.7,1.3,0.6,
1.7,1.3,0.7,
1.7,1.3,0.8,
1.7,1.3,0.9,
1.7,1.3,1,
1.7,1.3,1.1,
1.7,1.3,1.2,
1.7,1.3,1.3,
1.7,1.3,1.4,
1.7,1.3,1.5,
1.7,1.3,1.6,
1.7,1.3,1.7,
1.7,1.3,1.8,
1.7,1.3,1.9,
1.7,1.3,2,
1.7,1.3,2.1,
1.7,1.3,2.2,
1.7,1.3,2.3,
1.7,1.3,2.4,
1.7,1.3,2.5,
1.7,1.3,2.6,
1.7,1.3,2.7,
1.7,1.3,2.8,
1.7,1.3,2.9,
1.7,1.3,3,
1.7,1.3,3.1,
1.7,1.3,3.2,
1.7,1.3,3.3,
1.7,1.3,3.4,
1.7,1.3,3.5,
1.7,1.3,3.6,
1.8,1.3,0,
1.8,1.3,0.1,
1.8,1.3,0.2,
1.8,1.3,0.3,
1.8,1.3,0.4,
1.8,1.3,0.5,
1.8,1.3,0.6,
1.8,1.3,0.7,
1.8,1.3,0.8,
1.8,1.3,0.9,
1.8,1.3,1,
1.8,1.3,1.1,
1.8,1.3,1.2,
1.8,1.3,1.3,
1.8,1.3,1.4,
1.8,1.3,1.5,
1.8,1.3,1.6,
1.8,1.3,1.7,
1.8,1.3,1.8,
1.8,1.3,1.9,
1.8,1.3,2,
1.8,1.3,2.1,
1.8,1.3,2.2,
1.8,1.3,2.3,
1.8,1.3,2.4,
1.8,1.3,2.5,
1.8,1.3,2.6,
1.8,1.3,2.7,
1.8,1.3,2.8,
1.8,1.3,2.9,
1.8,1.3,3,
1.8,1.3,3.1,
1.8,1.3,3.2,
1.8,1.3,3.3,
1.8,1.3,3.4,
1.8,1.3,3.5,
1.8,1.3,3.6,
1.9,1.3,0,
1.9,1.3,0.1,
1.9,1.3,0.2,
1.9,1.3,0.3,
1.9,1.3,0.4,
1.9,1.3,0.5,
1.9,1.3,0.6,
1.9,1.3,0.7,
1.9,1.3,0.8,
1.9,1.3,0.9,
1.9,1.3,1,
1.9,1.3,1.1,
1.9,1.3,1.2,
1.9,1.3,1.3,
1.9,1.3,1.4,
1.9,1.3,1.5,
1.9,1.3,1.6,
1.9,1.3,1.7,
1.9,1.3,1.8,
1.9,1.3,1.9,
1.9,1.3,2,
1.9,1.3,2.1,
1.9,1.3,2.2,
1.9,1.3,2.3,
1.9,1.3,2.4,
1.9,1.3,2.5,
1.9,1.3,2.6,
1.9,1.3,2.7,
1.9,1.3,2.8,
1.9,1.3,2.9,
1.9,1.3,3,
1.9,1.3,3.1,
1.9,1.3,3.2,
1.9,1.3,3.3,
1.9,1.3,3.4,
1.9,1.3,3.5,
1.9,1.3,3.6,
2,1.3,0,
2,1.3,0.1,
2,1.3,0.2,
2,1.3,0.3,
2,1.3,0.4,
2,1.3,0.5,
2,1.3,0.6,
2,1.3,0.7,
2,1.3,0.8,
2,1.3,0.9,
2,1.3,1,
2,1.3,1.1,
2,1.3,1.2,
2,1.3,1.3,
2,1.3,1.4,
2,1.3,1.5,
2,1.3,1.6,
2,1.3,1.7,
2,1.3,1.8,
2,1.3,1.9,
2,1.3,2,
2,1.3,2.1,
2,1.3,2.2,
2,1.3,2.3,
2,1.3,2.4,
2,1.3,2.5,
2,1.3,2.6,
2,1.3,2.7,
2,1.3,2.8,
2,1.3,2.9,
2,1.3,3,
2,1.3,3.1,
2,1.3,3.2,
2,1.3,3.3,
2,1.3,3.4,
2,1.3,3.5,
2,1.3,3.6,
2.1,1.3,0,
2.1,1.3,0.1,
2.1,1.3,0.2,
2.1,1.3,0.3,
2.1,1.3,0.4,
2.1,1.3,0.5,
2.1,1.3,0.6,
2.1,1.3,0.7,
2.1,1.3,0.8,
2.1,1.3,0.9,
2.1,1.3,1,
2.1,1.3,1.1,
2.1,1.3,1.2,
2.1,1.3,1.3,
2.1,1.3,1.4,
2.1,1.3,1.5,
2.1,1.3,1.6,
2.1,1.3,1.7,
2.1,1.3,1.8,
2.1,1.3,1.9,
2.1,1.3,2,
2.1,1.3,2.1,
2.1,1.3,2.2,
2.1,1.3,2.3,
2.1,1.3,2.4,
2.1,1.3,2.5,
2.1,1.3,2.6,
2.1,1.3,2.7,
2.1,1.3,2.8,
2.1,1.3,2.9,
2.1,1.3,3,
2.1,1.3,3.1,
2.1,1.3,3.2,
2.1,1.3,3.3,
2.1,1.3,3.4,
2.1,1.3,3.5,
2.1,1.3,3.6,
2.2,1.3,0,
2.2,1.3,0.1,
2.2,1.3,0.2,
2.2,1.3,0.3,
2.2,1.3,0.4,
2.2,1.3,0.5,
2.2,1.3,0.6,
2.2,1.3,0.7,
2.2,1.3,0.8,
2.2,1.3,0.9,
2.2,1.3,1,
2.2,1.3,1.1,
2.2,1.3,1.2,
2.2,1.3,1.3,
2.2,1.3,1.4,
2.2,1.3,1.5,
2.2,1.3,1.6,
2.2,1.3,1.7,
2.2,1.3,1.8,
2.2,1.3,1.9,
2.2,1.3,2,
2.2,1.3,2.1,
2.2,1.3,2.2,
2.2,1.3,2.3,
2.2,1.3,2.4,
2.2,1.3,2.5,
2.2,1.3,2.6,
2.2,1.3,2.7,
2.2,1.3,2.8,
2.2,1.3,2.9,
2.2,1.3,3,
2.2,1.3,3.1,
2.2,1.3,3.2,
2.2,1.3,3.3,
2.2,1.3,3.4,
2.2,1.3,3.5,
2.2,1.3,3.6,
2.3,1.3,0,
2.3,1.3,0.1,
2.3,1.3,0.2,
2.3,1.3,0.3,
2.3,1.3,0.4,
2.3,1.3,0.5,
2.3,1.3,0.6,
2.3,1.3,0.7,
2.3,1.3,0.8,
2.3,1.3,0.9,
2.3,1.3,1,
2.3,1.3,1.1,
2.3,1.3,1.2,
2.3,1.3,1.3,
2.3,1.3,1.4,
2.3,1.3,1.5,
2.3,1.3,1.6,
2.3,1.3,1.7,
2.3,1.3,1.8,
2.3,1.3,1.9,
2.3,1.3,2,
2.3,1.3,2.1,
2.3,1.3,2.2,
2.3,1.3,2.3,
2.3,1.3,2.4,
2.3,1.3,2.5,
2.3,1.3,2.6,
2.3,1.3,2.7,
2.3,1.3,2.8,
2.3,1.3,2.9,
2.3,1.3,3,
2.3,1.3,3.1,
2.3,1.3,3.2,
2.3,1.3,3.3,
2.3,1.3,3.4,
2.3,1.3,3.5,
2.3,1.3,3.6,
2.4,1.3,0,
2.4,1.3,0.1,
2.4,1.3,0.2,
2.4,1.3,0.3,
2.4,1.3,0.4,
2.4,1.3,0.5,
2.4,1.3,0.6,
2.4,1.3,0.7,
2.4,1.3,0.8,
2.4,1.3,0.9,
2.4,1.3,1,
2.4,1.3,1.1,
2.4,1.3,1.2,
2.4,1.3,1.3,
2.4,1.3,1.4,
2.4,1.3,1.5,
2.4,1.3,1.6,
2.4,1.3,1.7,
2.4,1.3,1.8,
2.4,1.3,1.9,
2.4,1.3,2,
2.4,1.3,2.1,
2.4,1.3,2.2,
2.4,1.3,2.3,
2.4,1.3,2.4,
2.4,1.3,2.5,
2.4,1.3,2.6,
2.4,1.3,2.7,
2.4,1.3,2.8,
2.4,1.3,2.9,
2.4,1.3,3,
2.4,1.3,3.1,
2.4,1.3,3.2,
2.4,1.3,3.3,
2.4,1.3,3.4,
2.4,1.3,3.5,0.972139265
2.4,1.3,3.6,
2.5,1.3,0,
2.5,1.3,0.1,
2.5,1.3,0.2,
2.5,1.3,0.3,
2.5,1.3,0.4,
2.5,1.3,0.5,
2.5,1.3,0.6,
2.5,1.3,0.7,
2.5,1.3,0.8,
2.5,1.3,0.9,
2.5,1.3,1,
2.5,1.3,1.1,
2.5,1.3,1.2,1.093948272
2.5,1.3,1.3,
2.5,1.3,1.4,
2.5,1.3,1.5,
2.5,1.3,1.6,
2.5,1.3,1.7,
2.5,1.3,1.8,
2.5,1.3,1.9,
2.5,1.3,2,
2.5,1.3,2.1,
2.5,1.3,2.2,
2.5,1.3,2.3,
2.5,1.3,2.4,
2.5,1.3,2.5,
2.5,1.3,2.6,1.119913748
2.5,1.3,2.7,
2.5,1.3,2.8,
2.5,1.3,2.9,
2.5,1.3,3,
2.5,1.3,3.1,
2.5,1.3,3.2,
2.5,1.3,3.3,
2.5,1.3,3.4,
2.5,1.3,3.5,
2.5,1.3,3.6,
2.6,1.3,0,
2.6,1.3,0.1,
2.6,1.3,0.2,
2.6,1.3,0.3,0.985317871
2.6,1.3,0.4,
2.6,1.3,0.5,
2.6,1.3,0.6,
2.6,1.3,0.7,
2.6,1.3,0.8,
2.6,1.3,0.9,
2.6,1.3,1,
2.6,1.3,1.1,
2.6,1.3,1.2,
2.6,1.3,1.3,
2.6,1.3,1.4,
2.6,1.3,1.5,
2.6,1.3,1.6,
2.6,1.3,1.7,1.048097195
2.6,1.3,1.8,
2.6,1.3,1.9,
2.6,1.3,2,
2.6,1.3,2.1,
2.6,1.3,2.2,
2.6,1.3,2.3,
2.6,1.3,2.4,
2.6,1.3,2.5,
2.6,1.3,2.6,
2.6,1.3,2.7,
2.6,1.3,2.8,
2.6,1.3,2.9,
2.6,1.3,3,
2.6,1.3,3.1,1.011306943
2.6,1.3,3.2,
2.6,1.3,3.3,
2.6,1.3,3.4,
2.6,1.3,3.5,
2.6,1.3,3.6,
2.7,1.3,0,
2.7,1.3,0.1,
2.7,1.3,0.2,
2.7,1.3,0.3,
2.7,1.3,0.4,
2.7,1.3,0.5,
2.7,1.3,0.6,
2.7,1.3,0.7,
2.7,1.3,0.8,1.069286784
2.7,1.3,0.9,
2.7,1.3,1,
2.7,1.3,1.1,
2.7,1.3,1.2,
2.7,1.3,1.3,
2.7,1.3,1.4,
2.7,1.3,1.5,
2.7,1.3,1.6,
2.7,1.3,1.7,
2.7,1.3,1.8,
2.7,1.3,1.9,
2.7,1.3,2,
2.7,1.3,2.1,
2.7,1.3,2.2,1.092252832
2.7,1.3,2.3,
2.7,1.3,2.4,
2.7,1.3,2.5,
2.7,1.3,2.6,
2.7,1.3,2.7,
2.7,1.3,2.8,
2.7,1.3,2.9,
2.7,1.3,3,
2.7,1.3,3.1,
2.7,1.3,3.2,
2.7,1.3,3.3,
2.7,1.3,3.4,
2.7,1.3,3.5,
2.7,1.3,3.6,0.974617041
2.8,1.3,0,
2.8,1.3,0.1,
2.8,1.3,0.2,
2.8,1.3,0.3,
2.8,1.3,0.4,
2.8,1.3,0.5,
2.8,1.3,0.6,
2.8,1.3,0.7,
2.8,1.3,0.8,
2.8,1.3,0.9,
2.8,1.3,1,
2.8,1.3,1.1,
2.8,1.3,1.2,
2.8,1.3,1.3,1.131518586
2.8,1.3,1.4,
2.8,1.3,1.5,
2.8,1.3,1.6,
2.8,1.3,1.7,
2.8,1.3,1.8,
2.8,1.3,1.9,
2.8,1.3,2,
2.8,1.3,2.1,
2.8,1.3,2.2,
2.8,1.3,2.3,
2.8,1.3,2.4,
2.8,1.3,2.5,
2.8,1.3,2.6,
2.8,1.3,2.7,1.101912349
2.8,1.3,2.8,
2.8,1.3,2.9,
2.8,1.3,3,
2.8,1.3,3.1,
2.8,1.3,3.2,
2.8,1.3,3.3,
2.8,1.3,3.4,
2.8,1.3,3.5,
2.8,1.3,3.6,
2.9,1.3,0,
2.9,1.3,0.1,
2.9,1.3,0.2,
2.9,1.3,0.3,
2.9,1.3,0.4,1.009606954
2.9,1.3,0.5,
2.9,1.3,0.6,
2.9,1.3,0.7,
2.9,1.3,0.8,
2.9,1.3,0.9,
2.9,1.3,1,
2.9,1.3,1.1,
2.9,1.3,1.2,
2.9,1.3,1.3,
2.9,1.3,1.4,
2.9,1.3,1.5,
2.9,1.3,1.6,
2.9,1.3,1.7,
2.9,1.3,1.8,0.974969547
2.9,1.3,1.9,
2.9,1.3,2,
2.9,1.3,2.1,
2.9,1.3,2.2,
2.9,1.3,2.3,
2.9,1.3,2.4,
2.9,1.3,2.5,
2.9,1.3,2.6,
2.9,1.3,2.7,
2.9,1.3,2.8,
2.9,1.3,2.9,
2.9,1.3,3,
2.9,1.3,3.1,
2.9,1.3,3.2,1.0114596
2.9,1.3,3.3,
2.9,1.3,3.4,
2.9,1.3,3.5,
2.9,1.3,3.6,
3,1.3,0,
3,1.3,0.1,
3,1.3,0.2,
3,1.3,0.3,
3,1.3,0.4,
3,1.3,0.5,
3,1.3,0.6,
3,1.3,0.7,
3,1.3,0.8,
3,1.3,0.9,1.113891866
3,1.3,1,
3,1.3,1.1,
3,1.3,1.2,
3,1.3,1.3,
3,1.3,1.4,
3,1.3,1.5,
3,1.3,1.6,
3,1.3,1.7,
3,1.3,1.8,
3,1.3,1.9,
3,1.3,2,
3,1.3,2.1,
3,1.3,2.2,
3,1.3,2.3,1.009039533
3,1.3,2.4,
3,1.3,2.5,
3,1.3,2.6,
3,1.3,2.7,
3,1.3,2.8,
3,1.3,2.9,
3,1.3,3,
3,1.3,3.1,
3,1.3,3.2,
3,1.3,3.3,
3,1.3,3.4,
3,1.3,3.5,
3,1.3,3.6,
3.1,1.3,0,1.001533715
3.1,1.3,0.1,
3.1,1.3,0.2,
3.1,1.3,0.3,
3.1,1.3,0.4,
3.1,1.3,0.5,
3.1,1.3,0.6,
3.1,1.3,0.7,
3.1,1.3,0.8,
3.1,1.3,0.9,
3.1,1.3,1,
3.1,1.3,1.1,
3.1,1.3,1.2,
3.1,1.3,1.3,
3.1,1.3,1.4,0.995480846
3.1,1.3,1.5,
3.1,1.3,1.6,
3.1,1.3,1.7,
3.1,1.3,1.8,
3.1,1.3,1.9,
3.1,1.3,2,
3.1,1.3,2.1,
3.1,1.3,2.2,
3.1,1.3,2.3,
3.1,1.3,2.4,
3.1,1.3,2.5,
3.1,1.3,2.6,
3.1,1.3,2.7,
3.1,1.3,2.8,1.106667484
3.1,1.3,2.9,
3.1,1.3,3,
3.1,1.3,3.1,
3.1,1.3,3.2,
3.1,1.3,3.3,
3.1,1.3,3.4,
3.1,1.3,3.5,
3.1,1.3,3.6,
3.2,1.3,0,
3.2,1.3,0.1,
3.2,1.3,0.2,
3.2,1.3,0.3,
3.2,1.3,0.4,
3.2,1.3,0.5,1.054112823
3.2,1.3,0.6,
3.2,1.3,0.7,
3.2,1.3,0.8,
3.2,1.3,0.9,
3.2,1.3,1,
3.2,1.3,1.1,
3.2,1.3,1.2,
3.2,1.3,1.3,
3.2,1.3,1.4,
3.2,1.3,1.5,
3.2,1.3,1.6,
3.2,1.3,1.7,
3.2,1.3,1.8,
3.2,1.3,1.9,
3.2,1.3,2,0.975712083
3.2,1.3,2.1,
3.2,1.3,2.2,
3.2,1.3,2.3,
3.2,1.3,2.4,
3.2,1.3,2.5,
3.2,1.3,2.6,
3.2,1.3,2.7,
3.2,1.3,2.8,
3.2,1.3,2.9,
3.2,1.3,3,
3.2,1.3,3.1,
3.2,1.3,3.2,
3.2,1.3,3.3,
3.2,1.3,3.4,
3.2,1.3,3.5,1.015000295
3.2,1.3,3.6,
3.3,1.3,0,
3.3,1.3,0.1,
3.3,1.3,0.2,
3.3,1.3,0.3,
3.3,1.3,0.4,
3.3,1.3,0.5,
3.3,1.3,0.6,
3.3,1.3,0.7,
3.3,1.3,0.8,
3.3,1.3,0.9,
3.3,1.3,1,
3.3,1.3,1.1,
3.3,1.3,1.2,
3.3,1.3,1.3,1.009169449
3.3,1.3,1.4,
3.3,1.3,1.5,
3.3,1.3,1.6,
3.3,1.3,1.7,
3.3,1.3,1.8,
3.3,1.3,1.9,
3.3,1.3,2,
3.3,1.3,2.1,
3.3,1.3,2.2,
3.3,1.3,2.3,
3.3,1.3,2.4,
3.3,1.3,2.5,
3.3,1.3,2.6,
3.3,1.3,2.7,
3.3,1.3,2.8,1.133572218
3.3,1.3,2.9,
3.3,1.3,3,
3.3,1.3,3.1,
3.3,1.3,3.2,
3.3,1.3,3.3,
3.3,1.3,3.4,
3.3,1.3,3.5,
3.3,1.3,3.6,
3.4,1.3,0,
3.4,1.3,0.1,
3.4,1.3,0.2,
3.4,1.3,0.3,
3.4,1.3,0.4,
3.4,1.3,0.5,
3.4,1.3,0.6,1.102716858
3.4,1.3,0.7,
3.4,1.3,0.8,
3.4,1.3,0.9,
3.4,1.3,1,
3.4,1.3,1.1,1.042328037
3.4,1.3,1.2,
3.4,1.3,1.3,
3.4,1.3,1.4,
3.4,1.3,1.5,
3.4,1.3,1.6,
3.4,1.3,1.7,
3.4,1.3,1.8,
3.4,1.3,1.9,
3.4,1.3,2,
3.4,1.3,2.1,
3.4,1.3,2.2,0.996252663
3.4,1.3,2.3,
3.4,1.3,2.4,
3.4,1.3,2.5,
3.4,1.3,2.6,
3.4,1.3,2.7,
3.4,1.3,2.8,
3.4,1.3,2.9,
3.4,1.3,3,
3.4,1.3,3.1,
3.4,1.3,3.2,
3.4,1.3,3.3,
3.4,1.3,3.4,
3.4,1.3,3.5,
3.4,1.3,3.6,
3.5,1.3,0,0.991396041
3.5,1.3,0.1,
3.5,1.3,0.2,
3.5,1.3,0.3,
3.5,1.3,0.4,
3.5,1.3,0.5,
3.5,1.3,0.6,
3.5,1.3,0.7,
3.5,1.3,0.8,
3.5,1.3,0.9,
3.5,1.3,1,
3.5,1.3,1.1,
3.5,1.3,1.2,
3.5,1.3,1.3,
3.5,1.3,1.4,
3.5,1.3,1.5,0.991263851
3.5,1.3,1.6,
3.5,1.3,1.7,
3.5,1.3,1.8,
3.5,1.3,1.9,
3.5,1.3,2,
3.5,1.3,2.1,
3.5,1.3,2.2,
3.5,1.3,2.3,
3.5,1.3,2.4,
3.5,1.3,2.5,
3.5,1.3,2.6,
3.5,1.3,2.7,
3.5,1.3,2.8,
3.5,1.3,2.9,
3.5,1.3,3,1.124018169
3.5,1.3,3.1,
3.5,1.3,3.2,
3.5,1.3,3.3,
3.5,1.3,3.4,
3.5,1.3,3.5,
3.5,1.3,3.6,
3.6,1.3,0,
3.6,1.3,0.1,
3.6,1.3,0.2,
3.6,1.3,0.3,
3.6,1.3,0.4,
3.6,1.3,0.5,
3.6,1.3,0.6,
3.6,1.3,0.7,
3.6,1.3,0.8,
3.6,1.3,0.9,
3.6,1.3,1,
3.6,1.3,1.1,
3.6,1.3,1.2,
3.6,1.3,1.3,
3.6,1.3,1.4,
3.6,1.3,1.5,
3.6,1.3,1.6,
3.6,1.3,1.7,
3.6,1.3,1.8,
3.6,1.3,1.9,
3.6,1.3,2,
3.6,1.3,2.1,
3.6,1.3,2.2,
3.6,1.3,2.3,
3.6,1.3,2.4,1.028800904
3.6,1.3,2.5,
3.6,1.3,2.6,
3.6,1.3,2.7,
3.6,1.3,2.8,
3.6,1.3,2.9,
3.6,1.3,3,1.143851462
3.6,1.3,3.1,
3.6,1.3,3.2,
3.6,1.3,3.3,
3.6,1.3,3.4,
3.6,1.3,3.5,
3.6,1.3,3.6,
3.7,1.3,0,
3.7,1.3,0.1,
3.7,1.3,0.2,
3.7,1.3,0.3,0.992124079
3.7,1.3,0.4,
3.7,1.3,0.5,
3.7,1.3,0.6,
3.7,1.3,0.7,
3.7,1.3,0.8,
3.7,1.3,0.9,
3.7,1.3,1,
3.7,1.3,1.1,
3.7,1.3,1.2,
3.7,1.3,1.3,
3.7,1.3,1.4,
3.7,1.3,1.5,
3.7,1.3,1.6,
3.7,1.3,1.7,
3.7,1.3,1.8,0.990030649
3.7,1.3,1.9,
3.7,1.3,2,
3.7,1.3,2.1,
3.7,1.3,2.2,
3.7,1.3,2.3,
3.7,1.3,2.4,
3.7,1.3,2.5,
3.7,1.3,2.6,
3.7,1.3,2.7,
3.7,1.3,2.8,
3.7,1.3,2.9,
3.7,1.3,3,
3.7,1.3,3.1,
3.7,1.3,3.2,
3.7,1.3,3.3,0.993470709
3.7,1.3,3.4,
3.7,1.3,3.5,
3.7,1.3,3.6,
3.8,1.3,0,
3.8,1.3,0.1,
3.8,1.3,0.2,
3.8,1.3,0.3,
3.8,1.3,0.4,
3.8,1.3,0.5,
3.8,1.3,0.6,
3.8,1.3,0.7,
3.8,1.3,0.8,
3.8,1.3,0.9,
3.8,1.3,1,
3.8,1.3,1.1,1.065843596
3.8,1.3,1.2,
3.8,1.3,1.3,
3.8,1.3,1.4,
3.8,1.3,1.5,
3.8,1.3,1.6,
3.8,1.3,1.7,
3.8,1.3,1.8,
3.8,1.3,1.9,
3.8,1.3,2,
3.8,1.3,2.1,
3.8,1.3,2.2,
3.8,1.3,2.3,
3.8,1.3,2.4,
3.8,1.3,2.5,
3.8,1.3,2.6,1.084611412
3.8,1.3,2.7,
3.8,1.3,2.8,
3.8,1.3,2.9,
3.8,1.3,3,
3.8,1.3,3.1,
3.8,1.3,3.2,
3.8,1.3,3.3,
3.8,1.3,3.4,
3.8,1.3,3.5,
3.8,1.3,3.6,
3.9,1.3,0,
3.9,1.3,0.1,
3.9,1.3,0.2,
3.9,1.3,0.3,
3.9,1.3,0.4,0.995377368
3.9,1.3,0.5,
3.9,1.3,0.6,
3.9,1.3,0.7,
3.9,1.3,0.8,
3.9,1.3,0.9,
3.9,1.3,1,
3.9,1.3,1.1,
3.9,1.3,1.2,
3.9,1.3,1.3,
3.9,1.3,1.4,
3.9,1.3,1.5,
3.9,1.3,1.6,
3.9,1.3,1.7,
3.9,1.3,1.8,
3.9,1.3,1.9,1.012661532
3.9,1.3,2,
3.9,1.3,2.1,
3.9,1.3,2.2,
3.9,1.3,2.3,
3.9,1.3,2.4,
3.9,1.3,2.5,
3.9,1.3,2.6,
3.9,1.3,2.7,
3.9,1.3,2.8,
3.9,1.3,2.9,
3.9,1.3,3,
3.9,1.3,3.1,
3.9,1.3,3.2,
3.9,1.3,3.3,
3.9,1.3,3.4,0.978628786
3.9,1.3,3.5,
3.9,1.3,3.6,
4,1.3,0,
4,1.3,0.1,
4,1.3,0.2,
4,1.3,0.3,
4,1.3,0.4,
4,1.3,0.5,
4,1.3,0.6,
4,1.3,0.7,
4,1.3,0.8,
4,1.3,0.9,
4,1.3,1,
4,1.3,1.1,
4,1.3,1.2,1.082746826
4,1.3,1.3,
4,1.3,1.4,
4,1.3,1.5,
4,1.3,1.6,
4,1.3,1.7,
4,1.3,1.8,
4,1.3,1.9,
4,1.3,2,
4,1.3,2.1,
4,1.3,2.2,
4,1.3,2.3,
4,1.3,2.4,
4,1.3,2.5,
4,1.3,2.6,
4,1.3,2.7,1.090673378
4,1.3,2.8,
4,1.3,2.9,
4,1.3,3,
4,1.3,3.1,
4,1.3,3.2,
4,1.3,3.3,
4,1.3,3.4,
4,1.3,3.5,
4,1.3,3.6,
4.1,1.3,0,
4.1,1.3,0.1,
4.1,1.3,0.2,
4.1,1.3,0.3,
4.1,1.3,0.4,
4.1,1.3,0.5,1.007202807
4.1,1.3,0.6,
4.1,1.3,0.7,
4.1,1.3,0.8,
4.1,1.3,0.9,
4.1,1.3,1,
4.1,1.3,1.1,
4.1,1.3,1.2,
4.1,1.3,1.3,
4.1,1.3,1.4,
4.1,1.3,1.5,
4.1,1.3,1.6,
4.1,1.3,1.7,
4.1,1.3,1.8,
4.1,1.3,1.9,
4.1,1.3,2,1.028724433
4.1,1.3,2.1,
4.1,1.3,2.2,
4.1,1.3,2.3,
4.1,1.3,2.4,
4.1,1.3,2.5,
4.1,1.3,2.6,
4.1,1.3,2.7,
4.1,1.3,2.8,
4.1,1.3,2.9,
4.1,1.3,3,
4.1,1.3,3.1,
4.1,1.3,3.2,
4.1,1.3,3.3,
4.1,1.3,3.4,
4.1,1.3,3.5,0.972494045
4.1,1.3,3.6,
4.2,1.3,0,
4.2,1.3,0.1,
4.2,1.3,0.2,
4.2,1.3,0.3,
4.2,1.3,0.4,
4.2,1.3,0.5,
4.2,1.3,0.6,
4.2,1.3,0.7,
4.2,1.3,0.8,
4.2,1.3,0.9,
4.2,1.3,1,
4.2,1.3,1.1,
4.2,1.3,1.2,
4.2,1.3,1.3,1.037752282
4.2,1.3,1.4,
4.2,1.3,1.5,
4.2,1.3,1.6,
4.2,1.3,1.7,
4.2,1.3,1.8,
4.2,1.3,1.9,
4.2,1.3,2,
4.2,1.3,2.1,
4.2,1.3,2.2,
4.2,1.3,2.3,
4.2,1.3,2.4,
4.2,1.3,2.5,
4.2,1.3,2.6,
4.2,1.3,2.7,
4.2,1.3,2.8,1.067946124
4.2,1.3,2.9,
4.2,1.3,3,
4.2,1.3,3.1,
4.2,1.3,3.2,
4.2,1.3,3.3,
4.2,1.3,3.4,
4.2,1.3,3.5,
4.2,1.3,3.6,
4.3,1.3,0,
4.3,1.3,0.1,
4.3,1.3,0.2,
4.3,1.3,0.3,
4.3,1.3,0.4,
4.3,1.3,0.5,
4.3,1.3,0.6,1.028011177
4.3,1.3,0.7,
4.3,1.3,0.8,
4.3,1.3,0.9,
4.3,1.3,1,
4.3,1.3,1.1,
4.3,1.3,1.2,
4.3,1.3,1.3,
4.3,1.3,1.4,
4.3,1.3,1.5,
4.3,1.3,1.6,
4.3,1.3,1.7,
4.3,1.3,1.8,
4.3,1.3,1.9,
4.3,1.3,2,
4.3,1.3,2.1,1.010928852
4.3,1.3,2.2,
4.3,1.3,2.3,
4.3,1.3,2.4,
4.3,1.3,2.5,
4.3,1.3,2.6,
4.3,1.3,2.7,
4.3,1.3,2.8,
4.3,1.3,2.9,
4.3,1.3,3,
4.3,1.3,3.1,
4.3,1.3,3.2,
4.3,1.3,3.3,
4.3,1.3,3.4,
4.3,1.3,3.5,
4.3,1.3,3.6,0.975104295
4.4,1.3,0,
4.4,1.3,0.1,
4.4,1.3,0.2,
4.4,1.3,0.3,
4.4,1.3,0.4,
4.4,1.3,0.5,
4.4,1.3,0.6,
4.4,1.3,0.7,
4.4,1.3,0.8,
4.4,1.3,0.9,
4.4,1.3,1,
4.4,1.3,1.1,
4.4,1.3,1.2,
4.4,1.3,1.3,
4.4,1.3,1.4,1.013765387
4.4,1.3,1.5,
4.4,1.3,1.6,
4.4,1.3,1.7,
4.4,1.3,1.8,
4.4,1.3,1.9,
4.4,1.3,2,
4.4,1.3,2.1,
4.4,1.3,2.2,
4.4,1.3,2.3,
4.4,1.3,2.4,
4.4,1.3,2.5,
4.4,1.3,2.6,
4.4,1.3,2.7,
4.4,1.3,2.8,
4.4,1.3,2.9,
4.4,1.3,3,1.035428869
4.4,1.3,3.1,
4.4,1.3,3.2,
4.4,1.3,3.3,
4.4,1.3,3.4,
4.4,1.3,3.5,
4.4,1.3,3.6,
4.5,1.3,0,
4.5,1.3,0.1,
4.5,1.3,0.2,
4.5,1.3,0.3,
4.5,1.3,0.4,
4.5,1.3,0.5,
4.5,1.3,0.6,
4.5,1.3,0.7,
4.5,1.3,0.8,
4.5,1.3,0.9,1.211297226
4.5,1.3,1,
4.5,1.3,1.1,
4.5,1.3,1.2,
4.5,1.3,1.3,
4.5,1.3,1.4,
4.5,1.3,1.5,
4.5,1.3,1.6,
4.5,1.3,1.7,
4.5,1.3,1.8,
4.5,1.3,1.9,
4.5,1.3,2,
4.5,1.3,2.1,
4.5,1.3,2.2,
4.5,1.3,2.3,
4.5,1.3,2.4,
4.5,1.3,2.5,1.046325852
4.5,1.3,2.6,
4.5,1.3,2.7,
4.5,1.3,2.8,
4.5,1.3,2.9,
4.5,1.3,3,
4.5,1.3,3.1,
4.5,1.3,3.2,
4.5,1.3,3.3,
4.5,1.3,3.4,
4.5,1.3,3.5,
4.5,1.3,3.6,
4.6,1.3,0,
4.6,1.3,0.1,
4.6,1.3,0.2,
4.6,1.3,0.3,
4.6,1.3,0.4,1.017651766
4.6,1.3,0.5,
4.6,1.3,0.6,
4.6,1.3,0.7,
4.6,1.3,0.8,
4.6,1.3,0.9,
4.6,1.3,1,
4.6,1.3,1.1,
4.6,1.3,1.2,
4.6,1.3,1.3,
4.6,1.3,1.4,
4.6,1.3,1.5,
4.6,1.3,1.6,
4.6,1.3,1.7,
4.6,1.3,1.8,
4.6,1.3,1.9,
4.6,1.3,2,0.981907376
4.6,1.3,2.1,
4.6,1.3,2.2,
4.6,1.3,2.3,
4.6,1.3,2.4,
4.6,1.3,2.5,
4.6,1.3,2.6,
4.6,1.3,2.7,
4.6,1.3,2.8,
4.6,1.3,2.9,
4.6,1.3,3,
4.6,1.3,3.1,
4.6,1.3,3.2,
4.6,1.3,3.3,
4.6,1.3,3.4,
4.6,1.3,3.5,
4.6,1.3,3.6,0.992857519
4.7,1.3,0,
4.7,1.3,0.1,
4.7,1.3,0.2,
4.7,1.3,0.3,
4.7,1.3,0.4,
4.7,1.3,0.5,
4.7,1.3,0.6,
4.7,1.3,0.7,
4.7,1.3,0.8,
4.7,1.3,0.9,
4.7,1.3,1,
4.7,1.3,1.1,
4.7,1.3,1.2,
4.7,1.3,1.3,
4.7,1.3,1.4,
4.7,1.3,1.5,0.986905854
4.7,1.3,1.6,
4.7,1.3,1.7,
4.7,1.3,1.8,
4.7,1.3,1.9,
4.7,1.3,2,
4.7,1.3,2.1,
4.7,1.3,2.2,
4.7,1.3,2.3,
4.7,1.3,2.4,
4.7,1.3,2.5,
4.7,1.3,2.6,
4.7,1.3,2.7,
4.7,1.3,2.8,
4.7,1.3,2.9,
4.7,1.3,3,
4.7,1.3,3.1,1.083832488
4.7,1.3,3.2,
4.7,1.3,3.3,
4.7,1.3,3.4,
4.7,1.3,3.5,
4.7,1.3,3.6,
4.8,1.3,0,
4.8,1.3,0.1,
4.8,1.3,0.2,
4.8,1.3,0.3,
4.8,1.3,0.4,
4.8,1.3,0.5,
4.8,1.3,0.6,
4.8,1.3,0.7,
4.8,1.3,0.8,
4.8,1.3,0.9,
4.8,1.3,1,1.06149498
4.8,1.3,1.1,
4.8,1.3,1.2,
4.8,1.3,1.3,
4.8,1.3,1.4,
4.8,1.3,1.5,
4.8,1.3,1.6,
4.8,1.3,1.7,
4.8,1.3,1.8,
4.8,1.3,1.9,
4.8,1.3,2,
4.8,1.3,2.1,
4.8,1.3,2.2,
4.8,1.3,2.3,
4.8,1.3,2.4,
4.8,1.3,2.5,
4.8,1.3,2.6,
4.8,1.3,2.7,
4.8,1.3,2.8,
4.8,1.3,2.9,
4.8,1.3,3,
4.8,1.3,3.1,
4.8,1.3,3.2,
4.8,1.3,3.3,
4.8,1.3,3.4,
4.8,1.3,3.5,
4.8,1.3,3.6,
4.9,1.3,0,
4.9,1.3,0.1,
4.9,1.3,0.2,
4.9,1.3,0.3,
4.9,1.3,0.4,
4.9,1.3,0.5,
4.9,1.3,0.6,
4.9,1.3,0.7,
4.9,1.3,0.8,
4.9,1.3,0.9,
4.9,1.3,1,
4.9,1.3,1.1,
4.9,1.3,1.2,
4.9,1.3,1.3,
4.9,1.3,1.4,
4.9,1.3,1.5,
4.9,1.3,1.6,
4.9,1.3,1.7,
4.9,1.3,1.8,
4.9,1.3,1.9,
4.9,1.3,2,
4.9,1.3,2.1,
4.9,1.3,2.2,
4.9,1.3,2.3,
4.9,1.3,2.4,
4.9,1.3,2.5,
4.9,1.3,2.6,
4.9,1.3,2.7,
4.9,1.3,2.8,
4.9,1.3,2.9,
4.9,1.3,3,
4.9,1.3,3.1,
4.9,1.3,3.2,
4.9,1.3,3.3,
4.9,1.3,3.4,
4.9,1.3,3.5,
4.9,1.3,3.6,
5,1.3,0,
5,1.3,0.1,
5,1.3,0.2,
5,1.3,0.3,
5,1.3,0.4,
5,1.3,0.5,
5,1.3,0.6,
5,1.3,0.7,
5,1.3,0.8,
5,1.3,0.9,
5,1.3,1,
5,1.3,1.1,
5,1.3,1.2,
5,1.3,1.3,
5,1.3,1.4,
5,1.3,1.5,
5,1.3,1.6,
5,1.3,1.7,
5,1.3,1.8,
5,1.3,1.9,
5,1.3,2,
5,1.3,2.1,
5,1.3,2.2,
5,1.3,2.3,
5,1.3,2.4,
5,1.3,2.5,
5,1.3,2.6,
5,1.3,2.7,
5,1.3,2.8,
5,1.3,2.9,
5,1.3,3,
5,1.3,3.1,
5,1.3,3.2,
5,1.3,3.3,
5,1.3,3.4,
5,1.3,3.5,
5,1.3,3.6,
5.1,1.3,0,
5.1,1.3,0.1,
5.1,1.3,0.2,
5.1,1.3,0.3,
5.1,1.3,0.4,
5.1,1.3,0.5,
5.1,1.3,0.6,
5.1,1.3,0.7,
5.1,1.3,0.8,
5.1,1.3,0.9,
5.1,1.3,1,
5.1,1.3,1.1,
5.1,1.3,1.2,
5.1,1.3,1.3,
5.1,1.3,1.4,
5.1,1.3,1.5,
5.1,1.3,1.6,
5.1,1.3,1.7,
5.1,1.3,1.8,
5.1,1.3,1.9,
5.1,1.3,2,
5.1,1.3,2.1,
5.1,1.3,2.2,
5.1,1.3,2.3,
5.1,1.3,2.4,
5.1,1.3,2.5,
5.1,1.3,2.6,
5.1,1.3,2.7,
5.1,1.3,2.8,
5.1,1.3,2.9,
5.1,1.3,3,
5.1,1.3,3.1,
5.1,1.3,3.2,
5.1,1.3,3.3,
5.1,1.3,3.4,
5.1,1.3,3.5,
5.1,1.3,3.6,
5.2,1.3,0,
5.2,1.3,0.1,
5.2,1.3,0.2,
5.2,1.3,0.3,
5.2,1.3,0.4,
5.2,1.3,0.5,
5.2,1.3,0.6,
5.2,1.3,0.7,
5.2,1.3,0.8,
5.2,1.3,0.9,
5.2,1.3,1,
5.2,1.3,1.1,
5.2,1.3,1.2,
5.2,1.3,1.3,
5.2,1.3,1.4,
5.2,1.3,1.5,
5.2,1.3,1.6,
5.2,1.3,1.7,
5.2,1.3,1.8,
5.2,1.3,1.9,
5.2,1.3,2,
5.2,1.3,2.1,
5.2,1.3,2.2,
5.2,1.3,2.3,
5.2,1.3,2.4,
5.2,1.3,2.5,
5.2,1.3,2.6,
5.2,1.3,2.7,
5.2,1.3,2.8,
5.2,1.3,2.9,
5.2,1.3,3,
5.2,1.3,3.1,
5.2,1.3,3.2,
5.2,1.3,3.3,
5.2,1.3,3.4,
5.2,1.3,3.5,
5.2,1.3,3.6,
5.3,1.3,0,
5.3,1.3,0.1,
5.3,1.3,0.2,
5.3,1.3,0.3,
5.3,1.3,0.4,
5.3,1.3,0.5,
5.3,1.3,0.6,
5.3,1.3,0.7,
5.3,1.3,0.8,
5.3,1.3,0.9,
5.3,1.3,1,
5.3,1.3,1.1,
5.3,1.3,1.2,
5.3,1.3,1.3,
5.3,1.3,1.4,
5.3,1.3,1.5,
5.3,1.3,1.6,
5.3,1.3,1.7,
5.3,1.3,1.8,
5.3,1.3,1.9,
5.3,1.3,2,
5.3,1.3,2.1,
5.3,1.3,2.2,
5.3,1.3,2.3,
5.3,1.3,2.4,
5.3,1.3,2.5,
5.3,1.3,2.6,
5.3,1.3,2.7,
5.3,1.3,2.8,
5.3,1.3,2.9,
5.3,1.3,3,
5.3,1.3,3.1,
5.3,1.3,3.2,
5.3,1.3,3.3,
5.3,1.3,3.4,
5.3,1.3,3.5,
5.3,1.3,3.6,
5.4,1.3,0,
5.4,1.3,0.1,
5.4,1.3,0.2,
5.4,1.3,0.3,
5.4,1.3,0.4,
5.4,1.3,0.5,
5.4,1.3,0.6,
5.4,1.3,0.7,
5.4,1.3,0.8,
5.4,1.3,0.9,
5.4,1.3,1,
5.4,1.3,1.1,
5.4,1.3,1.2,
5.4,1.3,1.3,
5.4,1.3,1.4,
5.4,1.3,1.5,
5.4,1.3,1.6,
5.4,1.3,1.7,
5.4,1.3,1.8,
5.4,1.3,1.9,
5.4,1.3,2,
5.4,1.3,2.1,
5.4,1.3,2.2,
5.4,1.3,2.3,
5.4,1.3,2.4,
5.4,1.3,2.5,
5.4,1.3,2.6,
5.4,1.3,2.7,
5.4,1.3,2.8,
5.4,1.3,2.9,
5.4,1.3,3,
5.4,1.3,3.1,
5.4,1.3,3.2,
5.4,1.3,3.3,
5.4,1.3,3.4,
5.4,1.3,3.5,
5.4,1.3,3.6,
5.5,1.3,0,
5.5,1.3,0.1,
5.5,1.3,0.2,
5.5,1.3,0.3,
5.5,1.3,0.4,
5.5,1.3,0.5,
5.5,1.3,0.6,
5.5,1.3,0.7,
5.5,1.3,0.8,
5.5,1.3,0.9,
5.5,1.3,1,
5.5,1.3,1.1,
5.5,1.3,1.2,
5.5,1.3,1.3,
5.5,1.3,1.4,
5.5,1.3,1.5,
5.5,1.3,1.6,
5.5,1.3,1.7,
5.5,1.3,1.8,
5.5,1.3,1.9,
5.5,1.3,2,
5.5,1.3,2.1,
5.5,1.3,2.2,
5.5,1.3,2.3,
5.5,1.3,2.4,
5.5,1.3,2.5,
5.5,1.3,2.6,
5.5,1.3,2.7,
5.5,1.3,2.8,
5.5,1.3,2.9,
5.5,1.3,3,
5.5,1.3,3.1,
5.5,1.3,3.2,
5.5,1.3,3.3,
5.5,1.3,3.4,
5.5,1.3,3.5,
5.5,1.3,3.6,
5.6,1.3,0,
5.6,1.3,0.1,
5.6,1.3,0.2,
5.6,1.3,0.3,
5.6,1.3,0.4,
5.6,1.3,0.5,
5.6,1.3,0.6,
5.6,1.3,0.7,
5.6,1.3,0.8,
5.6,1.3,0.9,
5.6,1.3,1,
5.6,1.3,1.1,
5.6,1.3,1.2,
5.6,1.3,1.3,
5.6,1.3,1.4,
5.6,1.3,1.5,
5.6,1.3,1.6,
5.6,1.3,1.7,
5.6,1.3,1.8,
5.6,1.3,1.9,
5.6,1.3,2,
5.6,1.3,2.1,
5.6,1.3,2.2,
5.6,1.3,2.3,
5.6,1.3,2.4,
5.6,1.3,2.5,
5.6,1.3,2.6,
5.6,1.3,2.7,
5.6,1.3,2.8,
5.6,1.3,2.9,
5.6,1.3,3,
5.6,1.3,3.1,
5.6,1.3,3.2,
5.6,1.3,3.3,
5.6,1.3,3.4,
5.6,1.3,3.5,
5.6,1.3,3.6,
5.7,1.3,0,
5.7,1.3,0.1,
5.7,1.3,0.2,
5.7,1.3,0.3,
5.7,1.3,0.4,
5.7,1.3,0.5,
5.7,1.3,0.6,
5.7,1.3,0.7,
5.7,1.3,0.8,
5.7,1.3,0.9,
5.7,1.3,1,
5.7,1.3,1.1,
5.7,1.3,1.2,
5.7,1.3,1.3,
5.7,1.3,1.4,
5.7,1.3,1.5,
5.7,1.3,1.6,
5.7,1.3,1.7,
5.7,1.3,1.8,
5.7,1.3,1.9,
5.7,1.3,2,
5.7,1.3,2.1,
5.7,1.3,2.2,
5.7,1.3,2.3,
5.7,1.3,2.4,
5.7,1.3,2.5,
5.7,1.3,2.6,
5.7,1.3,2.7,
5.7,1.3,2.8,
5.7,1.3,2.9,
5.7,1.3,3,
5.7,1.3,3.1,
5.7,1.3,3.2,
5.7,1.3,3.3,
5.7,1.3,3.4,
5.7,1.3,3.5,
5.7,1.3,3.6,
5.8,1.3,0,
5.8,1.3,0.1,
5.8,1.3,0.2,
5.8,1.3,0.3,
5.8,1.3,0.4,
5.8,1.3,0.5,
5.8,1.3,0.6,
5.8,1.3,0.7,
5.8,1.3,0.8,
5.8,1.3,0.9,
5.8,1.3,1,
5.8,1.3,1.1,
5.8,1.3,1.2,
5.8,1.3,1.3,
5.8,1.3,1.4,
5.8,1.3,1.5,
5.8,1.3,1.6,
5.8,1.3,1.7,
5.8,1.3,1.8,
5.8,1.3,1.9,
5.8,1.3,2,
5.8,1.3,2.1,
5.8,1.3,2.2,
5.8,1.3,2.3,
5.8,1.3,2.4,
5.8,1.3,2.5,
5.8,1.3,2.6,
5.8,1.3,2.7,
5.8,1.3,2.8,
5.8,1.3,2.9,
5.8,1.3,3,
5.8,1.3,3.1,
5.8,1.3,3.2,
5.8,1.3,3.3,
5.8,1.3,3.4,
5.8,1.3,3.5,
5.8,1.3,3.6,
5.9,1.3,0,
5.9,1.3,0.1,
5.9,1.3,0.2,
5.9,1.3,0.3,
5.9,1.3,0.4,
5.9,1.3,0.5,
5.9,1.3,0.6,
5.9,1.3,0.7,
5.9,1.3,0.8,
5.9,1.3,0.9,
5.9,1.3,1,
5.9,1.3,1.1,
5.9,1.3,1.2,
5.9,1.3,1.3,
5.9,1.3,1.4,
5.9,1.3,1.5,
5.9,1.3,1.6,
5.9,1.3,1.7,
5.9,1.3,1.8,
5.9,1.3,1.9,
5.9,1.3,2,
5.9,1.3,2.1,
5.9,1.3,2.2,
5.9,1.3,2.3,
5.9,1.3,2.4,
5.9,1.3,2.5,
5.9,1.3,2.6,
5.9,1.3,2.7,
5.9,1.3,2.8,
5.9,1.3,2.9,
5.9,1.3,3,
5.9,1.3,3.1,
5.9,1.3,3.2,
5.9,1.3,3.3,
5.9,1.3,3.4,
5.9,1.3,3.5,
5.9,1.3,3.6,
6,1.3,0,
6,1.3,0.1,
6,1.3,0.2,
6,1.3,0.3,
6,1.3,0.4,
6,1.3,0.5,
6,1.3,0.6,
6,1.3,0.7,
6,1.3,0.8,
6,1.3,0.9,
6,1.3,1,
6,1.3,1.1,
6,1.3,1.2,
6,1.3,1.3,
6,1.3,1.4,
6,1.3,1.5,
6,1.3,1.6,
6,1.3,1.7,
6,1.3,1.8,
6,1.3,1.9,
6,1.3,2,
6,1.3,2.1,
6,1.3,2.2,
6,1.3,2.3,
6,1.3,2.4,
6,1.3,2.5,
6,1.3,2.6,
6,1.3,2.7,
6,1.3,2.8,
6,1.3,2.9,
6,1.3,3,
6,1.3,3.1,
6,1.3,3.2,
6,1.3,3.3,
6,1.3,3.4,
6,1.3,3.5,
6,1.3,3.6,
6.1,1.3,0,
6.1,1.3,0.1,
6.1,1.3,0.2,
6.1,1.3,0.3,
6.1,1.3,0.4,
6.1,1.3,0.5,
6.1,1.3,0.6,
6.1,1.3,0.7,
6.1,1.3,0.8,
6.1,1.3,0.9,
6.1,1.3,1,
6.1,1.3,1.1,
6.1,1.3,1.2,
6.1,1.3,1.3,
6.1,1.3,1.4,
6.1,1.3,1.5,
6.1,1.3,1.6,
6.1,1.3,1.7,
6.1,1.3,1.8,
6.1,1.3,1.9,
6.1,1.3,2,
6.1,1.3,2.1,
6.1,1.3,2.2,
6.1,1.3,2.3,
6.1,1.3,2.4,
6.1,1.3,2.5,
6.1,1.3,2.6,
6.1,1.3,2.7,
6.1,1.3,2.8,
6.1,1.3,2.9,
6.1,1.3,3,
6.1,1.3,3.1,
6.1,1.3,3.2,
6.1,1.3,3.3,
6.1,1.3,3.4,
6.1,1.3,3.5,
6.1,1.3,3.6,
6.2,1.3,0,
6.2,1.3,0.1,
6.2,1.3,0.2,
6.2,1.3,0.3,
6.2,1.3,0.4,
6.2,1.3,0.5,
6.2,1.3,0.6,
6.2,1.3,0.7,
6.2,1.3,0.8,
6.2,1.3,0.9,
6.2,1.3,1,
6.2,1.3,1.1,
6.2,1.3,1.2,
6.2,1.3,1.3,
6.2,1.3,1.4,
6.2,1.3,1.5,
6.2,1.3,1.6,
6.2,1.3,1.7,
6.2,1.3,1.8,
6.2,1.3,1.9,
6.2,1.3,2,
6.2,1.3,2.1,
6.2,1.3,2.2,
6.2,1.3,2.3,
6.2,1.3,2.4,
6.2,1.3,2.5,
6.2,1.3,2.6,
6.2,1.3,2.7,
6.2,1.3,2.8,
6.2,1.3,2.9,
6.2,1.3,3,
6.2,1.3,3.1,
6.2,1.3,3.2,
6.2,1.3,3.3,
6.2,1.3,3.4,
6.2,1.3,3.5,
6.2,1.3,3.6,
6.3,1.3,0,
6.3,1.3,0.1,
6.3,1.3,0.2,
6.3,1.3,0.3,
6.3,1.3,0.4,
6.3,1.3,0.5,
6.3,1.3,0.6,
6.3,1.3,0.7,
6.3,1.3,0.8,
6.3,1.3,0.9,
6.3,1.3,1,
6.3,1.3,1.1,
6.3,1.3,1.2,
6.3,1.3,1.3,
6.3,1.3,1.4,
6.3,1.3,1.5,
6.3,1.3,1.6,
6.3,1.3,1.7,
6.3,1.3,1.8,
6.3,1.3,1.9,
6.3,1.3,2,
6.3,1.3,2.1,
6.3,1.3,2.2,
6.3,1.3,2.3,
6.3,1.3,2.4,
6.3,1.3,2.5,
6.3,1.3,2.6,
6.3,1.3,2.7,
6.3,1.3,2.8,
6.3,1.3,2.9,
6.3,1.3,3,
6.3,1.3,3.1,
6.3,1.3,3.2,
6.3,1.3,3.3,
6.3,1.3,3.4,
6.3,1.3,3.5,
6.3,1.3,3.6,
6.4,1.3,0,
6.4,1.3,0.1,
6.4,1.3,0.2,
6.4,1.3,0.3,
6.4,1.3,0.4,
6.4,1.3,0.5,
6.4,1.3,0.6,
6.4,1.3,0.7,
6.4,1.3,0.8,
6.4,1.3,0.9,
6.4,1.3,1,
6.4,1.3,1.1,
6.4,1.3,1.2,
6.4,1.3,1.3,
6.4,1.3,1.4,
6.4,1.3,1.5,
6.4,1.3,1.6,
6.4,1.3,1.7,
6.4,1.3,1.8,
6.4,1.3,1.9,
6.4,1.3,2,
6.4,1.3,2.1,
6.4,1.3,2.2,
6.4,1.3,2.3,
6.4,1.3,2.4,
6.4,1.3,2.5,
6.4,1.3,2.6,
6.4,1.3,2.7,
6.4,1.3,2.8,
6.4,1.3,2.9,
6.4,1.3,3,
6.4,1.3,3.1,
6.4,1.3,3.2,
6.4,1.3,3.3,
6.4,1.3,3.4,
6.4,1.3,3.5,
6.4,1.3,3.6,
6.5,1.3,0,
6.5,1.3,0.1,
6.5,1.3,0.2,
6.5,1.3,0.3,
6.5,1.3,0.4,
6.5,1.3,0.5,
6.5,1.3,0.6,
6.5,1.3,0.7,
6.5,1.3,0.8,
6.5,1.3,0.9,
6.5,1.3,1,
6.5,1.3,1.1,
6.5,1.3,1.2,
6.5,1.3,1.3,
6.5,1.3,1.4,
6.5,1.3,1.5,
6.5,1.3,1.6,
6.5,1.3,1.7,
6.5,1.3,1.8,
6.5,1.3,1.9,
6.5,1.3,2,
6.5,1.3,2.1,
6.5,1.3,2.2,
6.5,1.3,2.3,
6.5,1.3,2.4,
6.5,1.3,2.5,
6.5,1.3,2.6,
6.5,1.3,2.7,
6.5,1.3,2.8,
6.5,1.3,2.9,
6.5,1.3,3,
6.5,1.3,3.1,
6.5,1.3,3.2,
6.5,1.3,3.3,
6.5,1.3,3.4,
6.5,1.3,3.5,
6.5,1.3,3.6,
6.6,1.3,0,
6.6,1.3,0.1,
6.6,1.3,0.2,
6.6,1.3,0.3,
6.6,1.3,0.4,
6.6,1.3,0.5,
6.6,1.3,0.6,
6.6,1.3,0.7,
6.6,1.3,0.8,
6.6,1.3,0.9,
6.6,1.3,1,
6.6,1.3,1.1,
6.6,1.3,1.2,
6.6,1.3,1.3,
6.6,1.3,1.4,
6.6,1.3,1.5,
6.6,1.3,1.6,
6.6,1.3,1.7,
6.6,1.3,1.8,
6.6,1.3,1.9,
6.6,1.3,2,
6.6,1.3,2.1,
6.6,1.3,2.2,
6.6,1.3,2.3,
6.6,1.3,2.4,
6.6,1.3,2.5,
6.6,1.3,2.6,
6.6,1.3,2.7,
6.6,1.3,2.8,
6.6,1.3,2.9,
6.6,1.3,3,
6.6,1.3,3.1,
6.6,1.3,3.2,
6.6,1.3,3.3,
6.6,1.3,3.4,
6.6,1.3,3.5,
6.6,1.3,3.6,
6.7,1.3,0,
6.7,1.3,0.1,
6.7,1.3,0.2,
6.7,1.3,0.3,
6.7,1.3,0.4,
6.7,1.3,0.5,
6.7,1.3,0.6,1.121428671
6.7,1.3,0.7,
6.7,1.3,0.8,
6.7,1.3,0.9,
6.7,1.3,1,
6.7,1.3,1.1,
6.7,1.3,1.2,
6.7,1.3,1.3,
6.7,1.3,1.4,
6.7,1.3,1.5,
6.7,1.3,1.6,
6.7,1.3,1.7,
6.7,1.3,1.8,
6.7,1.3,1.9,
6.7,1.3,2,
6.7,1.3,2.1,
6.7,1.3,2.2,
6.7,1.3,2.3,
6.7,1.3,2.4,
6.7,1.3,2.5,
6.7,1.3,2.6,
6.7,1.3,2.7,
6.7,1.3,2.8,
6.7,1.3,2.9,
6.7,1.3,3,
6.7,1.3,3.1,
6.7,1.3,3.2,
6.7,1.3,3.3,
6.7,1.3,3.4,
6.7,1.3,3.5,
6.7,1.3,3.6,
6.8,1.3,0,
6.8,1.3,0.1,
6.8,1.3,0.2,
6.8,1.3,0.3,
6.8,1.3,0.4,
6.8,1.3,0.5,
6.8,1.3,0.6,
6.8,1.3,0.7,
6.8,1.3,0.8,
6.8,1.3,0.9,
6.8,1.3,1,
6.8,1.3,1.1,
6.8,1.3,1.2,
6.8,1.3,1.3,
6.8,1.3,1.4,
6.8,1.3,1.5,
6.8,1.3,1.6,
6.8,1.3,1.7,
6.8,1.3,1.8,
6.8,1.3,1.9,
6.8,1.3,2,
6.8,1.3,2.1,
6.8,1.3,2.2,
6.8,1.3,2.3,
6.8,1.3,2.4,
6.8,1.3,2.5,
6.8,1.3,2.6,
6.8,1.3,2.7,
6.8,1.3,2.8,
6.8,1.3,2.9,
6.8,1.3,3,
6.8,1.3,3.1,
6.8,1.3,3.2,
6.8,1.3,3.3,
6.8,1.3,3.4,
6.8,1.3,3.5,
6.8,1.3,3.6,
6.9,1.3,0,
6.9,1.3,0.1,
6.9,1.3,0.2,
6.9,1.3,0.3,
6.9,1.3,0.4,
6.9,1.3,0.5,
6.9,1.3,0.6,
6.9,1.3,0.7,
6.9,1.3,0.8,
6.9,1.3,0.9,
6.9,1.3,1,
6.9,1.3,1.1,
6.9,1.3,1.2,
6.9,1.3,1.3,
6.9,1.3,1.4,
6.9,1.3,1.5,
6.9,1.3,1.6,
6.9,1.3,1.7,
6.9,1.3,1.8,
6.9,1.3,1.9,
6.9,1.3,2,
6.9,1.3,2.1,
6.9,1.3,2.2,
6.9,1.3,2.3,
6.9,1.3,2.4,
6.9,1.3,2.5,
6.9,1.3,2.6,
6.9,1.3,2.7,
6.9,1.3,2.8,
6.9,1.3,2.9,
6.9,1.3,3,
6.9,1.3,3.1,
6.9,1.3,3.2,
6.9,1.3,3.3,
6.9,1.3,3.4,
6.9,1.3,3.5,
6.9,1.3,3.6,
7,1.3,0,
7,1.3,0.1,
7,1.3,0.2,
7,1.3,0.3,
7,1.3,0.4,
7,1.3,0.5,
7,1.3,0.6,
7,1.3,0.7,
7,1.3,0.8,
7,1.3,0.9,
7,1.3,1,
7,1.3,1.1,
7,1.3,1.2,
7,1.3,1.3,
7,1.3,1.4,
7,1.3,1.5,
7,1.3,1.6,
7,1.3,1.7,
7,1.3,1.8,
7,1.3,1.9,
7,1.3,2,
7,1.3,2.1,
7,1.3,2.2,
7,1.3,2.3,
7,1.3,2.4,
7,1.3,2.5,
7,1.3,2.6,
7,1.3,2.7,
7,1.3,2.8,
7,1.3,2.9,
7,1.3,3,
7,1.3,3.1,
7,1.3,3.2,
7,1.3,3.3,
7,1.3,3.4,
7,1.3,3.5,
7,1.3,3.6,
7.1,1.3,0,
7.1,1.3,0.1,
7.1,1.3,0.2,
7.1,1.3,0.3,
7.1,1.3,0.4,
7.1,1.3,0.5,
7.1,1.3,0.6,
7.1,1.3,0.7,
7.1,1.3,0.8,
7.1,1.3,0.9,
7.1,1.3,1,
7.1,1.3,1.1,
7.1,1.3,1.2,
7.1,1.3,1.3,
7.1,1.3,1.4,
7.1,1.3,1.5,
7.1,1.3,1.6,
7.1,1.3,1.7,
7.1,1.3,1.8,
7.1,1.3,1.9,
7.1,1.3,2,
7.1,1.3,2.1,
7.1,1.3,2.2,
7.1,1.3,2.3,
7.1,1.3,2.4,
7.1,1.3,2.5,
7.1,1.3,2.6,
7.1,1.3,2.7,
7.1,1.3,2.8,
7.1,1.3,2.9,
7.1,1.3,3,
7.1,1.3,3.1,
7.1,1.3,3.2,
7.1,1.3,3.3,
7.1,1.3,3.4,
7.1,1.3,3.5,
7.1,1.3,3.6,
7.2,1.3,0,
7.2,1.3,0.1,
7.2,1.3,0.2,
7.2,1.3,0.3,
7.2,1.3,0.4,
7.2,1.3,0.5,
7.2,1.3,0.6,
7.2,1.3,0.7,
7.2,1.3,0.8,
7.2,1.3,0.9,
7.2,1.3,1,
7.2,1.3,1.1,
7.2,1.3,1.2,
7.2,1.3,1.3,
7.2,1.3,1.4,
7.2,1.3,1.5,
7.2,1.3,1.6,
7.2,1.3,1.7,
7.2,1.3,1.8,
7.2,1.3,1.9,
7.2,1.3,2,
7.2,1.3,2.1,
7.2,1.3,2.2,
7.2,1.3,2.3,
7.2,1.3,2.4,
7.2,1.3,2.5,
7.2,1.3,2.6,
7.2,1.3,2.7,
7.2,1.3,2.8,
7.2,1.3,2.9,
7.2,1.3,3,
7.2,1.3,3.1,
7.2,1.3,3.2,
7.2,1.3,3.3,
7.2,1.3,3.4,
7.2,1.3,3.5,
7.2,1.3,3.6,
7.3,1.3,0,
7.3,1.3,0.1,
7.3,1.3,0.2,
7.3,1.3,0.3,
7.3,1.3,0.4,
7.3,1.3,0.5,
7.3,1.3,0.6,
7.3,1.3,0.7,
7.3,1.3,0.8,
7.3,1.3,0.9,
7.3,1.3,1,
7.3,1.3,1.1,
7.3,1.3,1.2,
7.3,1.3,1.3,
7.3,1.3,1.4,
7.3,1.3,1.5,
7.3,1.3,1.6,
7.3,1.3,1.7,
7.3,1.3,1.8,
7.3,1.3,1.9,
7.3,1.3,2,
7.3,1.3,2.1,
7.3,1.3,2.2,
7.3,1.3,2.3,
7.3,1.3,2.4,
7.3,1.3,2.5,
7.3,1.3,2.6,
7.3,1.3,2.7,
7.3,1.3,2.8,
7.3,1.3,2.9,
7.3,1.3,3,
7.3,1.3,3.1,
7.3,1.3,3.2,
7.3,1.3,3.3,
7.3,1.3,3.4,
7.3,1.3,3.5,
7.3,1.3,3.6,
7.4,1.3,0,
7.4,1.3,0.1,
7.4,1.3,0.2,
7.4,1.3,0.3,
7.4,1.3,0.4,
7.4,1.3,0.5,
7.4,1.3,0.6,
7.4,1.3,0.7,
7.4,1.3,0.8,
7.4,1.3,0.9,
7.4,1.3,1,
7.4,1.3,1.1,
7.4,1.3,1.2,
7.4,1.3,1.3,
7.4,1.3,1.4,
7.4,1.3,1.5,
7.4,1.3,1.6,
7.4,1.3,1.7,
7.4,1.3,1.8,
7.4,1.3,1.9,
7.4,1.3,2,
7.4,1.3,2.1,
7.4,1.3,2.2,
7.4,1.3,2.3,
7.4,1.3,2.4,
7.4,1.3,2.5,
7.4,1.3,2.6,
7.4,1.3,2.7,
7.4,1.3,2.8,
7.4,1.3,2.9,
7.4,1.3,3,
7.4,1.3,3.1,
7.4,1.3,3.2,
7.4,1.3,3.3,
7.4,1.3,3.4,
7.4,1.3,3.5,
7.4,1.3,3.6,
7.5,1.3,0,
7.5,1.3,0.1,
7.5,1.3,0.2,
7.5,1.3,0.3,
7.5,1.3,0.4,
7.5,1.3,0.5,
7.5,1.3,0.6,
7.5,1.3,0.7,
7.5,1.3,0.8,
7.5,1.3,0.9,
7.5,1.3,1,
7.5,1.3,1.1,
7.5,1.3,1.2,
7.5,1.3,1.3,
7.5,1.3,1.4,
7.5,1.3,1.5,
7.5,1.3,1.6,
7.5,1.3,1.7,
7.5,1.3,1.8,
7.5,1.3,1.9,
7.5,1.3,2,
7.5,1.3,2.1,
7.5,1.3,2.2,
7.5,1.3,2.3,
7.5,1.3,2.4,
7.5,1.3,2.5,
7.5,1.3,2.6,
7.5,1.3,2.7,
7.5,1.3,2.8,
7.5,1.3,2.9,
7.5,1.3,3,
7.5,1.3,3.1,
7.5,1.3,3.2,
7.5,1.3,3.3,
7.5,1.3,3.4,
7.5,1.3,3.5,
7.5,1.3,3.6,
7.6,1.3,0,
7.6,1.3,0.1,
7.6,1.3,0.2,
7.6,1.3,0.3,
7.6,1.3,0.4,
7.6,1.3,0.5,
7.6,1.3,0.6,
7.6,1.3,0.7,
7.6,1.3,0.8,
7.6,1.3,0.9,
7.6,1.3,1,
7.6,1.3,1.1,
7.6,1.3,1.2,
7.6,1.3,1.3,
7.6,1.3,1.4,
7.6,1.3,1.5,
7.6,1.3,1.6,
7.6,1.3,1.7,
7.6,1.3,1.8,
7.6,1.3,1.9,
7.6,1.3,2,
7.6,1.3,2.1,
7.6,1.3,2.2,
7.6,1.3,2.3,
7.6,1.3,2.4,
7.6,1.3,2.5,
7.6,1.3,2.6,
7.6,1.3,2.7,
7.6,1.3,2.8,
7.6,1.3,2.9,
7.6,1.3,3,
7.6,1.3,3.1,
7.6,1.3,3.2,
7.6,1.3,3.3,
7.6,1.3,3.4,
7.6,1.3,3.5,
7.6,1.3,3.6,
7.7,1.3,0,
7.7,1.3,0.1,
7.7,1.3,0.2,
7.7,1.3,0.3,
7.7,1.3,0.4,
7.7,1.3,0.5,
7.7,1.3,0.6,
7.7,1.3,0.7,
7.7,1.3,0.8,
7.7,1.3,0.9,
7.7,1.3,1,
7.7,1.3,1.1,
7.7,1.3,1.2,
7.7,1.3,1.3,
7.7,1.3,1.4,
7.7,1.3,1.5,
7.7,1.3,1.6,
7.7,1.3,1.7,
7.7,1.3,1.8,
7.7,1.3,1.9,
7.7,1.3,2,
7.7,1.3,2.1,
7.7,1.3,2.2,
7.7,1.3,2.3,
7.7,1.3,2.4,
7.7,1.3,2.5,
7.7,1.3,2.6,
7.7,1.3,2.7,
7.7,1.3,2.8,
7.7,1.3,2.9,
7.7,1.3,3,
7.7,1.3,3.1,
7.7,1.3,3.2,
7.7,1.3,3.3,
7.7,1.3,3.4,
7.7,1.3,3.5,
7.7,1.3,3.6,
7.8,1.3,0,
7.8,1.3,0.1,
7.8,1.3,0.2,
7.8,1.3,0.3,
7.8,1.3,0.4,
7.8,1.3,0.5,
7.8,1.3,0.6,
7.8,1.3,0.7,
7.8,1.3,0.8,
7.8,1.3,0.9,
7.8,1.3,1,
7.8,1.3,1.1,
7.8,1.3,1.2,
7.8,1.3,1.3,
7.8,1.3,1.4,
7.8,1.3,1.5,
7.8,1.3,1.6,
7.8,1.3,1.7,
7.8,1.3,1.8,
7.8,1.3,1.9,
7.8,1.3,2,
7.8,1.3,2.1,
7.8,1.3,2.2,
7.8,1.3,2.3,
7.8,1.3,2.4,
7.8,1.3,2.5,
7.8,1.3,2.6,
7.8,1.3,2.7,
7.8,1.3,2.8,
7.8,1.3,2.9,
7.8,1.3,3,
7.8,1.3,3.1,
7.8,1.3,3.2,
7.8,1.3,3.3,
7.8,1.3,3.4,
7.8,1.3,3.5,
7.8,1.3,3.6,
7.9,1.3,0,
7.9,1.3,0.1,
7.9,1.3,0.2,
7.9,1.3,0.3,
7.9,1.3,0.4,
7.9,1.3,0.5,
7.9,1.3,0.6,
7.9,1.3,0.7,
7.9,1.3,0.8,
7.9,1.3,0.9,
7.9,1.3,1,
7.9,1.3,1.1,
7.9,1.3,1.2,
7.9,1.3,1.3,
7.9,1.3,1.4,
7.9,1.3,1.5,
7.9,1.3,1.6,
7.9,1.3,1.7,
7.9,1.3,1.8,
7.9,1.3,1.9,
7.9,1.3,2,
7.9,1.3,2.1,
7.9,1.3,2.2,
7.9,1.3,2.3,
7.9,1.3,2.4,
7.9,1.3,2.5,
7.9,1.3,2.6,
7.9,1.3,2.7,
7.9,1.3,2.8,
7.9,1.3,2.9,
7.9,1.3,3,
7.9,1.3,3.1,
7.9,1.3,3.2,
7.9,1.3,3.3,
7.9,1.3,3.4,
7.9,1.3,3.5,
7.9,1.3,3.6,
8,1.3,0,
8,1.3,0.1,
8,1.3,0.2,
8,1.3,0.3,
8,1.3,0.4,
8,1.3,0.5,
8,1.3,0.6,
8,1.3,0.7,
8,1.3,0.8,
8,1.3,0.9,
8,1.3,1,
8,1.3,1.1,
8,1.3,1.2,
8,1.3,1.3,
8,1.3,1.4,
8,1.3,1.5,
8,1.3,1.6,
8,1.3,1.7,
8,1.3,1.8,
8,1.3,1.9,
8,1.3,2,
8,1.3,2.1,
8,1.3,2.2,
8,1.3,2.3,
8,1.3,2.4,
8,1.3,2.5,
8,1.3,2.6,
8,1.3,2.7,
8,1.3,2.8,
8,1.3,2.9,
8,1.3,3,
8,1.3,3.1,
8,1.3,3.2,
8,1.3,3.3,
8,1.3,3.4,
8,1.3,3.5,
8,1.3,3.6,
0,1.4,0,
0,1.4,0.1,
0,1.4,0.2,
0,1.4,0.3,
0,1.4,0.4,
0,1.4,0.5,
0,1.4,0.6,
0,1.4,0.7,
0,1.4,0.8,
0,1.4,0.9,
0,1.4,1,
0,1.4,1.1,
0,1.4,1.2,
0,1.4,1.3,
0,1.4,1.4,
0,1.4,1.5,
0,1.4,1.6,
0,1.4,1.7,
0,1.4,1.8,
0,1.4,1.9,
0,1.4,2,
0,1.4,2.1,
0,1.4,2.2,
0,1.4,2.3,
0,1.4,2.4,
0,1.4,2.5,
0,1.4,2.6,
0,1.4,2.7,
0,1.4,2.8,
0,1.4,2.9,
0,1.4,3,
0,1.4,3.1,
0,1.4,3.2,
0,1.4,3.3,
0,1.4,3.4,
0,1.4,3.5,
0,1.4,3.6,
0.1,1.4,0,
0.1,1.4,0.1,
0.1,1.4,0.2,
0.1,1.4,0.3,
0.1,1.4,0.4,
0.1,1.4,0.5,
0.1,1.4,0.6,
0.1,1.4,0.7,
0.1,1.4,0.8,
0.1,1.4,0.9,
0.1,1.4,1,
0.1,1.4,1.1,
0.1,1.4,1.2,
0.1,1.4,1.3,
0.1,1.4,1.4,
0.1,1.4,1.5,
0.1,1.4,1.6,
0.1,1.4,1.7,
0.1,1.4,1.8,
0.1,1.4,1.9,
0.1,1.4,2,
0.1,1.4,2.1,
0.1,1.4,2.2,
0.1,1.4,2.3,
0.1,1.4,2.4,
0.1,1.4,2.5,
0.1,1.4,2.6,
0.1,1.4,2.7,
0.1,1.4,2.8,
0.1,1.4,2.9,
0.1,1.4,3,
0.1,1.4,3.1,
0.1,1.4,3.2,
0.1,1.4,3.3,
0.1,1.4,3.4,
0.1,1.4,3.5,
0.1,1.4,3.6,
0.2,1.4,0,
0.2,1.4,0.1,
0.2,1.4,0.2,
0.2,1.4,0.3,
0.2,1.4,0.4,
0.2,1.4,0.5,
0.2,1.4,0.6,
0.2,1.4,0.7,
0.2,1.4,0.8,
0.2,1.4,0.9,
0.2,1.4,1,
0.2,1.4,1.1,
0.2,1.4,1.2,
0.2,1.4,1.3,
0.2,1.4,1.4,
0.2,1.4,1.5,
0.2,1.4,1.6,
0.2,1.4,1.7,
0.2,1.4,1.8,
0.2,1.4,1.9,
0.2,1.4,2,
0.2,1.4,2.1,
0.2,1.4,2.2,
0.2,1.4,2.3,
0.2,1.4,2.4,
0.2,1.4,2.5,
0.2,1.4,2.6,
0.2,1.4,2.7,
0.2,1.4,2.8,
0.2,1.4,2.9,
0.2,1.4,3,
0.2,1.4,3.1,
0.2,1.4,3.2,
0.2,1.4,3.3,
0.2,1.4,3.4,
0.2,1.4,3.5,
0.2,1.4,3.6,
0.3,1.4,0,
0.3,1.4,0.1,
0.3,1.4,0.2,
0.3,1.4,0.3,
0.3,1.4,0.4,
0.3,1.4,0.5,
0.3,1.4,0.6,
0.3,1.4,0.7,
0.3,1.4,0.8,
0.3,1.4,0.9,
0.3,1.4,1,
0.3,1.4,1.1,
0.3,1.4,1.2,
0.3,1.4,1.3,
0.3,1.4,1.4,
0.3,1.4,1.5,
0.3,1.4,1.6,
0.3,1.4,1.7,
0.3,1.4,1.8,
0.3,1.4,1.9,
0.3,1.4,2,
0.3,1.4,2.1,
0.3,1.4,2.2,
0.3,1.4,2.3,
0.3,1.4,2.4,
0.3,1.4,2.5,
0.3,1.4,2.6,
0.3,1.4,2.7,
0.3,1.4,2.8,
0.3,1.4,2.9,
0.3,1.4,3,
0.3,1.4,3.1,
0.3,1.4,3.2,
0.3,1.4,3.3,
0.3,1.4,3.4,
0.3,1.4,3.5,
0.3,1.4,3.6,
0.4,1.4,0,
0.4,1.4,0.1,
0.4,1.4,0.2,
0.4,1.4,0.3,
0.4,1.4,0.4,
0.4,1.4,0.5,
0.4,1.4,0.6,
0.4,1.4,0.7,
0.4,1.4,0.8,
0.4,1.4,0.9,
0.4,1.4,1,
0.4,1.4,1.1,
0.4,1.4,1.2,
0.4,1.4,1.3,
0.4,1.4,1.4,
0.4,1.4,1.5,
0.4,1.4,1.6,
0.4,1.4,1.7,
0.4,1.4,1.8,
0.4,1.4,1.9,
0.4,1.4,2,
0.4,1.4,2.1,
0.4,1.4,2.2,
0.4,1.4,2.3,
0.4,1.4,2.4,
0.4,1.4,2.5,
0.4,1.4,2.6,
0.4,1.4,2.7,
0.4,1.4,2.8,
0.4,1.4,2.9,
0.4,1.4,3,
0.4,1.4,3.1,
0.4,1.4,3.2,
0.4,1.4,3.3,
0.4,1.4,3.4,
0.4,1.4,3.5,
0.4,1.4,3.6,
0.5,1.4,0,
0.5,1.4,0.1,
0.5,1.4,0.2,
0.5,1.4,0.3,
0.5,1.4,0.4,
0.5,1.4,0.5,
0.5,1.4,0.6,
0.5,1.4,0.7,
0.5,1.4,0.8,
0.5,1.4,0.9,
0.5,1.4,1,
0.5,1.4,1.1,
0.5,1.4,1.2,
0.5,1.4,1.3,
0.5,1.4,1.4,
0.5,1.4,1.5,
0.5,1.4,1.6,
0.5,1.4,1.7,
0.5,1.4,1.8,
0.5,1.4,1.9,
0.5,1.4,2,
0.5,1.4,2.1,
0.5,1.4,2.2,
0.5,1.4,2.3,
0.5,1.4,2.4,
0.5,1.4,2.5,
0.5,1.4,2.6,
0.5,1.4,2.7,
0.5,1.4,2.8,
0.5,1.4,2.9,
0.5,1.4,3,
0.5,1.4,3.1,
0.5,1.4,3.2,
0.5,1.4,3.3,
0.5,1.4,3.4,
0.5,1.4,3.5,
0.5,1.4,3.6,
0.6,1.4,0,
0.6,1.4,0.1,
0.6,1.4,0.2,
0.6,1.4,0.3,
0.6,1.4,0.4,
0.6,1.4,0.5,
0.6,1.4,0.6,
0.6,1.4,0.7,
0.6,1.4,0.8,
0.6,1.4,0.9,
0.6,1.4,1,
0.6,1.4,1.1,
0.6,1.4,1.2,
0.6,1.4,1.3,
0.6,1.4,1.4,
0.6,1.4,1.5,
0.6,1.4,1.6,
0.6,1.4,1.7,
0.6,1.4,1.8,
0.6,1.4,1.9,
0.6,1.4,2,
0.6,1.4,2.1,
0.6,1.4,2.2,
0.6,1.4,2.3,
0.6,1.4,2.4,
0.6,1.4,2.5,
0.6,1.4,2.6,
0.6,1.4,2.7,
0.6,1.4,2.8,
0.6,1.4,2.9,
0.6,1.4,3,
0.6,1.4,3.1,
0.6,1.4,3.2,
0.6,1.4,3.3,
0.6,1.4,3.4,
0.6,1.4,3.5,
0.6,1.4,3.6,
0.7,1.4,0,
0.7,1.4,0.1,
0.7,1.4,0.2,
0.7,1.4,0.3,
0.7,1.4,0.4,
0.7,1.4,0.5,
0.7,1.4,0.6,
0.7,1.4,0.7,
0.7,1.4,0.8,
0.7,1.4,0.9,
0.7,1.4,1,
0.7,1.4,1.1,
0.7,1.4,1.2,
0.7,1.4,1.3,
0.7,1.4,1.4,
0.7,1.4,1.5,
0.7,1.4,1.6,
0.7,1.4,1.7,
0.7,1.4,1.8,
0.7,1.4,1.9,
0.7,1.4,2,
0.7,1.4,2.1,
0.7,1.4,2.2,
0.7,1.4,2.3,
0.7,1.4,2.4,
0.7,1.4,2.5,
0.7,1.4,2.6,
0.7,1.4,2.7,
0.7,1.4,2.8,
0.7,1.4,2.9,
0.7,1.4,3,
0.7,1.4,3.1,
0.7,1.4,3.2,
0.7,1.4,3.3,
0.7,1.4,3.4,
0.7,1.4,3.5,
0.7,1.4,3.6,
0.8,1.4,0,
0.8,1.4,0.1,
0.8,1.4,0.2,
0.8,1.4,0.3,
0.8,1.4,0.4,
0.8,1.4,0.5,
0.8,1.4,0.6,
0.8,1.4,0.7,
0.8,1.4,0.8,
0.8,1.4,0.9,
0.8,1.4,1,
0.8,1.4,1.1,
0.8,1.4,1.2,
0.8,1.4,1.3,
0.8,1.4,1.4,
0.8,1.4,1.5,
0.8,1.4,1.6,
0.8,1.4,1.7,
0.8,1.4,1.8,
0.8,1.4,1.9,
0.8,1.4,2,
0.8,1.4,2.1,
0.8,1.4,2.2,
0.8,1.4,2.3,
0.8,1.4,2.4,
0.8,1.4,2.5,
0.8,1.4,2.6,
0.8,1.4,2.7,
0.8,1.4,2.8,
0.8,1.4,2.9,
0.8,1.4,3,
0.8,1.4,3.1,
0.8,1.4,3.2,
0.8,1.4,3.3,
0.8,1.4,3.4,
0.8,1.4,3.5,
0.8,1.4,3.6,
0.9,1.4,0,
0.9,1.4,0.1,
0.9,1.4,0.2,
0.9,1.4,0.3,
0.9,1.4,0.4,
0.9,1.4,0.5,
0.9,1.4,0.6,
0.9,1.4,0.7,
0.9,1.4,0.8,
0.9,1.4,0.9,
0.9,1.4,1,
0.9,1.4,1.1,
0.9,1.4,1.2,
0.9,1.4,1.3,
0.9,1.4,1.4,
0.9,1.4,1.5,
0.9,1.4,1.6,
0.9,1.4,1.7,
0.9,1.4,1.8,
0.9,1.4,1.9,
0.9,1.4,2,
0.9,1.4,2.1,
0.9,1.4,2.2,
0.9,1.4,2.3,
0.9,1.4,2.4,
0.9,1.4,2.5,
0.9,1.4,2.6,
0.9,1.4,2.7,
0.9,1.4,2.8,
0.9,1.4,2.9,
0.9,1.4,3,
0.9,1.4,3.1,
0.9,1.4,3.2,
0.9,1.4,3.3,
0.9,1.4,3.4,
0.9,1.4,3.5,
0.9,1.4,3.6,
1,1.4,0,
1,1.4,0.1,
1,1.4,0.2,
1,1.4,0.3,
1,1.4,0.4,
1,1.4,0.5,
1,1.4,0.6,
1,1.4,0.7,
1,1.4,0.8,
1,1.4,0.9,
1,1.4,1,
1,1.4,1.1,
1,1.4,1.2,
1,1.4,1.3,
1,1.4,1.4,
1,1.4,1.5,
1,1.4,1.6,
1,1.4,1.7,
1,1.4,1.8,
1,1.4,1.9,
1,1.4,2,
1,1.4,2.1,
1,1.4,2.2,
1,1.4,2.3,
1,1.4,2.4,
1,1.4,2.5,
1,1.4,2.6,
1,1.4,2.7,
1,1.4,2.8,
1,1.4,2.9,
1,1.4,3,
1,1.4,3.1,
1,1.4,3.2,1.025646544
1,1.4,3.3,
1,1.4,3.4,
1,1.4,3.5,
1,1.4,3.6,
1.1,1.4,0,
1.1,1.4,0.1,
1.1,1.4,0.2,
1.1,1.4,0.3,
1.1,1.4,0.4,
1.1,1.4,0.5,
1.1,1.4,0.6,
1.1,1.4,0.7,
1.1,1.4,0.8,
1.1,1.4,0.9,
1.1,1.4,1,
1.1,1.4,1.1,
1.1,1.4,1.2,
1.1,1.4,1.3,
1.1,1.4,1.4,
1.1,1.4,1.5,
1.1,1.4,1.6,
1.1,1.4,1.7,
1.1,1.4,1.8,
1.1,1.4,1.9,
1.1,1.4,2,
1.1,1.4,2.1,
1.1,1.4,2.2,
1.1,1.4,2.3,
1.1,1.4,2.4,
1.1,1.4,2.5,
1.1,1.4,2.6,
1.1,1.4,2.7,
1.1,1.4,2.8,
1.1,1.4,2.9,
1.1,1.4,3,
1.1,1.4,3.1,
1.1,1.4,3.2,
1.1,1.4,3.3,
1.1,1.4,3.4,
1.1,1.4,3.5,
1.1,1.4,3.6,
1.2,1.4,0,
1.2,1.4,0.1,
1.2,1.4,0.2,
1.2,1.4,0.3,
1.2,1.4,0.4,
1.2,1.4,0.5,
1.2,1.4,0.6,
1.2,1.4,0.7,
1.2,1.4,0.8,
1.2,1.4,0.9,
1.2,1.4,1,
1.2,1.4,1.1,
1.2,1.4,1.2,
1.2,1.4,1.3,
1.2,1.4,1.4,
1.2,1.4,1.5,
1.2,1.4,1.6,
1.2,1.4,1.7,
1.2,1.4,1.8,
1.2,1.4,1.9,
1.2,1.4,2,
1.2,1.4,2.1,
1.2,1.4,2.2,
1.2,1.4,2.3,
1.2,1.4,2.4,
1.2,1.4,2.5,
1.2,1.4,2.6,
1.2,1.4,2.7,
1.2,1.4,2.8,
1.2,1.4,2.9,
1.2,1.4,3,
1.2,1.4,3.1,
1.2,1.4,3.2,
1.2,1.4,3.3,
1.2,1.4,3.4,
1.2,1.4,3.5,
1.2,1.4,3.6,
1.3,1.4,0,
1.3,1.4,0.1,
1.3,1.4,0.2,
1.3,1.4,0.3,
1.3,1.4,0.4,
1.3,1.4,0.5,
1.3,1.4,0.6,
1.3,1.4,0.7,
1.3,1.4,0.8,
1.3,1.4,0.9,
1.3,1.4,1,
1.3,1.4,1.1,
1.3,1.4,1.2,
1.3,1.4,1.3,
1.3,1.4,1.4,
1.3,1.4,1.5,
1.3,1.4,1.6,
1.3,1.4,1.7,
1.3,1.4,1.8,
1.3,1.4,1.9,
1.3,1.4,2,
1.3,1.4,2.1,
1.3,1.4,2.2,
1.3,1.4,2.3,
1.3,1.4,2.4,
1.3,1.4,2.5,
1.3,1.4,2.6,
1.3,1.4,2.7,
1.3,1.4,2.8,
1.3,1.4,2.9,
1.3,1.4,3,
1.3,1.4,3.1,
1.3,1.4,3.2,
1.3,1.4,3.3,
1.3,1.4,3.4,
1.3,1.4,3.5,
1.3,1.4,3.6,
1.4,1.4,0,
1.4,1.4,0.1,
1.4,1.4,0.2,
1.4,1.4,0.3,
1.4,1.4,0.4,
1.4,1.4,0.5,
1.4,1.4,0.6,
1.4,1.4,0.7,
1.4,1.4,0.8,
1.4,1.4,0.9,
1.4,1.4,1,
1.4,1.4,1.1,
1.4,1.4,1.2,
1.4,1.4,1.3,
1.4,1.4,1.4,
1.4,1.4,1.5,
1.4,1.4,1.6,
1.4,1.4,1.7,
1.4,1.4,1.8,
1.4,1.4,1.9,
1.4,1.4,2,
1.4,1.4,2.1,
1.4,1.4,2.2,
1.4,1.4,2.3,
1.4,1.4,2.4,
1.4,1.4,2.5,
1.4,1.4,2.6,
1.4,1.4,2.7,
1.4,1.4,2.8,
1.4,1.4,2.9,
1.4,1.4,3,
1.4,1.4,3.1,
1.4,1.4,3.2,
1.4,1.4,3.3,
1.4,1.4,3.4,
1.4,1.4,3.5,
1.4,1.4,3.6,
1.5,1.4,0,
1.5,1.4,0.1,
1.5,1.4,0.2,
1.5,1.4,0.3,
1.5,1.4,0.4,
1.5,1.4,0.5,
1.5,1.4,0.6,
1.5,1.4,0.7,
1.5,1.4,0.8,
1.5,1.4,0.9,
1.5,1.4,1,
1.5,1.4,1.1,
1.5,1.4,1.2,
1.5,1.4,1.3,
1.5,1.4,1.4,
1.5,1.4,1.5,
1.5,1.4,1.6,
1.5,1.4,1.7,
1.5,1.4,1.8,
1.5,1.4,1.9,
1.5,1.4,2,
1.5,1.4,2.1,
1.5,1.4,2.2,
1.5,1.4,2.3,
1.5,1.4,2.4,1.050704318
1.5,1.4,2.5,
1.5,1.4,2.6,
1.5,1.4,2.7,
1.5,1.4,2.8,
1.5,1.4,2.9,
1.5,1.4,3,
1.5,1.4,3.1,
1.5,1.4,3.2,
1.5,1.4,3.3,
1.5,1.4,3.4,
1.5,1.4,3.5,
1.5,1.4,3.6,
1.6,1.4,0,
1.6,1.4,0.1,
1.6,1.4,0.2,
1.6,1.4,0.3,
1.6,1.4,0.4,
1.6,1.4,0.5,
1.6,1.4,0.6,
1.6,1.4,0.7,
1.6,1.4,0.8,
1.6,1.4,0.9,
1.6,1.4,1,
1.6,1.4,1.1,
1.6,1.4,1.2,
1.6,1.4,1.3,
1.6,1.4,1.4,
1.6,1.4,1.5,
1.6,1.4,1.6,
1.6,1.4,1.7,
1.6,1.4,1.8,
1.6,1.4,1.9,
1.6,1.4,2,
1.6,1.4,2.1,
1.6,1.4,2.2,
1.6,1.4,2.3,
1.6,1.4,2.4,
1.6,1.4,2.5,
1.6,1.4,2.6,
1.6,1.4,2.7,
1.6,1.4,2.8,
1.6,1.4,2.9,
1.6,1.4,3,
1.6,1.4,3.1,
1.6,1.4,3.2,
1.6,1.4,3.3,
1.6,1.4,3.4,
1.6,1.4,3.5,
1.6,1.4,3.6,
1.7,1.4,0,
1.7,1.4,0.1,
1.7,1.4,0.2,
1.7,1.4,0.3,
1.7,1.4,0.4,
1.7,1.4,0.5,
1.7,1.4,0.6,
1.7,1.4,0.7,
1.7,1.4,0.8,
1.7,1.4,0.9,
1.7,1.4,1,
1.7,1.4,1.1,
1.7,1.4,1.2,
1.7,1.4,1.3,
1.7,1.4,1.4,
1.7,1.4,1.5,
1.7,1.4,1.6,
1.7,1.4,1.7,
1.7,1.4,1.8,
1.7,1.4,1.9,
1.7,1.4,2,
1.7,1.4,2.1,
1.7,1.4,2.2,
1.7,1.4,2.3,
1.7,1.4,2.4,
1.7,1.4,2.5,
1.7,1.4,2.6,
1.7,1.4,2.7,
1.7,1.4,2.8,
1.7,1.4,2.9,
1.7,1.4,3,
1.7,1.4,3.1,
1.7,1.4,3.2,
1.7,1.4,3.3,
1.7,1.4,3.4,
1.7,1.4,3.5,
1.7,1.4,3.6,
1.8,1.4,0,
1.8,1.4,0.1,
1.8,1.4,0.2,
1.8,1.4,0.3,
1.8,1.4,0.4,
1.8,1.4,0.5,
1.8,1.4,0.6,
1.8,1.4,0.7,
1.8,1.4,0.8,
1.8,1.4,0.9,
1.8,1.4,1,
1.8,1.4,1.1,
1.8,1.4,1.2,
1.8,1.4,1.3,
1.8,1.4,1.4,
1.8,1.4,1.5,
1.8,1.4,1.6,
1.8,1.4,1.7,
1.8,1.4,1.8,
1.8,1.4,1.9,
1.8,1.4,2,
1.8,1.4,2.1,
1.8,1.4,2.2,
1.8,1.4,2.3,
1.8,1.4,2.4,
1.8,1.4,2.5,
1.8,1.4,2.6,
1.8,1.4,2.7,
1.8,1.4,2.8,
1.8,1.4,2.9,
1.8,1.4,3,
1.8,1.4,3.1,
1.8,1.4,3.2,
1.8,1.4,3.3,
1.8,1.4,3.4,
1.8,1.4,3.5,
1.8,1.4,3.6,
1.9,1.4,0,
1.9,1.4,0.1,
1.9,1.4,0.2,
1.9,1.4,0.3,
1.9,1.4,0.4,
1.9,1.4,0.5,
1.9,1.4,0.6,
1.9,1.4,0.7,
1.9,1.4,0.8,
1.9,1.4,0.9,
1.9,1.4,1,
1.9,1.4,1.1,
1.9,1.4,1.2,
1.9,1.4,1.3,
1.9,1.4,1.4,
1.9,1.4,1.5,
1.9,1.4,1.6,
1.9,1.4,1.7,
1.9,1.4,1.8,
1.9,1.4,1.9,
1.9,1.4,2,
1.9,1.4,2.1,
1.9,1.4,2.2,
1.9,1.4,2.3,
1.9,1.4,2.4,
1.9,1.4,2.5,
1.9,1.4,2.6,
1.9,1.4,2.7,
1.9,1.4,2.8,
1.9,1.4,2.9,
1.9,1.4,3,
1.9,1.4,3.1,
1.9,1.4,3.2,
1.9,1.4,3.3,
1.9,1.4,3.4,
1.9,1.4,3.5,
1.9,1.4,3.6,
2,1.4,0,
2,1.4,0.1,
2,1.4,0.2,
2,1.4,0.3,
2,1.4,0.4,
2,1.4,0.5,
2,1.4,0.6,
2,1.4,0.7,
2,1.4,0.8,
2,1.4,0.9,
2,1.4,1,
2,1.4,1.1,
2,1.4,1.2,
2,1.4,1.3,
2,1.4,1.4,
2,1.4,1.5,
2,1.4,1.6,
2,1.4,1.7,
2,1.4,1.8,
2,1.4,1.9,
2,1.4,2,
2,1.4,2.1,
2,1.4,2.2,
2,1.4,2.3,
2,1.4,2.4,
2,1.4,2.5,
2,1.4,2.6,
2,1.4,2.7,
2,1.4,2.8,
2,1.4,2.9,
2,1.4,3,
2,1.4,3.1,
2,1.4,3.2,
2,1.4,3.3,
2,1.4,3.4,
2,1.4,3.5,
2,1.4,3.6,
2.1,1.4,0,
2.1,1.4,0.1,
2.1,1.4,0.2,
2.1,1.4,0.3,
2.1,1.4,0.4,
2.1,1.4,0.5,
2.1,1.4,0.6,
2.1,1.4,0.7,
2.1,1.4,0.8,
2.1,1.4,0.9,
2.1,1.4,1,
2.1,1.4,1.1,
2.1,1.4,1.2,
2.1,1.4,1.3,
2.1,1.4,1.4,
2.1,1.4,1.5,
2.1,1.4,1.6,
2.1,1.4,1.7,
2.1,1.4,1.8,
2.1,1.4,1.9,
2.1,1.4,2,
2.1,1.4,2.1,
2.1,1.4,2.2,
2.1,1.4,2.3,
2.1,1.4,2.4,
2.1,1.4,2.5,
2.1,1.4,2.6,
2.1,1.4,2.7,
2.1,1.4,2.8,
2.1,1.4,2.9,
2.1,1.4,3,
2.1,1.4,3.1,
2.1,1.4,3.2,
2.1,1.4,3.3,
2.1,1.4,3.4,
2.1,1.4,3.5,
2.1,1.4,3.6,
2.2,1.4,0,
2.2,1.4,0.1,
2.2,1.4,0.2,
2.2,1.4,0.3,
2.2,1.4,0.4,
2.2,1.4,0.5,
2.2,1.4,0.6,
2.2,1.4,0.7,
2.2,1.4,0.8,
2.2,1.4,0.9,
2.2,1.4,1,
2.2,1.4,1.1,
2.2,1.4,1.2,
2.2,1.4,1.3,
2.2,1.4,1.4,
2.2,1.4,1.5,
2.2,1.4,1.6,
2.2,1.4,1.7,
2.2,1.4,1.8,
2.2,1.4,1.9,
2.2,1.4,2,
2.2,1.4,2.1,
2.2,1.4,2.2,
2.2,1.4,2.3,
2.2,1.4,2.4,
2.2,1.4,2.5,
2.2,1.4,2.6,
2.2,1.4,2.7,
2.2,1.4,2.8,
2.2,1.4,2.9,
2.2,1.4,3,
2.2,1.4,3.1,
2.2,1.4,3.2,
2.2,1.4,3.3,
2.2,1.4,3.4,
2.2,1.4,3.5,
2.2,1.4,3.6,
2.3,1.4,0,
2.3,1.4,0.1,
2.3,1.4,0.2,
2.3,1.4,0.3,
2.3,1.4,0.4,
2.3,1.4,0.5,
2.3,1.4,0.6,
2.3,1.4,0.7,
2.3,1.4,0.8,
2.3,1.4,0.9,
2.3,1.4,1,
2.3,1.4,1.1,
2.3,1.4,1.2,
2.3,1.4,1.3,
2.3,1.4,1.4,
2.3,1.4,1.5,
2.3,1.4,1.6,
2.3,1.4,1.7,
2.3,1.4,1.8,
2.3,1.4,1.9,
2.3,1.4,2,
2.3,1.4,2.1,
2.3,1.4,2.2,
2.3,1.4,2.3,
2.3,1.4,2.4,
2.3,1.4,2.5,
2.3,1.4,2.6,
2.3,1.4,2.7,
2.3,1.4,2.8,
2.3,1.4,2.9,
2.3,1.4,3,
2.3,1.4,3.1,
2.3,1.4,3.2,
2.3,1.4,3.3,
2.3,1.4,3.4,
2.3,1.4,3.5,
2.3,1.4,3.6,
2.4,1.4,0,
2.4,1.4,0.1,
2.4,1.4,0.2,
2.4,1.4,0.3,
2.4,1.4,0.4,
2.4,1.4,0.5,
2.4,1.4,0.6,
2.4,1.4,0.7,
2.4,1.4,0.8,
2.4,1.4,0.9,
2.4,1.4,1,
2.4,1.4,1.1,
2.4,1.4,1.2,
2.4,1.4,1.3,
2.4,1.4,1.4,
2.4,1.4,1.5,
2.4,1.4,1.6,
2.4,1.4,1.7,
2.4,1.4,1.8,
2.4,1.4,1.9,
2.4,1.4,2,
2.4,1.4,2.1,
2.4,1.4,2.2,
2.4,1.4,2.3,
2.4,1.4,2.4,
2.4,1.4,2.5,
2.4,1.4,2.6,
2.4,1.4,2.7,
2.4,1.4,2.8,
2.4,1.4,2.9,
2.4,1.4,3,
2.4,1.4,3.1,
2.4,1.4,3.2,
2.4,1.4,3.3,
2.4,1.4,3.4,
2.4,1.4,3.5,
2.4,1.4,3.6,
2.5,1.4,0,
2.5,1.4,0.1,
2.5,1.4,0.2,
2.5,1.4,0.3,
2.5,1.4,0.4,
2.5,1.4,0.5,
2.5,1.4,0.6,
2.5,1.4,0.7,
2.5,1.4,0.8,
2.5,1.4,0.9,
2.5,1.4,1,
2.5,1.4,1.1,
2.5,1.4,1.2,
2.5,1.4,1.3,
2.5,1.4,1.4,
2.5,1.4,1.5,
2.5,1.4,1.6,
2.5,1.4,1.7,
2.5,1.4,1.8,
2.5,1.4,1.9,
2.5,1.4,2,
2.5,1.4,2.1,
2.5,1.4,2.2,
2.5,1.4,2.3,
2.5,1.4,2.4,
2.5,1.4,2.5,
2.5,1.4,2.6,
2.5,1.4,2.7,
2.5,1.4,2.8,
2.5,1.4,2.9,
2.5,1.4,3,
2.5,1.4,3.1,
2.5,1.4,3.2,
2.5,1.4,3.3,
2.5,1.4,3.4,
2.5,1.4,3.5,
2.5,1.4,3.6,
2.6,1.4,0,
2.6,1.4,0.1,
2.6,1.4,0.2,
2.6,1.4,0.3,
2.6,1.4,0.4,
2.6,1.4,0.5,
2.6,1.4,0.6,
2.6,1.4,0.7,
2.6,1.4,0.8,
2.6,1.4,0.9,
2.6,1.4,1,
2.6,1.4,1.1,
2.6,1.4,1.2,
2.6,1.4,1.3,
2.6,1.4,1.4,
2.6,1.4,1.5,
2.6,1.4,1.6,
2.6,1.4,1.7,
2.6,1.4,1.8,
2.6,1.4,1.9,
2.6,1.4,2,
2.6,1.4,2.1,
2.6,1.4,2.2,
2.6,1.4,2.3,
2.6,1.4,2.4,
2.6,1.4,2.5,
2.6,1.4,2.6,
2.6,1.4,2.7,
2.6,1.4,2.8,
2.6,1.4,2.9,
2.6,1.4,3,
2.6,1.4,3.1,
2.6,1.4,3.2,
2.6,1.4,3.3,
2.6,1.4,3.4,
2.6,1.4,3.5,
2.6,1.4,3.6,
2.7,1.4,0,
2.7,1.4,0.1,
2.7,1.4,0.2,
2.7,1.4,0.3,
2.7,1.4,0.4,
2.7,1.4,0.5,
2.7,1.4,0.6,
2.7,1.4,0.7,
2.7,1.4,0.8,
2.7,1.4,0.9,
2.7,1.4,1,
2.7,1.4,1.1,
2.7,1.4,1.2,
2.7,1.4,1.3,
2.7,1.4,1.4,
2.7,1.4,1.5,
2.7,1.4,1.6,
2.7,1.4,1.7,
2.7,1.4,1.8,
2.7,1.4,1.9,
2.7,1.4,2,
2.7,1.4,2.1,
2.7,1.4,2.2,
2.7,1.4,2.3,
2.7,1.4,2.4,
2.7,1.4,2.5,
2.7,1.4,2.6,
2.7,1.4,2.7,
2.7,1.4,2.8,
2.7,1.4,2.9,
2.7,1.4,3,
2.7,1.4,3.1,
2.7,1.4,3.2,
2.7,1.4,3.3,
2.7,1.4,3.4,
2.7,1.4,3.5,
2.7,1.4,3.6,
2.8,1.4,0,
2.8,1.4,0.1,
2.8,1.4,0.2,
2.8,1.4,0.3,
2.8,1.4,0.4,1.033324068
2.8,1.4,0.5,
2.8,1.4,0.6,
2.8,1.4,0.7,
2.8,1.4,0.8,
2.8,1.4,0.9,
2.8,1.4,1,
2.8,1.4,1.1,
2.8,1.4,1.2,
2.8,1.4,1.3,
2.8,1.4,1.4,
2.8,1.4,1.5,
2.8,1.4,1.6,
2.8,1.4,1.7,
2.8,1.4,1.8,
2.8,1.4,1.9,
2.8,1.4,2,
2.8,1.4,2.1,
2.8,1.4,2.2,
2.8,1.4,2.3,
2.8,1.4,2.4,
2.8,1.4,2.5,
2.8,1.4,2.6,
2.8,1.4,2.7,
2.8,1.4,2.8,
2.8,1.4,2.9,
2.8,1.4,3,
2.8,1.4,3.1,
2.8,1.4,3.2,
2.8,1.4,3.3,
2.8,1.4,3.4,
2.8,1.4,3.5,
2.8,1.4,3.6,
2.9,1.4,0,
2.9,1.4,0.1,
2.9,1.4,0.2,
2.9,1.4,0.3,
2.9,1.4,0.4,
2.9,1.4,0.5,
2.9,1.4,0.6,
2.9,1.4,0.7,
2.9,1.4,0.8,
2.9,1.4,0.9,
2.9,1.4,1,
2.9,1.4,1.1,
2.9,1.4,1.2,
2.9,1.4,1.3,
2.9,1.4,1.4,
2.9,1.4,1.5,
2.9,1.4,1.6,
2.9,1.4,1.7,
2.9,1.4,1.8,
2.9,1.4,1.9,
2.9,1.4,2,
2.9,1.4,2.1,
2.9,1.4,2.2,
2.9,1.4,2.3,
2.9,1.4,2.4,
2.9,1.4,2.5,
2.9,1.4,2.6,
2.9,1.4,2.7,
2.9,1.4,2.8,
2.9,1.4,2.9,
2.9,1.4,3,
2.9,1.4,3.1,
2.9,1.4,3.2,
2.9,1.4,3.3,
2.9,1.4,3.4,
2.9,1.4,3.5,
2.9,1.4,3.6,
3,1.4,0,
3,1.4,0.1,
3,1.4,0.2,
3,1.4,0.3,
3,1.4,0.4,
3,1.4,0.5,
3,1.4,0.6,
3,1.4,0.7,
3,1.4,0.8,
3,1.4,0.9,
3,1.4,1,
3,1.4,1.1,
3,1.4,1.2,
3,1.4,1.3,
3,1.4,1.4,
3,1.4,1.5,
3,1.4,1.6,
3,1.4,1.7,
3,1.4,1.8,
3,1.4,1.9,
3,1.4,2,
3,1.4,2.1,
3,1.4,2.2,
3,1.4,2.3,
3,1.4,2.4,
3,1.4,2.5,
3,1.4,2.6,
3,1.4,2.7,
3,1.4,2.8,
3,1.4,2.9,
3,1.4,3,
3,1.4,3.1,
3,1.4,3.2,
3,1.4,3.3,
3,1.4,3.4,
3,1.4,3.5,
3,1.4,3.6,
3.1,1.4,0,
3.1,1.4,0.1,
3.1,1.4,0.2,
3.1,1.4,0.3,
3.1,1.4,0.4,
3.1,1.4,0.5,
3.1,1.4,0.6,
3.1,1.4,0.7,
3.1,1.4,0.8,
3.1,1.4,0.9,
3.1,1.4,1,
3.1,1.4,1.1,
3.1,1.4,1.2,
3.1,1.4,1.3,
3.1,1.4,1.4,
3.1,1.4,1.5,
3.1,1.4,1.6,
3.1,1.4,1.7,
3.1,1.4,1.8,
3.1,1.4,1.9,
3.1,1.4,2,
3.1,1.4,2.1,
3.1,1.4,2.2,
3.1,1.4,2.3,
3.1,1.4,2.4,
3.1,1.4,2.5,
3.1,1.4,2.6,
3.1,1.4,2.7,
3.1,1.4,2.8,
3.1,1.4,2.9,
3.1,1.4,3,
3.1,1.4,3.1,
3.1,1.4,3.2,
3.1,1.4,3.3,
3.1,1.4,3.4,
3.1,1.4,3.5,
3.1,1.4,3.6,
3.2,1.4,0,
3.2,1.4,0.1,
3.2,1.4,0.2,
3.2,1.4,0.3,
3.2,1.4,0.4,
3.2,1.4,0.5,
3.2,1.4,0.6,
3.2,1.4,0.7,
3.2,1.4,0.8,
3.2,1.4,0.9,
3.2,1.4,1,
3.2,1.4,1.1,
3.2,1.4,1.2,
3.2,1.4,1.3,
3.2,1.4,1.4,
3.2,1.4,1.5,
3.2,1.4,1.6,
3.2,1.4,1.7,
3.2,1.4,1.8,
3.2,1.4,1.9,
3.2,1.4,2,
3.2,1.4,2.1,
3.2,1.4,2.2,
3.2,1.4,2.3,
3.2,1.4,2.4,
3.2,1.4,2.5,
3.2,1.4,2.6,
3.2,1.4,2.7,
3.2,1.4,2.8,
3.2,1.4,2.9,
3.2,1.4,3,
3.2,1.4,3.1,
3.2,1.4,3.2,
3.2,1.4,3.3,
3.2,1.4,3.4,
3.2,1.4,3.5,
3.2,1.4,3.6,
3.3,1.4,0,
3.3,1.4,0.1,
3.3,1.4,0.2,
3.3,1.4,0.3,
3.3,1.4,0.4,
3.3,1.4,0.5,
3.3,1.4,0.6,
3.3,1.4,0.7,
3.3,1.4,0.8,
3.3,1.4,0.9,
3.3,1.4,1,
3.3,1.4,1.1,
3.3,1.4,1.2,
3.3,1.4,1.3,
3.3,1.4,1.4,
3.3,1.4,1.5,
3.3,1.4,1.6,
3.3,1.4,1.7,
3.3,1.4,1.8,
3.3,1.4,1.9,
3.3,1.4,2,
3.3,1.4,2.1,
3.3,1.4,2.2,
3.3,1.4,2.3,
3.3,1.4,2.4,
3.3,1.4,2.5,
3.3,1.4,2.6,
3.3,1.4,2.7,
3.3,1.4,2.8,
3.3,1.4,2.9,
3.3,1.4,3,
3.3,1.4,3.1,
3.3,1.4,3.2,
3.3,1.4,3.3,
3.3,1.4,3.4,
3.3,1.4,3.5,
3.3,1.4,3.6,
3.4,1.4,0,
3.4,1.4,0.1,
3.4,1.4,0.2,
3.4,1.4,0.3,
3.4,1.4,0.4,
3.4,1.4,0.5,
3.4,1.4,0.6,
3.4,1.4,0.7,
3.4,1.4,0.8,
3.4,1.4,0.9,
3.4,1.4,1,
3.4,1.4,1.1,
3.4,1.4,1.2,
3.4,1.4,1.3,
3.4,1.4,1.4,
3.4,1.4,1.5,
3.4,1.4,1.6,
3.4,1.4,1.7,
3.4,1.4,1.8,
3.4,1.4,1.9,
3.4,1.4,2,
3.4,1.4,2.1,
3.4,1.4,2.2,
3.4,1.4,2.3,
3.4,1.4,2.4,
3.4,1.4,2.5,
3.4,1.4,2.6,
3.4,1.4,2.7,
3.4,1.4,2.8,
3.4,1.4,2.9,
3.4,1.4,3,
3.4,1.4,3.1,
3.4,1.4,3.2,
3.4,1.4,3.3,
3.4,1.4,3.4,
3.4,1.4,3.5,
3.4,1.4,3.6,
3.5,1.4,0,
3.5,1.4,0.1,
3.5,1.4,0.2,
3.5,1.4,0.3,
3.5,1.4,0.4,
3.5,1.4,0.5,
3.5,1.4,0.6,
3.5,1.4,0.7,
3.5,1.4,0.8,
3.5,1.4,0.9,
3.5,1.4,1,
3.5,1.4,1.1,
3.5,1.4,1.2,
3.5,1.4,1.3,
3.5,1.4,1.4,
3.5,1.4,1.5,
3.5,1.4,1.6,
3.5,1.4,1.7,
3.5,1.4,1.8,
3.5,1.4,1.9,
3.5,1.4,2,
3.5,1.4,2.1,
3.5,1.4,2.2,
3.5,1.4,2.3,
3.5,1.4,2.4,
3.5,1.4,2.5,
3.5,1.4,2.6,
3.5,1.4,2.7,
3.5,1.4,2.8,
3.5,1.4,2.9,
3.5,1.4,3,
3.5,1.4,3.1,
3.5,1.4,3.2,
3.5,1.4,3.3,
3.5,1.4,3.4,
3.5,1.4,3.5,
3.5,1.4,3.6,
3.6,1.4,0,
3.6,1.4,0.1,
3.6,1.4,0.2,
3.6,1.4,0.3,
3.6,1.4,0.4,
3.6,1.4,0.5,
3.6,1.4,0.6,
3.6,1.4,0.7,
3.6,1.4,0.8,
3.6,1.4,0.9,
3.6,1.4,1,
3.6,1.4,1.1,
3.6,1.4,1.2,
3.6,1.4,1.3,
3.6,1.4,1.4,
3.6,1.4,1.5,
3.6,1.4,1.6,
3.6,1.4,1.7,
3.6,1.4,1.8,
3.6,1.4,1.9,
3.6,1.4,2,
3.6,1.4,2.1,
3.6,1.4,2.2,
3.6,1.4,2.3,
3.6,1.4,2.4,
3.6,1.4,2.5,
3.6,1.4,2.6,
3.6,1.4,2.7,
3.6,1.4,2.8,
3.6,1.4,2.9,
3.6,1.4,3,
3.6,1.4,3.1,1.052562934
3.6,1.4,3.2,
3.6,1.4,3.3,
3.6,1.4,3.4,
3.6,1.4,3.5,
3.6,1.4,3.6,
3.7,1.4,0,
3.7,1.4,0.1,
3.7,1.4,0.2,
3.7,1.4,0.3,
3.7,1.4,0.4,
3.7,1.4,0.5,
3.7,1.4,0.6,
3.7,1.4,0.7,
3.7,1.4,0.8,
3.7,1.4,0.9,
3.7,1.4,1,
3.7,1.4,1.1,
3.7,1.4,1.2,
3.7,1.4,1.3,
3.7,1.4,1.4,
3.7,1.4,1.5,
3.7,1.4,1.6,
3.7,1.4,1.7,
3.7,1.4,1.8,
3.7,1.4,1.9,
3.7,1.4,2,
3.7,1.4,2.1,
3.7,1.4,2.2,
3.7,1.4,2.3,
3.7,1.4,2.4,
3.7,1.4,2.5,
3.7,1.4,2.6,
3.7,1.4,2.7,
3.7,1.4,2.8,
3.7,1.4,2.9,
3.7,1.4,3,
3.7,1.4,3.1,
3.7,1.4,3.2,
3.7,1.4,3.3,
3.7,1.4,3.4,
3.7,1.4,3.5,
3.7,1.4,3.6,
3.8,1.4,0,
3.8,1.4,0.1,
3.8,1.4,0.2,
3.8,1.4,0.3,
3.8,1.4,0.4,
3.8,1.4,0.5,
3.8,1.4,0.6,
3.8,1.4,0.7,
3.8,1.4,0.8,
3.8,1.4,0.9,
3.8,1.4,1,
3.8,1.4,1.1,
3.8,1.4,1.2,
3.8,1.4,1.3,
3.8,1.4,1.4,
3.8,1.4,1.5,
3.8,1.4,1.6,
3.8,1.4,1.7,
3.8,1.4,1.8,
3.8,1.4,1.9,
3.8,1.4,2,
3.8,1.4,2.1,
3.8,1.4,2.2,
3.8,1.4,2.3,
3.8,1.4,2.4,
3.8,1.4,2.5,
3.8,1.4,2.6,
3.8,1.4,2.7,
3.8,1.4,2.8,
3.8,1.4,2.9,
3.8,1.4,3,
3.8,1.4,3.1,
3.8,1.4,3.2,
3.8,1.4,3.3,
3.8,1.4,3.4,
3.8,1.4,3.5,
3.8,1.4,3.6,
3.9,1.4,0,
3.9,1.4,0.1,
3.9,1.4,0.2,
3.9,1.4,0.3,
3.9,1.4,0.4,
3.9,1.4,0.5,
3.9,1.4,0.6,
3.9,1.4,0.7,
3.9,1.4,0.8,
3.9,1.4,0.9,
3.9,1.4,1,
3.9,1.4,1.1,
3.9,1.4,1.2,
3.9,1.4,1.3,
3.9,1.4,1.4,
3.9,1.4,1.5,
3.9,1.4,1.6,
3.9,1.4,1.7,
3.9,1.4,1.8,
3.9,1.4,1.9,
3.9,1.4,2,
3.9,1.4,2.1,
3.9,1.4,2.2,
3.9,1.4,2.3,
3.9,1.4,2.4,
3.9,1.4,2.5,
3.9,1.4,2.6,
3.9,1.4,2.7,
3.9,1.4,2.8,
3.9,1.4,2.9,
3.9,1.4,3,
3.9,1.4,3.1,
3.9,1.4,3.2,
3.9,1.4,3.3,
3.9,1.4,3.4,
3.9,1.4,3.5,
3.9,1.4,3.6,
4,1.4,0,
4,1.4,0.1,
4,1.4,0.2,
4,1.4,0.3,
4,1.4,0.4,
4,1.4,0.5,
4,1.4,0.6,
4,1.4,0.7,
4,1.4,0.8,
4,1.4,0.9,
4,1.4,1,
4,1.4,1.1,
4,1.4,1.2,
4,1.4,1.3,
4,1.4,1.4,
4,1.4,1.5,
4,1.4,1.6,
4,1.4,1.7,
4,1.4,1.8,
4,1.4,1.9,
4,1.4,2,
4,1.4,2.1,
4,1.4,2.2,
4,1.4,2.3,
4,1.4,2.4,
4,1.4,2.5,
4,1.4,2.6,
4,1.4,2.7,
4,1.4,2.8,
4,1.4,2.9,
4,1.4,3,
4,1.4,3.1,
4,1.4,3.2,
4,1.4,3.3,
4,1.4,3.4,
4,1.4,3.5,
4,1.4,3.6,
4.1,1.4,0,
4.1,1.4,0.1,
4.1,1.4,0.2,
4.1,1.4,0.3,
4.1,1.4,0.4,
4.1,1.4,0.5,
4.1,1.4,0.6,
4.1,1.4,0.7,
4.1,1.4,0.8,
4.1,1.4,0.9,
4.1,1.4,1,
4.1,1.4,1.1,
4.1,1.4,1.2,
4.1,1.4,1.3,
4.1,1.4,1.4,
4.1,1.4,1.5,
4.1,1.4,1.6,
4.1,1.4,1.7,
4.1,1.4,1.8,
4.1,1.4,1.9,
4.1,1.4,2,
4.1,1.4,2.1,
4.1,1.4,2.2,
4.1,1.4,2.3,
4.1,1.4,2.4,
4.1,1.4,2.5,
4.1,1.4,2.6,
4.1,1.4,2.7,
4.1,1.4,2.8,
4.1,1.4,2.9,
4.1,1.4,3,
4.1,1.4,3.1,
4.1,1.4,3.2,
4.1,1.4,3.3,
4.1,1.4,3.4,
4.1,1.4,3.5,
4.1,1.4,3.6,
4.2,1.4,0,
4.2,1.4,0.1,
4.2,1.4,0.2,
4.2,1.4,0.3,
4.2,1.4,0.4,
4.2,1.4,0.5,
4.2,1.4,0.6,
4.2,1.4,0.7,
4.2,1.4,0.8,
4.2,1.4,0.9,
4.2,1.4,1,
4.2,1.4,1.1,
4.2,1.4,1.2,
4.2,1.4,1.3,
4.2,1.4,1.4,
4.2,1.4,1.5,
4.2,1.4,1.6,
4.2,1.4,1.7,
4.2,1.4,1.8,
4.2,1.4,1.9,
4.2,1.4,2,
4.2,1.4,2.1,
4.2,1.4,2.2,
4.2,1.4,2.3,
4.2,1.4,2.4,
4.2,1.4,2.5,
4.2,1.4,2.6,
4.2,1.4,2.7,
4.2,1.4,2.8,
4.2,1.4,2.9,
4.2,1.4,3,
4.2,1.4,3.1,
4.2,1.4,3.2,
4.2,1.4,3.3,
4.2,1.4,3.4,
4.2,1.4,3.5,
4.2,1.4,3.6,
4.3,1.4,0,
4.3,1.4,0.1,
4.3,1.4,0.2,
4.3,1.4,0.3,
4.3,1.4,0.4,
4.3,1.4,0.5,
4.3,1.4,0.6,
4.3,1.4,0.7,
4.3,1.4,0.8,
4.3,1.4,0.9,
4.3,1.4,1,
4.3,1.4,1.1,
4.3,1.4,1.2,
4.3,1.4,1.3,
4.3,1.4,1.4,
4.3,1.4,1.5,
4.3,1.4,1.6,
4.3,1.4,1.7,
4.3,1.4,1.8,
4.3,1.4,1.9,
4.3,1.4,2,
4.3,1.4,2.1,
4.3,1.4,2.2,
4.3,1.4,2.3,
4.3,1.4,2.4,
4.3,1.4,2.5,
4.3,1.4,2.6,
4.3,1.4,2.7,
4.3,1.4,2.8,
4.3,1.4,2.9,
4.3,1.4,3,
4.3,1.4,3.1,
4.3,1.4,3.2,
4.3,1.4,3.3,
4.3,1.4,3.4,
4.3,1.4,3.5,
4.3,1.4,3.6,
4.4,1.4,0,
4.4,1.4,0.1,
4.4,1.4,0.2,
4.4,1.4,0.3,
4.4,1.4,0.4,
4.4,1.4,0.5,
4.4,1.4,0.6,
4.4,1.4,0.7,
4.4,1.4,0.8,
4.4,1.4,0.9,
4.4,1.4,1,
4.4,1.4,1.1,
4.4,1.4,1.2,
4.4,1.4,1.3,
4.4,1.4,1.4,
4.4,1.4,1.5,
4.4,1.4,1.6,
4.4,1.4,1.7,
4.4,1.4,1.8,
4.4,1.4,1.9,
4.4,1.4,2,
4.4,1.4,2.1,
4.4,1.4,2.2,
4.4,1.4,2.3,1.047418621
4.4,1.4,2.4,
4.4,1.4,2.5,
4.4,1.4,2.6,
4.4,1.4,2.7,
4.4,1.4,2.8,
4.4,1.4,2.9,
4.4,1.4,3,
4.4,1.4,3.1,
4.4,1.4,3.2,
4.4,1.4,3.3,
4.4,1.4,3.4,
4.4,1.4,3.5,
4.4,1.4,3.6,
4.5,1.4,0,
4.5,1.4,0.1,
4.5,1.4,0.2,
4.5,1.4,0.3,
4.5,1.4,0.4,
4.5,1.4,0.5,
4.5,1.4,0.6,
4.5,1.4,0.7,
4.5,1.4,0.8,
4.5,1.4,0.9,
4.5,1.4,1,1.097058853
4.5,1.4,1.1,
4.5,1.4,1.2,
4.5,1.4,1.3,
4.5,1.4,1.4,
4.5,1.4,1.5,
4.5,1.4,1.6,
4.5,1.4,1.7,
4.5,1.4,1.8,
4.5,1.4,1.9,
4.5,1.4,2,
4.5,1.4,2.1,
4.5,1.4,2.2,
4.5,1.4,2.3,
4.5,1.4,2.4,
4.5,1.4,2.5,
4.5,1.4,2.6,
4.5,1.4,2.7,
4.5,1.4,2.8,
4.5,1.4,2.9,
4.5,1.4,3,
4.5,1.4,3.1,
4.5,1.4,3.2,
4.5,1.4,3.3,
4.5,1.4,3.4,
4.5,1.4,3.5,
4.5,1.4,3.6,
4.6,1.4,0,
4.6,1.4,0.1,
4.6,1.4,0.2,
4.6,1.4,0.3,
4.6,1.4,0.4,
4.6,1.4,0.5,
4.6,1.4,0.6,
4.6,1.4,0.7,
4.6,1.4,0.8,
4.6,1.4,0.9,
4.6,1.4,1,
4.6,1.4,1.1,
4.6,1.4,1.2,
4.6,1.4,1.3,
4.6,1.4,1.4,
4.6,1.4,1.5,
4.6,1.4,1.6,
4.6,1.4,1.7,
4.6,1.4,1.8,
4.6,1.4,1.9,
4.6,1.4,2,
4.6,1.4,2.1,
4.6,1.4,2.2,
4.6,1.4,2.3,
4.6,1.4,2.4,
4.6,1.4,2.5,
4.6,1.4,2.6,
4.6,1.4,2.7,
4.6,1.4,2.8,
4.6,1.4,2.9,
4.6,1.4,3,
4.6,1.4,3.1,
4.6,1.4,3.2,
4.6,1.4,3.3,
4.6,1.4,3.4,
4.6,1.4,3.5,
4.6,1.4,3.6,
4.7,1.4,0,
4.7,1.4,0.1,
4.7,1.4,0.2,
4.7,1.4,0.3,
4.7,1.4,0.4,
4.7,1.4,0.5,
4.7,1.4,0.6,
4.7,1.4,0.7,
4.7,1.4,0.8,
4.7,1.4,0.9,
4.7,1.4,1,
4.7,1.4,1.1,
4.7,1.4,1.2,
4.7,1.4,1.3,
4.7,1.4,1.4,
4.7,1.4,1.5,
4.7,1.4,1.6,
4.7,1.4,1.7,
4.7,1.4,1.8,
4.7,1.4,1.9,
4.7,1.4,2,
4.7,1.4,2.1,
4.7,1.4,2.2,
4.7,1.4,2.3,
4.7,1.4,2.4,
4.7,1.4,2.5,
4.7,1.4,2.6,
4.7,1.4,2.7,
4.7,1.4,2.8,
4.7,1.4,2.9,
4.7,1.4,3,
4.7,1.4,3.1,
4.7,1.4,3.2,
4.7,1.4,3.3,
4.7,1.4,3.4,
4.7,1.4,3.5,
4.7,1.4,3.6,
4.8,1.4,0,
4.8,1.4,0.1,
4.8,1.4,0.2,
4.8,1.4,0.3,
4.8,1.4,0.4,
4.8,1.4,0.5,
4.8,1.4,0.6,
4.8,1.4,0.7,
4.8,1.4,0.8,
4.8,1.4,0.9,
4.8,1.4,1,
4.8,1.4,1.1,
4.8,1.4,1.2,
4.8,1.4,1.3,
4.8,1.4,1.4,
4.8,1.4,1.5,
4.8,1.4,1.6,
4.8,1.4,1.7,
4.8,1.4,1.8,
4.8,1.4,1.9,
4.8,1.4,2,
4.8,1.4,2.1,
4.8,1.4,2.2,
4.8,1.4,2.3,
4.8,1.4,2.4,
4.8,1.4,2.5,
4.8,1.4,2.6,
4.8,1.4,2.7,
4.8,1.4,2.8,
4.8,1.4,2.9,
4.8,1.4,3,
4.8,1.4,3.1,
4.8,1.4,3.2,
4.8,1.4,3.3,
4.8,1.4,3.4,
4.8,1.4,3.5,
4.8,1.4,3.6,
4.9,1.4,0,
4.9,1.4,0.1,
4.9,1.4,0.2,
4.9,1.4,0.3,
4.9,1.4,0.4,
4.9,1.4,0.5,
4.9,1.4,0.6,
4.9,1.4,0.7,
4.9,1.4,0.8,
4.9,1.4,0.9,
4.9,1.4,1,
4.9,1.4,1.1,
4.9,1.4,1.2,
4.9,1.4,1.3,
4.9,1.4,1.4,
4.9,1.4,1.5,1.013706826
4.9,1.4,1.6,
4.9,1.4,1.7,
4.9,1.4,1.8,
4.9,1.4,1.9,
4.9,1.4,2,
4.9,1.4,2.1,
4.9,1.4,2.2,
4.9,1.4,2.3,
4.9,1.4,2.4,
4.9,1.4,2.5,
4.9,1.4,2.6,
4.9,1.4,2.7,
4.9,1.4,2.8,
4.9,1.4,2.9,
4.9,1.4,3,
4.9,1.4,3.1,
4.9,1.4,3.2,
4.9,1.4,3.3,
4.9,1.4,3.4,
4.9,1.4,3.5,
4.9,1.4,3.6,
5,1.4,0,
5,1.4,0.1,
5,1.4,0.2,
5,1.4,0.3,
5,1.4,0.4,
5,1.4,0.5,
5,1.4,0.6,
5,1.4,0.7,
5,1.4,0.8,
5,1.4,0.9,
5,1.4,1,
5,1.4,1.1,
5,1.4,1.2,
5,1.4,1.3,
5,1.4,1.4,
5,1.4,1.5,
5,1.4,1.6,
5,1.4,1.7,
5,1.4,1.8,
5,1.4,1.9,
5,1.4,2,
5,1.4,2.1,
5,1.4,2.2,
5,1.4,2.3,
5,1.4,2.4,
5,1.4,2.5,
5,1.4,2.6,
5,1.4,2.7,
5,1.4,2.8,
5,1.4,2.9,
5,1.4,3,
5,1.4,3.1,
5,1.4,3.2,
5,1.4,3.3,
5,1.4,3.4,
5,1.4,3.5,
5,1.4,3.6,
5.1,1.4,0,
5.1,1.4,0.1,
5.1,1.4,0.2,
5.1,1.4,0.3,
5.1,1.4,0.4,
5.1,1.4,0.5,
5.1,1.4,0.6,
5.1,1.4,0.7,
5.1,1.4,0.8,
5.1,1.4,0.9,
5.1,1.4,1,
5.1,1.4,1.1,
5.1,1.4,1.2,
5.1,1.4,1.3,
5.1,1.4,1.4,
5.1,1.4,1.5,
5.1,1.4,1.6,
5.1,1.4,1.7,
5.1,1.4,1.8,
5.1,1.4,1.9,
5.1,1.4,2,
5.1,1.4,2.1,
5.1,1.4,2.2,
5.1,1.4,2.3,
5.1,1.4,2.4,
5.1,1.4,2.5,
5.1,1.4,2.6,
5.1,1.4,2.7,
5.1,1.4,2.8,
5.1,1.4,2.9,
5.1,1.4,3,
5.1,1.4,3.1,1.062537147
5.1,1.4,3.2,
5.1,1.4,3.3,
5.1,1.4,3.4,
5.1,1.4,3.5,
5.1,1.4,3.6,
5.2,1.4,0,
5.2,1.4,0.1,
5.2,1.4,0.2,
5.2,1.4,0.3,
5.2,1.4,0.4,
5.2,1.4,0.5,
5.2,1.4,0.6,
5.2,1.4,0.7,
5.2,1.4,0.8,
5.2,1.4,0.9,
5.2,1.4,1,1.100924195
5.2,1.4,1.1,
5.2,1.4,1.2,
5.2,1.4,1.3,
5.2,1.4,1.4,
5.2,1.4,1.5,
5.2,1.4,1.6,
5.2,1.4,1.7,
5.2,1.4,1.8,
5.2,1.4,1.9,
5.2,1.4,2,
5.2,1.4,2.1,
5.2,1.4,2.2,
5.2,1.4,2.3,
5.2,1.4,2.4,
5.2,1.4,2.5,
5.2,1.4,2.6,1.097815035
5.2,1.4,2.7,
5.2,1.4,2.8,
5.2,1.4,2.9,
5.2,1.4,3,
5.2,1.4,3.1,
5.2,1.4,3.2,
5.2,1.4,3.3,
5.2,1.4,3.4,
5.2,1.4,3.5,
5.2,1.4,3.6,
5.3,1.4,0,
5.3,1.4,0.1,
5.3,1.4,0.2,
5.3,1.4,0.3,
5.3,1.4,0.4,
5.3,1.4,0.5,1.045244171
5.3,1.4,0.6,
5.3,1.4,0.7,
5.3,1.4,0.8,
5.3,1.4,0.9,
5.3,1.4,1,
5.3,1.4,1.1,
5.3,1.4,1.2,
5.3,1.4,1.3,
5.3,1.4,1.4,
5.3,1.4,1.5,
5.3,1.4,1.6,
5.3,1.4,1.7,
5.3,1.4,1.8,
5.3,1.4,1.9,
5.3,1.4,2,
5.3,1.4,2.1,1.134626893
5.3,1.4,2.2,
5.3,1.4,2.3,
5.3,1.4,2.4,
5.3,1.4,2.5,
5.3,1.4,2.6,
5.3,1.4,2.7,
5.3,1.4,2.8,
5.3,1.4,2.9,
5.3,1.4,3,
5.3,1.4,3.1,
5.3,1.4,3.2,
5.3,1.4,3.3,
5.3,1.4,3.4,
5.3,1.4,3.5,
5.3,1.4,3.6,
5.4,1.4,0,1.004647138
5.4,1.4,0.1,
5.4,1.4,0.2,
5.4,1.4,0.3,
5.4,1.4,0.4,
5.4,1.4,0.5,
5.4,1.4,0.6,
5.4,1.4,0.7,
5.4,1.4,0.8,
5.4,1.4,0.9,
5.4,1.4,1,
5.4,1.4,1.1,
5.4,1.4,1.2,
5.4,1.4,1.3,
5.4,1.4,1.4,
5.4,1.4,1.5,
5.4,1.4,1.6,1.10641078
5.4,1.4,1.7,
5.4,1.4,1.8,
5.4,1.4,1.9,
5.4,1.4,2,
5.4,1.4,2.1,
5.4,1.4,2.2,
5.4,1.4,2.3,
5.4,1.4,2.4,
5.4,1.4,2.5,
5.4,1.4,2.6,
5.4,1.4,2.7,
5.4,1.4,2.8,
5.4,1.4,2.9,
5.4,1.4,3,
5.4,1.4,3.1,
5.4,1.4,3.2,1.029335633
5.4,1.4,3.3,
5.4,1.4,3.4,
5.4,1.4,3.5,
5.4,1.4,3.6,
5.5,1.4,0,
5.5,1.4,0.1,
5.5,1.4,0.2,
5.5,1.4,0.3,
5.5,1.4,0.4,
5.5,1.4,0.5,
5.5,1.4,0.6,
5.5,1.4,0.7,
5.5,1.4,0.8,
5.5,1.4,0.9,
5.5,1.4,1,
5.5,1.4,1.1,1.161394604
5.5,1.4,1.2,
5.5,1.4,1.3,
5.5,1.4,1.4,
5.5,1.4,1.5,
5.5,1.4,1.6,
5.5,1.4,1.7,
5.5,1.4,1.8,
5.5,1.4,1.9,
5.5,1.4,2,
5.5,1.4,2.1,
5.5,1.4,2.2,
5.5,1.4,2.3,
5.5,1.4,2.4,
5.5,1.4,2.5,
5.5,1.4,2.6,
5.5,1.4,2.7,1.118433223
5.5,1.4,2.8,
5.5,1.4,2.9,
5.5,1.4,3,
5.5,1.4,3.1,
5.5,1.4,3.2,
5.5,1.4,3.3,
5.5,1.4,3.4,
5.5,1.4,3.5,
5.5,1.4,3.6,
5.6,1.4,0,
5.6,1.4,0.1,
5.6,1.4,0.2,
5.6,1.4,0.3,
5.6,1.4,0.4,
5.6,1.4,0.5,
5.6,1.4,0.6,1.051272023
5.6,1.4,0.7,
5.6,1.4,0.8,
5.6,1.4,0.9,
5.6,1.4,1,
5.6,1.4,1.1,
5.6,1.4,1.2,
5.6,1.4,1.3,
5.6,1.4,1.4,
5.6,1.4,1.5,
5.6,1.4,1.6,
5.6,1.4,1.7,
5.6,1.4,1.8,
5.6,1.4,1.9,
5.6,1.4,2,
5.6,1.4,2.1,
5.6,1.4,2.2,1.088994995
5.6,1.4,2.3,
5.6,1.4,2.4,
5.6,1.4,2.5,
5.6,1.4,2.6,
5.6,1.4,2.7,
5.6,1.4,2.8,
5.6,1.4,2.9,
5.6,1.4,3,
5.6,1.4,3.1,
5.6,1.4,3.2,
5.6,1.4,3.3,
5.6,1.4,3.4,
5.6,1.4,3.5,
5.6,1.4,3.6,
5.7,1.4,0,
5.7,1.4,0.1,1.001877692
5.7,1.4,0.2,
5.7,1.4,0.3,
5.7,1.4,0.4,
5.7,1.4,0.5,
5.7,1.4,0.6,
5.7,1.4,0.7,
5.7,1.4,0.8,
5.7,1.4,0.9,
5.7,1.4,1,
5.7,1.4,1.1,
5.7,1.4,1.2,
5.7,1.4,1.3,
5.7,1.4,1.4,
5.7,1.4,1.5,
5.7,1.4,1.6,
5.7,1.4,1.7,1.051009349
5.7,1.4,1.8,
5.7,1.4,1.9,
5.7,1.4,2,
5.7,1.4,2.1,
5.7,1.4,2.2,
5.7,1.4,2.3,
5.7,1.4,2.4,
5.7,1.4,2.5,
5.7,1.4,2.6,
5.7,1.4,2.7,
5.7,1.4,2.8,
5.7,1.4,2.9,
5.7,1.4,3,
5.7,1.4,3.1,
5.7,1.4,3.2,
5.7,1.4,3.3,1.014566486
5.7,1.4,3.4,
5.7,1.4,3.5,
5.7,1.4,3.6,
5.8,1.4,0,
5.8,1.4,0.1,
5.8,1.4,0.2,
5.8,1.4,0.3,
5.8,1.4,0.4,
5.8,1.4,0.5,
5.8,1.4,0.6,
5.8,1.4,0.7,
5.8,1.4,0.8,
5.8,1.4,0.9,
5.8,1.4,1,
5.8,1.4,1.1,
5.8,1.4,1.2,1.093381988
5.8,1.4,1.3,
5.8,1.4,1.4,
5.8,1.4,1.5,
5.8,1.4,1.6,
5.8,1.4,1.7,
5.8,1.4,1.8,
5.8,1.4,1.9,
5.8,1.4,2,
5.8,1.4,2.1,
5.8,1.4,2.2,
5.8,1.4,2.3,
5.8,1.4,2.4,
5.8,1.4,2.5,
5.8,1.4,2.6,
5.8,1.4,2.7,
5.8,1.4,2.8,1.095613863
5.8,1.4,2.9,
5.8,1.4,3,
5.8,1.4,3.1,
5.8,1.4,3.2,
5.8,1.4,3.3,
5.8,1.4,3.4,
5.8,1.4,3.5,
5.8,1.4,3.6,
5.9,1.4,0,
5.9,1.4,0.1,
5.9,1.4,0.2,
5.9,1.4,0.3,
5.9,1.4,0.4,
5.9,1.4,0.5,
5.9,1.4,0.6,
5.9,1.4,0.7,1.075004203
5.9,1.4,0.8,
5.9,1.4,0.9,
5.9,1.4,1,
5.9,1.4,1.1,
5.9,1.4,1.2,
5.9,1.4,1.3,
5.9,1.4,1.4,
5.9,1.4,1.5,
5.9,1.4,1.6,
5.9,1.4,1.7,
5.9,1.4,1.8,
5.9,1.4,1.9,
5.9,1.4,2,
5.9,1.4,2.1,
5.9,1.4,2.2,
5.9,1.4,2.3,1.063103431
5.9,1.4,2.4,
5.9,1.4,2.5,
5.9,1.4,2.6,
5.9,1.4,2.7,
5.9,1.4,2.8,
5.9,1.4,2.9,
5.9,1.4,3,
5.9,1.4,3.1,
5.9,1.4,3.2,
5.9,1.4,3.3,
5.9,1.4,3.4,
5.9,1.4,3.5,
5.9,1.4,3.6,
6,1.4,0,
6,1.4,0.1,
6,1.4,0.2,1.015410794
6,1.4,0.3,
6,1.4,0.4,
6,1.4,0.5,
6,1.4,0.6,
6,1.4,0.7,
6,1.4,0.8,
6,1.4,0.9,
6,1.4,1,
6,1.4,1.1,
6,1.4,1.2,
6,1.4,1.3,
6,1.4,1.4,
6,1.4,1.5,
6,1.4,1.6,
6,1.4,1.7,
6,1.4,1.8,
6,1.4,1.9,1.018855119
6,1.4,2,
6,1.4,2.1,
6,1.4,2.2,
6,1.4,2.3,
6,1.4,2.4,
6,1.4,2.5,
6,1.4,2.6,
6,1.4,2.7,
6,1.4,2.8,
6,1.4,2.9,
6,1.4,3,
6,1.4,3.1,
6,1.4,3.2,
6,1.4,3.3,
6,1.4,3.4,
6,1.4,3.5,
6,1.4,3.6,1.009526219
6.1,1.4,0,
6.1,1.4,0.1,
6.1,1.4,0.2,
6.1,1.4,0.3,
6.1,1.4,0.4,
6.1,1.4,0.5,
6.1,1.4,0.6,
6.1,1.4,0.7,
6.1,1.4,0.8,
6.1,1.4,0.9,
6.1,1.4,1,
6.1,1.4,1.1,
6.1,1.4,1.2,
6.1,1.4,1.3,
6.1,1.4,1.4,
6.1,1.4,1.5,
6.1,1.4,1.6,1.0172262
6.1,1.4,1.7,
6.1,1.4,1.8,
6.1,1.4,1.9,
6.1,1.4,2,
6.1,1.4,2.1,
6.1,1.4,2.2,
6.1,1.4,2.3,
6.1,1.4,2.4,
6.1,1.4,2.5,
6.1,1.4,2.6,
6.1,1.4,2.7,
6.1,1.4,2.8,
6.1,1.4,2.9,
6.1,1.4,3,
6.1,1.4,3.1,
6.1,1.4,3.2,
6.1,1.4,3.3,1.030654119
6.1,1.4,3.4,
6.1,1.4,3.5,
6.1,1.4,3.6,
6.2,1.4,0,
6.2,1.4,0.1,
6.2,1.4,0.2,
6.2,1.4,0.3,
6.2,1.4,0.4,
6.2,1.4,0.5,
6.2,1.4,0.6,
6.2,1.4,0.7,
6.2,1.4,0.8,
6.2,1.4,0.9,
6.2,1.4,1,
6.2,1.4,1.1,
6.2,1.4,1.2,
6.2,1.4,1.3,1.043126861
6.2,1.4,1.4,
6.2,1.4,1.5,
6.2,1.4,1.6,
6.2,1.4,1.7,
6.2,1.4,1.8,
6.2,1.4,1.9,
6.2,1.4,2,1.011290454
6.2,1.4,2.1,
6.2,1.4,2.2,
6.2,1.4,2.3,
6.2,1.4,2.4,
6.2,1.4,2.5,
6.2,1.4,2.6,
6.2,1.4,2.7,
6.2,1.4,2.8,
6.2,1.4,2.9,
6.2,1.4,3,
6.2,1.4,3.1,1.064021652
6.2,1.4,3.2,
6.2,1.4,3.3,
6.2,1.4,3.4,
6.2,1.4,3.5,
6.2,1.4,3.6,
6.3,1.4,0,1.033931856
6.3,1.4,0.1,
6.3,1.4,0.2,
6.3,1.4,0.3,
6.3,1.4,0.4,
6.3,1.4,0.5,
6.3,1.4,0.6,
6.3,1.4,0.7,
6.3,1.4,0.8,
6.3,1.4,0.9,
6.3,1.4,1,
6.3,1.4,1.1,
6.3,1.4,1.2,1.055114907
6.3,1.4,1.3,
6.3,1.4,1.4,
6.3,1.4,1.5,
6.3,1.4,1.6,
6.3,1.4,1.7,1.004177794
6.3,1.4,1.8,
6.3,1.4,1.9,
6.3,1.4,2,
6.3,1.4,2.1,
6.3,1.4,2.2,
6.3,1.4,2.3,
6.3,1.4,2.4,
6.3,1.4,2.5,
6.3,1.4,2.6,
6.3,1.4,2.7,
6.3,1.4,2.8,
6.3,1.4,2.9,
6.3,1.4,3,1.091769558
6.3,1.4,3.1,
6.3,1.4,3.2,
6.3,1.4,3.3,
6.3,1.4,3.4,1.041178128
6.3,1.4,3.5,
6.3,1.4,3.6,
6.4,1.4,0,
6.4,1.4,0.1,
6.4,1.4,0.2,
6.4,1.4,0.3,
6.4,1.4,0.4,
6.4,1.4,0.5,
6.4,1.4,0.6,
6.4,1.4,0.7,
6.4,1.4,0.8,
6.4,1.4,0.9,
6.4,1.4,1,
6.4,1.4,1.1,1.071308008
6.4,1.4,1.2,
6.4,1.4,1.3,
6.4,1.4,1.4,1.024305032
6.4,1.4,1.5,
6.4,1.4,1.6,
6.4,1.4,1.7,
6.4,1.4,1.8,
6.4,1.4,1.9,
6.4,1.4,2,
6.4,1.4,2.1,
6.4,1.4,2.2,
6.4,1.4,2.3,
6.4,1.4,2.4,
6.4,1.4,2.5,
6.4,1.4,2.6,
6.4,1.4,2.7,
6.4,1.4,2.8,
6.4,1.4,2.9,
6.4,1.4,3,
6.4,1.4,3.1,1.08781211
6.4,1.4,3.2,
6.4,1.4,3.3,
6.4,1.4,3.4,
6.4,1.4,3.5,
6.4,1.4,3.6,
6.5,1.4,0,
6.5,1.4,0.1,
6.5,1.4,0.2,
6.5,1.4,0.3,
6.5,1.4,0.4,
6.5,1.4,0.5,
6.5,1.4,0.6,
6.5,1.4,0.7,
6.5,1.4,0.8,
6.5,1.4,0.9,
6.5,1.4,1,
6.5,1.4,1.1,1.070719834
6.5,1.4,1.2,
6.5,1.4,1.3,
6.5,1.4,1.4,
6.5,1.4,1.5,
6.5,1.4,1.6,
6.5,1.4,1.7,
6.5,1.4,1.8,
6.5,1.4,1.9,
6.5,1.4,2,
6.5,1.4,2.1,
6.5,1.4,2.2,
6.5,1.4,2.3,
6.5,1.4,2.4,
6.5,1.4,2.5,
6.5,1.4,2.6,
6.5,1.4,2.7,
6.5,1.4,2.8,1.137434717
6.5,1.4,2.9,
6.5,1.4,3,
6.5,1.4,3.1,
6.5,1.4,3.2,
6.5,1.4,3.3,
6.5,1.4,3.4,
6.5,1.4,3.5,
6.5,1.4,3.6,
6.6,1.4,0,
6.6,1.4,0.1,
6.6,1.4,0.2,
6.6,1.4,0.3,
6.6,1.4,0.4,
6.6,1.4,0.5,
6.6,1.4,0.6,
6.6,1.4,0.7,
6.6,1.4,0.8,1.141812898
6.6,1.4,0.9,
6.6,1.4,1,
6.6,1.4,1.1,
6.6,1.4,1.2,
6.6,1.4,1.3,
6.6,1.4,1.4,
6.6,1.4,1.5,
6.6,1.4,1.6,
6.6,1.4,1.7,
6.6,1.4,1.8,
6.6,1.4,1.9,
6.6,1.4,2,
6.6,1.4,2.1,
6.6,1.4,2.2,
6.6,1.4,2.3,
6.6,1.4,2.4,
6.6,1.4,2.5,1.068934846
6.6,1.4,2.6,
6.6,1.4,2.7,
6.6,1.4,2.8,
6.6,1.4,2.9,
6.6,1.4,3,
6.6,1.4,3.1,
6.6,1.4,3.2,
6.6,1.4,3.3,
6.6,1.4,3.4,
6.6,1.4,3.5,
6.6,1.4,3.6,
6.7,1.4,0,
6.7,1.4,0.1,
6.7,1.4,0.2,
6.7,1.4,0.3,
6.7,1.4,0.4,
6.7,1.4,0.5,1.136900272
6.7,1.4,0.6,
6.7,1.4,0.7,
6.7,1.4,0.8,
6.7,1.4,0.9,
6.7,1.4,1,
6.7,1.4,1.1,
6.7,1.4,1.2,
6.7,1.4,1.3,
6.7,1.4,1.4,
6.7,1.4,1.5,
6.7,1.4,1.6,
6.7,1.4,1.7,
6.7,1.4,1.8,
6.7,1.4,1.9,
6.7,1.4,2,
6.7,1.4,2.1,
6.7,1.4,2.2,1.025915188
6.7,1.4,2.3,
6.7,1.4,2.4,
6.7,1.4,2.5,
6.7,1.4,2.6,
6.7,1.4,2.7,
6.7,1.4,2.8,
6.7,1.4,2.9,
6.7,1.4,3,
6.7,1.4,3.1,
6.7,1.4,3.2,
6.7,1.4,3.3,
6.7,1.4,3.4,
6.7,1.4,3.5,
6.7,1.4,3.6,
6.8,1.4,0,
6.8,1.4,0.1,
6.8,1.4,0.2,1.121514808
6.8,1.4,0.3,
6.8,1.4,0.4,
6.8,1.4,0.5,
6.8,1.4,0.6,
6.8,1.4,0.7,
6.8,1.4,0.8,
6.8,1.4,0.9,
6.8,1.4,1,
6.8,1.4,1.1,
6.8,1.4,1.2,
6.8,1.4,1.3,
6.8,1.4,1.4,
6.8,1.4,1.5,
6.8,1.4,1.6,
6.8,1.4,1.7,
6.8,1.4,1.8,
6.8,1.4,1.9,1.009127944
6.8,1.4,2,
6.8,1.4,2.1,
6.8,1.4,2.2,
6.8,1.4,2.3,
6.8,1.4,2.4,
6.8,1.4,2.5,
6.8,1.4,2.6,
6.8,1.4,2.7,
6.8,1.4,2.8,
6.8,1.4,2.9,
6.8,1.4,3,
6.8,1.4,3.1,
6.8,1.4,3.2,
6.8,1.4,3.3,
6.8,1.4,3.4,
6.8,1.4,3.5,
6.8,1.4,3.6,1.11443427
6.9,1.4,0,
6.9,1.4,0.1,
6.9,1.4,0.2,
6.9,1.4,0.3,
6.9,1.4,0.4,
6.9,1.4,0.5,
6.9,1.4,0.6,
6.9,1.4,0.7,
6.9,1.4,0.8,
6.9,1.4,0.9,
6.9,1.4,1,
6.9,1.4,1.1,
6.9,1.4,1.2,
6.9,1.4,1.3,
6.9,1.4,1.4,
6.9,1.4,1.5,
6.9,1.4,1.6,1.019953289
6.9,1.4,1.7,
6.9,1.4,1.8,
6.9,1.4,1.9,
6.9,1.4,2,
6.9,1.4,2.1,
6.9,1.4,2.2,
6.9,1.4,2.3,
6.9,1.4,2.4,
6.9,1.4,2.5,
6.9,1.4,2.6,
6.9,1.4,2.7,
6.9,1.4,2.8,
6.9,1.4,2.9,
6.9,1.4,3,
6.9,1.4,3.1,
6.9,1.4,3.2,
6.9,1.4,3.3,1.154169085
6.9,1.4,3.4,
6.9,1.4,3.5,
6.9,1.4,3.6,
7,1.4,0,
7,1.4,0.1,
7,1.4,0.2,
7,1.4,0.3,
7,1.4,0.4,
7,1.4,0.5,
7,1.4,0.6,
7,1.4,0.7,
7,1.4,0.8,
7,1.4,0.9,
7,1.4,1,
7,1.4,1.1,
7,1.4,1.2,
7,1.4,1.3,1.059249461
7,1.4,1.4,
7,1.4,1.5,
7,1.4,1.6,
7,1.4,1.7,
7,1.4,1.8,
7,1.4,1.9,
7,1.4,2,
7,1.4,2.1,
7,1.4,2.2,
7,1.4,2.3,
7,1.4,2.4,
7,1.4,2.5,
7,1.4,2.6,
7,1.4,2.7,
7,1.4,2.8,
7,1.4,2.9,
7,1.4,3,1.228620905
7,1.4,3.1,
7,1.4,3.2,
7,1.4,3.3,
7,1.4,3.4,
7,1.4,3.5,
7,1.4,3.6,
7.1,1.4,0,
7.1,1.4,0.1,
7.1,1.4,0.2,
7.1,1.4,0.3,
7.1,1.4,0.4,
7.1,1.4,0.5,
7.1,1.4,0.6,
7.1,1.4,0.7,
7.1,1.4,0.8,
7.1,1.4,0.9,
7.1,1.4,1,1.124895738
7.1,1.4,1.1,
7.1,1.4,1.2,
7.1,1.4,1.3,
7.1,1.4,1.4,
7.1,1.4,1.5,
7.1,1.4,1.6,
7.1,1.4,1.7,
7.1,1.4,1.8,
7.1,1.4,1.9,
7.1,1.4,2,
7.1,1.4,2.1,
7.1,1.4,2.2,
7.1,1.4,2.3,
7.1,1.4,2.4,
7.1,1.4,2.5,
7.1,1.4,2.6,
7.1,1.4,2.7,
7.1,1.4,2.8,1.093250652
7.1,1.4,2.9,
7.1,1.4,3,
7.1,1.4,3.1,
7.1,1.4,3.2,
7.1,1.4,3.3,
7.1,1.4,3.4,
7.1,1.4,3.5,
7.1,1.4,3.6,
7.2,1.4,0,
7.2,1.4,0.1,
7.2,1.4,0.2,
7.2,1.4,0.3,
7.2,1.4,0.4,
7.2,1.4,0.5,
7.2,1.4,0.6,
7.2,1.4,0.7,
7.2,1.4,0.8,
7.2,1.4,0.9,1.110094467
7.2,1.4,1,
7.2,1.4,1.1,
7.2,1.4,1.2,
7.2,1.4,1.3,
7.2,1.4,1.4,
7.2,1.4,1.5,
7.2,1.4,1.6,
7.2,1.4,1.7,
7.2,1.4,1.8,
7.2,1.4,1.9,
7.2,1.4,2,
7.2,1.4,2.1,
7.2,1.4,2.2,
7.2,1.4,2.3,
7.2,1.4,2.4,
7.2,1.4,2.5,
7.2,1.4,2.6,
7.2,1.4,2.7,1.147649999
7.2,1.4,2.8,
7.2,1.4,2.9,
7.2,1.4,3,
7.2,1.4,3.1,
7.2,1.4,3.2,
7.2,1.4,3.3,
7.2,1.4,3.4,
7.2,1.4,3.5,
7.2,1.4,3.6,
7.3,1.4,0,
7.3,1.4,0.1,
7.3,1.4,0.2,
7.3,1.4,0.3,
7.3,1.4,0.4,
7.3,1.4,0.5,
7.3,1.4,0.6,
7.3,1.4,0.7,
7.3,1.4,0.8,1.086452403
7.3,1.4,0.9,
7.3,1.4,1,
7.3,1.4,1.1,
7.3,1.4,1.2,
7.3,1.4,1.3,
7.3,1.4,1.4,
7.3,1.4,1.5,
7.3,1.4,1.6,
7.3,1.4,1.7,
7.3,1.4,1.8,
7.3,1.4,1.9,
7.3,1.4,2,
7.3,1.4,2.1,
7.3,1.4,2.2,
7.3,1.4,2.3,
7.3,1.4,2.4,
7.3,1.4,2.5,
7.3,1.4,2.6,1.149288014
7.3,1.4,2.7,
7.3,1.4,2.8,
7.3,1.4,2.9,
7.3,1.4,3,
7.3,1.4,3.1,
7.3,1.4,3.2,
7.3,1.4,3.3,
7.3,1.4,3.4,
7.3,1.4,3.5,
7.3,1.4,3.6,
7.4,1.4,0,
7.4,1.4,0.1,
7.4,1.4,0.2,
7.4,1.4,0.3,
7.4,1.4,0.4,
7.4,1.4,0.5,
7.4,1.4,0.6,
7.4,1.4,0.7,1.067049224
7.4,1.4,0.8,
7.4,1.4,0.9,
7.4,1.4,1,
7.4,1.4,1.1,
7.4,1.4,1.2,
7.4,1.4,1.3,
7.4,1.4,1.4,
7.4,1.4,1.5,
7.4,1.4,1.6,
7.4,1.4,1.7,
7.4,1.4,1.8,
7.4,1.4,1.9,
7.4,1.4,2,
7.4,1.4,2.1,
7.4,1.4,2.2,
7.4,1.4,2.3,
7.4,1.4,2.4,
7.4,1.4,2.5,1.145374629
7.4,1.4,2.6,
7.4,1.4,2.7,
7.4,1.4,2.8,
7.4,1.4,2.9,
7.4,1.4,3,
7.4,1.4,3.1,
7.4,1.4,3.2,
7.4,1.4,3.3,
7.4,1.4,3.4,
7.4,1.4,3.5,
7.4,1.4,3.6,
7.5,1.4,0,
7.5,1.4,0.1,
7.5,1.4,0.2,
7.5,1.4,0.3,
7.5,1.4,0.4,
7.5,1.4,0.5,
7.5,1.4,0.6,1.051911082
7.5,1.4,0.7,
7.5,1.4,0.8,
7.5,1.4,0.9,
7.5,1.4,1,
7.5,1.4,1.1,
7.5,1.4,1.2,
7.5,1.4,1.3,
7.5,1.4,1.4,
7.5,1.4,1.5,
7.5,1.4,1.6,
7.5,1.4,1.7,
7.5,1.4,1.8,
7.5,1.4,1.9,
7.5,1.4,2,
7.5,1.4,2.1,
7.5,1.4,2.2,
7.5,1.4,2.3,
7.5,1.4,2.4,1.144476308
7.5,1.4,2.5,
7.5,1.4,2.6,
7.5,1.4,2.7,
7.5,1.4,2.8,
7.5,1.4,2.9,
7.5,1.4,3,
7.5,1.4,3.1,
7.5,1.4,3.2,
7.5,1.4,3.3,
7.5,1.4,3.4,
7.5,1.4,3.5,
7.5,1.4,3.6,1.00764486
7.6,1.4,0,
7.6,1.4,0.1,
7.6,1.4,0.2,
7.6,1.4,0.3,
7.6,1.4,0.4,
7.6,1.4,0.5,
7.6,1.4,0.6,
7.6,1.4,0.7,
7.6,1.4,0.8,
7.6,1.4,0.9,
7.6,1.4,1,
7.6,1.4,1.1,
7.6,1.4,1.2,
7.6,1.4,1.3,
7.6,1.4,1.4,
7.6,1.4,1.5,
7.6,1.4,1.6,
7.6,1.4,1.7,
7.6,1.4,1.8,
7.6,1.4,1.9,
7.6,1.4,2,
7.6,1.4,2.1,
7.6,1.4,2.2,
7.6,1.4,2.3,
7.6,1.4,2.4,
7.6,1.4,2.5,
7.6,1.4,2.6,
7.6,1.4,2.7,
7.6,1.4,2.8,
7.6,1.4,2.9,
7.6,1.4,3,
7.6,1.4,3.1,
7.6,1.4,3.2,
7.6,1.4,3.3,
7.6,1.4,3.4,
7.6,1.4,3.5,
7.6,1.4,3.6,
7.7,1.4,0,
7.7,1.4,0.1,
7.7,1.4,0.2,
7.7,1.4,0.3,
7.7,1.4,0.4,
7.7,1.4,0.5,
7.7,1.4,0.6,
7.7,1.4,0.7,
7.7,1.4,0.8,
7.7,1.4,0.9,
7.7,1.4,1,
7.7,1.4,1.1,
7.7,1.4,1.2,
7.7,1.4,1.3,
7.7,1.4,1.4,
7.7,1.4,1.5,
7.7,1.4,1.6,
7.7,1.4,1.7,
7.7,1.4,1.8,
7.7,1.4,1.9,
7.7,1.4,2,
7.7,1.4,2.1,
7.7,1.4,2.2,
7.7,1.4,2.3,
7.7,1.4,2.4,
7.7,1.4,2.5,
7.7,1.4,2.6,
7.7,1.4,2.7,
7.7,1.4,2.8,
7.7,1.4,2.9,
7.7,1.4,3,
7.7,1.4,3.1,
7.7,1.4,3.2,
7.7,1.4,3.3,
7.7,1.4,3.4,
7.7,1.4,3.5,
7.7,1.4,3.6,
7.8,1.4,0,
7.8,1.4,0.1,
7.8,1.4,0.2,
7.8,1.4,0.3,
7.8,1.4,0.4,
7.8,1.4,0.5,
7.8,1.4,0.6,
7.8,1.4,0.7,
7.8,1.4,0.8,
7.8,1.4,0.9,
7.8,1.4,1,
7.8,1.4,1.1,
7.8,1.4,1.2,
7.8,1.4,1.3,
7.8,1.4,1.4,
7.8,1.4,1.5,
7.8,1.4,1.6,
7.8,1.4,1.7,
7.8,1.4,1.8,
7.8,1.4,1.9,
7.8,1.4,2,
7.8,1.4,2.1,
7.8,1.4,2.2,
7.8,1.4,2.3,
7.8,1.4,2.4,
7.8,1.4,2.5,
7.8,1.4,2.6,
7.8,1.4,2.7,
7.8,1.4,2.8,
7.8,1.4,2.9,
7.8,1.4,3,
7.8,1.4,3.1,
7.8,1.4,3.2,
7.8,1.4,3.3,
7.8,1.4,3.4,
7.8,1.4,3.5,
7.8,1.4,3.6,
7.9,1.4,0,
7.9,1.4,0.1,
7.9,1.4,0.2,
7.9,1.4,0.3,
7.9,1.4,0.4,
7.9,1.4,0.5,
7.9,1.4,0.6,
7.9,1.4,0.7,
7.9,1.4,0.8,
7.9,1.4,0.9,
7.9,1.4,1,
7.9,1.4,1.1,
7.9,1.4,1.2,
7.9,1.4,1.3,
7.9,1.4,1.4,
7.9,1.4,1.5,
7.9,1.4,1.6,
7.9,1.4,1.7,
7.9,1.4,1.8,
7.9,1.4,1.9,
7.9,1.4,2,
7.9,1.4,2.1,
7.9,1.4,2.2,
7.9,1.4,2.3,
7.9,1.4,2.4,
7.9,1.4,2.5,
7.9,1.4,2.6,
7.9,1.4,2.7,
7.9,1.4,2.8,
7.9,1.4,2.9,
7.9,1.4,3,
7.9,1.4,3.1,
7.9,1.4,3.2,
7.9,1.4,3.3,
7.9,1.4,3.4,
7.9,1.4,3.5,
7.9,1.4,3.6,
8,1.4,0,
8,1.4,0.1,
8,1.4,0.2,
8,1.4,0.3,
8,1.4,0.4,
8,1.4,0.5,
8,1.4,0.6,
8,1.4,0.7,
8,1.4,0.8,
8,1.4,0.9,
8,1.4,1,
8,1.4,1.1,
8,1.4,1.2,
8,1.4,1.3,
8,1.4,1.4,
8,1.4,1.5,
8,1.4,1.6,
8,1.4,1.7,
8,1.4,1.8,
8,1.4,1.9,
8,1.4,2,
8,1.4,2.1,
8,1.4,2.2,
8,1.4,2.3,
8,1.4,2.4,
8,1.4,2.5,
8,1.4,2.6,
8,1.4,2.7,
8,1.4,2.8,
8,1.4,2.9,
8,1.4,3,
8,1.4,3.1,
8,1.4,3.2,
8,1.4,3.3,
8,1.4,3.4,
8,1.4,3.5,
8,1.4,3.6,
0,1.5,0,
0,1.5,0.1,
0,1.5,0.2,
0,1.5,0.3,
0,1.5,0.4,
0,1.5,0.5,
0,1.5,0.6,
0,1.5,0.7,
0,1.5,0.8,
0,1.5,0.9,
0,1.5,1,
0,1.5,1.1,
0,1.5,1.2,
0,1.5,1.3,
0,1.5,1.4,
0,1.5,1.5,
0,1.5,1.6,
0,1.5,1.7,
0,1.5,1.8,
0,1.5,1.9,
0,1.5,2,
0,1.5,2.1,
0,1.5,2.2,
0,1.5,2.3,
0,1.5,2.4,
0,1.5,2.5,
0,1.5,2.6,
0,1.5,2.7,
0,1.5,2.8,
0,1.5,2.9,
0,1.5,3,
0,1.5,3.1,
0,1.5,3.2,
0,1.5,3.3,
0,1.5,3.4,
0,1.5,3.5,
0,1.5,3.6,
0.1,1.5,0,
0.1,1.5,0.1,
0.1,1.5,0.2,
0.1,1.5,0.3,
0.1,1.5,0.4,
0.1,1.5,0.5,
0.1,1.5,0.6,
0.1,1.5,0.7,
0.1,1.5,0.8,
0.1,1.5,0.9,
0.1,1.5,1,
0.1,1.5,1.1,
0.1,1.5,1.2,
0.1,1.5,1.3,
0.1,1.5,1.4,
0.1,1.5,1.5,
0.1,1.5,1.6,
0.1,1.5,1.7,
0.1,1.5,1.8,
0.1,1.5,1.9,
0.1,1.5,2,
0.1,1.5,2.1,
0.1,1.5,2.2,
0.1,1.5,2.3,
0.1,1.5,2.4,
0.1,1.5,2.5,
0.1,1.5,2.6,
0.1,1.5,2.7,
0.1,1.5,2.8,
0.1,1.5,2.9,
0.1,1.5,3,
0.1,1.5,3.1,
0.1,1.5,3.2,
0.1,1.5,3.3,
0.1,1.5,3.4,
0.1,1.5,3.5,
0.1,1.5,3.6,
0.2,1.5,0,
0.2,1.5,0.1,
0.2,1.5,0.2,
0.2,1.5,0.3,
0.2,1.5,0.4,
0.2,1.5,0.5,
0.2,1.5,0.6,
0.2,1.5,0.7,
0.2,1.5,0.8,
0.2,1.5,0.9,
0.2,1.5,1,
0.2,1.5,1.1,
0.2,1.5,1.2,
0.2,1.5,1.3,
0.2,1.5,1.4,
0.2,1.5,1.5,
0.2,1.5,1.6,
0.2,1.5,1.7,
0.2,1.5,1.8,
0.2,1.5,1.9,
0.2,1.5,2,
0.2,1.5,2.1,
0.2,1.5,2.2,
0.2,1.5,2.3,
0.2,1.5,2.4,
0.2,1.5,2.5,
0.2,1.5,2.6,
0.2,1.5,2.7,
0.2,1.5,2.8,
0.2,1.5,2.9,
0.2,1.5,3,
0.2,1.5,3.1,
0.2,1.5,3.2,
0.2,1.5,3.3,
0.2,1.5,3.4,
0.2,1.5,3.5,
0.2,1.5,3.6,
0.3,1.5,0,
0.3,1.5,0.1,
0.3,1.5,0.2,
0.3,1.5,0.3,
0.3,1.5,0.4,
0.3,1.5,0.5,
0.3,1.5,0.6,
0.3,1.5,0.7,
0.3,1.5,0.8,
0.3,1.5,0.9,
0.3,1.5,1,
0.3,1.5,1.1,
0.3,1.5,1.2,
0.3,1.5,1.3,
0.3,1.5,1.4,
0.3,1.5,1.5,
0.3,1.5,1.6,
0.3,1.5,1.7,
0.3,1.5,1.8,
0.3,1.5,1.9,
0.3,1.5,2,
0.3,1.5,2.1,
0.3,1.5,2.2,
0.3,1.5,2.3,
0.3,1.5,2.4,
0.3,1.5,2.5,
0.3,1.5,2.6,
0.3,1.5,2.7,
0.3,1.5,2.8,
0.3,1.5,2.9,
0.3,1.5,3,
0.3,1.5,3.1,
0.3,1.5,3.2,
0.3,1.5,3.3,
0.3,1.5,3.4,
0.3,1.5,3.5,
0.3,1.5,3.6,
0.4,1.5,0,
0.4,1.5,0.1,
0.4,1.5,0.2,
0.4,1.5,0.3,
0.4,1.5,0.4,
0.4,1.5,0.5,
0.4,1.5,0.6,
0.4,1.5,0.7,
0.4,1.5,0.8,
0.4,1.5,0.9,
0.4,1.5,1,
0.4,1.5,1.1,
0.4,1.5,1.2,
0.4,1.5,1.3,
0.4,1.5,1.4,
0.4,1.5,1.5,
0.4,1.5,1.6,
0.4,1.5,1.7,
0.4,1.5,1.8,
0.4,1.5,1.9,
0.4,1.5,2,
0.4,1.5,2.1,
0.4,1.5,2.2,
0.4,1.5,2.3,
0.4,1.5,2.4,
0.4,1.5,2.5,
0.4,1.5,2.6,
0.4,1.5,2.7,
0.4,1.5,2.8,
0.4,1.5,2.9,
0.4,1.5,3,
0.4,1.5,3.1,
0.4,1.5,3.2,
0.4,1.5,3.3,
0.4,1.5,3.4,
0.4,1.5,3.5,
0.4,1.5,3.6,
0.5,1.5,0,
0.5,1.5,0.1,1.062420593
0.5,1.5,0.2,
0.5,1.5,0.3,
0.5,1.5,0.4,
0.5,1.5,0.5,
0.5,1.5,0.6,
0.5,1.5,0.7,
0.5,1.5,0.8,
0.5,1.5,0.9,
0.5,1.5,1,
0.5,1.5,1.1,
0.5,1.5,1.2,
0.5,1.5,1.3,
0.5,1.5,1.4,
0.5,1.5,1.5,
0.5,1.5,1.6,
0.5,1.5,1.7,
0.5,1.5,1.8,
0.5,1.5,1.9,
0.5,1.5,2,
0.5,1.5,2.1,
0.5,1.5,2.2,
0.5,1.5,2.3,
0.5,1.5,2.4,
0.5,1.5,2.5,
0.5,1.5,2.6,
0.5,1.5,2.7,
0.5,1.5,2.8,
0.5,1.5,2.9,
0.5,1.5,3,
0.5,1.5,3.1,
0.5,1.5,3.2,
0.5,1.5,3.3,
0.5,1.5,3.4,
0.5,1.5,3.5,
0.5,1.5,3.6,
0.6,1.5,0,
0.6,1.5,0.1,
0.6,1.5,0.2,
0.6,1.5,0.3,
0.6,1.5,0.4,
0.6,1.5,0.5,
0.6,1.5,0.6,
0.6,1.5,0.7,
0.6,1.5,0.8,
0.6,1.5,0.9,
0.6,1.5,1,
0.6,1.5,1.1,
0.6,1.5,1.2,
0.6,1.5,1.3,
0.6,1.5,1.4,
0.6,1.5,1.5,
0.6,1.5,1.6,
0.6,1.5,1.7,
0.6,1.5,1.8,
0.6,1.5,1.9,
0.6,1.5,2,
0.6,1.5,2.1,
0.6,1.5,2.2,
0.6,1.5,2.3,
0.6,1.5,2.4,
0.6,1.5,2.5,
0.6,1.5,2.6,
0.6,1.5,2.7,
0.6,1.5,2.8,
0.6,1.5,2.9,
0.6,1.5,3,
0.6,1.5,3.1,
0.6,1.5,3.2,
0.6,1.5,3.3,
0.6,1.5,3.4,
0.6,1.5,3.5,
0.6,1.5,3.6,
0.7,1.5,0,
0.7,1.5,0.1,
0.7,1.5,0.2,
0.7,1.5,0.3,
0.7,1.5,0.4,
0.7,1.5,0.5,
0.7,1.5,0.6,
0.7,1.5,0.7,
0.7,1.5,0.8,
0.7,1.5,0.9,
0.7,1.5,1,
0.7,1.5,1.1,
0.7,1.5,1.2,
0.7,1.5,1.3,
0.7,1.5,1.4,
0.7,1.5,1.5,
0.7,1.5,1.6,
0.7,1.5,1.7,
0.7,1.5,1.8,
0.7,1.5,1.9,
0.7,1.5,2,
0.7,1.5,2.1,
0.7,1.5,2.2,
0.7,1.5,2.3,
0.7,1.5,2.4,
0.7,1.5,2.5,
0.7,1.5,2.6,
0.7,1.5,2.7,
0.7,1.5,2.8,
0.7,1.5,2.9,
0.7,1.5,3,
0.7,1.5,3.1,
0.7,1.5,3.2,
0.7,1.5,3.3,
0.7,1.5,3.4,
0.7,1.5,3.5,
0.7,1.5,3.6,
0.8,1.5,0,
0.8,1.5,0.1,
0.8,1.5,0.2,
0.8,1.5,0.3,
0.8,1.5,0.4,
0.8,1.5,0.5,
0.8,1.5,0.6,
0.8,1.5,0.7,
0.8,1.5,0.8,
0.8,1.5,0.9,
0.8,1.5,1,
0.8,1.5,1.1,
0.8,1.5,1.2,
0.8,1.5,1.3,
0.8,1.5,1.4,
0.8,1.5,1.5,
0.8,1.5,1.6,
0.8,1.5,1.7,
0.8,1.5,1.8,
0.8,1.5,1.9,
0.8,1.5,2,
0.8,1.5,2.1,
0.8,1.5,2.2,
0.8,1.5,2.3,
0.8,1.5,2.4,
0.8,1.5,2.5,
0.8,1.5,2.6,
0.8,1.5,2.7,
0.8,1.5,2.8,
0.8,1.5,2.9,
0.8,1.5,3,
0.8,1.5,3.1,
0.8,1.5,3.2,
0.8,1.5,3.3,
0.8,1.5,3.4,
0.8,1.5,3.5,
0.8,1.5,3.6,
0.9,1.5,0,
0.9,1.5,0.1,
0.9,1.5,0.2,
0.9,1.5,0.3,
0.9,1.5,0.4,
0.9,1.5,0.5,
0.9,1.5,0.6,
0.9,1.5,0.7,
0.9,1.5,0.8,
0.9,1.5,0.9,
0.9,1.5,1,
0.9,1.5,1.1,
0.9,1.5,1.2,
0.9,1.5,1.3,
0.9,1.5,1.4,
0.9,1.5,1.5,
0.9,1.5,1.6,
0.9,1.5,1.7,
0.9,1.5,1.8,
0.9,1.5,1.9,
0.9,1.5,2,
0.9,1.5,2.1,
0.9,1.5,2.2,
0.9,1.5,2.3,
0.9,1.5,2.4,
0.9,1.5,2.5,
0.9,1.5,2.6,
0.9,1.5,2.7,
0.9,1.5,2.8,
0.9,1.5,2.9,
0.9,1.5,3,
0.9,1.5,3.1,
0.9,1.5,3.2,
0.9,1.5,3.3,
0.9,1.5,3.4,
0.9,1.5,3.5,
0.9,1.5,3.6,
1,1.5,0,
1,1.5,0.1,
1,1.5,0.2,
1,1.5,0.3,
1,1.5,0.4,
1,1.5,0.5,
1,1.5,0.6,
1,1.5,0.7,
1,1.5,0.8,
1,1.5,0.9,
1,1.5,1,
1,1.5,1.1,
1,1.5,1.2,
1,1.5,1.3,
1,1.5,1.4,
1,1.5,1.5,
1,1.5,1.6,
1,1.5,1.7,
1,1.5,1.8,
1,1.5,1.9,
1,1.5,2,
1,1.5,2.1,
1,1.5,2.2,
1,1.5,2.3,
1,1.5,2.4,
1,1.5,2.5,
1,1.5,2.6,
1,1.5,2.7,
1,1.5,2.8,
1,1.5,2.9,
1,1.5,3,
1,1.5,3.1,
1,1.5,3.2,
1,1.5,3.3,
1,1.5,3.4,
1,1.5,3.5,
1,1.5,3.6,
1.1,1.5,0,
1.1,1.5,0.1,
1.1,1.5,0.2,
1.1,1.5,0.3,
1.1,1.5,0.4,
1.1,1.5,0.5,
1.1,1.5,0.6,
1.1,1.5,0.7,
1.1,1.5,0.8,
1.1,1.5,0.9,
1.1,1.5,1,
1.1,1.5,1.1,
1.1,1.5,1.2,
1.1,1.5,1.3,
1.1,1.5,1.4,
1.1,1.5,1.5,
1.1,1.5,1.6,
1.1,1.5,1.7,
1.1,1.5,1.8,
1.1,1.5,1.9,
1.1,1.5,2,
1.1,1.5,2.1,
1.1,1.5,2.2,
1.1,1.5,2.3,
1.1,1.5,2.4,
1.1,1.5,2.5,
1.1,1.5,2.6,
1.1,1.5,2.7,
1.1,1.5,2.8,
1.1,1.5,2.9,
1.1,1.5,3,
1.1,1.5,3.1,
1.1,1.5,3.2,
1.1,1.5,3.3,
1.1,1.5,3.4,
1.1,1.5,3.5,
1.1,1.5,3.6,
1.2,1.5,0,
1.2,1.5,0.1,
1.2,1.5,0.2,
1.2,1.5,0.3,
1.2,1.5,0.4,
1.2,1.5,0.5,
1.2,1.5,0.6,
1.2,1.5,0.7,
1.2,1.5,0.8,
1.2,1.5,0.9,
1.2,1.5,1,
1.2,1.5,1.1,
1.2,1.5,1.2,
1.2,1.5,1.3,
1.2,1.5,1.4,
1.2,1.5,1.5,
1.2,1.5,1.6,
1.2,1.5,1.7,
1.2,1.5,1.8,
1.2,1.5,1.9,
1.2,1.5,2,
1.2,1.5,2.1,
1.2,1.5,2.2,
1.2,1.5,2.3,
1.2,1.5,2.4,
1.2,1.5,2.5,
1.2,1.5,2.6,
1.2,1.5,2.7,
1.2,1.5,2.8,
1.2,1.5,2.9,
1.2,1.5,3,
1.2,1.5,3.1,
1.2,1.5,3.2,
1.2,1.5,3.3,
1.2,1.5,3.4,
1.2,1.5,3.5,
1.2,1.5,3.6,
1.3,1.5,0,
1.3,1.5,0.1,
1.3,1.5,0.2,
1.3,1.5,0.3,
1.3,1.5,0.4,
1.3,1.5,0.5,
1.3,1.5,0.6,
1.3,1.5,0.7,
1.3,1.5,0.8,
1.3,1.5,0.9,
1.3,1.5,1,
1.3,1.5,1.1,
1.3,1.5,1.2,
1.3,1.5,1.3,
1.3,1.5,1.4,
1.3,1.5,1.5,1.066712353
1.3,1.5,1.6,
1.3,1.5,1.7,
1.3,1.5,1.8,
1.3,1.5,1.9,
1.3,1.5,2,
1.3,1.5,2.1,
1.3,1.5,2.2,
1.3,1.5,2.3,
1.3,1.5,2.4,
1.3,1.5,2.5,
1.3,1.5,2.6,
1.3,1.5,2.7,
1.3,1.5,2.8,
1.3,1.5,2.9,
1.3,1.5,3,
1.3,1.5,3.1,
1.3,1.5,3.2,
1.3,1.5,3.3,1.179845734
1.3,1.5,3.4,
1.3,1.5,3.5,
1.3,1.5,3.6,
1.4,1.5,0,
1.4,1.5,0.1,
1.4,1.5,0.2,
1.4,1.5,0.3,
1.4,1.5,0.4,
1.4,1.5,0.5,
1.4,1.5,0.6,
1.4,1.5,0.7,
1.4,1.5,0.8,
1.4,1.5,0.9,
1.4,1.5,1,
1.4,1.5,1.1,
1.4,1.5,1.2,
1.4,1.5,1.3,
1.4,1.5,1.4,1.072221112
1.4,1.5,1.5,
1.4,1.5,1.6,
1.4,1.5,1.7,
1.4,1.5,1.8,
1.4,1.5,1.9,
1.4,1.5,2,
1.4,1.5,2.1,
1.4,1.5,2.2,
1.4,1.5,2.3,
1.4,1.5,2.4,
1.4,1.5,2.5,
1.4,1.5,2.6,
1.4,1.5,2.7,
1.4,1.5,2.8,
1.4,1.5,2.9,
1.4,1.5,3,
1.4,1.5,3.1,
1.4,1.5,3.2,1.170290263
1.4,1.5,3.3,
1.4,1.5,3.4,
1.4,1.5,3.5,
1.4,1.5,3.6,
1.5,1.5,0,
1.5,1.5,0.1,
1.5,1.5,0.2,
1.5,1.5,0.3,
1.5,1.5,0.4,
1.5,1.5,0.5,
1.5,1.5,0.6,
1.5,1.5,0.7,
1.5,1.5,0.8,
1.5,1.5,0.9,
1.5,1.5,1,
1.5,1.5,1.1,
1.5,1.5,1.2,
1.5,1.5,1.3,1.082011397
1.5,1.5,1.4,
1.5,1.5,1.5,
1.5,1.5,1.6,
1.5,1.5,1.7,
1.5,1.5,1.8,
1.5,1.5,1.9,
1.5,1.5,2,
1.5,1.5,2.1,
1.5,1.5,2.2,
1.5,1.5,2.3,
1.5,1.5,2.4,
1.5,1.5,2.5,
1.5,1.5,2.6,
1.5,1.5,2.7,
1.5,1.5,2.8,
1.5,1.5,2.9,
1.5,1.5,3,
1.5,1.5,3.1,1.165014329
1.5,1.5,3.2,
1.5,1.5,3.3,
1.5,1.5,3.4,
1.5,1.5,3.5,
1.5,1.5,3.6,
1.6,1.5,0,
1.6,1.5,0.1,
1.6,1.5,0.2,
1.6,1.5,0.3,
1.6,1.5,0.4,
1.6,1.5,0.5,
1.6,1.5,0.6,
1.6,1.5,0.7,
1.6,1.5,0.8,
1.6,1.5,0.9,
1.6,1.5,1,
1.6,1.5,1.1,
1.6,1.5,1.2,1.096111351
1.6,1.5,1.3,
1.6,1.5,1.4,
1.6,1.5,1.5,
1.6,1.5,1.6,
1.6,1.5,1.7,
1.6,1.5,1.8,
1.6,1.5,1.9,
1.6,1.5,2,
1.6,1.5,2.1,
1.6,1.5,2.2,
1.6,1.5,2.3,
1.6,1.5,2.4,
1.6,1.5,2.5,
1.6,1.5,2.6,
1.6,1.5,2.7,
1.6,1.5,2.8,
1.6,1.5,2.9,
1.6,1.5,3,1.16376407
1.6,1.5,3.1,
1.6,1.5,3.2,
1.6,1.5,3.3,
1.6,1.5,3.4,
1.6,1.5,3.5,
1.6,1.5,3.6,
1.7,1.5,0,
1.7,1.5,0.1,
1.7,1.5,0.2,
1.7,1.5,0.3,
1.7,1.5,0.4,
1.7,1.5,0.5,
1.7,1.5,0.6,
1.7,1.5,0.7,
1.7,1.5,0.8,
1.7,1.5,0.9,
1.7,1.5,1,
1.7,1.5,1.1,1.114559922
1.7,1.5,1.2,
1.7,1.5,1.3,
1.7,1.5,1.4,
1.7,1.5,1.5,
1.7,1.5,1.6,
1.7,1.5,1.7,
1.7,1.5,1.8,
1.7,1.5,1.9,
1.7,1.5,2,
1.7,1.5,2.1,
1.7,1.5,2.2,
1.7,1.5,2.3,
1.7,1.5,2.4,
1.7,1.5,2.5,
1.7,1.5,2.6,
1.7,1.5,2.7,
1.7,1.5,2.8,
1.7,1.5,2.9,1.166203752
1.7,1.5,3,
1.7,1.5,3.1,
1.7,1.5,3.2,
1.7,1.5,3.3,
1.7,1.5,3.4,
1.7,1.5,3.5,
1.7,1.5,3.6,
1.8,1.5,0,
1.8,1.5,0.1,
1.8,1.5,0.2,
1.8,1.5,0.3,
1.8,1.5,0.4,
1.8,1.5,0.5,
1.8,1.5,0.6,
1.8,1.5,0.7,
1.8,1.5,0.8,
1.8,1.5,0.9,
1.8,1.5,1,1.137249367
1.8,1.5,1.1,
1.8,1.5,1.2,
1.8,1.5,1.3,
1.8,1.5,1.4,
1.8,1.5,1.5,
1.8,1.5,1.6,
1.8,1.5,1.7,
1.8,1.5,1.8,
1.8,1.5,1.9,
1.8,1.5,2,
1.8,1.5,2.1,
1.8,1.5,2.2,
1.8,1.5,2.3,
1.8,1.5,2.4,
1.8,1.5,2.5,
1.8,1.5,2.6,
1.8,1.5,2.7,
1.8,1.5,2.8,1.171833898
1.8,1.5,2.9,
1.8,1.5,3,
1.8,1.5,3.1,
1.8,1.5,3.2,
1.8,1.5,3.3,
1.8,1.5,3.4,
1.8,1.5,3.5,
1.8,1.5,3.6,
1.9,1.5,0,
1.9,1.5,0.1,
1.9,1.5,0.2,
1.9,1.5,0.3,
1.9,1.5,0.4,
1.9,1.5,0.5,
1.9,1.5,0.6,
1.9,1.5,0.7,
1.9,1.5,0.8,
1.9,1.5,0.9,1.163220529
1.9,1.5,1,
1.9,1.5,1.1,
1.9,1.5,1.2,
1.9,1.5,1.3,
1.9,1.5,1.4,
1.9,1.5,1.5,
1.9,1.5,1.6,
1.9,1.5,1.7,
1.9,1.5,1.8,
1.9,1.5,1.9,
1.9,1.5,2,
1.9,1.5,2.1,
1.9,1.5,2.2,
1.9,1.5,2.3,
1.9,1.5,2.4,
1.9,1.5,2.5,
1.9,1.5,2.6,
1.9,1.5,2.7,1.159970082
1.9,1.5,2.8,
1.9,1.5,2.9,
1.9,1.5,3,
1.9,1.5,3.1,
1.9,1.5,3.2,
1.9,1.5,3.3,
1.9,1.5,3.4,
1.9,1.5,3.5,
1.9,1.5,3.6,
2,1.5,0,
2,1.5,0.1,
2,1.5,0.2,
2,1.5,0.3,
2,1.5,0.4,
2,1.5,0.5,
2,1.5,0.6,
2,1.5,0.7,
2,1.5,0.8,1.149268399
2,1.5,0.9,
2,1.5,1,
2,1.5,1.1,
2,1.5,1.2,
2,1.5,1.3,
2,1.5,1.4,
2,1.5,1.5,
2,1.5,1.6,
2,1.5,1.7,
2,1.5,1.8,
2,1.5,1.9,
2,1.5,2,
2,1.5,2.1,
2,1.5,2.2,
2,1.5,2.3,
2,1.5,2.4,
2,1.5,2.5,
2,1.5,2.6,1.144657962
2,1.5,2.7,
2,1.5,2.8,
2,1.5,2.9,
2,1.5,3,
2,1.5,3.1,
2,1.5,3.2,
2,1.5,3.3,
2,1.5,3.4,
2,1.5,3.5,
2,1.5,3.6,
2.1,1.5,0,
2.1,1.5,0.1,
2.1,1.5,0.2,
2.1,1.5,0.3,
2.1,1.5,0.4,
2.1,1.5,0.5,
2.1,1.5,0.6,
2.1,1.5,0.7,1.122661589
2.1,1.5,0.8,
2.1,1.5,0.9,
2.1,1.5,1,
2.1,1.5,1.1,
2.1,1.5,1.2,
2.1,1.5,1.3,
2.1,1.5,1.4,
2.1,1.5,1.5,
2.1,1.5,1.6,
2.1,1.5,1.7,
2.1,1.5,1.8,
2.1,1.5,1.9,
2.1,1.5,2,
2.1,1.5,2.1,
2.1,1.5,2.2,
2.1,1.5,2.3,
2.1,1.5,2.4,
2.1,1.5,2.5,1.133503422
2.1,1.5,2.6,
2.1,1.5,2.7,
2.1,1.5,2.8,
2.1,1.5,2.9,
2.1,1.5,3,
2.1,1.5,3.1,
2.1,1.5,3.2,
2.1,1.5,3.3,
2.1,1.5,3.4,
2.1,1.5,3.5,
2.1,1.5,3.6,
2.2,1.5,0,
2.2,1.5,0.1,
2.2,1.5,0.2,
2.2,1.5,0.3,
2.2,1.5,0.4,
2.2,1.5,0.5,
2.2,1.5,0.6,1.100061408
2.2,1.5,0.7,
2.2,1.5,0.8,
2.2,1.5,0.9,
2.2,1.5,1,
2.2,1.5,1.1,
2.2,1.5,1.2,
2.2,1.5,1.3,
2.2,1.5,1.4,
2.2,1.5,1.5,
2.2,1.5,1.6,
2.2,1.5,1.7,
2.2,1.5,1.8,
2.2,1.5,1.9,
2.2,1.5,2,
2.2,1.5,2.1,
2.2,1.5,2.2,
2.2,1.5,2.3,
2.2,1.5,2.4,1.126418621
2.2,1.5,2.5,
2.2,1.5,2.6,
2.2,1.5,2.7,
2.2,1.5,2.8,
2.2,1.5,2.9,
2.2,1.5,3,
2.2,1.5,3.1,
2.2,1.5,3.2,
2.2,1.5,3.3,
2.2,1.5,3.4,
2.2,1.5,3.5,
2.2,1.5,3.6,
2.3,1.5,0,
2.3,1.5,0.1,
2.3,1.5,0.2,
2.3,1.5,0.3,
2.3,1.5,0.4,
2.3,1.5,0.5,
2.3,1.5,0.6,1.096700662
2.3,1.5,0.7,
2.3,1.5,0.8,
2.3,1.5,0.9,
2.3,1.5,1,
2.3,1.5,1.1,
2.3,1.5,1.2,
2.3,1.5,1.3,
2.3,1.5,1.4,
2.3,1.5,1.5,
2.3,1.5,1.6,
2.3,1.5,1.7,
2.3,1.5,1.8,
2.3,1.5,1.9,
2.3,1.5,2,
2.3,1.5,2.1,
2.3,1.5,2.2,
2.3,1.5,2.3,
2.3,1.5,2.4,
2.3,1.5,2.5,1.156291796
2.3,1.5,2.6,
2.3,1.5,2.7,
2.3,1.5,2.8,
2.3,1.5,2.9,
2.3,1.5,3,
2.3,1.5,3.1,
2.3,1.5,3.2,
2.3,1.5,3.3,
2.3,1.5,3.4,
2.3,1.5,3.5,
2.3,1.5,3.6,
2.4,1.5,0,
2.4,1.5,0.1,
2.4,1.5,0.2,
2.4,1.5,0.3,
2.4,1.5,0.4,
2.4,1.5,0.5,
2.4,1.5,0.6,
2.4,1.5,0.7,1.112444602
2.4,1.5,0.8,
2.4,1.5,0.9,
2.4,1.5,1,
2.4,1.5,1.1,
2.4,1.5,1.2,
2.4,1.5,1.3,
2.4,1.5,1.4,
2.4,1.5,1.5,
2.4,1.5,1.6,
2.4,1.5,1.7,
2.4,1.5,1.8,
2.4,1.5,1.9,
2.4,1.5,2,
2.4,1.5,2.1,
2.4,1.5,2.2,
2.4,1.5,2.3,
2.4,1.5,2.4,
2.4,1.5,2.5,
2.4,1.5,2.6,1.190203155
2.4,1.5,2.7,
2.4,1.5,2.8,
2.4,1.5,2.9,
2.4,1.5,3,
2.4,1.5,3.1,
2.4,1.5,3.2,
2.4,1.5,3.3,
2.4,1.5,3.4,
2.4,1.5,3.5,
2.4,1.5,3.6,
2.5,1.5,0,
2.5,1.5,0.1,
2.5,1.5,0.2,
2.5,1.5,0.3,
2.5,1.5,0.4,
2.5,1.5,0.5,
2.5,1.5,0.6,
2.5,1.5,0.7,
2.5,1.5,0.8,1.132397293
2.5,1.5,0.9,
2.5,1.5,1,
2.5,1.5,1.1,
2.5,1.5,1.2,
2.5,1.5,1.3,
2.5,1.5,1.4,
2.5,1.5,1.5,
2.5,1.5,1.6,
2.5,1.5,1.7,
2.5,1.5,1.8,
2.5,1.5,1.9,
2.5,1.5,2,
2.5,1.5,2.1,
2.5,1.5,2.2,
2.5,1.5,2.3,
2.5,1.5,2.4,
2.5,1.5,2.5,
2.5,1.5,2.6,
2.5,1.5,2.7,1.158214091
2.5,1.5,2.8,
2.5,1.5,2.9,
2.5,1.5,3,
2.5,1.5,3.1,
2.5,1.5,3.2,
2.5,1.5,3.3,
2.5,1.5,3.4,
2.5,1.5,3.5,
2.5,1.5,3.6,
2.6,1.5,0,
2.6,1.5,0.1,
2.6,1.5,0.2,
2.6,1.5,0.3,
2.6,1.5,0.4,
2.6,1.5,0.5,
2.6,1.5,0.6,
2.6,1.5,0.7,
2.6,1.5,0.8,
2.6,1.5,0.9,1.156135158
2.6,1.5,1,
2.6,1.5,1.1,
2.6,1.5,1.2,
2.6,1.5,1.3,
2.6,1.5,1.4,
2.6,1.5,1.5,
2.6,1.5,1.6,
2.6,1.5,1.7,
2.6,1.5,1.8,
2.6,1.5,1.9,
2.6,1.5,2,
2.6,1.5,2.1,
2.6,1.5,2.2,
2.6,1.5,2.3,
2.6,1.5,2.4,
2.6,1.5,2.5,
2.6,1.5,2.6,
2.6,1.5,2.7,
2.6,1.5,2.8,1.137197059
2.6,1.5,2.9,
2.6,1.5,3,
2.6,1.5,3.1,
2.6,1.5,3.2,
2.6,1.5,3.3,
2.6,1.5,3.4,
2.6,1.5,3.5,
2.6,1.5,3.6,
2.7,1.5,0,
2.7,1.5,0.1,
2.7,1.5,0.2,
2.7,1.5,0.3,
2.7,1.5,0.4,
2.7,1.5,0.5,
2.7,1.5,0.6,
2.7,1.5,0.7,
2.7,1.5,0.8,
2.7,1.5,0.9,
2.7,1.5,1,1.181023786
2.7,1.5,1.1,
2.7,1.5,1.2,
2.7,1.5,1.3,
2.7,1.5,1.4,
2.7,1.5,1.5,
2.7,1.5,1.6,
2.7,1.5,1.7,
2.7,1.5,1.8,
2.7,1.5,1.9,
2.7,1.5,2,
2.7,1.5,2.1,
2.7,1.5,2.2,
2.7,1.5,2.3,
2.7,1.5,2.4,
2.7,1.5,2.5,
2.7,1.5,2.6,
2.7,1.5,2.7,
2.7,1.5,2.8,
2.7,1.5,2.9,
2.7,1.5,3,
2.7,1.5,3.1,
2.7,1.5,3.2,
2.7,1.5,3.3,
2.7,1.5,3.4,
2.7,1.5,3.5,
2.7,1.5,3.6,
2.8,1.5,0,
2.8,1.5,0.1,
2.8,1.5,0.2,
2.8,1.5,0.3,
2.8,1.5,0.4,
2.8,1.5,0.5,
2.8,1.5,0.6,
2.8,1.5,0.7,
2.8,1.5,0.8,
2.8,1.5,0.9,
2.8,1.5,1,
2.8,1.5,1.1,
2.8,1.5,1.2,
2.8,1.5,1.3,
2.8,1.5,1.4,
2.8,1.5,1.5,
2.8,1.5,1.6,
2.8,1.5,1.7,
2.8,1.5,1.8,
2.8,1.5,1.9,
2.8,1.5,2,
2.8,1.5,2.1,
2.8,1.5,2.2,
2.8,1.5,2.3,
2.8,1.5,2.4,
2.8,1.5,2.5,
2.8,1.5,2.6,
2.8,1.5,2.7,
2.8,1.5,2.8,
2.8,1.5,2.9,
2.8,1.5,3,
2.8,1.5,3.1,
2.8,1.5,3.2,
2.8,1.5,3.3,
2.8,1.5,3.4,
2.8,1.5,3.5,
2.8,1.5,3.6,
2.9,1.5,0,
2.9,1.5,0.1,
2.9,1.5,0.2,
2.9,1.5,0.3,
2.9,1.5,0.4,
2.9,1.5,0.5,
2.9,1.5,0.6,
2.9,1.5,0.7,
2.9,1.5,0.8,
2.9,1.5,0.9,
2.9,1.5,1,
2.9,1.5,1.1,
2.9,1.5,1.2,
2.9,1.5,1.3,
2.9,1.5,1.4,
2.9,1.5,1.5,
2.9,1.5,1.6,
2.9,1.5,1.7,
2.9,1.5,1.8,
2.9,1.5,1.9,
2.9,1.5,2,
2.9,1.5,2.1,
2.9,1.5,2.2,
2.9,1.5,2.3,
2.9,1.5,2.4,
2.9,1.5,2.5,
2.9,1.5,2.6,
2.9,1.5,2.7,
2.9,1.5,2.8,
2.9,1.5,2.9,
2.9,1.5,3,
2.9,1.5,3.1,
2.9,1.5,3.2,
2.9,1.5,3.3,
2.9,1.5,3.4,
2.9,1.5,3.5,
2.9,1.5,3.6,
3,1.5,0,
3,1.5,0.1,
3,1.5,0.2,
3,1.5,0.3,
3,1.5,0.4,
3,1.5,0.5,
3,1.5,0.6,
3,1.5,0.7,
3,1.5,0.8,
3,1.5,0.9,
3,1.5,1,
3,1.5,1.1,
3,1.5,1.2,
3,1.5,1.3,
3,1.5,1.4,
3,1.5,1.5,
3,1.5,1.6,
3,1.5,1.7,
3,1.5,1.8,
3,1.5,1.9,
3,1.5,2,
3,1.5,2.1,
3,1.5,2.2,
3,1.5,2.3,
3,1.5,2.4,
3,1.5,2.5,
3,1.5,2.6,
3,1.5,2.7,
3,1.5,2.8,
3,1.5,2.9,
3,1.5,3,
3,1.5,3.1,
3,1.5,3.2,
3,1.5,3.3,
3,1.5,3.4,
3,1.5,3.5,
3,1.5,3.6,
3.1,1.5,0,
3.1,1.5,0.1,
3.1,1.5,0.2,
3.1,1.5,0.3,
3.1,1.5,0.4,
3.1,1.5,0.5,
3.1,1.5,0.6,
3.1,1.5,0.7,
3.1,1.5,0.8,
3.1,1.5,0.9,
3.1,1.5,1,
3.1,1.5,1.1,
3.1,1.5,1.2,
3.1,1.5,1.3,
3.1,1.5,1.4,
3.1,1.5,1.5,
3.1,1.5,1.6,
3.1,1.5,1.7,
3.1,1.5,1.8,
3.1,1.5,1.9,
3.1,1.5,2,
3.1,1.5,2.1,
3.1,1.5,2.2,
3.1,1.5,2.3,
3.1,1.5,2.4,
3.1,1.5,2.5,
3.1,1.5,2.6,
3.1,1.5,2.7,
3.1,1.5,2.8,
3.1,1.5,2.9,
3.1,1.5,3,
3.1,1.5,3.1,
3.1,1.5,3.2,
3.1,1.5,3.3,
3.1,1.5,3.4,
3.1,1.5,3.5,
3.1,1.5,3.6,
3.2,1.5,0,
3.2,1.5,0.1,
3.2,1.5,0.2,
3.2,1.5,0.3,
3.2,1.5,0.4,
3.2,1.5,0.5,
3.2,1.5,0.6,
3.2,1.5,0.7,
3.2,1.5,0.8,
3.2,1.5,0.9,
3.2,1.5,1,1.130986984
3.2,1.5,1.1,
3.2,1.5,1.2,
3.2,1.5,1.3,
3.2,1.5,1.4,
3.2,1.5,1.5,1.05944476
3.2,1.5,1.6,
3.2,1.5,1.7,
3.2,1.5,1.8,
3.2,1.5,1.9,
3.2,1.5,2,
3.2,1.5,2.1,
3.2,1.5,2.2,
3.2,1.5,2.3,
3.2,1.5,2.4,
3.2,1.5,2.5,
3.2,1.5,2.6,
3.2,1.5,2.7,
3.2,1.5,2.8,
3.2,1.5,2.9,
3.2,1.5,3,1.150051303
3.2,1.5,3.1,
3.2,1.5,3.2,
3.2,1.5,3.3,
3.2,1.5,3.4,
3.2,1.5,3.5,
3.2,1.5,3.6,
3.3,1.5,0,
3.3,1.5,0.1,
3.3,1.5,0.2,
3.3,1.5,0.3,
3.3,1.5,0.4,
3.3,1.5,0.5,
3.3,1.5,0.6,
3.3,1.5,0.7,
3.3,1.5,0.8,
3.3,1.5,0.9,
3.3,1.5,1,
3.3,1.5,1.1,
3.3,1.5,1.2,1.09414414
3.3,1.5,1.3,
3.3,1.5,1.4,
3.3,1.5,1.5,
3.3,1.5,1.6,
3.3,1.5,1.7,
3.3,1.5,1.8,
3.3,1.5,1.9,
3.3,1.5,2,
3.3,1.5,2.1,
3.3,1.5,2.2,
3.3,1.5,2.3,
3.3,1.5,2.4,
3.3,1.5,2.5,
3.3,1.5,2.6,
3.3,1.5,2.7,
3.3,1.5,2.8,
3.3,1.5,2.9,
3.3,1.5,3,
3.3,1.5,3.1,1.149703346
3.3,1.5,3.2,
3.3,1.5,3.3,
3.3,1.5,3.4,
3.3,1.5,3.5,
3.3,1.5,3.6,
3.4,1.5,0,
3.4,1.5,0.1,
3.4,1.5,0.2,
3.4,1.5,0.3,
3.4,1.5,0.4,
3.4,1.5,0.5,
3.4,1.5,0.6,
3.4,1.5,0.7,
3.4,1.5,0.8,
3.4,1.5,0.9,
3.4,1.5,1,
3.4,1.5,1.1,
3.4,1.5,1.2,
3.4,1.5,1.3,1.086786431
3.4,1.5,1.4,
3.4,1.5,1.5,
3.4,1.5,1.6,
3.4,1.5,1.7,
3.4,1.5,1.8,
3.4,1.5,1.9,
3.4,1.5,2,
3.4,1.5,2.1,
3.4,1.5,2.2,
3.4,1.5,2.3,
3.4,1.5,2.4,
3.4,1.5,2.5,
3.4,1.5,2.6,
3.4,1.5,2.7,
3.4,1.5,2.8,
3.4,1.5,2.9,
3.4,1.5,3,
3.4,1.5,3.1,
3.4,1.5,3.2,1.153328472
3.4,1.5,3.3,
3.4,1.5,3.4,
3.4,1.5,3.5,
3.4,1.5,3.6,
3.5,1.5,0,
3.5,1.5,0.1,
3.5,1.5,0.2,
3.5,1.5,0.3,
3.5,1.5,0.4,
3.5,1.5,0.5,
3.5,1.5,0.6,
3.5,1.5,0.7,
3.5,1.5,0.8,
3.5,1.5,0.9,
3.5,1.5,1,
3.5,1.5,1.1,
3.5,1.5,1.2,
3.5,1.5,1.3,
3.5,1.5,1.4,1.080378782
3.5,1.5,1.5,
3.5,1.5,1.6,
3.5,1.5,1.7,
3.5,1.5,1.8,
3.5,1.5,1.9,
3.5,1.5,2,
3.5,1.5,2.1,
3.5,1.5,2.2,
3.5,1.5,2.3,
3.5,1.5,2.4,
3.5,1.5,2.5,
3.5,1.5,2.6,
3.5,1.5,2.7,
3.5,1.5,2.8,
3.5,1.5,2.9,
3.5,1.5,3,
3.5,1.5,3.1,
3.5,1.5,3.2,
3.5,1.5,3.3,1.161124539
3.5,1.5,3.4,
3.5,1.5,3.5,
3.5,1.5,3.6,
3.6,1.5,0,
3.6,1.5,0.1,
3.6,1.5,0.2,
3.6,1.5,0.3,
3.6,1.5,0.4,
3.6,1.5,0.5,
3.6,1.5,0.6,
3.6,1.5,0.7,
3.6,1.5,0.8,
3.6,1.5,0.9,
3.6,1.5,1,
3.6,1.5,1.1,
3.6,1.5,1.2,
3.6,1.5,1.3,
3.6,1.5,1.4,
3.6,1.5,1.5,1.07847923
3.6,1.5,1.6,
3.6,1.5,1.7,
3.6,1.5,1.8,
3.6,1.5,1.9,
3.6,1.5,2,
3.6,1.5,2.1,
3.6,1.5,2.2,
3.6,1.5,2.3,
3.6,1.5,2.4,
3.6,1.5,2.5,
3.6,1.5,2.6,
3.6,1.5,2.7,
3.6,1.5,2.8,
3.6,1.5,2.9,
3.6,1.5,3,
3.6,1.5,3.1,
3.6,1.5,3.2,
3.6,1.5,3.3,
3.6,1.5,3.4,1.173273487
3.6,1.5,3.5,
3.6,1.5,3.6,
3.7,1.5,0,
3.7,1.5,0.1,
3.7,1.5,0.2,
3.7,1.5,0.3,
3.7,1.5,0.4,
3.7,1.5,0.5,
3.7,1.5,0.6,
3.7,1.5,0.7,
3.7,1.5,0.8,
3.7,1.5,0.9,
3.7,1.5,1,
3.7,1.5,1.1,
3.7,1.5,1.2,
3.7,1.5,1.3,
3.7,1.5,1.4,
3.7,1.5,1.5,
3.7,1.5,1.6,1.081177038
3.7,1.5,1.7,1.076875043
3.7,1.5,1.8,
3.7,1.5,1.9,
3.7,1.5,2,
3.7,1.5,2.1,
3.7,1.5,2.2,
3.7,1.5,2.3,
3.7,1.5,2.4,
3.7,1.5,2.5,
3.7,1.5,2.6,
3.7,1.5,2.7,1.165235782
3.7,1.5,2.8,
3.7,1.5,2.9,
3.7,1.5,3,
3.7,1.5,3.1,
3.7,1.5,3.2,
3.7,1.5,3.3,
3.7,1.5,3.4,
3.7,1.5,3.5,
3.7,1.5,3.6,
3.8,1.5,0,1.050300073
3.8,1.5,0.1,1.051661201
3.8,1.5,0.2,
3.8,1.5,0.3,
3.8,1.5,0.4,
3.8,1.5,0.5,
3.8,1.5,0.6,
3.8,1.5,0.7,
3.8,1.5,0.8,
3.8,1.5,0.9,
3.8,1.5,1,
3.8,1.5,1.1,
3.8,1.5,1.2,
3.8,1.5,1.3,
3.8,1.5,1.4,
3.8,1.5,1.5,
3.8,1.5,1.6,
3.8,1.5,1.7,
3.8,1.5,1.8,
3.8,1.5,1.9,
3.8,1.5,2,1.092167264
3.8,1.5,2.1,1.098835028
3.8,1.5,2.2,
3.8,1.5,2.3,
3.8,1.5,2.4,
3.8,1.5,2.5,
3.8,1.5,2.6,
3.8,1.5,2.7,
3.8,1.5,2.8,
3.8,1.5,2.9,
3.8,1.5,3,
3.8,1.5,3.1,
3.8,1.5,3.2,
3.8,1.5,3.3,
3.8,1.5,3.4,
3.8,1.5,3.5,
3.8,1.5,3.6,
3.9,1.5,0,
3.9,1.5,0.1,
3.9,1.5,0.2,
3.9,1.5,0.3,1.05975832
3.9,1.5,0.4,1.069173641
3.9,1.5,0.5,
3.9,1.5,0.6,
3.9,1.5,0.7,
3.9,1.5,0.8,
3.9,1.5,0.9,
3.9,1.5,1,
3.9,1.5,1.1,
3.9,1.5,1.2,
3.9,1.5,1.3,
3.9,1.5,1.4,
3.9,1.5,1.5,
3.9,1.5,1.6,
3.9,1.5,1.7,
3.9,1.5,1.8,
3.9,1.5,1.9,
3.9,1.5,2,
3.9,1.5,2.1,
3.9,1.5,2.2,
3.9,1.5,2.3,1.113155584
3.9,1.5,2.4,1.127906253
3.9,1.5,2.5,
3.9,1.5,2.6,
3.9,1.5,2.7,
3.9,1.5,2.8,
3.9,1.5,2.9,
3.9,1.5,3,
3.9,1.5,3.1,
3.9,1.5,3.2,
3.9,1.5,3.3,
3.9,1.5,3.4,
3.9,1.5,3.5,
3.9,1.5,3.6,
4,1.5,0,
4,1.5,0.1,
4,1.5,0.2,
4,1.5,0.3,
4,1.5,0.4,
4,1.5,0.5,
4,1.5,0.6,1.094836076
4,1.5,0.7,1.112065942
4,1.5,0.8,
4,1.5,0.9,
4,1.5,1,
4,1.5,1.1,
4,1.5,1.2,
4,1.5,1.3,
4,1.5,1.4,
4,1.5,1.5,
4,1.5,1.6,
4,1.5,1.7,
4,1.5,1.8,
4,1.5,1.9,
4,1.5,2,
4,1.5,2.1,
4,1.5,2.2,
4,1.5,2.3,
4,1.5,2.4,
4,1.5,2.5,
4,1.5,2.6,1.18253814
4,1.5,2.7,1.157484347
4,1.5,2.8,
4,1.5,2.9,
4,1.5,3,
4,1.5,3.1,
4,1.5,3.2,
4,1.5,3.3,
4,1.5,3.4,
4,1.5,3.5,
4,1.5,3.6,
4.1,1.5,0,
4.1,1.5,0.1,
4.1,1.5,0.2,
4.1,1.5,0.3,
4.1,1.5,0.4,
4.1,1.5,0.5,
4.1,1.5,0.6,
4.1,1.5,0.7,
4.1,1.5,0.8,
4.1,1.5,0.9,1.153997096
4.1,1.5,1,1.178584388
4.1,1.5,1.1,
4.1,1.5,1.2,
4.1,1.5,1.3,
4.1,1.5,1.4,
4.1,1.5,1.5,
4.1,1.5,1.6,
4.1,1.5,1.7,
4.1,1.5,1.8,
4.1,1.5,1.9,
4.1,1.5,2,
4.1,1.5,2.1,
4.1,1.5,2.2,
4.1,1.5,2.3,
4.1,1.5,2.4,
4.1,1.5,2.5,
4.1,1.5,2.6,
4.1,1.5,2.7,
4.1,1.5,2.8,
4.1,1.5,2.9,1.114845338
4.1,1.5,3,1.09725927
4.1,1.5,3.1,
4.1,1.5,3.2,
4.1,1.5,3.3,
4.1,1.5,3.4,
4.1,1.5,3.5,
4.1,1.5,3.6,
4.2,1.5,0,
4.2,1.5,0.1,
4.2,1.5,0.2,
4.2,1.5,0.3,
4.2,1.5,0.4,
4.2,1.5,0.5,
4.2,1.5,0.6,
4.2,1.5,0.7,
4.2,1.5,0.8,
4.2,1.5,0.9,
4.2,1.5,1,
4.2,1.5,1.1,
4.2,1.5,1.2,1.128235732
4.2,1.5,1.3,1.113155299
4.2,1.5,1.4,
4.2,1.5,1.5,
4.2,1.5,1.6,
4.2,1.5,1.7,
4.2,1.5,1.8,
4.2,1.5,1.9,
4.2,1.5,2,
4.2,1.5,2.1,
4.2,1.5,2.2,
4.2,1.5,2.3,
4.2,1.5,2.4,
4.2,1.5,2.5,
4.2,1.5,2.6,
4.2,1.5,2.7,
4.2,1.5,2.8,
4.2,1.5,2.9,
4.2,1.5,3,
4.2,1.5,3.1,
4.2,1.5,3.2,1.07113943
4.2,1.5,3.3,
4.2,1.5,3.4,1.054188441
4.2,1.5,3.5,
4.2,1.5,3.6,
4.3,1.5,0,
4.3,1.5,0.1,
4.3,1.5,0.2,
4.3,1.5,0.3,
4.3,1.5,0.4,
4.3,1.5,0.5,
4.3,1.5,0.6,1.099291296
4.3,1.5,0.7,
4.3,1.5,0.8,
4.3,1.5,0.9,
4.3,1.5,1,
4.3,1.5,1.1,
4.3,1.5,1.2,
4.3,1.5,1.3,
4.3,1.5,1.4,
4.3,1.5,1.5,
4.3,1.5,1.6,1.090778846
4.3,1.5,1.7,
4.3,1.5,1.8,
4.3,1.5,1.9,1.086031386
4.3,1.5,2,
4.3,1.5,2.1,
4.3,1.5,2.2,
4.3,1.5,2.3,
4.3,1.5,2.4,
4.3,1.5,2.5,
4.3,1.5,2.6,
4.3,1.5,2.7,1.172213126
4.3,1.5,2.8,
4.3,1.5,2.9,
4.3,1.5,3,
4.3,1.5,3.1,
4.3,1.5,3.2,
4.3,1.5,3.3,
4.3,1.5,3.4,
4.3,1.5,3.5,
4.3,1.5,3.6,
4.4,1.5,0,1.183670992
4.4,1.5,0.1,
4.4,1.5,0.2,
4.4,1.5,0.3,
4.4,1.5,0.4,1.210229758
4.4,1.5,0.5,
4.4,1.5,0.6,
4.4,1.5,0.7,
4.4,1.5,0.8,
4.4,1.5,0.9,
4.4,1.5,1,
4.4,1.5,1.1,1.126305762
4.4,1.5,1.2,
4.4,1.5,1.3,
4.4,1.5,1.4,
4.4,1.5,1.5,
4.4,1.5,1.6,
4.4,1.5,1.7,
4.4,1.5,1.8,
4.4,1.5,1.9,
4.4,1.5,2,
4.4,1.5,2.1,1.085141308
4.4,1.5,2.2,
4.4,1.5,2.3,
4.4,1.5,2.4,
4.4,1.5,2.5,
4.4,1.5,2.6,1.142802757
4.4,1.5,2.7,
4.4,1.5,2.8,
4.4,1.5,2.9,
4.4,1.5,3,
4.4,1.5,3.1,
4.4,1.5,3.2,1.212188157
4.4,1.5,3.3,
4.4,1.5,3.4,
4.4,1.5,3.5,
4.4,1.5,3.6,
4.5,1.5,0,
4.5,1.5,0.1,
4.5,1.5,0.2,
4.5,1.5,0.3,
4.5,1.5,0.4,
4.5,1.5,0.5,1.201990216
4.5,1.5,0.6,
4.5,1.5,0.7,
4.5,1.5,0.8,
4.5,1.5,0.9,
4.5,1.5,1,
4.5,1.5,1.1,1.119671543
4.5,1.5,1.2,
4.5,1.5,1.3,
4.5,1.5,1.4,
4.5,1.5,1.5,
4.5,1.5,1.6,1.070095558
4.5,1.5,1.7,
4.5,1.5,1.8,
4.5,1.5,1.9,
4.5,1.5,2,
4.5,1.5,2.1,
4.5,1.5,2.2,
4.5,1.5,2.3,
4.5,1.5,2.4,
4.5,1.5,2.5,
4.5,1.5,2.6,1.136166548
4.5,1.5,2.7,
4.5,1.5,2.8,
4.5,1.5,2.9,
4.5,1.5,3,
4.5,1.5,3.1,
4.5,1.5,3.2,
4.5,1.5,3.3,1.178153989
4.5,1.5,3.4,
4.5,1.5,3.5,
4.5,1.5,3.6,
4.6,1.5,0,1.142077277
4.6,1.5,0.1,
4.6,1.5,0.2,1.148432619
4.6,1.5,0.3,
4.6,1.5,0.4,
4.6,1.5,0.5,
4.6,1.5,0.6,
4.6,1.5,0.7,
4.6,1.5,0.8,
4.6,1.5,0.9,
4.6,1.5,1,
4.6,1.5,1.1,1.114959334
4.6,1.5,1.2,
4.6,1.5,1.3,
4.6,1.5,1.4,
4.6,1.5,1.5,
4.6,1.5,1.6,
4.6,1.5,1.7,
4.6,1.5,1.8,
4.6,1.5,1.9,1.058272962
4.6,1.5,2,
4.6,1.5,2.1,
4.6,1.5,2.2,1.077702011
4.6,1.5,2.3,
4.6,1.5,2.4,1.095626371
4.6,1.5,2.5,
4.6,1.5,2.6,
4.6,1.5,2.7,
4.6,1.5,2.8,
4.6,1.5,2.9,
4.6,1.5,3,
4.6,1.5,3.1,
4.6,1.5,3.2,
4.6,1.5,3.3,1.157720582
4.6,1.5,3.4,
4.6,1.5,3.5,
4.6,1.5,3.6,
4.7,1.5,0,
4.7,1.5,0.1,
4.7,1.5,0.2,
4.7,1.5,0.3,
4.7,1.5,0.4,
4.7,1.5,0.5,1.161811926
4.7,1.5,0.6,
4.7,1.5,0.7,1.195679222
4.7,1.5,0.8,
4.7,1.5,0.9,1.153661647
4.7,1.5,1,
4.7,1.5,1.1,
4.7,1.5,1.2,
4.7,1.5,1.3,
4.7,1.5,1.4,
4.7,1.5,1.5,
4.7,1.5,1.6,
4.7,1.5,1.7,
4.7,1.5,1.8,1.051872704
4.7,1.5,1.9,
4.7,1.5,2,
4.7,1.5,2.1,
4.7,1.5,2.2,
4.7,1.5,2.3,
4.7,1.5,2.4,
4.7,1.5,2.5,
4.7,1.5,2.6,
4.7,1.5,2.7,
4.7,1.5,2.8,1.214386202
4.7,1.5,2.9,1.198423935
4.7,1.5,3,
4.7,1.5,3.1,1.164004286
4.7,1.5,3.2,
4.7,1.5,3.3,
4.7,1.5,3.4,
4.7,1.5,3.5,
4.7,1.5,3.6,
4.8,1.5,0,
4.8,1.5,0.1,
4.8,1.5,0.2,
4.8,1.5,0.3,1.121231382
4.8,1.5,0.4,
4.8,1.5,0.5,
4.8,1.5,0.6,
4.8,1.5,0.7,
4.8,1.5,0.8,
4.8,1.5,0.9,
4.8,1.5,1,
4.8,1.5,1.1,
4.8,1.5,1.2,
4.8,1.5,1.3,
4.8,1.5,1.4,1.070468816
4.8,1.5,1.5,
4.8,1.5,1.6,1.054146937
4.8,1.5,1.7,
4.8,1.5,1.8,
4.8,1.5,1.9,
4.8,1.5,2,
4.8,1.5,2.1,
4.8,1.5,2.2,
4.8,1.5,2.3,
4.8,1.5,2.4,
4.8,1.5,2.5,
4.8,1.5,2.6,1.127522476
4.8,1.5,2.7,1.149195055
4.8,1.5,2.8,
4.8,1.5,2.9,
4.8,1.5,3,
4.8,1.5,3.1,
4.8,1.5,3.2,
4.8,1.5,3.3,
4.8,1.5,3.4,
4.8,1.5,3.5,
4.8,1.5,3.6,
4.9,1.5,0,1.093390517
4.9,1.5,0.1,
4.9,1.5,0.2,1.099335075
4.9,1.5,0.3,
4.9,1.5,0.4,
4.9,1.5,0.5,
4.9,1.5,0.6,
4.9,1.5,0.7,
4.9,1.5,0.8,
4.9,1.5,0.9,
4.9,1.5,1,
4.9,1.5,1.1,
4.9,1.5,1.2,
4.9,1.5,1.3,1.080864615
4.9,1.5,1.4,1.068769396
4.9,1.5,1.5,
4.9,1.5,1.6,
4.9,1.5,1.7,
4.9,1.5,1.8,
4.9,1.5,1.9,
4.9,1.5,2,
4.9,1.5,2.1,
4.9,1.5,2.2,
4.9,1.5,2.3,1.078921568
4.9,1.5,2.4,
4.9,1.5,2.5,1.109129908
4.9,1.5,2.6,
4.9,1.5,2.7,
4.9,1.5,2.8,
4.9,1.5,2.9,
4.9,1.5,3,
4.9,1.5,3.1,
4.9,1.5,3.2,
4.9,1.5,3.3,
4.9,1.5,3.4,
4.9,1.5,3.5,
4.9,1.5,3.6,1.093423777
5,1.5,0,
5,1.5,0.1,1.082572848
5,1.5,0.2,
5,1.5,0.3,
5,1.5,0.4,
5,1.5,0.5,
5,1.5,0.6,
5,1.5,0.7,
5,1.5,0.8,
5,1.5,0.9,1.184357526
5,1.5,1,
5,1.5,1.1,1.11433392
5,1.5,1.2,
5,1.5,1.3,
5,1.5,1.4,
5,1.5,1.5,
5,1.5,1.6,
5,1.5,1.7,
5,1.5,1.8,
5,1.5,1.9,
5,1.5,2,
5,1.5,2.1,
5,1.5,2.2,1.067215811
5,1.5,2.3,
5,1.5,2.4,
5,1.5,2.5,1.111681881
5,1.5,2.6,
5,1.5,2.7,
5,1.5,2.8,
5,1.5,2.9,
5,1.5,3,
5,1.5,3.1,
5,1.5,3.2,1.105860416
5,1.5,3.3,
5,1.5,3.4,1.087818364
5,1.5,3.5,
5,1.5,3.6,
5.1,1.5,0,
5.1,1.5,0.1,
5.1,1.5,0.2,
5.1,1.5,0.3,
5.1,1.5,0.4,
5.1,1.5,0.5,
5.1,1.5,0.6,
5.1,1.5,0.7,
5.1,1.5,0.8,1.157211155
5.1,1.5,0.9,
5.1,1.5,1,
5.1,1.5,1.1,
5.1,1.5,1.2,1.284196598
5.1,1.5,1.3,
5.1,1.5,1.4,
5.1,1.5,1.5,
5.1,1.5,1.6,
5.1,1.5,1.7,
5.1,1.5,1.8,1.219197056
5.1,1.5,1.9,
5.1,1.5,2,1.053073499
5.1,1.5,2.1,
5.1,1.5,2.2,
5.1,1.5,2.3,
5.1,1.5,2.4,
5.1,1.5,2.5,
5.1,1.5,2.6,
5.1,1.5,2.7,
5.1,1.5,2.8,
5.1,1.5,2.9,
5.1,1.5,3,
5.1,1.5,3.1,1.108030886
5.1,1.5,3.2,
5.1,1.5,3.3,
5.1,1.5,3.4,
5.1,1.5,3.5,
5.1,1.5,3.6,1.07084179
5.2,1.5,0,
5.2,1.5,0.1,
5.2,1.5,0.2,
5.2,1.5,0.3,
5.2,1.5,0.4,1.084760943
5.2,1.5,0.5,
5.2,1.5,0.6,1.112017046
5.2,1.5,0.7,
5.2,1.5,0.8,
5.2,1.5,0.9,
5.2,1.5,1,
5.2,1.5,1.1,
5.2,1.5,1.2,
5.2,1.5,1.3,
5.2,1.5,1.4,
5.2,1.5,1.5,
5.2,1.5,1.6,
5.2,1.5,1.7,1.197828087
5.2,1.5,1.8,
5.2,1.5,1.9,
5.2,1.5,2,
5.2,1.5,2.1,
5.2,1.5,2.2,
5.2,1.5,2.3,1.236872387
5.2,1.5,2.4,
5.2,1.5,2.5,
5.2,1.5,2.6,
5.2,1.5,2.7,1.170585913
5.2,1.5,2.8,
5.2,1.5,2.9,1.131958934
5.2,1.5,3,
5.2,1.5,3.1,
5.2,1.5,3.2,
5.2,1.5,3.3,
5.2,1.5,3.4,
5.2,1.5,3.5,
5.2,1.5,3.6,
5.3,1.5,0,
5.3,1.5,0.1,
5.3,1.5,0.2,
5.3,1.5,0.3,1.068335586
5.3,1.5,0.4,
5.3,1.5,0.5,
5.3,1.5,0.6,
5.3,1.5,0.7,
5.3,1.5,0.8,
5.3,1.5,0.9,
5.3,1.5,1,1.152505484
5.3,1.5,1.1,
5.3,1.5,1.2,
5.3,1.5,1.3,1.214744962
5.3,1.5,1.4,
5.3,1.5,1.5,1.188330041
5.3,1.5,1.6,
5.3,1.5,1.7,
5.3,1.5,1.8,
5.3,1.5,1.9,
5.3,1.5,2,
5.3,1.5,2.1,
5.3,1.5,2.2,
5.3,1.5,2.3,
5.3,1.5,2.4,
5.3,1.5,2.5,
5.3,1.5,2.6,1.149614082
5.3,1.5,2.7,
5.3,1.5,2.8,
5.3,1.5,2.9,
5.3,1.5,3,
5.3,1.5,3.1,
5.3,1.5,3.2,
5.3,1.5,3.3,
5.3,1.5,3.4,1.062275895
5.3,1.5,3.5,
5.3,1.5,3.6,1.055910888
5.4,1.5,0,
5.4,1.5,0.1,1.052473102
5.4,1.5,0.2,
5.4,1.5,0.3,
5.4,1.5,0.4,
5.4,1.5,0.5,
5.4,1.5,0.6,
5.4,1.5,0.7,
5.4,1.5,0.8,
5.4,1.5,0.9,
5.4,1.5,1,
5.4,1.5,1.1,
5.4,1.5,1.2,1.20905995
5.4,1.5,1.3,
5.4,1.5,1.4,
5.4,1.5,1.5,
5.4,1.5,1.6,
5.4,1.5,1.7,
5.4,1.5,1.8,
5.4,1.5,1.9,
5.4,1.5,2,
5.4,1.5,2.1,
5.4,1.5,2.2,1.17599688
5.4,1.5,2.3,
5.4,1.5,2.4,1.206431791
5.4,1.5,2.5,
5.4,1.5,2.6,
5.4,1.5,2.7,
5.4,1.5,2.8,
5.4,1.5,2.9,
5.4,1.5,3,
5.4,1.5,3.1,
5.4,1.5,3.2,
5.4,1.5,3.3,
5.4,1.5,3.4,
5.4,1.5,3.5,1.052908617
5.4,1.5,3.6,
5.5,1.5,0,
5.5,1.5,0.1,
5.5,1.5,0.2,
5.5,1.5,0.3,
5.5,1.5,0.4,
5.5,1.5,0.5,
5.5,1.5,0.6,
5.5,1.5,0.7,
5.5,1.5,0.8,
5.5,1.5,0.9,1.155785211
5.5,1.5,1,1.179727758
5.5,1.5,1.1,
5.5,1.5,1.2,
5.5,1.5,1.3,
5.5,1.5,1.4,
5.5,1.5,1.5,
5.5,1.5,1.6,
5.5,1.5,1.7,
5.5,1.5,1.8,
5.5,1.5,1.9,
5.5,1.5,2,
5.5,1.5,2.1,1.145225951
5.5,1.5,2.2,
5.5,1.5,2.3,
5.5,1.5,2.4,
5.5,1.5,2.5,
5.5,1.5,2.6,
5.5,1.5,2.7,
5.5,1.5,2.8,
5.5,1.5,2.9,
5.5,1.5,3,
5.5,1.5,3.1,
5.5,1.5,3.2,
5.5,1.5,3.3,1.061477071
5.5,1.5,3.4,1.054282538
5.5,1.5,3.5,
5.5,1.5,3.6,
5.6,1.5,0,
5.6,1.5,0.1,
5.6,1.5,0.2,
5.6,1.5,0.3,
5.6,1.5,0.4,
5.6,1.5,0.5,
5.6,1.5,0.6,
5.6,1.5,0.7,1.112400254
5.6,1.5,0.8,
5.6,1.5,0.9,
5.6,1.5,1,
5.6,1.5,1.1,
5.6,1.5,1.2,
5.6,1.5,1.3,
5.6,1.5,1.4,
5.6,1.5,1.5,
5.6,1.5,1.6,
5.6,1.5,1.7,
5.6,1.5,1.8,
5.6,1.5,1.9,1.115618861
5.6,1.5,2,
5.6,1.5,2.1,1.127517928
5.6,1.5,2.2,
5.6,1.5,2.3,
5.6,1.5,2.4,
5.6,1.5,2.5,
5.6,1.5,2.6,
5.6,1.5,2.7,
5.6,1.5,2.8,
5.6,1.5,2.9,
5.6,1.5,3,1.097455707
5.6,1.5,3.1,
5.6,1.5,3.2,
5.6,1.5,3.3,
5.6,1.5,3.4,
5.6,1.5,3.5,
5.6,1.5,3.6,
5.7,1.5,0,
5.7,1.5,0.1,
5.7,1.5,0.2,
5.7,1.5,0.3,
5.7,1.5,0.4,
5.7,1.5,0.5,1.080478564
5.7,1.5,0.6,
5.7,1.5,0.7,
5.7,1.5,0.8,1.132520101
5.7,1.5,0.9,
5.7,1.5,1,
5.7,1.5,1.1,
5.7,1.5,1.2,
5.7,1.5,1.3,
5.7,1.5,1.4,
5.7,1.5,1.5,
5.7,1.5,1.6,1.105505351
5.7,1.5,1.7,
5.7,1.5,1.8,
5.7,1.5,1.9,
5.7,1.5,2,
5.7,1.5,2.1,
5.7,1.5,2.2,
5.7,1.5,2.3,
5.7,1.5,2.4,
5.7,1.5,2.5,
5.7,1.5,2.6,
5.7,1.5,2.7,
5.7,1.5,2.8,1.13566309
5.7,1.5,2.9,
5.7,1.5,3,
5.7,1.5,3.1,
5.7,1.5,3.2,1.069959388
5.7,1.5,3.3,
5.7,1.5,3.4,
5.7,1.5,3.5,
5.7,1.5,3.6,
5.8,1.5,0,
5.8,1.5,0.1,
5.8,1.5,0.2,1.053798979
5.8,1.5,0.3,
5.8,1.5,0.4,
5.8,1.5,0.5,
5.8,1.5,0.6,
5.8,1.5,0.7,
5.8,1.5,0.8,
5.8,1.5,0.9,
5.8,1.5,1,
5.8,1.5,1.1,
5.8,1.5,1.2,
5.8,1.5,1.3,
5.8,1.5,1.4,
5.8,1.5,1.5,1.099741594
5.8,1.5,1.6,
5.8,1.5,1.7,
5.8,1.5,1.8,
5.8,1.5,1.9,1.087052516
5.8,1.5,2,
5.8,1.5,2.1,
5.8,1.5,2.2,
5.8,1.5,2.3,
5.8,1.5,2.4,
5.8,1.5,2.5,1.153975207
5.8,1.5,2.6,
5.8,1.5,2.7,
5.8,1.5,2.8,
5.8,1.5,2.9,
5.8,1.5,3,
5.8,1.5,3.1,
5.8,1.5,3.2,
5.8,1.5,3.3,
5.8,1.5,3.4,
5.8,1.5,3.5,
5.8,1.5,3.6,
5.9,1.5,0,
5.9,1.5,0.1,
5.9,1.5,0.2,1.057174224
5.9,1.5,0.3,
5.9,1.5,0.4,
5.9,1.5,0.5,
5.9,1.5,0.6,1.100824697
5.9,1.5,0.7,
5.9,1.5,0.8,
5.9,1.5,0.9,
5.9,1.5,1,
5.9,1.5,1.1,1.14461333
5.9,1.5,1.2,
5.9,1.5,1.3,
5.9,1.5,1.4,
5.9,1.5,1.5,
5.9,1.5,1.6,
5.9,1.5,1.7,
5.9,1.5,1.8,
5.9,1.5,1.9,
5.9,1.5,2,
5.9,1.5,2.1,
5.9,1.5,2.2,
5.9,1.5,2.3,
5.9,1.5,2.4,
5.9,1.5,2.5,
5.9,1.5,2.6,1.160979273
5.9,1.5,2.7,
5.9,1.5,2.8,
5.9,1.5,2.9,
5.9,1.5,3,1.10322856
5.9,1.5,3.1,
5.9,1.5,3.2,
5.9,1.5,3.3,
5.9,1.5,3.4,1.058016258
5.9,1.5,3.5,
5.9,1.5,3.6,
6,1.5,0,
6,1.5,0.1,
6,1.5,0.2,
6,1.5,0.3,
6,1.5,0.4,
6,1.5,0.5,
6,1.5,0.6,
6,1.5,0.7,
6,1.5,0.8,
6,1.5,0.9,
6,1.5,1,
6,1.5,1.1,
6,1.5,1.2,
6,1.5,1.3,1.101704256
6,1.5,1.4,
6,1.5,1.5,
6,1.5,1.6,
6,1.5,1.7,1.067074525
6,1.5,1.8,
6,1.5,1.9,
6,1.5,2,1.070732343
6,1.5,2.1,
6,1.5,2.2,
6,1.5,2.3,
6,1.5,2.4,
6,1.5,2.5,
6,1.5,2.6,
6,1.5,2.7,
6,1.5,2.8,
6,1.5,2.9,
6,1.5,3,
6,1.5,3.1,
6,1.5,3.2,
6,1.5,3.3,
6,1.5,3.4,
6,1.5,3.5,
6,1.5,3.6,
6.1,1.5,0,1.06350398
6.1,1.5,0.1,
6.1,1.5,0.2,
6.1,1.5,0.3,
6.1,1.5,0.4,
6.1,1.5,0.5,
6.1,1.5,0.6,
6.1,1.5,0.7,1.131197067
6.1,1.5,0.8,
6.1,1.5,0.9,
6.1,1.5,1,
6.1,1.5,1.1,
6.1,1.5,1.2,
6.1,1.5,1.3,
6.1,1.5,1.4,
6.1,1.5,1.5,
6.1,1.5,1.6,
6.1,1.5,1.7,
6.1,1.5,1.8,
6.1,1.5,1.9,
6.1,1.5,2,
6.1,1.5,2.1,
6.1,1.5,2.2,
6.1,1.5,2.3,
6.1,1.5,2.4,1.106731162
6.1,1.5,2.5,
6.1,1.5,2.6,
6.1,1.5,2.7,
6.1,1.5,2.8,
6.1,1.5,2.9,
6.1,1.5,3,
6.1,1.5,3.1,1.100703594
6.1,1.5,3.2,
6.1,1.5,3.3,
6.1,1.5,3.4,
6.1,1.5,3.5,
6.1,1.5,3.6,
6.2,1.5,0,
6.2,1.5,0.1,
6.2,1.5,0.2,
6.2,1.5,0.3,
6.2,1.5,0.4,
6.2,1.5,0.5,
6.2,1.5,0.6,
6.2,1.5,0.7,
6.2,1.5,0.8,
6.2,1.5,0.9,
6.2,1.5,1,
6.2,1.5,1.1,1.120752087
6.2,1.5,1.2,
6.2,1.5,1.3,
6.2,1.5,1.4,
6.2,1.5,1.5,
6.2,1.5,1.6,
6.2,1.5,1.7,
6.2,1.5,1.8,1.052702231
6.2,1.5,1.9,
6.2,1.5,2,
6.2,1.5,2.1,
6.2,1.5,2.2,
6.2,1.5,2.3,
6.2,1.5,2.4,
6.2,1.5,2.5,
6.2,1.5,2.6,
6.2,1.5,2.7,
6.2,1.5,2.8,
6.2,1.5,2.9,
6.2,1.5,3,
6.2,1.5,3.1,
6.2,1.5,3.2,
6.2,1.5,3.3,
6.2,1.5,3.4,
6.2,1.5,3.5,1.07413232
6.2,1.5,3.6,
6.3,1.5,0,
6.3,1.5,0.1,
6.3,1.5,0.2,
6.3,1.5,0.3,
6.3,1.5,0.4,
6.3,1.5,0.5,1.119210442
6.3,1.5,0.6,
6.3,1.5,0.7,
6.3,1.5,0.8,
6.3,1.5,0.9,
6.3,1.5,1,
6.3,1.5,1.1,
6.3,1.5,1.2,
6.3,1.5,1.3,
6.3,1.5,1.4,
6.3,1.5,1.5,
6.3,1.5,1.6,
6.3,1.5,1.7,
6.3,1.5,1.8,
6.3,1.5,1.9,
6.3,1.5,2,
6.3,1.5,2.1,
6.3,1.5,2.2,1.070054621
6.3,1.5,2.3,
6.3,1.5,2.4,
6.3,1.5,2.5,
6.3,1.5,2.6,
6.3,1.5,2.7,
6.3,1.5,2.8,
6.3,1.5,2.9,1.154971604
6.3,1.5,3,
6.3,1.5,3.1,
6.3,1.5,3.2,
6.3,1.5,3.3,
6.3,1.5,3.4,
6.3,1.5,3.5,
6.3,1.5,3.6,
6.4,1.5,0,
6.4,1.5,0.1,
6.4,1.5,0.2,
6.4,1.5,0.3,
6.4,1.5,0.4,
6.4,1.5,0.5,
6.4,1.5,0.6,
6.4,1.5,0.7,
6.4,1.5,0.8,
6.4,1.5,0.9,
6.4,1.5,1,
6.4,1.5,1.1,
6.4,1.5,1.2,
6.4,1.5,1.3,
6.4,1.5,1.4,
6.4,1.5,1.5,
6.4,1.5,1.6,1.052742883
6.4,1.5,1.7,
6.4,1.5,1.8,
6.4,1.5,1.9,
6.4,1.5,2,
6.4,1.5,2.1,
6.4,1.5,2.2,
6.4,1.5,2.3,
6.4,1.5,2.4,
6.4,1.5,2.5,
6.4,1.5,2.6,
6.4,1.5,2.7,
6.4,1.5,2.8,
6.4,1.5,2.9,
6.4,1.5,3,
6.4,1.5,3.1,
6.4,1.5,3.2,
6.4,1.5,3.3,
6.4,1.5,3.4,
6.4,1.5,3.5,
6.4,1.5,3.6,
6.5,1.5,0,
6.5,1.5,0.1,
6.5,1.5,0.2,
6.5,1.5,0.3,1.124274873
6.5,1.5,0.4,
6.5,1.5,0.5,
6.5,1.5,0.6,
6.5,1.5,0.7,
6.5,1.5,0.8,
6.5,1.5,0.9,
6.5,1.5,1,
6.5,1.5,1.1,
6.5,1.5,1.2,
6.5,1.5,1.3,
6.5,1.5,1.4,
6.5,1.5,1.5,
6.5,1.5,1.6,
6.5,1.5,1.7,
6.5,1.5,1.8,
6.5,1.5,1.9,
6.5,1.5,2,
6.5,1.5,2.1,
6.5,1.5,2.2,
6.5,1.5,2.3,
6.5,1.5,2.4,
6.5,1.5,2.5,
6.5,1.5,2.6,
6.5,1.5,2.7,1.152805683
6.5,1.5,2.8,
6.5,1.5,2.9,
6.5,1.5,3,
6.5,1.5,3.1,
6.5,1.5,3.2,
6.5,1.5,3.3,
6.5,1.5,3.4,
6.5,1.5,3.5,
6.5,1.5,3.6,
6.6,1.5,0,
6.6,1.5,0.1,
6.6,1.5,0.2,
6.6,1.5,0.3,
6.6,1.5,0.4,
6.6,1.5,0.5,
6.6,1.5,0.6,
6.6,1.5,0.7,
6.6,1.5,0.8,
6.6,1.5,0.9,
6.6,1.5,1,
6.6,1.5,1.1,
6.6,1.5,1.2,
6.6,1.5,1.3,
6.6,1.5,1.4,1.070010558
6.6,1.5,1.5,
6.6,1.5,1.6,
6.6,1.5,1.7,
6.6,1.5,1.8,
6.6,1.5,1.9,
6.6,1.5,2,
6.6,1.5,2.1,
6.6,1.5,2.2,
6.6,1.5,2.3,
6.6,1.5,2.4,
6.6,1.5,2.5,
6.6,1.5,2.6,
6.6,1.5,2.7,
6.6,1.5,2.8,
6.6,1.5,2.9,
6.6,1.5,3,
6.6,1.5,3.1,
6.6,1.5,3.2,
6.6,1.5,3.3,
6.6,1.5,3.4,
6.6,1.5,3.5,
6.6,1.5,3.6,
6.7,1.5,0,
6.7,1.5,0.1,
6.7,1.5,0.2,
6.7,1.5,0.3,
6.7,1.5,0.4,
6.7,1.5,0.5,
6.7,1.5,0.6,
6.7,1.5,0.7,
6.7,1.5,0.8,
6.7,1.5,0.9,
6.7,1.5,1,
6.7,1.5,1.1,
6.7,1.5,1.2,
6.7,1.5,1.3,
6.7,1.5,1.4,
6.7,1.5,1.5,
6.7,1.5,1.6,
6.7,1.5,1.7,
6.7,1.5,1.8,
6.7,1.5,1.9,
6.7,1.5,2,
6.7,1.5,2.1,
6.7,1.5,2.2,
6.7,1.5,2.3,
6.7,1.5,2.4,
6.7,1.5,2.5,
6.7,1.5,2.6,
6.7,1.5,2.7,
6.7,1.5,2.8,
6.7,1.5,2.9,
6.7,1.5,3,
6.7,1.5,3.1,
6.7,1.5,3.2,
6.7,1.5,3.3,
6.7,1.5,3.4,
6.7,1.5,3.5,
6.7,1.5,3.6,
6.8,1.5,0,
6.8,1.5,0.1,
6.8,1.5,0.2,
6.8,1.5,0.3,
6.8,1.5,0.4,
6.8,1.5,0.5,
6.8,1.5,0.6,
6.8,1.5,0.7,
6.8,1.5,0.8,
6.8,1.5,0.9,
6.8,1.5,1,
6.8,1.5,1.1,
6.8,1.5,1.2,
6.8,1.5,1.3,
6.8,1.5,1.4,
6.8,1.5,1.5,
6.8,1.5,1.6,
6.8,1.5,1.7,
6.8,1.5,1.8,
6.8,1.5,1.9,
6.8,1.5,2,
6.8,1.5,2.1,
6.8,1.5,2.2,
6.8,1.5,2.3,
6.8,1.5,2.4,
6.8,1.5,2.5,
6.8,1.5,2.6,
6.8,1.5,2.7,
6.8,1.5,2.8,
6.8,1.5,2.9,
6.8,1.5,3,
6.8,1.5,3.1,
6.8,1.5,3.2,
6.8,1.5,3.3,
6.8,1.5,3.4,
6.8,1.5,3.5,
6.8,1.5,3.6,
6.9,1.5,0,
6.9,1.5,0.1,
6.9,1.5,0.2,
6.9,1.5,0.3,
6.9,1.5,0.4,
6.9,1.5,0.5,
6.9,1.5,0.6,
6.9,1.5,0.7,
6.9,1.5,0.8,
6.9,1.5,0.9,1.168166415
6.9,1.5,1,
6.9,1.5,1.1,
6.9,1.5,1.2,
6.9,1.5,1.3,
6.9,1.5,1.4,
6.9,1.5,1.5,
6.9,1.5,1.6,
6.9,1.5,1.7,
6.9,1.5,1.8,
6.9,1.5,1.9,
6.9,1.5,2,
6.9,1.5,2.1,
6.9,1.5,2.2,
6.9,1.5,2.3,
6.9,1.5,2.4,
6.9,1.5,2.5,
6.9,1.5,2.6,
6.9,1.5,2.7,
6.9,1.5,2.8,
6.9,1.5,2.9,
6.9,1.5,3,
6.9,1.5,3.1,
6.9,1.5,3.2,
6.9,1.5,3.3,1.20701968
6.9,1.5,3.4,
6.9,1.5,3.5,
6.9,1.5,3.6,
7,1.5,0,
7,1.5,0.1,
7,1.5,0.2,
7,1.5,0.3,
7,1.5,0.4,
7,1.5,0.5,
7,1.5,0.6,
7,1.5,0.7,
7,1.5,0.8,
7,1.5,0.9,
7,1.5,1,
7,1.5,1.1,
7,1.5,1.2,
7,1.5,1.3,
7,1.5,1.4,
7,1.5,1.5,
7,1.5,1.6,
7,1.5,1.7,
7,1.5,1.8,
7,1.5,1.9,
7,1.5,2,1.07393702
7,1.5,2.1,
7,1.5,2.2,
7,1.5,2.3,
7,1.5,2.4,
7,1.5,2.5,
7,1.5,2.6,
7,1.5,2.7,
7,1.5,2.8,
7,1.5,2.9,
7,1.5,3,
7,1.5,3.1,
7,1.5,3.2,
7,1.5,3.3,
7,1.5,3.4,
7,1.5,3.5,
7,1.5,3.6,
7.1,1.5,0,
7.1,1.5,0.1,
7.1,1.5,0.2,
7.1,1.5,0.3,
7.1,1.5,0.4,
7.1,1.5,0.5,
7.1,1.5,0.6,
7.1,1.5,0.7,1.113896983
7.1,1.5,0.8,
7.1,1.5,0.9,
7.1,1.5,1,
7.1,1.5,1.1,
7.1,1.5,1.2,
7.1,1.5,1.3,
7.1,1.5,1.4,
7.1,1.5,1.5,
7.1,1.5,1.6,
7.1,1.5,1.7,
7.1,1.5,1.8,
7.1,1.5,1.9,
7.1,1.5,2,
7.1,1.5,2.1,
7.1,1.5,2.2,
7.1,1.5,2.3,
7.1,1.5,2.4,
7.1,1.5,2.5,
7.1,1.5,2.6,
7.1,1.5,2.7,
7.1,1.5,2.8,
7.1,1.5,2.9,
7.1,1.5,3,
7.1,1.5,3.1,1.316634823
7.1,1.5,3.2,
7.1,1.5,3.3,
7.1,1.5,3.4,
7.1,1.5,3.5,
7.1,1.5,3.6,
7.2,1.5,0,
7.2,1.5,0.1,
7.2,1.5,0.2,
7.2,1.5,0.3,
7.2,1.5,0.4,
7.2,1.5,0.5,
7.2,1.5,0.6,
7.2,1.5,0.7,
7.2,1.5,0.8,
7.2,1.5,0.9,
7.2,1.5,1,
7.2,1.5,1.1,
7.2,1.5,1.2,
7.2,1.5,1.3,
7.2,1.5,1.4,
7.2,1.5,1.5,
7.2,1.5,1.6,
7.2,1.5,1.7,
7.2,1.5,1.8,1.090314334
7.2,1.5,1.9,
7.2,1.5,2,
7.2,1.5,2.1,
7.2,1.5,2.2,
7.2,1.5,2.3,
7.2,1.5,2.4,
7.2,1.5,2.5,
7.2,1.5,2.6,
7.2,1.5,2.7,
7.2,1.5,2.8,
7.2,1.5,2.9,
7.2,1.5,3,
7.2,1.5,3.1,
7.2,1.5,3.2,
7.2,1.5,3.3,
7.2,1.5,3.4,
7.2,1.5,3.5,
7.2,1.5,3.6,
7.3,1.5,0,
7.3,1.5,0.1,
7.3,1.5,0.2,
7.3,1.5,0.3,
7.3,1.5,0.4,
7.3,1.5,0.5,1.080987424
7.3,1.5,0.6,
7.3,1.5,0.7,
7.3,1.5,0.8,
7.3,1.5,0.9,
7.3,1.5,1,
7.3,1.5,1.1,
7.3,1.5,1.2,
7.3,1.5,1.3,
7.3,1.5,1.4,
7.3,1.5,1.5,
7.3,1.5,1.6,
7.3,1.5,1.7,
7.3,1.5,1.8,
7.3,1.5,1.9,
7.3,1.5,2,
7.3,1.5,2.1,
7.3,1.5,2.2,
7.3,1.5,2.3,
7.3,1.5,2.4,
7.3,1.5,2.5,
7.3,1.5,2.6,
7.3,1.5,2.7,
7.3,1.5,2.8,
7.3,1.5,2.9,1.112437495
7.3,1.5,3,
7.3,1.5,3.1,
7.3,1.5,3.2,
7.3,1.5,3.3,
7.3,1.5,3.4,
7.3,1.5,3.5,
7.3,1.5,3.6,
7.4,1.5,0,
7.4,1.5,0.1,
7.4,1.5,0.2,
7.4,1.5,0.3,
7.4,1.5,0.4,
7.4,1.5,0.5,
7.4,1.5,0.6,
7.4,1.5,0.7,
7.4,1.5,0.8,
7.4,1.5,0.9,
7.4,1.5,1,
7.4,1.5,1.1,
7.4,1.5,1.2,
7.4,1.5,1.3,
7.4,1.5,1.4,
7.4,1.5,1.5,
7.4,1.5,1.6,1.126555643
7.4,1.5,1.7,
7.4,1.5,1.8,
7.4,1.5,1.9,
7.4,1.5,2,
7.4,1.5,2.1,
7.4,1.5,2.2,
7.4,1.5,2.3,
7.4,1.5,2.4,
7.4,1.5,2.5,
7.4,1.5,2.6,
7.4,1.5,2.7,
7.4,1.5,2.8,
7.4,1.5,2.9,
7.4,1.5,3,
7.4,1.5,3.1,
7.4,1.5,3.2,
7.4,1.5,3.3,
7.4,1.5,3.4,
7.4,1.5,3.5,
7.4,1.5,3.6,
7.5,1.5,0,
7.5,1.5,0.1,
7.5,1.5,0.2,
7.5,1.5,0.3,1.067718417
7.5,1.5,0.4,
7.5,1.5,0.5,
7.5,1.5,0.6,
7.5,1.5,0.7,
7.5,1.5,0.8,
7.5,1.5,0.9,
7.5,1.5,1,
7.5,1.5,1.1,
7.5,1.5,1.2,
7.5,1.5,1.3,
7.5,1.5,1.4,
7.5,1.5,1.5,
7.5,1.5,1.6,
7.5,1.5,1.7,
7.5,1.5,1.8,
7.5,1.5,1.9,
7.5,1.5,2,
7.5,1.5,2.1,
7.5,1.5,2.2,
7.5,1.5,2.3,
7.5,1.5,2.4,
7.5,1.5,2.5,
7.5,1.5,2.6,
7.5,1.5,2.7,1.157328277
7.5,1.5,2.8,
7.5,1.5,2.9,
7.5,1.5,3,
7.5,1.5,3.1,
7.5,1.5,3.2,
7.5,1.5,3.3,
7.5,1.5,3.4,
7.5,1.5,3.5,
7.5,1.5,3.6,
7.6,1.5,0,
7.6,1.5,0.1,
7.6,1.5,0.2,
7.6,1.5,0.3,
7.6,1.5,0.4,
7.6,1.5,0.5,
7.6,1.5,0.6,
7.6,1.5,0.7,
7.6,1.5,0.8,
7.6,1.5,0.9,
7.6,1.5,1,
7.6,1.5,1.1,
7.6,1.5,1.2,
7.6,1.5,1.3,
7.6,1.5,1.4,1.183911208
7.6,1.5,1.5,
7.6,1.5,1.6,
7.6,1.5,1.7,
7.6,1.5,1.8,
7.6,1.5,1.9,
7.6,1.5,2,
7.6,1.5,2.1,
7.6,1.5,2.2,
7.6,1.5,2.3,
7.6,1.5,2.4,
7.6,1.5,2.5,
7.6,1.5,2.6,
7.6,1.5,2.7,
7.6,1.5,2.8,
7.6,1.5,2.9,
7.6,1.5,3,
7.6,1.5,3.1,
7.6,1.5,3.2,
7.6,1.5,3.3,
7.6,1.5,3.4,
7.6,1.5,3.5,
7.6,1.5,3.6,
7.7,1.5,0,
7.7,1.5,0.1,1.072423234
7.7,1.5,0.2,
7.7,1.5,0.3,
7.7,1.5,0.4,
7.7,1.5,0.5,
7.7,1.5,0.6,
7.7,1.5,0.7,
7.7,1.5,0.8,
7.7,1.5,0.9,
7.7,1.5,1,
7.7,1.5,1.1,
7.7,1.5,1.2,
7.7,1.5,1.3,
7.7,1.5,1.4,
7.7,1.5,1.5,
7.7,1.5,1.6,
7.7,1.5,1.7,
7.7,1.5,1.8,
7.7,1.5,1.9,
7.7,1.5,2,
7.7,1.5,2.1,
7.7,1.5,2.2,
7.7,1.5,2.3,
7.7,1.5,2.4,
7.7,1.5,2.5,1.25467337
7.7,1.5,2.6,
7.7,1.5,2.7,
7.7,1.5,2.8,
7.7,1.5,2.9,
7.7,1.5,3,
7.7,1.5,3.1,
7.7,1.5,3.2,
7.7,1.5,3.3,
7.7,1.5,3.4,
7.7,1.5,3.5,
7.7,1.5,3.6,
7.8,1.5,0,
7.8,1.5,0.1,
7.8,1.5,0.2,
7.8,1.5,0.3,
7.8,1.5,0.4,
7.8,1.5,0.5,
7.8,1.5,0.6,
7.8,1.5,0.7,
7.8,1.5,0.8,
7.8,1.5,0.9,
7.8,1.5,1,
7.8,1.5,1.1,
7.8,1.5,1.2,1.262860606
7.8,1.5,1.3,
7.8,1.5,1.4,
7.8,1.5,1.5,
7.8,1.5,1.6,
7.8,1.5,1.7,
7.8,1.5,1.8,
7.8,1.5,1.9,
7.8,1.5,2,
7.8,1.5,2.1,
7.8,1.5,2.2,
7.8,1.5,2.3,
7.8,1.5,2.4,
7.8,1.5,2.5,
7.8,1.5,2.6,
7.8,1.5,2.7,
7.8,1.5,2.8,
7.8,1.5,2.9,
7.8,1.5,3,
7.8,1.5,3.1,
7.8,1.5,3.2,
7.8,1.5,3.3,
7.8,1.5,3.4,
7.8,1.5,3.5,
7.8,1.5,3.6,1.081899106
7.9,1.5,0,
7.9,1.5,0.1,
7.9,1.5,0.2,
7.9,1.5,0.3,
7.9,1.5,0.4,
7.9,1.5,0.5,
7.9,1.5,0.6,
7.9,1.5,0.7,
7.9,1.5,0.8,
7.9,1.5,0.9,
7.9,1.5,1,
7.9,1.5,1.1,
7.9,1.5,1.2,
7.9,1.5,1.3,
7.9,1.5,1.4,
7.9,1.5,1.5,
7.9,1.5,1.6,
7.9,1.5,1.7,
7.9,1.5,1.8,
7.9,1.5,1.9,
7.9,1.5,2,
7.9,1.5,2.1,
7.9,1.5,2.2,
7.9,1.5,2.3,1.081165382
7.9,1.5,2.4,
7.9,1.5,2.5,
7.9,1.5,2.6,
7.9,1.5,2.7,
7.9,1.5,2.8,
7.9,1.5,2.9,
7.9,1.5,3,
7.9,1.5,3.1,
7.9,1.5,3.2,
7.9,1.5,3.3,
7.9,1.5,3.4,
7.9,1.5,3.5,
7.9,1.5,3.6,
8,1.5,0,
8,1.5,0.1,
8,1.5,0.2,
8,1.5,0.3,
8,1.5,0.4,
8,1.5,0.5,
8,1.5,0.6,
8,1.5,0.7,
8,1.5,0.8,
8,1.5,0.9,
8,1.5,1,1.133438038
8,1.5,1.1,
8,1.5,1.2,
8,1.5,1.3,
8,1.5,1.4,
8,1.5,1.5,
8,1.5,1.6,
8,1.5,1.7,
8,1.5,1.8,
8,1.5,1.9,
8,1.5,2,
8,1.5,2.1,
8,1.5,2.2,
8,1.5,2.3,
8,1.5,2.4,
8,1.5,2.5,
8,1.5,2.6,
8,1.5,2.7,
8,1.5,2.8,
8,1.5,2.9,
8,1.5,3,
8,1.5,3.1,
8,1.5,3.2,
8,1.5,3.3,
8,1.5,3.4,1.11680203
8,1.5,3.5,
8,1.5,3.6,
